round,sequence,run,mode,concurrency,scenario,variant,compression,blocksize,tile_row,tile_col,tile_index,range_start,range_end,expected_bytes,http_status,content_range,content_length,response_body_bytes,headers_ms,ttfb_ms,download_ms,total_ms,valid_response,error
1,1,4,fresh-client,1,small_24x18px,deflate_512,DEFLATE,512,19,3,421,462985865,463831501,845637,206,bytes 462985865-463831501/499024403,845637,845637,150.6182080011058,150.65450000111014,375.5058749993623,526.2524589998065,True,
1,2,2,fresh-client,1,large_aoi_392x288px,zstd_256,ZSTD,256,38,5,1677,453523840,453731243,207404,206,bytes 453523840-453731243/490384277,207404,207404,171.3132089971623,171.3494589967013,248.8336669994169,420.2324170000793,True,
1,2,2,fresh-client,1,large_aoi_392x288px,zstd_256,ZSTD,256,38,6,1678,453731252,453940035,208784,206,bytes 453731252-453940035/490384277,208784,208784,227.16979200049536,227.32574999827193,115.2674590011884,342.647333000059,True,
1,2,2,fresh-client,1,large_aoi_392x288px,zstd_256,ZSTD,256,39,5,1721,462295419,462498944,203526,206,bytes 462295419-462498944/490384277,203526,203526,225.86470799797098,225.92100000110804,261.7191259996616,487.68899999777204,True,
1,2,2,fresh-client,1,large_aoi_392x288px,zstd_256,ZSTD,256,39,6,1722,462498953,462705745,206793,206,bytes 462498953-462705745/490384277,206793,206793,223.84662500189734,223.94670900030178,138.4319589997176,362.4383750029665,True,
1,3,4,fresh-client,1,large_aoi_392x288px,deflate_128,DEFLATE,128,77,10,6786,465995630,466048722,53093,206,bytes 465995630-466048722/499617324,53093,53093,184.4685420001042,184.51125000137836,51.34329100110335,235.88649999874178,True,
1,3,4,fresh-client,1,large_aoi_392x288px,deflate_128,DEFLATE,128,77,11,6787,466048731,466100993,52263,206,bytes 466048731-466100993/499617324,52263,52263,198.66716700198594,198.71037600023556,47.514374997263076,246.26254200120457,True,
1,3,4,fresh-client,1,large_aoi_392x288px,deflate_128,DEFLATE,128,77,12,6788,466101002,466152431,51430,206,bytes 466101002-466152431/499617324,51430,51430,161.10737500275718,161.14187499988475,50.74833400067291,211.9053750029707,True,
1,3,4,fresh-client,1,large_aoi_392x288px,deflate_128,DEFLATE,128,77,13,6789,466152440,466206025,53586,206,bytes 466152440-466206025/499617324,53586,53586,195.158624999749,195.20579100208124,154.85241699934704,350.0938329998462,True,
1,3,4,fresh-client,1,large_aoi_392x288px,deflate_128,DEFLATE,128,78,10,6874,470474183,470526343,52161,206,bytes 470474183-470526343/499617324,52161,52161,242.095708999841,242.19062500196742,93.43662500032224,335.6658750017232,True,
1,3,4,fresh-client,1,large_aoi_392x288px,deflate_128,DEFLATE,128,78,11,6875,470526352,470577939,51588,206,bytes 470526352-470577939/499617324,51588,51588,362.85295900233905,362.88920900187804,147.93783300046925,510.87337500212016,True,
1,3,4,fresh-client,1,large_aoi_392x288px,deflate_128,DEFLATE,128,78,12,6876,470577948,470630526,52579,206,bytes 470577948-470630526/499617324,52579,52579,161.24391600169474,161.27483300078893,49.72812499909196,211.01641600034782,True,
1,3,4,fresh-client,1,large_aoi_392x288px,deflate_128,DEFLATE,128,78,13,6877,470630535,470685000,54466,206,bytes 470630535-470685000/499617324,54466,54466,155.00662500198814,155.03862500190735,55.72800000300049,210.79295800154796,True,
1,3,4,fresh-client,1,large_aoi_392x288px,deflate_128,DEFLATE,128,79,10,6962,474844867,474896322,51456,206,bytes 474844867-474896322/499617324,51456,51456,147.85533399845008,147.88641699851723,47.05604199989466,194.95420899693272,True,
1,3,4,fresh-client,1,large_aoi_392x288px,deflate_128,DEFLATE,128,79,11,6963,474896331,474948466,52136,206,bytes 474896331-474948466/499617324,52136,52136,153.7067079989356,153.74149999843212,56.08441699951072,209.8445410010754,True,
1,3,4,fresh-client,1,large_aoi_392x288px,deflate_128,DEFLATE,128,79,12,6964,474948475,475002211,53737,206,bytes 474948475-475002211/499617324,53737,53737,249.07645900020725,249.19000000227243,51.25608299931628,300.5273750022752,True,
1,3,4,fresh-client,1,large_aoi_392x288px,deflate_128,DEFLATE,128,79,13,6965,475002220,475052147,49928,206,bytes 475002220-475052147/499617324,49928,49928,191.29029199757497,191.33370899726287,65.06979199912166,256.43954199767904,True,
1,4,1,fresh-client,1,viewport_98x72px,lzw_512,LZW,512,19,3,421,613302768,614420752,1117985,206,bytes 613302768-614420752/661107776,1117985,1117985,137.6577079972776,137.6879999988887,715.5554999990272,853.2854999975825,True,
1,5,1,fresh-client,1,large_aoi_392x288px,zstd_512,ZSTD,512,19,2,420,453940732,454757744,817013,206,bytes 453940732-454757744/490194415,817013,817013,176.17254200013122,176.2138749982114,231.06783399998676,407.3216670003603,True,
1,5,1,fresh-client,1,large_aoi_392x288px,zstd_512,ZSTD,512,19,3,421,454757753,455587037,829285,206,bytes 454757753-455587037/490194415,829285,829285,157.79587499855552,157.82933399896137,325.0867079987074,482.97766700125067,True,
1,6,3,fresh-client,1,viewport_98x72px,deflate_512,DEFLATE,512,19,3,421,462985865,463831501,845637,206,bytes 462985865-463831501/499024403,845637,845637,145.38445800280897,145.4122080031084,287.26883299896144,432.72595800226554,True,
1,7,5,fresh-client,1,large_aoi_392x288px,deflate_512,DEFLATE,512,19,2,420,462155354,462985856,830503,206,bytes 462155354-462985856/499024403,830503,830503,148.53108300303575,148.56208300261642,242.44420800096123,391.05362500049523,True,
1,7,5,fresh-client,1,large_aoi_392x288px,deflate_512,DEFLATE,512,19,3,421,462985865,463831501,845637,206,bytes 462985865-463831501/499024403,845637,845637,229.43970900087152,229.54133399980492,668.9779999978782,898.5453759996744,True,
1,8,5,fresh-client,1,viewport_196x144px,zstd_256,ZSTD,256,38,5,1677,453523840,453731243,207404,206,bytes 453523840-453731243/490384277,207404,207404,159.04874999978347,159.0821660029178,209.89366600042558,369.0325830029906,True,
1,8,5,fresh-client,1,viewport_196x144px,zstd_256,ZSTD,256,38,6,1678,453731252,453940035,208784,206,bytes 453731252-453940035/490384277,208784,208784,144.37312500012922,144.40358399951947,141.68858400080353,286.14079199905973,True,
1,8,5,fresh-client,1,viewport_196x144px,zstd_256,ZSTD,256,39,5,1721,462295419,462498944,203526,206,bytes 462295419-462498944/490384277,203526,203526,192.6907500019297,192.73229100144817,105.54062499795691,298.32395799894584,True,
1,8,5,fresh-client,1,viewport_196x144px,zstd_256,ZSTD,256,39,6,1722,462498953,462705745,206793,206,bytes 462498953-462705745/490384277,206793,206793,158.55208399807452,158.63058399918373,122.31724999946891,280.98795899859397,True,
1,9,5,fresh-client,1,tiny_12x9px,zstd_512,ZSTD,512,19,3,421,454757753,455587037,829285,206,bytes 454757753-455587037/490194415,829285,829285,232.17920900060562,232.27312499875552,390.54829200176755,622.8817500013974,True,
1,10,1,fresh-client,1,reference_49x36px,zstd_128,ZSTD,128,77,12,6788,459126145,459177002,50858,206,bytes 459126145-459177002/492119117,50858,50858,349.20641699864063,349.24158299691044,74.61033400250017,423.8927079968562,True,
1,10,1,fresh-client,1,reference_49x36px,zstd_128,ZSTD,128,78,12,6876,463540753,463592563,51811,206,bytes 463540753-463592563/492119117,51811,51811,331.2350009982765,331.35533399763517,81.9530830012809,413.3626259972516,True,
1,11,4,fresh-client,1,small_24x18px,deflate_256,DEFLATE,256,39,6,1722,470066901,470277493,210593,206,bytes 470066901-470277493/498427477,210593,210593,167.77087499940535,167.80658299830975,134.95333299943013,302.8081669981475,True,
1,12,2,fresh-client,1,viewport_196x144px,lzw_256,LZW,256,38,5,1677,611308756,611588074,279319,206,bytes 611308756-611588074/661012853,279319,279319,160.69191699716612,160.72616699966602,171.94845900303335,332.72362500065356,True,
1,12,2,fresh-client,1,viewport_196x144px,lzw_256,LZW,256,38,6,1678,611588083,611870179,282097,206,bytes 611588083-611870179/661012853,282097,282097,252.50345799940987,252.6319999997213,141.4156249993539,394.10729199880734,True,
1,12,2,fresh-client,1,viewport_196x144px,lzw_256,LZW,256,39,5,1721,623137353,623410197,272845,206,bytes 623137353-623410197/661012853,272845,272845,165.13937499985332,165.1744160008093,171.16195799826528,336.3830420021259,True,
1,12,2,fresh-client,1,viewport_196x144px,lzw_256,LZW,256,39,6,1722,623410206,623687723,277518,206,bytes 623410206-623687723/661012853,277518,277518,140.16266699763946,140.190750000329,143.18154200009303,283.42691699799616,True,
1,13,5,fresh-client,1,viewport_98x72px,zstd_256,ZSTD,256,38,6,1678,453731252,453940035,208784,206,bytes 453731252-453940035/490384277,208784,208784,205.47054199778358,205.52241699988372,137.80858300015097,343.3762089989614,True,
1,13,5,fresh-client,1,viewport_98x72px,zstd_256,ZSTD,256,39,6,1722,462498953,462705745,206793,206,bytes 462498953-462705745/490384277,206793,206793,150.80295799998567,150.8341249973455,120.53083399950992,271.41324999684,True,
1,14,2,fresh-client,1,viewport_196x144px,zstd_256,ZSTD,256,38,5,1677,453523840,453731243,207404,206,bytes 453523840-453731243/490384277,207404,207404,173.6847089996445,173.71533400000772,109.6212500015099,283.3828749971872,True,
1,14,2,fresh-client,1,viewport_196x144px,zstd_256,ZSTD,256,38,6,1678,453731252,453940035,208784,206,bytes 453731252-453940035/490384277,208784,208784,165.6635830004234,165.70000000137952,232.84037499979604,398.58758300033514,True,
1,14,2,fresh-client,1,viewport_196x144px,zstd_256,ZSTD,256,39,5,1721,462295419,462498944,203526,206,bytes 462295419-462498944/490384277,203526,203526,150.17029199952958,150.20116700179642,104.18054100227891,254.41845800014562,True,
1,14,2,fresh-client,1,viewport_196x144px,zstd_256,ZSTD,256,39,6,1722,462498953,462705745,206793,206,bytes 462498953-462705745/490384277,206793,206793,140.66045900108293,140.68733400199562,147.39983299659798,288.131749999593,True,
1,15,1,fresh-client,1,small_24x18px,zstd_256,ZSTD,256,39,6,1722,462498953,462705745,206793,206,bytes 462498953-462705745/490384277,206793,206793,168.43750000043656,168.47483300080057,183.13095899793552,351.6550410022319,True,
1,16,5,fresh-client,1,tiny_12x9px,lzw_128,LZW,128,78,12,6876,622814425,622884075,69651,206,bytes 622814425-622884075/661264391,69651,69651,155.23704199949862,155.2687919975142,83.56149999963236,238.86750099700294,True,
1,17,1,fresh-client,1,viewport_196x144px,deflate_128,DEFLATE,128,77,11,6787,466048731,466100993,52263,206,bytes 466048731-466100993/499617324,52263,52263,160.60175000166055,160.63587499957066,68.04783299958217,228.72066700074356,True,
1,17,1,fresh-client,1,viewport_196x144px,deflate_128,DEFLATE,128,77,12,6788,466101002,466152431,51430,206,bytes 466101002-466152431/499617324,51430,51430,184.64291700001922,184.74016699838103,53.53420800020103,238.30795799949556,True,
1,17,1,fresh-client,1,viewport_196x144px,deflate_128,DEFLATE,128,77,13,6789,466152440,466206025,53586,206,bytes 466152440-466206025/499617324,53586,53586,187.03962500148918,187.08158400113462,55.777958001272054,242.8944169987517,True,
1,17,1,fresh-client,1,viewport_196x144px,deflate_128,DEFLATE,128,78,11,6875,470526352,470577939,51588,206,bytes 470526352-470577939/499617324,51588,51588,270.94395799940685,271.051208001154,51.347042000998044,322.4474580019887,True,
1,17,1,fresh-client,1,viewport_196x144px,deflate_128,DEFLATE,128,78,12,6876,470577948,470630526,52579,206,bytes 470577948-470630526/499617324,52579,52579,308.70237500130315,308.7295000004815,48.45312600082252,357.19141700246837,True,
1,17,1,fresh-client,1,viewport_196x144px,deflate_128,DEFLATE,128,78,13,6877,470630535,470685000,54466,206,bytes 470630535-470685000/499617324,54466,54466,115.32325000007404,115.34979100179044,57.553499998903135,172.91525000109687,True,
1,18,2,fresh-client,1,small_24x18px,lzw_128,LZW,128,78,12,6876,622814425,622884075,69651,206,bytes 622814425-622884075/661264391,69651,69651,157.02266700100154,157.05595799954608,60.572665999643505,217.64170800088323,True,
1,19,2,fresh-client,1,viewport_196x144px,zstd_512,ZSTD,512,19,2,420,453940732,454757744,817013,206,bytes 453940732-454757744/490194415,817013,817013,223.64237500005402,223.74124999987544,386.5858340031991,610.4350419991533,True,
1,19,2,fresh-client,1,viewport_196x144px,zstd_512,ZSTD,512,19,3,421,454757753,455587037,829285,206,bytes 454757753-455587037/490194415,829285,829285,186.69220799711184,186.73991699688486,450.01583299745107,636.8041249988892,True,
1,20,1,fresh-client,1,tiny_12x9px,zstd_256,ZSTD,256,39,6,1722,462498953,462705745,206793,206,bytes 462498953-462705745/490384277,206793,206793,132.9364169978362,132.9642499986221,148.72816699789837,281.74249999938183,True,
1,21,1,fresh-client,1,large_aoi_392x288px,lzw_512,LZW,512,19,2,420,612205443,613302759,1097317,206,bytes 612205443-613302759/661107776,1097317,1097317,143.58329199967557,143.6117919984099,373.6819999976433,517.3487920001207,True,
1,21,1,fresh-client,1,large_aoi_392x288px,lzw_512,LZW,512,19,3,421,613302768,614420752,1117985,206,bytes 613302768-614420752/661107776,1117985,1117985,212.97595799842384,213.02554199792212,898.3118759970239,1111.374001000513,True,
1,22,3,fresh-client,1,large_aoi_392x288px,zstd_128,ZSTD,128,77,10,6786,459022256,459074574,52319,206,bytes 459022256-459074574/492119117,52319,52319,214.11341699786135,214.17091699913726,53.519375000178115,267.7349579971633,True,
1,22,3,fresh-client,1,large_aoi_392x288px,zstd_128,ZSTD,128,77,11,6787,459074583,459126136,51554,206,bytes 459074583-459126136/492119117,51554,51554,188.39487500008545,188.44362500021816,56.04220800159965,244.51604099886026,True,
1,22,3,fresh-client,1,large_aoi_392x288px,zstd_128,ZSTD,128,77,12,6788,459126145,459177002,50858,206,bytes 459126145-459177002/492119117,50858,50858,141.41804199971375,141.49320900105522,56.34733300030348,197.85179199971026,True,
1,22,3,fresh-client,1,large_aoi_392x288px,zstd_128,ZSTD,128,77,13,6789,459177011,459229715,52705,206,bytes 459177011-459229715/492119117,52705,52705,163.56974999871454,163.61962499649962,55.050124999979744,218.68716699827928,True,
1,22,3,fresh-client,1,large_aoi_392x288px,zstd_128,ZSTD,128,78,10,6874,463438439,463490001,51563,206,bytes 463438439-463490001/492119117,51563,51563,145.38137500130688,145.41183400069713,138.0957919973298,283.54358399883495,True,
1,22,3,fresh-client,1,large_aoi_392x288px,zstd_128,ZSTD,128,78,11,6875,463490010,463540744,50735,206,bytes 463490010-463540744/492119117,50735,50735,140.8430010014854,140.87412600201787,62.33849999989616,203.22595900142915,True,
1,22,3,fresh-client,1,large_aoi_392x288px,zstd_128,ZSTD,128,78,12,6876,463540753,463592563,51811,206,bytes 463540753-463592563/492119117,51811,51811,135.9737499988114,136.0008329975244,61.7028750020836,197.71674999719835,True,
1,22,3,fresh-client,1,large_aoi_392x288px,zstd_128,ZSTD,128,78,13,6877,463592572,463646112,53541,206,bytes 463592572-463646112/492119117,53541,53541,147.60279199981596,147.6364999980433,61.752249999699416,209.41320799829555,True,
1,22,3,fresh-client,1,large_aoi_392x288px,zstd_128,ZSTD,128,79,10,6962,467744704,467795492,50789,206,bytes 467744704-467795492/492119117,50789,50789,173.60175000067102,173.63933299930068,68.69129200276802,242.3637920001056,True,
1,22,3,fresh-client,1,large_aoi_392x288px,zstd_128,ZSTD,128,79,11,6963,467795501,467846880,51380,206,bytes 467795501-467846880/492119117,51380,51380,244.36129199966672,244.46800000077928,200.00454199907836,444.5877500002098,True,
1,22,3,fresh-client,1,large_aoi_392x288px,zstd_128,ZSTD,128,79,12,6964,467846889,467899652,52764,206,bytes 467846889-467899652/492119117,52764,52764,174.0019580029184,174.0410830025212,53.39100000128383,227.45250000298256,True,
1,22,3,fresh-client,1,large_aoi_392x288px,zstd_128,ZSTD,128,79,13,6965,467899661,467948544,48884,206,bytes 467899661-467948544/492119117,48884,48884,335.77341599811916,335.807040999498,68.63725000221166,404.4602079993638,True,
1,23,2,fresh-client,1,reference_49x36px,zstd_512,ZSTD,512,19,3,421,454757753,455587037,829285,206,bytes 454757753-455587037/490194415,829285,829285,203.44716600084212,203.49604100192664,304.2712499991467,507.83454200063716,True,
1,24,5,fresh-client,1,reference_49x36px,lzw_512,LZW,512,19,3,421,613302768,614420752,1117985,206,bytes 613302768-614420752/661107776,1117985,1117985,167.72225000022445,167.75937499915017,571.19291699928,739.0020009988802,True,
1,25,4,fresh-client,1,viewport_196x144px,lzw_512,LZW,512,19,2,420,612205443,613302759,1097317,206,bytes 612205443-613302759/661107776,1097317,1097317,148.00150000155554,148.0325000011362,655.8127919997787,803.9091669998015,True,
1,25,4,fresh-client,1,viewport_196x144px,lzw_512,LZW,512,19,3,421,613302768,614420752,1117985,206,bytes 613302768-614420752/661107776,1117985,1117985,233.28075000245008,233.36575000212179,575.3849590000755,808.8316670000495,True,
1,26,3,fresh-client,1,reference_49x36px,lzw_256,LZW,256,38,6,1678,611588083,611870179,282097,206,bytes 611588083-611870179/661012853,282097,282097,157.12754099877202,157.16162500029895,137.4957500011078,294.7012500007986,True,
1,26,3,fresh-client,1,reference_49x36px,lzw_256,LZW,256,39,6,1722,623410206,623687723,277518,206,bytes 623410206-623687723/661012853,277518,277518,215.02241700000013,215.08224999706727,211.6588330027298,426.7879580002045,True,
1,27,4,fresh-client,1,tiny_12x9px,lzw_256,LZW,256,39,6,1722,623410206,623687723,277518,206,bytes 623410206-623687723/661012853,277518,277518,174.87433399946894,174.91383400192717,128.02216600175598,302.9905420007708,True,
1,28,3,fresh-client,1,large_aoi_392x288px,zstd_256,ZSTD,256,38,5,1677,453523840,453731243,207404,206,bytes 453523840-453731243/490384277,207404,207404,147.59654099907493,147.63070799745037,113.97304099955363,261.6470409993781,True,
1,28,3,fresh-client,1,large_aoi_392x288px,zstd_256,ZSTD,256,38,6,1678,453731252,453940035,208784,206,bytes 453731252-453940035/490384277,208784,208784,241.0934580002504,241.2088329983817,115.32179200003156,356.5874169980816,True,
1,28,3,fresh-client,1,large_aoi_392x288px,zstd_256,ZSTD,256,39,5,1721,462295419,462498944,203526,206,bytes 462295419-462498944/490384277,203526,203526,144.95270800034632,144.99679100117646,129.3331249980838,274.3715830001747,True,
1,28,3,fresh-client,1,large_aoi_392x288px,zstd_256,ZSTD,256,39,6,1722,462498953,462705745,206793,206,bytes 462498953-462705745/490384277,206793,206793,164.3703750014538,164.4053750023886,127.90450000102283,292.3571669998637,True,
1,29,1,fresh-client,1,viewport_98x72px,zstd_512,ZSTD,512,19,3,421,454757753,455587037,829285,206,bytes 454757753-455587037/490194415,829285,829285,139.33258399993065,139.3598340000608,464.102833000652,603.513166999619,True,
1,30,1,fresh-client,1,viewport_98x72px,deflate_128,DEFLATE,128,77,12,6788,466101002,466152431,51430,206,bytes 466101002-466152431/499617324,51430,51430,145.9175839991076,145.9622920010588,56.47424999915529,202.44941700002528,True,
1,30,1,fresh-client,1,viewport_98x72px,deflate_128,DEFLATE,128,78,12,6876,470577948,470630526,52579,206,bytes 470577948-470630526/499617324,52579,52579,137.16754200140713,137.19537500219303,57.829290999507066,195.03629199971328,True,
1,31,5,fresh-client,1,viewport_196x144px,deflate_512,DEFLATE,512,19,2,420,462155354,462985856,830503,206,bytes 462155354-462985856/499024403,830503,830503,139.3346670010942,139.36137500058976,411.88508399864077,551.2916260013299,True,
1,31,5,fresh-client,1,viewport_196x144px,deflate_512,DEFLATE,512,19,3,421,462985865,463831501,845637,206,bytes 462985865-463831501/499024403,845637,845637,151.97929200076032,152.00704200105974,497.88858399915625,649.9160839994147,True,
1,32,5,fresh-client,1,viewport_98x72px,deflate_512,DEFLATE,512,19,3,421,462985865,463831501,845637,206,bytes 462985865-463831501/499024403,845637,845637,284.9443750019418,285.0089999992633,366.841333998309,651.9347920002474,True,
1,33,1,fresh-client,1,small_24x18px,zstd_512,ZSTD,512,19,3,421,454757753,455587037,829285,206,bytes 454757753-455587037/490194415,829285,829285,178.32158300006995,178.3610000020417,1110.948166999151,1289.3532919988502,True,
1,34,4,fresh-client,1,small_24x18px,deflate_128,DEFLATE,128,78,12,6876,470577948,470630526,52579,206,bytes 470577948-470630526/499617324,52579,52579,455.272082999727,455.41079200120294,102.24554100204841,557.7025420025166,True,
1,35,2,fresh-client,1,large_aoi_392x288px,zstd_128,ZSTD,128,77,10,6786,459022256,459074574,52319,206,bytes 459022256-459074574/492119117,52319,52319,365.3638339965255,365.52649999794085,60.86216699986835,426.43979199783644,True,
1,35,2,fresh-client,1,large_aoi_392x288px,zstd_128,ZSTD,128,77,11,6787,459074583,459126136,51554,206,bytes 459074583-459126136/492119117,51554,51554,141.28833300128463,141.31762500255718,86.35874999890802,227.69049999988056,True,
1,35,2,fresh-client,1,large_aoi_392x288px,zstd_128,ZSTD,128,77,12,6788,459126145,459177002,50858,206,bytes 459126145-459177002/492119117,50858,50858,264.55445800093,264.6640419989126,69.77929200002109,334.48491699891747,True,
1,35,2,fresh-client,1,large_aoi_392x288px,zstd_128,ZSTD,128,77,13,6789,459177011,459229715,52705,206,bytes 459177011-459229715/492119117,52705,52705,176.8832920024579,176.91779200322344,92.99979100251221,269.95491700290586,True,
1,35,2,fresh-client,1,large_aoi_392x288px,zstd_128,ZSTD,128,78,10,6874,463438439,463490001,51563,206,bytes 463438439-463490001/492119117,51563,51563,163.62791700157686,163.66070799995214,61.45795799966436,225.1421670007403,True,
1,35,2,fresh-client,1,large_aoi_392x288px,zstd_128,ZSTD,128,78,11,6875,463490010,463540744,50735,206,bytes 463490010-463540744/492119117,50735,50735,128.15166599830263,128.20158300019102,76.63645900174743,204.85116700001527,True,
1,35,2,fresh-client,1,large_aoi_392x288px,zstd_128,ZSTD,128,78,12,6876,463540753,463592563,51811,206,bytes 463540753-463592563/492119117,51811,51811,217.61616699950537,217.66795799703686,47.59879199991701,265.29820799987647,True,
1,35,2,fresh-client,1,large_aoi_392x288px,zstd_128,ZSTD,128,78,13,6877,463592572,463646112,53541,206,bytes 463592572-463646112/492119117,53541,53541,163.61099999994622,163.64983300081803,55.84604199975729,219.52354200038826,True,
1,35,2,fresh-client,1,large_aoi_392x288px,zstd_128,ZSTD,128,79,10,6962,467744704,467795492,50789,206,bytes 467744704-467795492/492119117,50789,50789,139.9758750012552,140.0022080015333,105.64987500038114,245.67908300014096,True,
1,35,2,fresh-client,1,large_aoi_392x288px,zstd_128,ZSTD,128,79,11,6963,467795501,467846880,51380,206,bytes 467795501-467846880/492119117,51380,51380,126.04854199889814,126.07541699981084,54.66416700073751,180.75245900035952,True,
1,35,2,fresh-client,1,large_aoi_392x288px,zstd_128,ZSTD,128,79,12,6964,467846889,467899652,52764,206,bytes 467846889-467899652/492119117,52764,52764,161.76187499877415,161.7972079984611,174.7966250004538,336.6390830015007,True,
1,35,2,fresh-client,1,large_aoi_392x288px,zstd_128,ZSTD,128,79,13,6965,467899661,467948544,48884,206,bytes 467899661-467948544/492119117,48884,48884,187.72904199795448,187.77300099827698,92.2189580014674,280.040375997487,True,
1,36,1,fresh-client,1,small_24x18px,deflate_256,DEFLATE,256,39,6,1722,470066901,470277493,210593,206,bytes 470066901-470277493/498427477,210593,210593,168.30249999838998,168.33866599699832,173.70095799924457,342.1014159976039,True,
1,37,1,fresh-client,1,large_aoi_392x288px,lzw_256,LZW,256,38,5,1677,611308756,611588074,279319,206,bytes 611308756-611588074/661012853,279319,279319,157.54904200002784,157.57987499819137,149.58291700168047,307.224625001254,True,
1,37,1,fresh-client,1,large_aoi_392x288px,lzw_256,LZW,256,38,6,1678,611588083,611870179,282097,206,bytes 611588083-611870179/661012853,282097,282097,192.98920899746008,193.03429199862876,140.89087499814923,333.98599999782164,True,
1,37,1,fresh-client,1,large_aoi_392x288px,lzw_256,LZW,256,39,5,1721,623137353,623410197,272845,206,bytes 623137353-623410197/661012853,272845,272845,169.1851659998065,169.21954099962022,261.4705009982572,430.74274999889894,True,
1,37,1,fresh-client,1,large_aoi_392x288px,lzw_256,LZW,256,39,6,1722,623410206,623687723,277518,206,bytes 623410206-623687723/661012853,277518,277518,140.21833299921127,140.24787499874947,463.87870900070993,604.1677079992951,True,
1,38,3,fresh-client,1,tiny_12x9px,zstd_512,ZSTD,512,19,3,421,454757753,455587037,829285,206,bytes 454757753-455587037/490194415,829285,829285,133.8571669984958,133.88599999962025,393.70354199854773,527.637416998914,True,
1,39,1,fresh-client,1,tiny_12x9px,zstd_512,ZSTD,512,19,3,421,454757753,455587037,829285,206,bytes 454757753-455587037/490194415,829285,829285,363.7033750019327,363.7391670017678,399.6860420011217,763.4782919994905,True,
1,40,4,fresh-client,1,reference_49x36px,deflate_128,DEFLATE,128,77,12,6788,466101002,466152431,51430,206,bytes 466101002-466152431/499617324,51430,51430,184.44254200221621,184.48333400010597,124.52079099966795,309.1010419993836,True,
1,40,4,fresh-client,1,reference_49x36px,deflate_128,DEFLATE,128,78,12,6876,470577948,470630526,52579,206,bytes 470577948-470630526/499617324,52579,52579,268.05570799842826,268.1276250004885,212.16541700050584,480.36558400053764,True,
1,41,5,fresh-client,1,large_aoi_392x288px,deflate_256,DEFLATE,256,38,5,1677,460967157,461178005,210849,206,bytes 460967157-461178005/498427477,210849,210849,144.04804199875798,144.0807919971121,108.31624999991618,252.43479199707508,True,
1,41,5,fresh-client,1,large_aoi_392x288px,deflate_256,DEFLATE,256,38,6,1678,461178014,461389907,211894,206,bytes 461178014-461389907/498427477,211894,211894,214.90137500222772,214.9660840004799,138.89395900332602,353.885459000594,True,
1,41,5,fresh-client,1,large_aoi_392x288px,deflate_256,DEFLATE,256,39,5,1721,469859936,470066892,206957,206,bytes 469859936-470066892/498427477,206957,206957,284.37129099984304,284.40979100196273,127.02954199994565,411.4589580021857,True,
1,41,5,fresh-client,1,large_aoi_392x288px,deflate_256,DEFLATE,256,39,6,1722,470066901,470277493,210593,206,bytes 470066901-470277493/498427477,210593,210593,136.00949999818113,136.04462500006775,125.6077500001993,261.69483400008176,True,
1,42,4,fresh-client,1,reference_49x36px,zstd_128,ZSTD,128,77,12,6788,459126145,459177002,50858,206,bytes 459126145-459177002/492119117,50858,50858,145.02308299779543,145.07120800044504,75.12700000006589,220.21220799797447,True,
1,42,4,fresh-client,1,reference_49x36px,zstd_128,ZSTD,128,78,12,6876,463540753,463592563,51811,206,bytes 463540753-463592563/492119117,51811,51811,148.49300000059884,148.52637500007404,81.31620899803238,229.87812499923166,True,
1,43,1,fresh-client,1,tiny_12x9px,deflate_512,DEFLATE,512,19,3,421,462985865,463831501,845637,206,bytes 462985865-463831501/499024403,845637,845637,194.15816699984134,194.2020419992332,1435.9695839993947,1630.2038339999854,True,
1,44,5,fresh-client,1,viewport_196x144px,deflate_256,DEFLATE,256,38,5,1677,460967157,461178005,210849,206,bytes 460967157-461178005/498427477,210849,210849,135.0559999991674,135.08479200027068,105.85641700163251,240.96737499712617,True,
1,44,5,fresh-client,1,viewport_196x144px,deflate_256,DEFLATE,256,38,6,1678,461178014,461389907,211894,206,bytes 461178014-461389907/498427477,211894,211894,159.96091699707904,160.0007499982894,203.26816699889605,363.29674999797135,True,
1,44,5,fresh-client,1,viewport_196x144px,deflate_256,DEFLATE,256,39,5,1721,469859936,470066892,206957,206,bytes 469859936-470066892/498427477,206957,206957,171.17425100150285,171.21583400148666,106.93383299803827,278.1856670007983,True,
1,44,5,fresh-client,1,viewport_196x144px,deflate_256,DEFLATE,256,39,6,1722,470066901,470277493,210593,206,bytes 470066901-470277493/498427477,210593,210593,152.90762500080746,152.94629100026214,111.53833299977123,264.5069999998668,True,
1,45,2,fresh-client,1,tiny_12x9px,lzw_512,LZW,512,19,3,421,613302768,614420752,1117985,206,bytes 613302768-614420752/661107776,1117985,1117985,152.76774999802,152.8040829980455,1016.0869179999281,1168.9268339978298,True,
1,46,5,fresh-client,1,small_24x18px,lzw_512,LZW,512,19,3,421,613302768,614420752,1117985,206,bytes 613302768-614420752/661107776,1117985,1117985,170.52054200030398,170.56687500007683,1040.2772500019637,1210.8785010022984,True,
1,47,3,fresh-client,1,small_24x18px,deflate_256,DEFLATE,256,39,6,1722,470066901,470277493,210593,206,bytes 470066901-470277493/498427477,210593,210593,238.03241600035108,238.08766600268427,220.14000000126543,458.26566600226215,True,
1,48,3,fresh-client,1,reference_49x36px,zstd_256,ZSTD,256,38,6,1678,453731252,453940035,208784,206,bytes 453731252-453940035/490384277,208784,208784,175.525208000181,175.56837500160327,153.2297079975251,328.8308750015858,True,
1,48,3,fresh-client,1,reference_49x36px,zstd_256,ZSTD,256,39,6,1722,462498953,462705745,206793,206,bytes 462498953-462705745/490384277,206793,206793,146.35624999937136,146.39087500108872,123.8223750006,270.256290998077,True,
1,49,4,fresh-client,1,viewport_98x72px,deflate_256,DEFLATE,256,38,6,1678,461178014,461389907,211894,206,bytes 461178014-461389907/498427477,211894,211894,372.78875000265543,372.8202919992327,149.72308300275472,522.5757500011241,True,
1,49,4,fresh-client,1,viewport_98x72px,deflate_256,DEFLATE,256,39,6,1722,470066901,470277493,210593,206,bytes 470066901-470277493/498427477,210593,210593,148.5170419982751,148.55591699961224,184.90279099933105,333.50562499981606,True,
1,50,3,fresh-client,1,tiny_12x9px,lzw_128,LZW,128,78,12,6876,622814425,622884075,69651,206,bytes 622814425-622884075/661264391,69651,69651,164.091083999665,164.13083399675088,71.68083299984573,235.8312499964086,True,
1,51,1,fresh-client,1,large_aoi_392x288px,deflate_128,DEFLATE,128,77,10,6786,465995630,466048722,53093,206,bytes 465995630-466048722/499617324,53093,53093,235.9064580014092,235.9828330008895,79.97445900036837,315.99487499988754,True,
1,51,1,fresh-client,1,large_aoi_392x288px,deflate_128,DEFLATE,128,77,11,6787,466048731,466100993,52263,206,bytes 466048731-466100993/499617324,52263,52263,171.95374999937485,171.98466599802487,81.68708399898605,253.70983299944783,True,
1,51,1,fresh-client,1,large_aoi_392x288px,deflate_128,DEFLATE,128,77,12,6788,466101002,466152431,51430,206,bytes 466101002-466152431/499617324,51430,51430,155.06591700250283,155.11524999965332,72.15716700011399,227.301750001061,True,
1,51,1,fresh-client,1,large_aoi_392x288px,deflate_128,DEFLATE,128,77,13,6789,466152440,466206025,53586,206,bytes 466152440-466206025/499617324,53586,53586,178.7991659984982,178.86887499844306,60.62933399880421,239.5334159991762,True,
1,51,1,fresh-client,1,large_aoi_392x288px,deflate_128,DEFLATE,128,78,10,6874,470474183,470526343,52161,206,bytes 470474183-470526343/499617324,52161,52161,229.81425100078923,229.88062600052217,51.03199999939534,280.9651669995219,True,
1,51,1,fresh-client,1,large_aoi_392x288px,deflate_128,DEFLATE,128,78,11,6875,470526352,470577939,51588,206,bytes 470526352-470577939/499617324,51588,51588,158.67391699794098,158.71695799796726,50.56441700071446,209.3016250000801,True,
1,51,1,fresh-client,1,large_aoi_392x288px,deflate_128,DEFLATE,128,78,12,6876,470577948,470630526,52579,206,bytes 470577948-470630526/499617324,52579,52579,197.1663330004958,197.2200829986832,60.40062500323984,257.64649999837275,True,
1,51,1,fresh-client,1,large_aoi_392x288px,deflate_128,DEFLATE,128,78,13,6877,470630535,470685000,54466,206,bytes 470630535-470685000/499617324,54466,54466,117.31404099919018,117.35741599841276,47.23504199864692,164.6461249983986,True,
1,51,1,fresh-client,1,large_aoi_392x288px,deflate_128,DEFLATE,128,79,10,6962,474844867,474896322,51456,206,bytes 474844867-474896322/499617324,51456,51456,165.67920799934654,165.71733300224878,134.86604100035038,300.6348330018227,True,
1,51,1,fresh-client,1,large_aoi_392x288px,deflate_128,DEFLATE,128,79,11,6963,474896331,474948466,52136,206,bytes 474896331-474948466/499617324,52136,52136,157.98604199881083,158.0227090016706,66.10100000034436,224.14062499956344,True,
1,51,1,fresh-client,1,large_aoi_392x288px,deflate_128,DEFLATE,128,79,12,6964,474948475,475002211,53737,206,bytes 474948475-475002211/499617324,53737,53737,243.9831250012503,244.10387500029174,88.07558300031815,332.2081670012267,True,
1,51,1,fresh-client,1,large_aoi_392x288px,deflate_128,DEFLATE,128,79,13,6965,475002220,475052147,49928,206,bytes 475002220-475052147/499617324,49928,49928,219.81624999898486,219.86945900061983,62.33845799943083,282.2469999991881,True,
1,52,3,fresh-client,1,viewport_196x144px,lzw_512,LZW,512,19,2,420,612205443,613302759,1097317,206,bytes 612205443-613302759/661107776,1097317,1097317,247.3912499990547,247.5179159991967,501.10920799852465,748.6548329979996,True,
1,52,3,fresh-client,1,viewport_196x144px,lzw_512,LZW,512,19,3,421,613302768,614420752,1117985,206,bytes 613302768-614420752/661107776,1117985,1117985,177.37949999718694,177.41862499678973,1058.053500000824,1235.506583998358,True,
1,53,4,fresh-client,1,large_aoi_392x288px,lzw_256,LZW,256,38,5,1677,611308756,611588074,279319,206,bytes 611308756-611588074/661012853,279319,279319,202.0866249986284,202.14662500075065,231.22445899934974,433.4158749989001,True,
1,53,4,fresh-client,1,large_aoi_392x288px,lzw_256,LZW,256,38,6,1678,611588083,611870179,282097,206,bytes 611588083-611870179/661012853,282097,282097,141.20154099873616,141.25216599859414,492.46783400303684,633.7585830005992,True,
1,53,4,fresh-client,1,large_aoi_392x288px,lzw_256,LZW,256,39,5,1721,623137353,623410197,272845,206,bytes 623137353-623410197/661012853,272845,272845,429.68766700141714,429.729084000428,215.041540999664,644.7978750002221,True,
1,53,4,fresh-client,1,large_aoi_392x288px,lzw_256,LZW,256,39,6,1722,623410206,623687723,277518,206,bytes 623410206-623687723/661012853,277518,277518,136.82387600056245,136.87995900181704,219.4056250009453,356.31450100117945,True,
1,54,2,fresh-client,1,tiny_12x9px,lzw_256,LZW,256,39,6,1722,623410206,623687723,277518,206,bytes 623410206-623687723/661012853,277518,277518,225.1840830031142,225.24512500240235,258.95733299694257,484.23654200087185,True,
1,55,1,fresh-client,1,reference_49x36px,deflate_512,DEFLATE,512,19,3,421,462985865,463831501,845637,206,bytes 462985865-463831501/499024403,845637,845637,152.10383299927344,152.1515829990676,612.7558339976531,764.9679999994987,True,
1,56,3,fresh-client,1,small_24x18px,deflate_128,DEFLATE,128,78,12,6876,470577948,470630526,52579,206,bytes 470577948-470630526/499617324,52579,52579,307.92495800051256,308.0265410026186,136.42820799941546,444.4794160008314,True,
1,57,3,fresh-client,1,large_aoi_392x288px,deflate_256,DEFLATE,256,38,5,1677,460967157,461178005,210849,206,bytes 460967157-461178005/498427477,210849,210849,221.52037500200095,221.57241700188024,247.1102499985136,468.70687500268104,True,
1,57,3,fresh-client,1,large_aoi_392x288px,deflate_256,DEFLATE,256,38,6,1678,461178014,461389907,211894,206,bytes 461178014-461389907/498427477,211894,211894,155.79450000223005,155.83137500289013,205.92970900179353,361.78708400257165,True,
1,57,3,fresh-client,1,large_aoi_392x288px,deflate_256,DEFLATE,256,39,5,1721,469859936,470066892,206957,206,bytes 469859936-470066892/498427477,206957,206957,167.46770899771946,167.52741699747276,153.05629100112128,320.6127919984283,True,
1,57,3,fresh-client,1,large_aoi_392x288px,deflate_256,DEFLATE,256,39,6,1722,470066901,470277493,210593,206,bytes 470066901-470277493/498427477,210593,210593,184.7369159986556,184.78570799925365,141.10729100138997,325.9299999990617,True,
1,58,5,fresh-client,1,large_aoi_392x288px,deflate_128,DEFLATE,128,77,10,6786,465995630,466048722,53093,206,bytes 465995630-466048722/499617324,53093,53093,170.45195899845567,170.48737599907327,371.73920900022495,542.2674170004029,True,
1,58,5,fresh-client,1,large_aoi_392x288px,deflate_128,DEFLATE,128,77,11,6787,466048731,466100993,52263,206,bytes 466048731-466100993/499617324,52263,52263,256.0574999988603,256.1050830008753,244.42404200090095,500.55554199934704,True,
1,58,5,fresh-client,1,large_aoi_392x288px,deflate_128,DEFLATE,128,77,12,6788,466101002,466152431,51430,206,bytes 466101002-466152431/499617324,51430,51430,154.42375000202446,154.48645800279337,160.38308400311507,314.90808300077333,True,
1,58,5,fresh-client,1,large_aoi_392x288px,deflate_128,DEFLATE,128,77,13,6789,466152440,466206025,53586,206,bytes 466152440-466206025/499617324,53586,53586,172.68499999772757,172.71945899847196,66.09224999920116,238.83591699996032,True,
1,58,5,fresh-client,1,large_aoi_392x288px,deflate_128,DEFLATE,128,78,10,6874,470474183,470526343,52161,206,bytes 470474183-470526343/499617324,52161,52161,119.29187500209082,119.32391700247535,61.86462500045309,181.2087079997582,True,
1,58,5,fresh-client,1,large_aoi_392x288px,deflate_128,DEFLATE,128,78,11,6875,470526352,470577939,51588,206,bytes 470526352-470577939/499617324,51588,51588,190.9482909977669,190.99437499971827,62.461458997859154,253.47937499827822,True,
1,58,5,fresh-client,1,large_aoi_392x288px,deflate_128,DEFLATE,128,78,12,6876,470577948,470630526,52579,206,bytes 470577948-470630526/499617324,52579,52579,179.88020799748483,179.9327499975334,59.302541998476954,239.2617080004129,True,
1,58,5,fresh-client,1,large_aoi_392x288px,deflate_128,DEFLATE,128,78,13,6877,470630535,470685000,54466,206,bytes 470630535-470685000/499617324,54466,54466,197.79750000088825,197.88008400064427,56.99974999879487,254.9043340004573,True,
1,58,5,fresh-client,1,large_aoi_392x288px,deflate_128,DEFLATE,128,79,10,6962,474844867,474896322,51456,206,bytes 474844867-474896322/499617324,51456,51456,140.43650000166963,140.4687920003198,49.061792000429705,189.55362500128103,True,
1,58,5,fresh-client,1,large_aoi_392x288px,deflate_128,DEFLATE,128,79,11,6963,474896331,474948466,52136,206,bytes 474896331-474948466/499617324,52136,52136,141.85220900253626,141.90008400328225,70.66341700192424,212.58675100034452,True,
1,58,5,fresh-client,1,large_aoi_392x288px,deflate_128,DEFLATE,128,79,12,6964,474948475,475002211,53737,206,bytes 474948475-475002211/499617324,53737,53737,636.4009999997506,636.4688749999914,65.79820799743175,702.3034169978928,True,
1,58,5,fresh-client,1,large_aoi_392x288px,deflate_128,DEFLATE,128,79,13,6965,475002220,475052147,49928,206,bytes 475002220-475052147/499617324,49928,49928,184.39695799679612,184.45299999802955,354.67479200087837,539.1595829969447,True,
1,59,5,fresh-client,1,viewport_196x144px,lzw_128,LZW,128,77,11,6787,616804272,616873511,69240,206,bytes 616804272-616873511/661264391,69240,69240,166.38425100245513,166.53887600114103,193.64137499724166,360.2527920011198,True,
1,59,5,fresh-client,1,viewport_196x144px,lzw_128,LZW,128,77,12,6788,616873520,616941718,68199,206,bytes 616873520-616941718/661264391,68199,68199,144.186041001376,144.22041600118973,107.79379200175754,252.04029100132175,True,
1,59,5,fresh-client,1,viewport_196x144px,lzw_128,LZW,128,77,13,6789,616941727,617013200,71474,206,bytes 616941727-617013200/661264391,71474,71474,167.44008300156565,167.499333001615,110.88554199886858,278.4235830004036,True,
1,59,5,fresh-client,1,viewport_196x144px,lzw_128,LZW,128,78,11,6875,622747033,622814416,67384,206,bytes 622747033-622814416/661264391,67384,67384,147.31574999677832,147.35004199974355,102.66862500066054,250.0434169996879,True,
1,59,5,fresh-client,1,viewport_196x144px,lzw_128,LZW,128,78,12,6876,622814425,622884075,69651,206,bytes 622814425-622884075/661264391,69651,69651,290.6323749994044,290.75154200108955,61.01195800147252,351.8004170000495,True,
1,59,5,fresh-client,1,viewport_196x144px,lzw_128,LZW,128,78,13,6877,622884084,622955954,71871,206,bytes 622884084-622955954/661264391,71871,71871,176.09320900010061,176.15004199979012,96.52170799745363,272.69683399936184,True,
1,60,2,fresh-client,1,viewport_98x72px,zstd_256,ZSTD,256,38,6,1678,453731252,453940035,208784,206,bytes 453731252-453940035/490384277,208784,208784,166.95379199882154,166.99191700172378,150.87800000037532,317.90633399941726,True,
1,60,2,fresh-client,1,viewport_98x72px,zstd_256,ZSTD,256,39,6,1722,462498953,462705745,206793,206,bytes 462498953-462705745/490384277,206793,206793,196.02900000245427,196.14329199976055,209.67499999824213,405.8553329996357,True,
1,61,4,fresh-client,1,small_24x18px,zstd_128,ZSTD,128,78,12,6876,463540753,463592563,51811,206,bytes 463540753-463592563/492119117,51811,51811,143.53337500142516,143.56908300032956,78.0006669992872,221.58779100209358,True,
1,62,3,fresh-client,1,reference_49x36px,lzw_128,LZW,128,77,12,6788,616873520,616941718,68199,206,bytes 616873520-616941718/661264391,68199,68199,138.8363340010983,138.869500002329,58.77108400090947,197.66079200053355,True,
1,62,3,fresh-client,1,reference_49x36px,lzw_128,LZW,128,78,12,6876,622814425,622884075,69651,206,bytes 622814425-622884075/661264391,69651,69651,126.45012500070152,126.48141700265114,99.51258300134214,226.01841700088698,True,
1,63,1,fresh-client,1,reference_49x36px,lzw_256,LZW,256,38,6,1678,611588083,611870179,282097,206,bytes 611588083-611870179/661012853,282097,282097,131.15191600081744,131.18616599967936,238.9898750006978,370.20316699999967,True,
1,63,1,fresh-client,1,reference_49x36px,lzw_256,LZW,256,39,6,1722,623410206,623687723,277518,206,bytes 623410206-623687723/661012853,277518,277518,155.98125000178698,156.02245800255332,215.07016600298812,371.12987500222516,True,
1,64,3,fresh-client,1,viewport_196x144px,zstd_128,ZSTD,128,77,11,6787,459074583,459126136,51554,206,bytes 459074583-459126136/492119117,51554,51554,187.04725000134204,187.09091700293357,66.70958299946506,253.83145800151397,True,
1,64,3,fresh-client,1,viewport_196x144px,zstd_128,ZSTD,128,77,12,6788,459126145,459177002,50858,206,bytes 459126145-459177002/492119117,50858,50858,175.45779200008838,175.50191699774587,61.92554200242739,237.4497499986319,True,
1,64,3,fresh-client,1,viewport_196x144px,zstd_128,ZSTD,128,77,13,6789,459177011,459229715,52705,206,bytes 459177011-459229715/492119117,52705,52705,186.3707919983426,186.42629199894145,109.121707999293,295.59791700012283,True,
1,64,3,fresh-client,1,viewport_196x144px,zstd_128,ZSTD,128,78,11,6875,463490010,463540744,50735,206,bytes 463490010-463540744/492119117,50735,50735,322.8755000018282,322.9593340001884,56.11112499900628,379.10733399985475,True,
1,64,3,fresh-client,1,viewport_196x144px,zstd_128,ZSTD,128,78,12,6876,463540753,463592563,51811,206,bytes 463540753-463592563/492119117,51811,51811,508.25904199882643,508.3345829989412,66.90845800039824,575.2718749972701,True,
1,64,3,fresh-client,1,viewport_196x144px,zstd_128,ZSTD,128,78,13,6877,463592572,463646112,53541,206,bytes 463592572-463646112/492119117,53541,53541,236.55329200119013,236.79612500200165,224.18950000064797,461.02487499956624,True,
1,65,5,fresh-client,1,viewport_98x72px,zstd_512,ZSTD,512,19,3,421,454757753,455587037,829285,206,bytes 454757753-455587037/490194415,829285,829285,176.27983300189953,176.32066700025462,538.3936259968323,714.7567499996512,True,
1,66,2,fresh-client,1,viewport_196x144px,lzw_128,LZW,128,77,11,6787,616804272,616873511,69240,206,bytes 616804272-616873511/661264391,69240,69240,142.38845900035813,142.4247920003836,98.96479199960595,241.41366700132494,True,
1,66,2,fresh-client,1,viewport_196x144px,lzw_128,LZW,128,77,12,6788,616873520,616941718,68199,206,bytes 616873520-616941718/661264391,68199,68199,142.49733299948275,142.53870799802826,114.12950000158162,256.7380830005277,True,
1,66,2,fresh-client,1,viewport_196x144px,lzw_128,LZW,128,77,13,6789,616941727,617013200,71474,206,bytes 616941727-617013200/661264391,71474,71474,149.52266599721042,149.6407079976052,60.429707998991944,210.1068749980186,True,
1,66,2,fresh-client,1,viewport_196x144px,lzw_128,LZW,128,78,11,6875,622747033,622814416,67384,206,bytes 622747033-622814416/661264391,67384,67384,179.008958999475,179.06358399704914,57.07266699755564,236.171791999368,True,
1,66,2,fresh-client,1,viewport_196x144px,lzw_128,LZW,128,78,12,6876,622814425,622884075,69651,206,bytes 622814425-622884075/661264391,69651,69651,162.19425000235788,162.22854200168513,83.97454199803178,246.22258400268038,True,
1,66,2,fresh-client,1,viewport_196x144px,lzw_128,LZW,128,78,13,6877,622884084,622955954,71871,206,bytes 622884084-622955954/661264391,71871,71871,180.13979099850985,180.1872079995519,55.73004100006074,235.94604099707794,True,
1,67,1,fresh-client,1,viewport_196x144px,lzw_512,LZW,512,19,2,420,612205443,613302759,1097317,206,bytes 612205443-613302759/661107776,1097317,1097317,149.9104999966221,149.9479589983821,551.4381670000148,701.4091259989073,True,
1,67,1,fresh-client,1,viewport_196x144px,lzw_512,LZW,512,19,3,421,613302768,614420752,1117985,206,bytes 613302768-614420752/661107776,1117985,1117985,143.63391599908937,143.67045799735934,665.021834000072,808.7144999990414,True,
1,68,2,fresh-client,1,tiny_12x9px,zstd_512,ZSTD,512,19,3,421,454757753,455587037,829285,206,bytes 454757753-455587037/490194415,829285,829285,500.8143749982992,500.9433339982934,777.1364590007579,1278.1115420002607,True,
1,69,2,fresh-client,1,reference_49x36px,lzw_256,LZW,256,38,6,1678,611588083,611870179,282097,206,bytes 611588083-611870179/661012853,282097,282097,159.77220800050418,159.82829200220294,125.46183299855329,285.37320800023736,True,
1,69,2,fresh-client,1,reference_49x36px,lzw_256,LZW,256,39,6,1722,623410206,623687723,277518,206,bytes 623410206-623687723/661012853,277518,277518,347.33891599898925,347.42370800086064,269.23549999992247,616.6965830016125,True,
1,70,4,fresh-client,1,large_aoi_392x288px,zstd_256,ZSTD,256,38,5,1677,453523840,453731243,207404,206,bytes 453523840-453731243/490384277,207404,207404,182.2063330000674,182.25129199709045,152.23512500233483,334.52220799881616,True,
1,70,4,fresh-client,1,large_aoi_392x288px,zstd_256,ZSTD,256,38,6,1678,453731252,453940035,208784,206,bytes 453731252-453940035/490384277,208784,208784,160.88362500158837,160.9375000007276,110.00337500081514,270.9650409997266,True,
1,70,4,fresh-client,1,large_aoi_392x288px,zstd_256,ZSTD,256,39,5,1721,462295419,462498944,203526,206,bytes 462295419-462498944/490384277,203526,203526,153.75008399860235,153.79100000063772,220.39991700148676,374.2167089985742,True,
1,70,4,fresh-client,1,large_aoi_392x288px,zstd_256,ZSTD,256,39,6,1722,462498953,462705745,206793,206,bytes 462498953-462705745/490384277,206793,206793,169.98329099806142,170.03133300022455,117.49441700158059,287.5660829995468,True,
1,71,3,fresh-client,1,large_aoi_392x288px,lzw_512,LZW,512,19,2,420,612205443,613302759,1097317,206,bytes 612205443-613302759/661107776,1097317,1097317,144.83620800092467,144.87108300090767,893.8018340013514,1038.7043750015437,True,
1,71,3,fresh-client,1,large_aoi_392x288px,lzw_512,LZW,512,19,3,421,613302768,614420752,1117985,206,bytes 613302768-614420752/661107776,1117985,1117985,452.7467920015624,452.7820840012282,641.4790829985577,1094.295876002434,True,
1,72,2,fresh-client,1,viewport_98x72px,deflate_128,DEFLATE,128,77,12,6788,466101002,466152431,51430,206,bytes 466101002-466152431/499617324,51430,51430,145.32870900075068,145.37929200014332,93.12074999979814,238.52583400002914,True,
1,72,2,fresh-client,1,viewport_98x72px,deflate_128,DEFLATE,128,78,12,6876,470577948,470630526,52579,206,bytes 470577948-470630526/499617324,52579,52579,174.43220900167944,174.46083400136558,54.316208999807714,228.78791699986323,True,
1,73,2,fresh-client,1,tiny_12x9px,lzw_128,LZW,128,78,12,6876,622814425,622884075,69651,206,bytes 622814425-622884075/661264391,69651,69651,231.03166700093425,231.0915420021047,205.47395800167578,436.60408399955486,True,
1,74,4,fresh-client,1,tiny_12x9px,lzw_128,LZW,128,78,12,6876,622814425,622884075,69651,206,bytes 622814425-622884075/661264391,69651,69651,155.38495899818372,155.46112499941955,49.18754100071965,204.66791699800524,True,
1,75,1,fresh-client,1,tiny_12x9px,deflate_256,DEFLATE,256,39,6,1722,470066901,470277493,210593,206,bytes 470066901-470277493/498427477,210593,210593,295.5147920001764,295.57279200162156,210.5177499979618,506.13787500333274,True,
1,76,1,fresh-client,1,small_24x18px,lzw_256,LZW,256,39,6,1722,623410206,623687723,277518,206,bytes 623410206-623687723/661012853,277518,277518,294.39820799962035,294.4786669977475,202.55204199929722,497.0584170005168,True,
1,77,3,fresh-client,1,tiny_12x9px,lzw_512,LZW,512,19,3,421,613302768,614420752,1117985,206,bytes 613302768-614420752/661107776,1117985,1117985,230.3576250014885,230.40370799935772,1030.5674170012935,1261.002750001353,True,
1,78,5,fresh-client,1,small_24x18px,deflate_512,DEFLATE,512,19,3,421,462985865,463831501,845637,206,bytes 462985865-463831501/499024403,845637,845637,142.9329169986886,142.96666700101923,495.7958340019104,638.7875420005003,True,
1,79,2,fresh-client,1,viewport_196x144px,lzw_512,LZW,512,19,2,420,612205443,613302759,1097317,206,bytes 612205443-613302759/661107776,1097317,1097317,171.6210000013234,171.6574580023007,868.49341800189,1040.1949170009175,True,
1,79,2,fresh-client,1,viewport_196x144px,lzw_512,LZW,512,19,3,421,613302768,614420752,1117985,206,bytes 613302768-614420752/661107776,1117985,1117985,144.68558399676112,144.71845899970504,473.59420899738325,618.3661260001827,True,
1,80,5,fresh-client,1,viewport_196x144px,zstd_128,ZSTD,128,77,11,6787,459074583,459126136,51554,206,bytes 459074583-459126136/492119117,51554,51554,265.33283299795585,265.43137499902514,59.701834001316456,325.1681670008111,True,
1,80,5,fresh-client,1,viewport_196x144px,zstd_128,ZSTD,128,77,12,6788,459126145,459177002,50858,206,bytes 459126145-459177002/492119117,50858,50858,156.10933400239446,156.14566700241994,53.98500000228523,210.15350000016042,True,
1,80,5,fresh-client,1,viewport_196x144px,zstd_128,ZSTD,128,77,13,6789,459177011,459229715,52705,206,bytes 459177011-459229715/492119117,52705,52705,136.92504199934774,136.97929199770442,63.9048749981157,200.92066700090072,True,
1,80,5,fresh-client,1,viewport_196x144px,zstd_128,ZSTD,128,78,11,6875,463490010,463540744,50735,206,bytes 463490010-463540744/492119117,50735,50735,152.32020800249302,152.35575000042445,64.4882909982698,216.8695000000298,True,
1,80,5,fresh-client,1,viewport_196x144px,zstd_128,ZSTD,128,78,12,6876,463540753,463592563,51811,206,bytes 463540753-463592563/492119117,51811,51811,168.8371249983902,168.88008399837418,59.1657499971916,228.08495899880654,True,
1,80,5,fresh-client,1,viewport_196x144px,zstd_128,ZSTD,128,78,13,6877,463592572,463646112,53541,206,bytes 463592572-463646112/492119117,53541,53541,184.30712599729304,184.3597509978281,68.36879099864746,252.7861259986821,True,
1,81,2,fresh-client,1,large_aoi_392x288px,zstd_512,ZSTD,512,19,2,420,453940732,454757744,817013,206,bytes 453940732-454757744/490194415,817013,817013,154.67324999917764,154.7088330007682,307.07329099823255,461.82554100232664,True,
1,81,2,fresh-client,1,large_aoi_392x288px,zstd_512,ZSTD,512,19,3,421,454757753,455587037,829285,206,bytes 454757753-455587037/490194415,829285,829285,149.6435000008205,149.69525000196882,435.58950000078767,585.3156250013853,True,
1,82,5,fresh-client,1,reference_49x36px,zstd_128,ZSTD,128,77,12,6788,459126145,459177002,50858,206,bytes 459126145-459177002/492119117,50858,50858,428.76258400065126,428.7979170003382,96.41345799900591,525.2339170001505,True,
1,82,5,fresh-client,1,reference_49x36px,zstd_128,ZSTD,128,78,12,6876,463540753,463592563,51811,206,bytes 463540753-463592563/492119117,51811,51811,128.78087499848334,128.81320899759885,53.12820900144288,181.9567089987686,True,
1,83,4,fresh-client,1,viewport_196x144px,zstd_256,ZSTD,256,38,5,1677,453523840,453731243,207404,206,bytes 453523840-453731243/490384277,207404,207404,211.04387599916663,211.0960840000189,149.0002499995171,360.18829199747415,True,
1,83,4,fresh-client,1,viewport_196x144px,zstd_256,ZSTD,256,38,6,1678,453731252,453940035,208784,206,bytes 453731252-453940035/490384277,208784,208784,169.64437500064378,169.68512500170618,113.39416700138827,283.1071670007077,True,
1,83,4,fresh-client,1,viewport_196x144px,zstd_256,ZSTD,256,39,5,1721,462295419,462498944,203526,206,bytes 462295419-462498944/490384277,203526,203526,148.47799999915878,148.58449999883305,126.60666699957801,275.22033299828763,True,
1,83,4,fresh-client,1,viewport_196x144px,zstd_256,ZSTD,256,39,6,1722,462498953,462705745,206793,206,bytes 462498953-462705745/490384277,206793,206793,158.071290999942,158.13825000077486,190.5627909982286,348.766582999815,True,
1,84,3,fresh-client,1,small_24x18px,lzw_512,LZW,512,19,3,421,613302768,614420752,1117985,206,bytes 613302768-614420752/661107776,1117985,1117985,156.39529200052493,156.42541700071888,457.5514579992159,614.0077090021805,True,
1,85,5,fresh-client,1,tiny_12x9px,lzw_512,LZW,512,19,3,421,613302768,614420752,1117985,206,bytes 613302768-614420752/661107776,1117985,1117985,202.74124999923515,202.78529200004414,567.9670839999744,770.7901249996212,True,
1,86,3,fresh-client,1,small_24x18px,deflate_512,DEFLATE,512,19,3,421,462985865,463831501,845637,206,bytes 462985865-463831501/499024403,845637,845637,163.4038749980391,163.4484579990385,246.613334002177,410.1031249992957,True,
1,87,5,fresh-client,1,large_aoi_392x288px,lzw_256,LZW,256,38,5,1677,611308756,611588074,279319,206,bytes 611308756-611588074/661012853,279319,279319,166.58033400017302,166.6275419993326,206.29120800003875,372.96654199963086,True,
1,87,5,fresh-client,1,large_aoi_392x288px,lzw_256,LZW,256,38,6,1678,611588083,611870179,282097,206,bytes 611588083-611870179/661012853,282097,282097,140.2897080006369,140.35120799962897,143.0448749997595,283.4209169996029,True,
1,87,5,fresh-client,1,large_aoi_392x288px,lzw_256,LZW,256,39,5,1721,623137353,623410197,272845,206,bytes 623137353-623410197/661012853,272845,272845,162.3130419975496,162.35833400060073,110.76766599944676,273.1452089974482,True,
1,87,5,fresh-client,1,large_aoi_392x288px,lzw_256,LZW,256,39,6,1722,623410206,623687723,277518,206,bytes 623410206-623687723/661012853,277518,277518,166.17008300090674,166.21158300040406,498.55687500166823,664.8060840016115,True,
1,88,1,fresh-client,1,viewport_196x144px,zstd_512,ZSTD,512,19,2,420,453940732,454757744,817013,206,bytes 453940732-454757744/490194415,817013,817013,198.3657500022673,198.42229200003203,626.1979169976257,824.6554170000309,True,
1,88,1,fresh-client,1,viewport_196x144px,zstd_512,ZSTD,512,19,3,421,454757753,455587037,829285,206,bytes 454757753-455587037/490194415,829285,829285,172.71316700134776,172.75304199938546,361.94745900138514,534.7329169999284,True,
1,89,2,fresh-client,1,large_aoi_392x288px,deflate_128,DEFLATE,128,77,10,6786,465995630,466048722,53093,206,bytes 465995630-466048722/499617324,53093,53093,154.96862500003772,155.00687500025379,49.63158300233772,204.65854199937894,True,
1,89,2,fresh-client,1,large_aoi_392x288px,deflate_128,DEFLATE,128,77,11,6787,466048731,466100993,52263,206,bytes 466048731-466100993/499617324,52263,52263,140.19474999804515,140.2485409998917,156.6590010006621,296.94499999823165,True,
1,89,2,fresh-client,1,large_aoi_392x288px,deflate_128,DEFLATE,128,77,12,6788,466101002,466152431,51430,206,bytes 466101002-466152431/499617324,51430,51430,143.07908299815608,143.1169579991547,71.49170800039428,214.6255419975205,True,
1,89,2,fresh-client,1,large_aoi_392x288px,deflate_128,DEFLATE,128,77,13,6789,466152440,466206025,53586,206,bytes 466152440-466206025/499617324,53586,53586,150.1141250009823,150.1504580010078,61.65983400205732,211.8298749992391,True,
1,89,2,fresh-client,1,large_aoi_392x288px,deflate_128,DEFLATE,128,78,10,6874,470474183,470526343,52161,206,bytes 470474183-470526343/499617324,52161,52161,411.3989999968908,411.4348749972123,47.76891599976807,459.21954199729953,True,
1,89,2,fresh-client,1,large_aoi_392x288px,deflate_128,DEFLATE,128,78,11,6875,470526352,470577939,51588,206,bytes 470526352-470577939/499617324,51588,51588,195.54066699856776,195.60541700047906,46.617457999673206,242.24641699765925,True,
1,89,2,fresh-client,1,large_aoi_392x288px,deflate_128,DEFLATE,128,78,12,6876,470577948,470630526,52579,206,bytes 470577948-470630526/499617324,52579,52579,146.5495420015941,146.58966700153542,48.14454199731699,194.74800000170944,True,
1,89,2,fresh-client,1,large_aoi_392x288px,deflate_128,DEFLATE,128,78,13,6877,470630535,470685000,54466,206,bytes 470630535-470685000/499617324,54466,54466,133.2925009992323,133.32745899970178,66.83116700151004,200.18287600032636,True,
1,89,2,fresh-client,1,large_aoi_392x288px,deflate_128,DEFLATE,128,79,10,6962,474844867,474896322,51456,206,bytes 474844867-474896322/499617324,51456,51456,150.15124999990803,150.19575000042096,76.11187500151573,226.32845800035284,True,
1,89,2,fresh-client,1,large_aoi_392x288px,deflate_128,DEFLATE,128,79,11,6963,474896331,474948466,52136,206,bytes 474896331-474948466/499617324,52136,52136,145.441207998374,145.47466699877987,53.44454100122675,198.94854199810652,True,
1,89,2,fresh-client,1,large_aoi_392x288px,deflate_128,DEFLATE,128,79,12,6964,474948475,475002211,53737,206,bytes 474948475-475002211/499617324,53737,53737,191.93100100164884,191.9772510009352,54.0792079991661,246.08316699959687,True,
1,89,2,fresh-client,1,large_aoi_392x288px,deflate_128,DEFLATE,128,79,13,6965,475002220,475052147,49928,206,bytes 475002220-475052147/499617324,49928,49928,186.2232919993403,186.26750000112224,59.379207999882055,245.67070799821522,True,
1,90,4,fresh-client,1,viewport_98x72px,lzw_128,LZW,128,77,12,6788,616873520,616941718,68199,206,bytes 616873520-616941718/661264391,68199,68199,148.36966700022458,148.42479200160597,61.674749998928746,210.11995799926808,True,
1,90,4,fresh-client,1,viewport_98x72px,lzw_128,LZW,128,78,12,6876,622814425,622884075,69651,206,bytes 622814425-622884075/661264391,69651,69651,177.11208300170256,177.15579200012144,117.45724999855156,294.67695800121874,True,
1,91,3,fresh-client,1,tiny_12x9px,lzw_256,LZW,256,39,6,1722,623410206,623687723,277518,206,bytes 623410206-623687723/661012853,277518,277518,267.7810000022873,267.8522909991443,185.85070799963432,453.7353330015321,True,
1,92,4,fresh-client,1,reference_49x36px,lzw_128,LZW,128,77,12,6788,616873520,616941718,68199,206,bytes 616873520-616941718/661264391,68199,68199,189.02291700214846,189.06441700164578,75.2802499991958,264.373792000697,True,
1,92,4,fresh-client,1,reference_49x36px,lzw_128,LZW,128,78,12,6876,622814425,622884075,69651,206,bytes 622814425-622884075/661264391,69651,69651,165.73412499928963,165.77362499810988,68.99933299791883,234.79262500040932,True,
1,93,2,fresh-client,1,small_24x18px,lzw_256,LZW,256,39,6,1722,623410206,623687723,277518,206,bytes 623410206-623687723/661012853,277518,277518,125.71316699904855,125.75104200004716,220.3997510005138,346.1879589995078,True,
1,94,4,fresh-client,1,reference_49x36px,lzw_512,LZW,512,19,3,421,613302768,614420752,1117985,206,bytes 613302768-614420752/661107776,1117985,1117985,166.80183300195495,166.84229200109257,483.2383339999069,650.1044169999659,True,
1,95,1,fresh-client,1,small_24x18px,deflate_512,DEFLATE,512,19,3,421,462985865,463831501,845637,206,bytes 462985865-463831501/499024403,845637,845637,153.46670800136053,153.50754100290942,412.67070899993996,566.2009160005255,True,
1,96,4,fresh-client,1,small_24x18px,lzw_128,LZW,128,78,12,6876,622814425,622884075,69651,206,bytes 622814425-622884075/661264391,69651,69651,202.42200099892216,202.46641699850443,119.89104199892608,322.3879589968419,True,
1,97,5,fresh-client,1,tiny_12x9px,zstd_256,ZSTD,256,39,6,1722,462498953,462705745,206793,206,bytes 462498953-462705745/490384277,206793,206793,177.78383300174028,177.82958300085738,117.81154199707089,295.6745420015068,True,
1,98,1,fresh-client,1,viewport_98x72px,lzw_256,LZW,256,38,6,1678,611588083,611870179,282097,206,bytes 611588083-611870179/661012853,282097,282097,251.70345899823587,251.8066259981424,163.69145899807336,415.5364170001121,True,
1,98,1,fresh-client,1,viewport_98x72px,lzw_256,LZW,256,39,6,1722,623410206,623687723,277518,206,bytes 623410206-623687723/661012853,277518,277518,393.60341700012214,393.6373750002531,156.94129199982854,550.6246670011024,True,
1,99,3,fresh-client,1,viewport_98x72px,zstd_512,ZSTD,512,19,3,421,454757753,455587037,829285,206,bytes 454757753-455587037/490194415,829285,829285,150.52345799995237,150.55970799949137,726.6209589979553,877.2083750009187,True,
1,100,2,fresh-client,1,viewport_196x144px,zstd_128,ZSTD,128,77,11,6787,459074583,459126136,51554,206,bytes 459074583-459126136/492119117,51554,51554,156.7435420001857,156.77741699983017,55.68608300018241,212.48054199895705,True,
1,100,2,fresh-client,1,viewport_196x144px,zstd_128,ZSTD,128,77,12,6788,459126145,459177002,50858,206,bytes 459126145-459177002/492119117,50858,50858,204.08341700021992,204.1414999985136,89.06004099844722,293.2264999981271,True,
1,100,2,fresh-client,1,viewport_196x144px,zstd_128,ZSTD,128,77,13,6789,459177011,459229715,52705,206,bytes 459177011-459229715/492119117,52705,52705,176.5185840013146,176.56175000229268,51.37670800104388,227.9586670010758,True,
1,100,2,fresh-client,1,viewport_196x144px,zstd_128,ZSTD,128,78,11,6875,463490010,463540744,50735,206,bytes 463490010-463540744/492119117,50735,50735,136.61629100170103,136.6595409999718,73.45979200181318,210.13933300127974,True,
1,100,2,fresh-client,1,viewport_196x144px,zstd_128,ZSTD,128,78,12,6876,463540753,463592563,51811,206,bytes 463540753-463592563/492119117,51811,51811,136.64204199812957,136.68166699790163,71.31691700124065,208.01762499831966,True,
1,100,2,fresh-client,1,viewport_196x144px,zstd_128,ZSTD,128,78,13,6877,463592572,463646112,53541,206,bytes 463592572-463646112/492119117,53541,53541,164.6382500002801,164.67166599977645,144.7005000009085,309.56837499979883,True,
1,101,2,fresh-client,1,large_aoi_392x288px,lzw_512,LZW,512,19,2,420,612205443,613302759,1097317,206,bytes 612205443-613302759/661107776,1097317,1097317,188.2633339992026,188.30729199908092,2119.704083997931,2308.0371680007374,True,
1,101,2,fresh-client,1,large_aoi_392x288px,lzw_512,LZW,512,19,3,421,613302768,614420752,1117985,206,bytes 613302768-614420752/661107776,1117985,1117985,157.617458000459,157.6607499991951,494.6687919982651,652.372208001907,True,
1,102,4,fresh-client,1,viewport_196x144px,deflate_256,DEFLATE,256,38,5,1677,460967157,461178005,210849,206,bytes 460967157-461178005/498427477,210849,210849,309.07608400229947,309.13183400116395,106.39220799930627,415.56729200237896,True,
1,102,4,fresh-client,1,viewport_196x144px,deflate_256,DEFLATE,256,38,6,1678,461178014,461389907,211894,206,bytes 461178014-461389907/498427477,211894,211894,250.6223750024219,250.74408300133655,244.75950000123703,495.5318749998696,True,
1,102,4,fresh-client,1,viewport_196x144px,deflate_256,DEFLATE,256,39,5,1721,469859936,470066892,206957,206,bytes 469859936-470066892/498427477,206957,206957,165.51162500036298,165.54966699914075,248.48320899764076,414.082999999664,True,
1,102,4,fresh-client,1,viewport_196x144px,deflate_256,DEFLATE,256,39,6,1722,470066901,470277493,210593,206,bytes 470066901-470277493/498427477,210593,210593,136.29087499793968,136.32537499870523,153.8414169990574,290.22433399950387,True,
1,103,2,fresh-client,1,reference_49x36px,deflate_128,DEFLATE,128,77,12,6788,466101002,466152431,51430,206,bytes 466101002-466152431/499617324,51430,51430,145.2958750014659,145.32550000149058,56.69491599837784,202.03637500162586,True,
1,103,2,fresh-client,1,reference_49x36px,deflate_128,DEFLATE,128,78,12,6876,470577948,470630526,52579,206,bytes 470577948-470630526/499617324,52579,52579,124.00887500189128,124.03433299914468,47.60391699892352,171.64983299880987,True,
1,104,4,fresh-client,1,large_aoi_392x288px,lzw_512,LZW,512,19,2,420,612205443,613302759,1097317,206,bytes 612205443-613302759/661107776,1097317,1097317,129.67045800178312,129.6953749988461,535.3903750001336,665.1218340011837,True,
1,104,4,fresh-client,1,large_aoi_392x288px,lzw_512,LZW,512,19,3,421,613302768,614420752,1117985,206,bytes 613302768-614420752/661107776,1117985,1117985,119.30020900035743,119.3247090013756,557.8623330002301,677.2987920012383,True,
1,105,5,fresh-client,1,reference_49x36px,zstd_512,ZSTD,512,19,3,421,454757753,455587037,829285,206,bytes 454757753-455587037/490194415,829285,829285,143.36425000146846,143.40058399830014,445.78145899868105,589.2170420011098,True,
1,106,5,fresh-client,1,small_24x18px,deflate_256,DEFLATE,256,39,6,1722,470066901,470277493,210593,206,bytes 470066901-470277493/498427477,210593,210593,443.47162499980186,443.53112500175484,166.16179199991166,609.749750001356,True,
1,107,5,fresh-client,1,viewport_196x144px,lzw_512,LZW,512,19,2,420,612205443,613302759,1097317,206,bytes 612205443-613302759/661107776,1097317,1097317,131.6776249987015,131.7040409994661,849.0545829990879,980.7954579991929,True,
1,107,5,fresh-client,1,viewport_196x144px,lzw_512,LZW,512,19,3,421,613302768,614420752,1117985,206,bytes 613302768-614420752/661107776,1117985,1117985,156.4799590014445,156.51254200201947,816.6294170005131,973.1772930026636,True,
1,108,5,fresh-client,1,small_24x18px,zstd_128,ZSTD,128,78,12,6876,463540753,463592563,51811,206,bytes 463540753-463592563/492119117,51811,51811,168.7109580016113,168.7530000017432,60.80225000187056,229.63966600218555,True,
1,109,1,fresh-client,1,reference_49x36px,deflate_256,DEFLATE,256,38,6,1678,461178014,461389907,211894,206,bytes 461178014-461389907/498427477,211894,211894,128.3980829975917,128.42683299822966,379.8197510004684,508.301333997224,True,
1,109,1,fresh-client,1,reference_49x36px,deflate_256,DEFLATE,256,39,6,1722,470066901,470277493,210593,206,bytes 470066901-470277493/498427477,210593,210593,138.19895800043014,138.22791699931258,233.10304199912935,371.36433300111094,True,
1,110,1,fresh-client,1,viewport_98x72px,lzw_128,LZW,128,77,12,6788,616873520,616941718,68199,206,bytes 616873520-616941718/661264391,68199,68199,137.9495830005908,137.98216600116575,69.24970899854088,207.24849999896833,True,
1,110,1,fresh-client,1,viewport_98x72px,lzw_128,LZW,128,78,12,6876,622814425,622884075,69651,206,bytes 622814425-622884075/661264391,69651,69651,143.28324999951292,143.3142499990936,96.05974999794853,239.3942499984405,True,
1,111,2,fresh-client,1,tiny_12x9px,deflate_512,DEFLATE,512,19,3,421,462985865,463831501,845637,206,bytes 462985865-463831501/499024403,845637,845637,138.66258300186018,138.69675000023562,556.4069169995491,695.1796670000476,True,
1,112,2,fresh-client,1,large_aoi_392x288px,deflate_256,DEFLATE,256,38,5,1677,460967157,461178005,210849,206,bytes 460967157-461178005/498427477,210849,210849,155.94545800195192,155.97758299918496,285.69058400171343,441.70787500115694,True,
1,112,2,fresh-client,1,large_aoi_392x288px,deflate_256,DEFLATE,256,38,6,1678,461178014,461389907,211894,206,bytes 461178014-461389907/498427477,211894,211894,156.7079590022331,156.74787500029197,348.7492500025837,505.55883400011226,True,
1,112,2,fresh-client,1,large_aoi_392x288px,deflate_256,DEFLATE,256,39,5,1721,469859936,470066892,206957,206,bytes 469859936-470066892/498427477,206957,206957,145.88170799834188,145.91049999944516,123.2404590009537,269.1840840016084,True,
1,112,2,fresh-client,1,large_aoi_392x288px,deflate_256,DEFLATE,256,39,6,1722,470066901,470277493,210593,206,bytes 470066901-470277493/498427477,210593,210593,147.53066599951126,147.5596249983937,127.08937500065076,274.6701659998507,True,
1,113,4,fresh-client,1,viewport_196x144px,zstd_512,ZSTD,512,19,2,420,453940732,454757744,817013,206,bytes 453940732-454757744/490194415,817013,817013,130.58004199774587,130.60891699933563,387.12849999865284,517.7895419983543,True,
1,113,4,fresh-client,1,viewport_196x144px,zstd_512,ZSTD,512,19,3,421,454757753,455587037,829285,206,bytes 454757753-455587037/490194415,829285,829285,214.85662499981117,214.93312499660533,1568.27475099999,1783.2589169993298,True,
1,114,1,fresh-client,1,reference_49x36px,lzw_512,LZW,512,19,3,421,613302768,614420752,1117985,206,bytes 613302768-614420752/661107776,1117985,1117985,263.4215840007528,263.55295900066267,1185.7797499978915,1449.379959001817,True,
1,115,5,fresh-client,1,small_24x18px,zstd_512,ZSTD,512,19,3,421,454757753,455587037,829285,206,bytes 454757753-455587037/490194415,829285,829285,149.21933399818954,149.25304200005485,346.3201670019771,495.63470899738604,True,
1,116,2,fresh-client,1,reference_49x36px,deflate_256,DEFLATE,256,38,6,1678,461178014,461389907,211894,206,bytes 461178014-461389907/498427477,211894,211894,356.98458300248603,357.10566700072377,121.6407909996633,478.78816700176685,True,
1,116,2,fresh-client,1,reference_49x36px,deflate_256,DEFLATE,256,39,6,1722,470066901,470277493,210593,206,bytes 470066901-470277493/498427477,210593,210593,174.6241660002852,174.6667079969484,138.9584160024242,313.6756249987229,True,
1,117,5,fresh-client,1,small_24x18px,zstd_256,ZSTD,256,39,6,1722,462498953,462705745,206793,206,bytes 462498953-462705745/490384277,206793,206793,325.36308400085545,325.3937919980672,141.69500000207336,467.1340839995537,True,
1,118,3,fresh-client,1,viewport_196x144px,deflate_512,DEFLATE,512,19,2,420,462155354,462985856,830503,206,bytes 462155354-462985856/499024403,830503,830503,204.89220799936447,204.94679100011126,1460.9865419988637,1665.994958999363,True,
1,118,3,fresh-client,1,viewport_196x144px,deflate_512,DEFLATE,512,19,3,421,462985865,463831501,845637,206,bytes 462985865-463831501/499024403,845637,845637,222.80458299792372,222.86095799790928,667.2437080014788,890.1488339979551,True,
1,119,2,fresh-client,1,tiny_12x9px,zstd_256,ZSTD,256,39,6,1722,462498953,462705745,206793,206,bytes 462498953-462705745/490384277,206793,206793,202.58462499987218,202.63600000180304,112.40666599769611,315.09645900223404,True,
1,120,1,fresh-client,1,tiny_12x9px,lzw_128,LZW,128,78,12,6876,622814425,622884075,69651,206,bytes 622814425-622884075/661264391,69651,69651,198.74316699861083,198.7914589990396,61.20166699838592,260.0258339989523,True,
1,121,2,fresh-client,1,reference_49x36px,deflate_512,DEFLATE,512,19,3,421,462985865,463831501,845637,206,bytes 462985865-463831501/499024403,845637,845637,200.9862510021776,201.0402920022898,455.9218750000582,657.021667000663,True,
1,122,2,fresh-client,1,reference_49x36px,lzw_128,LZW,128,77,12,6788,616873520,616941718,68199,206,bytes 616873520-616941718/661264391,68199,68199,215.0667500027339,215.12520800024504,65.6337500004156,280.8057500005816,True,
1,122,2,fresh-client,1,reference_49x36px,lzw_128,LZW,128,78,12,6876,622814425,622884075,69651,206,bytes 622814425-622884075/661264391,69651,69651,353.76950000136276,353.8902500004042,55.15716700028861,409.09616600038134,True,
1,123,2,fresh-client,1,large_aoi_392x288px,lzw_128,LZW,128,77,10,6786,616734150,616804263,70114,206,bytes 616734150-616804263/661264391,70114,70114,158.07099999801721,158.11200000098324,56.41191700124182,214.53658300015377,True,
1,123,2,fresh-client,1,large_aoi_392x288px,lzw_128,LZW,128,77,11,6787,616804272,616873511,69240,206,bytes 616804272-616873511/661264391,69240,69240,159.05062499950873,159.09054199801176,52.854999998089625,211.95895900018513,True,
1,123,2,fresh-client,1,large_aoi_392x288px,lzw_128,LZW,128,77,12,6788,616873520,616941718,68199,206,bytes 616873520-616941718/661264391,68199,68199,198.29262499843026,198.34500000069966,68.41204200100037,266.8038330011768,True,
1,123,2,fresh-client,1,large_aoi_392x288px,lzw_128,LZW,128,77,13,6789,616941727,617013200,71474,206,bytes 616941727-617013200/661264391,71474,71474,233.86754199964344,233.9741249998042,60.286249998171115,294.2980419975356,True,
1,123,2,fresh-client,1,large_aoi_392x288px,lzw_128,LZW,128,78,10,6874,622678072,622747024,68953,206,bytes 622678072-622747024/661264391,68953,68953,198.83458399999654,198.88191700010793,59.61162500170758,258.52137499896344,True,
1,123,2,fresh-client,1,large_aoi_392x288px,lzw_128,LZW,128,78,11,6875,622747033,622814416,67384,206,bytes 622747033-622814416/661264391,67384,67384,175.7747500014375,175.81429200072307,58.223209001880605,234.0740840008948,True,
1,123,2,fresh-client,1,large_aoi_392x288px,lzw_128,LZW,128,78,12,6876,622814425,622884075,69651,206,bytes 622814425-622884075/661264391,69651,69651,168.9474999984668,168.98287499861908,58.52841600062675,227.52437500093947,True,
1,123,2,fresh-client,1,large_aoi_392x288px,lzw_128,LZW,128,78,13,6877,622884084,622955954,71871,206,bytes 622884084-622955954/661264391,71871,71871,225.20883299876004,225.32608300025458,58.78808399938862,284.15633300028276,True,
1,123,2,fresh-client,1,large_aoi_392x288px,lzw_128,LZW,128,79,10,6962,628465466,628533314,67849,206,bytes 628465466-628533314/661264391,67849,67849,140.12341700072284,140.15304200074752,80.90012499815202,221.0659999982454,True,
1,123,2,fresh-client,1,large_aoi_392x288px,lzw_128,LZW,128,79,11,6963,628533323,628602043,68721,206,bytes 628533323-628602043/661264391,68721,68721,242.85125100141158,242.98683400047594,66.08304099790985,309.1131260007387,True,
1,123,2,fresh-client,1,large_aoi_392x288px,lzw_128,LZW,128,79,12,6964,628602052,628673096,71045,206,bytes 628602052-628673096/661264391,71045,71045,133.27570900219143,133.30716700147605,53.08929199964041,186.40787500044098,True,
1,123,2,fresh-client,1,large_aoi_392x288px,lzw_128,LZW,128,79,13,6965,628673105,628737744,64640,206,bytes 628673105-628737744/661264391,64640,64640,333.0243749987858,333.07725000122446,96.44900000057532,429.5594169998367,True,
1,124,5,fresh-client,1,large_aoi_392x288px,zstd_512,ZSTD,512,19,2,420,453940732,454757744,817013,206,bytes 453940732-454757744/490194415,817013,817013,151.17774999816902,151.21295799690415,353.55320799862966,504.8484170001757,True,
1,124,5,fresh-client,1,large_aoi_392x288px,zstd_512,ZSTD,512,19,3,421,454757753,455587037,829285,206,bytes 454757753-455587037/490194415,829285,829285,174.83424999954877,174.86708299838938,476.7038749996573,651.6232079993642,True,
1,125,5,fresh-client,1,tiny_12x9px,zstd_128,ZSTD,128,78,12,6876,463540753,463592563,51811,206,bytes 463540753-463592563/492119117,51811,51811,151.37229199899593,151.40837600119994,67.55658299880452,218.99395899890806,True,
1,126,5,fresh-client,1,tiny_12x9px,deflate_128,DEFLATE,128,78,12,6876,470577948,470630526,52579,206,bytes 470577948-470630526/499617324,52579,52579,179.3748330019298,179.41283300024224,45.573708001029445,225.0001250031346,True,
1,127,3,fresh-client,1,viewport_98x72px,lzw_128,LZW,128,77,12,6788,616873520,616941718,68199,206,bytes 616873520-616941718/661264391,68199,68199,165.15579100087052,165.19262499787146,61.76154200147721,226.98845799823175,True,
1,127,3,fresh-client,1,viewport_98x72px,lzw_128,LZW,128,78,12,6876,622814425,622884075,69651,206,bytes 622814425-622884075/661264391,69651,69651,146.90150000024005,146.92966700022225,56.7269999992277,203.67116700072074,True,
1,128,4,fresh-client,1,large_aoi_392x288px,zstd_512,ZSTD,512,19,2,420,453940732,454757744,817013,206,bytes 453940732-454757744/490194415,817013,817013,149.99437499864143,150.02595799887786,644.6527090010932,794.7431249995134,True,
1,128,4,fresh-client,1,large_aoi_392x288px,zstd_512,ZSTD,512,19,3,421,454757753,455587037,829285,206,bytes 454757753-455587037/490194415,829285,829285,265.65983399996185,265.7649590000801,2317.0628339976247,2582.900042998517,True,
1,129,3,fresh-client,1,small_24x18px,lzw_128,LZW,128,78,12,6876,622814425,622884075,69651,206,bytes 622814425-622884075/661264391,69651,69651,176.41854099929333,176.45774999982677,81.39433399992413,257.8951249997772,True,
1,130,1,fresh-client,1,large_aoi_392x288px,lzw_128,LZW,128,77,10,6786,616734150,616804263,70114,206,bytes 616734150-616804263/661264391,70114,70114,230.28937500203028,230.42670799986809,383.486250997521,613.9522920020681,True,
1,130,1,fresh-client,1,large_aoi_392x288px,lzw_128,LZW,128,77,11,6787,616804272,616873511,69240,206,bytes 616804272-616873511/661264391,69240,69240,156.9761250029842,157.0224170027359,54.000584001187235,211.03929200035054,True,
1,130,1,fresh-client,1,large_aoi_392x288px,lzw_128,LZW,128,77,12,6788,616873520,616941718,68199,206,bytes 616873520-616941718/661264391,68199,68199,169.62245800095843,169.6650000012596,50.61004200251773,220.2949169986823,True,
1,130,1,fresh-client,1,large_aoi_392x288px,lzw_128,LZW,128,77,13,6789,616941727,617013200,71474,206,bytes 616941727-617013200/661264391,71474,71474,181.8578750026063,181.90262500138488,60.48004200056312,242.45074999998906,True,
1,130,1,fresh-client,1,large_aoi_392x288px,lzw_128,LZW,128,78,10,6874,622678072,622747024,68953,206,bytes 622678072-622747024/661264391,68953,68953,209.2232499999227,209.266124998976,56.79958399923635,266.10141600031056,True,
1,130,1,fresh-client,1,large_aoi_392x288px,lzw_128,LZW,128,78,11,6875,622747033,622814416,67384,206,bytes 622747033-622814416/661264391,67384,67384,158.87287499936065,158.90762499839184,52.64445899956627,211.56641700144974,True,
1,130,1,fresh-client,1,large_aoi_392x288px,lzw_128,LZW,128,78,12,6876,622814425,622884075,69651,206,bytes 622814425-622884075/661264391,69651,69651,130.4448750015581,130.47150000056718,114.09787500087987,244.59879200003343,True,
1,130,1,fresh-client,1,large_aoi_392x288px,lzw_128,LZW,128,78,13,6877,622884084,622955954,71871,206,bytes 622884084-622955954/661264391,71871,71871,168.6119170008169,168.64479200012283,52.730250001332024,221.4057919991319,True,
1,130,1,fresh-client,1,large_aoi_392x288px,lzw_128,LZW,128,79,10,6962,628465466,628533314,67849,206,bytes 628465466-628533314/661264391,67849,67849,159.59479099910823,159.63933300008648,56.08870899959584,215.74395800053026,True,
1,130,1,fresh-client,1,large_aoi_392x288px,lzw_128,LZW,128,79,11,6963,628533323,628602043,68721,206,bytes 628533323-628602043/661264391,68721,68721,353.58533300313866,353.63254100229824,67.70004200006952,421.35112500182004,True,
1,130,1,fresh-client,1,large_aoi_392x288px,lzw_128,LZW,128,79,12,6964,628602052,628673096,71045,206,bytes 628602052-628673096/661264391,71045,71045,135.59575000181212,135.62841600287356,66.62416600011056,202.27429100123118,True,
1,130,1,fresh-client,1,large_aoi_392x288px,lzw_128,LZW,128,79,13,6965,628673105,628737744,64640,206,bytes 628673105-628737744/661264391,64640,64640,152.34741699896404,152.37625000008848,103.4530420001829,255.86091700097313,True,
1,131,3,fresh-client,1,small_24x18px,zstd_512,ZSTD,512,19,3,421,454757753,455587037,829285,206,bytes 454757753-455587037/490194415,829285,829285,169.59479200158967,169.61825000180397,828.0966259990237,997.7910010020423,True,
1,132,3,fresh-client,1,tiny_12x9px,deflate_256,DEFLATE,256,39,6,1722,470066901,470277493,210593,206,bytes 470066901-470277493/498427477,210593,210593,226.87595900060842,226.91837499951362,205.0362080008199,431.9952090008883,True,
1,133,1,fresh-client,1,tiny_12x9px,lzw_512,LZW,512,19,3,421,613302768,614420752,1117985,206,bytes 613302768-614420752/661107776,1117985,1117985,146.42737499889336,146.55133400083287,405.80837600282393,552.4120420013787,True,
1,134,1,fresh-client,1,viewport_98x72px,zstd_256,ZSTD,256,38,6,1678,453731252,453940035,208784,206,bytes 453731252-453940035/490384277,208784,208784,201.0525419973419,201.11037499736995,220.5822089999856,421.733958999539,True,
1,134,1,fresh-client,1,viewport_98x72px,zstd_256,ZSTD,256,39,6,1722,462498953,462705745,206793,206,bytes 462498953-462705745/490384277,206793,206793,271.096333002788,271.2061670026742,158.8545000013255,430.10187500112806,True,
1,135,3,fresh-client,1,reference_49x36px,deflate_128,DEFLATE,128,77,12,6788,466101002,466152431,51430,206,bytes 466101002-466152431/499617324,51430,51430,162.05858399916906,162.0990420015005,161.61412500150618,323.7722499980009,True,
1,135,3,fresh-client,1,reference_49x36px,deflate_128,DEFLATE,128,78,12,6876,470577948,470630526,52579,206,bytes 470577948-470630526/499617324,52579,52579,240.1340420001361,240.21179199917242,212.30279199880897,452.56283299750066,True,
1,136,1,fresh-client,1,tiny_12x9px,zstd_128,ZSTD,128,78,12,6876,463540753,463592563,51811,206,bytes 463540753-463592563/492119117,51811,51811,356.5154160023667,356.61850000178674,180.37795899726916,537.0834169989394,True,
1,137,1,fresh-client,1,viewport_196x144px,lzw_256,LZW,256,38,5,1677,611308756,611588074,279319,206,bytes 611308756-611588074/661012853,279319,279319,186.74812500103144,186.7852080031298,367.9731670017645,554.7970420011552,True,
1,137,1,fresh-client,1,viewport_196x144px,lzw_256,LZW,256,38,6,1678,611588083,611870179,282097,206,bytes 611588083-611870179/661012853,282097,282097,166.51350000029197,166.54545799974585,132.74120799906086,299.30370800138917,True,
1,137,1,fresh-client,1,viewport_196x144px,lzw_256,LZW,256,39,5,1721,623137353,623410197,272845,206,bytes 623137353-623410197/661012853,272845,272845,142.12037499964936,142.1508339990396,402.9443760009599,545.144708998123,True,
1,137,1,fresh-client,1,viewport_196x144px,lzw_256,LZW,256,39,6,1722,623410206,623687723,277518,206,bytes 623410206-623687723/661012853,277518,277518,178.4567499998957,178.49379199833493,402.67908399982844,581.2094590000925,True,
1,138,3,fresh-client,1,reference_49x36px,deflate_256,DEFLATE,256,38,6,1678,461178014,461389907,211894,206,bytes 461178014-461389907/498427477,211894,211894,135.060374999739,135.09454100130824,139.1609169986623,274.31679100118345,True,
1,138,3,fresh-client,1,reference_49x36px,deflate_256,DEFLATE,256,39,6,1722,470066901,470277493,210593,206,bytes 470066901-470277493/498427477,210593,210593,237.20875000071828,237.30158299804316,128.76350000078673,366.12324999805423,True,
1,139,5,fresh-client,1,viewport_98x72px,lzw_256,LZW,256,38,6,1678,611588083,611870179,282097,206,bytes 611588083-611870179/661012853,282097,282097,181.80633399970247,181.84854200080736,140.18408400079352,322.0837920016493,True,
1,139,5,fresh-client,1,viewport_98x72px,lzw_256,LZW,256,39,6,1722,623410206,623687723,277518,206,bytes 623410206-623687723/661012853,277518,277518,158.48641699994914,158.52033299961477,125.58083300245926,284.1489999991609,True,
1,140,2,fresh-client,1,small_24x18px,deflate_512,DEFLATE,512,19,3,421,462985865,463831501,845637,206,bytes 462985865-463831501/499024403,845637,845637,354.6385839981667,354.6715420015971,1106.098625001323,1460.8032090000052,True,
1,141,2,fresh-client,1,tiny_12x9px,deflate_256,DEFLATE,256,39,6,1722,470066901,470277493,210593,206,bytes 470066901-470277493/498427477,210593,210593,240.3130839993537,240.33983399931458,126.4547089995176,366.837208999641,True,
1,142,4,fresh-client,1,reference_49x36px,deflate_256,DEFLATE,256,38,6,1678,461178014,461389907,211894,206,bytes 461178014-461389907/498427477,211894,211894,201.14941599968006,201.19783300106064,271.3892499996291,472.6173329981975,True,
1,142,4,fresh-client,1,reference_49x36px,deflate_256,DEFLATE,256,39,6,1722,470066901,470277493,210593,206,bytes 470066901-470277493/498427477,210593,210593,164.734750000207,164.7711250006978,126.31591699755518,291.14120899976115,True,
1,143,5,fresh-client,1,viewport_196x144px,zstd_512,ZSTD,512,19,2,420,453940732,454757744,817013,206,bytes 453940732-454757744/490194415,817013,817013,144.87783399818,144.90529199974844,260.23766700018314,405.19291699820315,True,
1,143,5,fresh-client,1,viewport_196x144px,zstd_512,ZSTD,512,19,3,421,454757753,455587037,829285,206,bytes 454757753-455587037/490194415,829285,829285,152.83041699876776,152.86137500152108,613.0853329996171,766.0606669996923,True,
1,144,1,fresh-client,1,small_24x18px,deflate_128,DEFLATE,128,78,12,6876,470577948,470630526,52579,206,bytes 470577948-470630526/499617324,52579,52579,311.67166700106463,311.7729170007806,53.459999999176944,365.29199999858974,True,
1,145,3,fresh-client,1,viewport_98x72px,zstd_256,ZSTD,256,38,6,1678,453731252,453940035,208784,206,bytes 453731252-453940035/490384277,208784,208784,150.10912499928963,150.13820799867972,266.4426250012184,416.64241699982085,True,
1,145,3,fresh-client,1,viewport_98x72px,zstd_256,ZSTD,256,39,6,1722,462498953,462705745,206793,206,bytes 462498953-462705745/490384277,206793,206793,168.29499999948894,168.35020900180098,239.47691599823884,407.8648750000866,True,
1,146,2,fresh-client,1,tiny_12x9px,deflate_128,DEFLATE,128,78,12,6876,470577948,470630526,52579,206,bytes 470577948-470630526/499617324,52579,52579,231.16100100014592,231.2640010022733,49.19879199951538,280.51916700133006,True,
1,147,4,fresh-client,1,viewport_196x144px,deflate_128,DEFLATE,128,77,11,6787,466048731,466100993,52263,206,bytes 466048731-466100993/499617324,52263,52263,238.9164999985951,239.03824999797507,69.67508399975486,308.76699999862467,True,
1,147,4,fresh-client,1,viewport_196x144px,deflate_128,DEFLATE,128,77,12,6788,466101002,466152431,51430,206,bytes 466101002-466152431/499617324,51430,51430,150.81008400011342,150.8422500010056,74.18691700149793,225.0415000016801,True,
1,147,4,fresh-client,1,viewport_196x144px,deflate_128,DEFLATE,128,77,13,6789,466152440,466206025,53586,206,bytes 466152440-466206025/499617324,53586,53586,190.76066699926741,190.80462500278372,61.275291998754255,252.11229200067464,True,
1,147,4,fresh-client,1,viewport_196x144px,deflate_128,DEFLATE,128,78,11,6875,470526352,470577939,51588,206,bytes 470526352-470577939/499617324,51588,51588,161.67520800081547,161.70904200043879,84.54524999979185,246.28800000209594,True,
1,147,4,fresh-client,1,viewport_196x144px,deflate_128,DEFLATE,128,78,12,6876,470577948,470630526,52579,206,bytes 470577948-470630526/499617324,52579,52579,232.5830000008864,232.63608400156954,51.559249997808365,284.2367090015614,True,
1,147,4,fresh-client,1,viewport_196x144px,deflate_128,DEFLATE,128,78,13,6877,470630535,470685000,54466,206,bytes 470630535-470685000/499617324,54466,54466,153.52033299859613,153.55437499965774,47.76299999866751,201.32995799940545,True,
1,148,4,fresh-client,1,viewport_196x144px,lzw_256,LZW,256,38,5,1677,611308756,611588074,279319,206,bytes 611308756-611588074/661012853,279319,279319,159.8261660001299,159.8629579966655,239.3422509994707,399.24820799933514,True,
1,148,4,fresh-client,1,viewport_196x144px,lzw_256,LZW,256,38,6,1678,611588083,611870179,282097,206,bytes 611588083-611870179/661012853,282097,282097,172.54583400062984,172.57583399987197,232.61008400004357,405.2318750000268,True,
1,148,4,fresh-client,1,viewport_196x144px,lzw_256,LZW,256,39,5,1721,623137353,623410197,272845,206,bytes 623137353-623410197/661012853,272845,272845,133.73179200061713,133.759917000134,174.1530840008636,307.9277090000687,True,
1,148,4,fresh-client,1,viewport_196x144px,lzw_256,LZW,256,39,6,1722,623410206,623687723,277518,206,bytes 623410206-623687723/661012853,277518,277518,406.16470799795934,406.1945409994223,159.15820800000802,565.4327499978535,True,
1,149,3,fresh-client,1,viewport_196x144px,zstd_512,ZSTD,512,19,2,420,453940732,454757744,817013,206,bytes 453940732-454757744/490194415,817013,817013,210.62837499994203,210.69633400111343,318.3574579998094,529.1612090004492,True,
1,149,3,fresh-client,1,viewport_196x144px,zstd_512,ZSTD,512,19,3,421,454757753,455587037,829285,206,bytes 454757753-455587037/490194415,829285,829285,185.29854200096452,185.35041699942667,561.1806669985526,746.5612920022977,True,
1,150,5,fresh-client,1,viewport_196x144px,deflate_128,DEFLATE,128,77,11,6787,466048731,466100993,52263,206,bytes 466048731-466100993/499617324,52263,52263,206.54558399837697,206.60408399999142,49.800707998656435,256.44533399827196,True,
1,150,5,fresh-client,1,viewport_196x144px,deflate_128,DEFLATE,128,77,12,6788,466101002,466152431,51430,206,bytes 466101002-466152431/499617324,51430,51430,176.86670799957938,176.91095800182666,92.4256250000326,269.3802499998128,True,
1,150,5,fresh-client,1,viewport_196x144px,deflate_128,DEFLATE,128,77,13,6789,466152440,466206025,53586,206,bytes 466152440-466206025/499617324,53586,53586,149.736583000049,149.76904200011631,63.78733299789019,213.5704579995945,True,
1,150,5,fresh-client,1,viewport_196x144px,deflate_128,DEFLATE,128,78,11,6875,470526352,470577939,51588,206,bytes 470526352-470577939/499617324,51588,51588,223.2866259982984,223.41775099994265,43.10141599853523,266.58025099823135,True,
1,150,5,fresh-client,1,viewport_196x144px,deflate_128,DEFLATE,128,78,12,6876,470577948,470630526,52579,206,bytes 470577948-470630526/499617324,52579,52579,147.2293750011886,147.2583750000922,72.66900000104215,219.94099999938044,True,
1,150,5,fresh-client,1,viewport_196x144px,deflate_128,DEFLATE,128,78,13,6877,470630535,470685000,54466,206,bytes 470630535-470685000/499617324,54466,54466,129.33320900265244,129.3630000000121,56.5501659984875,185.9265420025622,True,
1,151,2,fresh-client,1,small_24x18px,zstd_128,ZSTD,128,78,12,6876,463540753,463592563,51811,206,bytes 463540753-463592563/492119117,51811,51811,147.67608400143217,147.71708400076022,77.69904199813027,225.44379200189724,True,
1,152,5,fresh-client,1,small_24x18px,lzw_256,LZW,256,39,6,1722,623410206,623687723,277518,206,bytes 623410206-623687723/661012853,277518,277518,123.17429199902108,123.2049169993843,342.2059580007044,465.4584999989311,True,
1,153,1,fresh-client,1,large_aoi_392x288px,zstd_256,ZSTD,256,38,5,1677,453523840,453731243,207404,206,bytes 453523840-453731243/490384277,207404,207404,155.68391700071516,155.71400000044378,130.46737499826122,286.2197920003382,True,
1,153,1,fresh-client,1,large_aoi_392x288px,zstd_256,ZSTD,256,38,6,1678,453731252,453940035,208784,206,bytes 453731252-453940035/490384277,208784,208784,290.793208998366,290.89958400072646,126.33637500039185,417.2825419991568,True,
1,153,1,fresh-client,1,large_aoi_392x288px,zstd_256,ZSTD,256,39,5,1721,462295419,462498944,203526,206,bytes 462295419-462498944/490384277,203526,203526,235.09320900120656,235.21345900007873,108.71708299964666,343.9723750016128,True,
1,153,1,fresh-client,1,large_aoi_392x288px,zstd_256,ZSTD,256,39,6,1722,462498953,462705745,206793,206,bytes 462498953-462705745/490384277,206793,206793,159.17804099808563,159.20824999921024,122.96000000060303,282.21566600041115,True,
1,154,3,fresh-client,1,viewport_98x72px,lzw_512,LZW,512,19,3,421,613302768,614420752,1117985,206,bytes 613302768-614420752/661107776,1117985,1117985,140.92654200067045,140.9564589994261,567.6227509975433,708.610541998496,True,
1,155,2,fresh-client,1,viewport_196x144px,deflate_128,DEFLATE,128,77,11,6787,466048731,466100993,52263,206,bytes 466048731-466100993/499617324,52263,52263,194.9023759989359,194.95104199813795,90.66624999832129,285.6639589990664,True,
1,155,2,fresh-client,1,viewport_196x144px,deflate_128,DEFLATE,128,77,12,6788,466101002,466152431,51430,206,bytes 466101002-466152431/499617324,51430,51430,150.62691600178368,150.65750000212574,62.88016700273147,213.55066600153805,True,
1,155,2,fresh-client,1,viewport_196x144px,deflate_128,DEFLATE,128,77,13,6789,466152440,466206025,53586,206,bytes 466152440-466206025/499617324,53586,53586,161.06641700025648,161.0968330023752,91.8200420019275,252.99787500262028,True,
1,155,2,fresh-client,1,viewport_196x144px,deflate_128,DEFLATE,128,78,11,6875,470526352,470577939,51588,206,bytes 470526352-470577939/499617324,51588,51588,342.3880000009376,342.4198329994397,74.92345799983013,417.3580419992504,True,
1,155,2,fresh-client,1,viewport_196x144px,deflate_128,DEFLATE,128,78,12,6876,470577948,470630526,52579,206,bytes 470577948-470630526/499617324,52579,52579,123.66137500066543,123.68666700058384,78.57520899779047,202.27637499920093,True,
1,155,2,fresh-client,1,viewport_196x144px,deflate_128,DEFLATE,128,78,13,6877,470630535,470685000,54466,206,bytes 470630535-470685000/499617324,54466,54466,219.46604199911235,219.51262499715085,95.45862500090152,315.00291699921945,True,
1,156,1,fresh-client,1,viewport_196x144px,zstd_256,ZSTD,256,38,5,1677,453523840,453731243,207404,206,bytes 453523840-453731243/490384277,207404,207404,145.42379200065625,145.45429200006765,200.67795800059685,346.1754169984488,True,
1,156,1,fresh-client,1,viewport_196x144px,zstd_256,ZSTD,256,38,6,1678,453731252,453940035,208784,206,bytes 453731252-453940035/490384277,208784,208784,145.55400000244845,145.58116600164794,150.68375099872355,296.31083300046157,True,
1,156,1,fresh-client,1,viewport_196x144px,zstd_256,ZSTD,256,39,5,1721,462295419,462498944,203526,206,bytes 462295419-462498944/490384277,203526,203526,132.8933330005384,132.9213749995688,132.94083300206694,265.8792500005802,True,
1,156,1,fresh-client,1,viewport_196x144px,zstd_256,ZSTD,256,39,6,1722,462498953,462705745,206793,206,bytes 462498953-462705745/490384277,206793,206793,153.81887499825098,153.85529099876294,107.39375000048312,261.2927079971996,True,
1,157,3,fresh-client,1,tiny_12x9px,zstd_128,ZSTD,128,78,12,6876,463540753,463592563,51811,206,bytes 463540753-463592563/492119117,51811,51811,225.12875000029453,225.17854100078694,64.06262499876902,289.28808300042874,True,
1,158,1,fresh-client,1,tiny_12x9px,lzw_256,LZW,256,39,6,1722,623410206,623687723,277518,206,bytes 623410206-623687723/661012853,277518,277518,139.125542002148,139.15895800164435,160.83891600283096,300.03674999898067,True,
1,159,3,fresh-client,1,viewport_196x144px,lzw_256,LZW,256,38,5,1677,611308756,611588074,279319,206,bytes 611308756-611588074/661012853,279319,279319,181.52345899943612,181.5595839980233,133.893165999325,315.50062599853845,True,
1,159,3,fresh-client,1,viewport_196x144px,lzw_256,LZW,256,38,6,1678,611588083,611870179,282097,206,bytes 611588083-611870179/661012853,282097,282097,176.2054579994583,176.24475000047823,261.2777089998417,437.5746250007069,True,
1,159,3,fresh-client,1,viewport_196x144px,lzw_256,LZW,256,39,5,1721,623137353,623410197,272845,206,bytes 623137353-623410197/661012853,272845,272845,141.53766700110282,141.57712499945774,205.69479100231547,347.32058300141944,True,
1,159,3,fresh-client,1,viewport_196x144px,lzw_256,LZW,256,39,6,1722,623410206,623687723,277518,206,bytes 623410206-623687723/661012853,277518,277518,137.45666600152617,137.4844160018256,186.43887500002165,323.97875000242493,True,
1,160,4,fresh-client,1,tiny_12x9px,zstd_256,ZSTD,256,39,6,1722,462498953,462705745,206793,206,bytes 462498953-462705745/490384277,206793,206793,134.93941699925927,134.96949999898789,196.7350000013539,331.75129200026277,True,
1,161,1,fresh-client,1,viewport_98x72px,zstd_128,ZSTD,128,77,12,6788,459126145,459177002,50858,206,bytes 459126145-459177002/492119117,50858,50858,159.5040419997531,159.53516700028558,81.96233399939956,241.5295419996255,True,
1,161,1,fresh-client,1,viewport_98x72px,zstd_128,ZSTD,128,78,12,6876,463540753,463592563,51811,206,bytes 463540753-463592563/492119117,51811,51811,141.77570800165995,141.82391600115807,53.062667000631336,194.89954099844908,True,
1,162,5,fresh-client,1,viewport_98x72px,lzw_512,LZW,512,19,3,421,613302768,614420752,1117985,206,bytes 613302768-614420752/661107776,1117985,1117985,142.20441699944786,142.26666699687485,587.0636250001553,729.3787919988972,True,
1,163,4,fresh-client,1,small_24x18px,lzw_256,LZW,256,39,6,1722,623410206,623687723,277518,206,bytes 623410206-623687723/661012853,277518,277518,152.87362500021118,152.90433300106088,135.04900000043563,288.00200000114273,True,
1,164,3,fresh-client,1,tiny_12x9px,deflate_512,DEFLATE,512,19,3,421,462985865,463831501,845637,206,bytes 462985865-463831501/499024403,845637,845637,142.73908299946925,142.77054099875386,357.6057499994931,500.4260419991624,True,
1,165,2,fresh-client,1,tiny_12x9px,zstd_128,ZSTD,128,78,12,6876,463540753,463592563,51811,206,bytes 463540753-463592563/492119117,51811,51811,318.3458750027057,318.3740000022226,64.38087499918765,382.76616599978297,True,
1,166,5,fresh-client,1,tiny_12x9px,deflate_256,DEFLATE,256,39,6,1722,470066901,470277493,210593,206,bytes 470066901-470277493/498427477,210593,210593,124.85291700068046,124.8800419998588,148.17900100024417,273.10645900070085,True,
1,167,2,fresh-client,1,reference_49x36px,zstd_128,ZSTD,128,77,12,6788,459126145,459177002,50858,206,bytes 459126145-459177002/492119117,50858,50858,148.12158299901057,148.14808299706783,46.97633300020243,195.1384579988371,True,
1,167,2,fresh-client,1,reference_49x36px,zstd_128,ZSTD,128,78,12,6876,463540753,463592563,51811,206,bytes 463540753-463592563/492119117,51811,51811,166.11716699844692,166.1565829999745,152.58637499937322,318.7920829986979,True,
1,168,4,fresh-client,1,reference_49x36px,lzw_256,LZW,256,38,6,1678,611588083,611870179,282097,206,bytes 611588083-611870179/661012853,282097,282097,140.99779200114426,141.02550000097835,145.84895799998776,286.9166669988772,True,
1,168,4,fresh-client,1,reference_49x36px,lzw_256,LZW,256,39,6,1722,623410206,623687723,277518,206,bytes 623410206-623687723/661012853,277518,277518,177.26699999911943,177.3133329988923,169.60095899776206,346.95183299845667,True,
1,169,5,fresh-client,1,reference_49x36px,zstd_256,ZSTD,256,38,6,1678,453731252,453940035,208784,206,bytes 453731252-453940035/490384277,208784,208784,120.270374998654,120.29208300009486,452.0053759988514,572.3681249983201,True,
1,169,5,fresh-client,1,reference_49x36px,zstd_256,ZSTD,256,39,6,1722,462498953,462705745,206793,206,bytes 462498953-462705745/490384277,206793,206793,163.1288750031672,163.15954200035776,109.60691600121208,272.8050420009822,True,
1,170,4,fresh-client,1,viewport_98x72px,zstd_512,ZSTD,512,19,3,421,454757753,455587037,829285,206,bytes 454757753-455587037/490194415,829285,829285,131.1948750008014,131.22212500093156,718.4857079992071,849.7874589993444,True,
1,171,1,fresh-client,1,large_aoi_392x288px,deflate_512,DEFLATE,512,19,2,420,462155354,462985856,830503,206,bytes 462155354-462985856/499024403,830503,830503,154.2814999993425,154.31337500194786,372.7601249993313,527.136500000779,True,
1,171,1,fresh-client,1,large_aoi_392x288px,deflate_512,DEFLATE,512,19,3,421,462985865,463831501,845637,206,bytes 462985865-463831501/499024403,845637,845637,146.34379199924297,146.37391699943691,386.01041700167116,532.4145010017673,True,
1,172,1,fresh-client,1,reference_49x36px,zstd_256,ZSTD,256,38,6,1678,453731252,453940035,208784,206,bytes 453731252-453940035/490384277,208784,208784,172.11766599939438,172.14858300212654,121.69424999956391,293.8864169991575,True,
1,172,1,fresh-client,1,reference_49x36px,zstd_256,ZSTD,256,39,6,1722,462498953,462705745,206793,206,bytes 462498953-462705745/490384277,206793,206793,165.13279200080433,165.16199999750825,436.0856250023062,601.2962919994607,True,
1,173,3,fresh-client,1,reference_49x36px,zstd_128,ZSTD,128,77,12,6788,459126145,459177002,50858,206,bytes 459126145-459177002/492119117,50858,50858,132.56558399734786,132.59329199718195,72.31708299877937,204.94650099863065,True,
1,173,3,fresh-client,1,reference_49x36px,zstd_128,ZSTD,128,78,12,6876,463540753,463592563,51811,206,bytes 463540753-463592563/492119117,51811,51811,148.63687500110245,148.6692079997738,644.3642510021164,793.0849590011348,True,
1,174,2,fresh-client,1,large_aoi_392x288px,lzw_256,LZW,256,38,5,1677,611308756,611588074,279319,206,bytes 611308756-611588074/661012853,279319,279319,139.73533299940755,139.765374999115,142.50670899855322,282.32158299942967,True,
1,174,2,fresh-client,1,large_aoi_392x288px,lzw_256,LZW,256,38,6,1678,611588083,611870179,282097,206,bytes 611588083-611870179/661012853,282097,282097,158.32391699950676,158.355625000695,255.48612599959597,413.88962600103696,True,
1,174,2,fresh-client,1,large_aoi_392x288px,lzw_256,LZW,256,39,5,1721,623137353,623410197,272845,206,bytes 623137353-623410197/661012853,272845,272845,160.77162500005215,160.80562500064843,249.66249999852153,410.51908300141804,True,
1,174,2,fresh-client,1,large_aoi_392x288px,lzw_256,LZW,256,39,6,1722,623410206,623687723,277518,206,bytes 623410206-623687723/661012853,277518,277518,216.4046670004609,216.458209000848,266.922833998251,483.42870899796253,True,
1,175,3,fresh-client,1,viewport_196x144px,zstd_256,ZSTD,256,38,5,1677,453523840,453731243,207404,206,bytes 453523840-453731243/490384277,207404,207404,417.5899590009067,417.65570899951854,211.3248339992424,629.0317089988093,True,
1,175,3,fresh-client,1,viewport_196x144px,zstd_256,ZSTD,256,38,6,1678,453731252,453940035,208784,206,bytes 453731252-453940035/490384277,208784,208784,161.5465419999964,161.5797090016713,433.870126002148,595.4962510004407,True,
1,175,3,fresh-client,1,viewport_196x144px,zstd_256,ZSTD,256,39,5,1721,462295419,462498944,203526,206,bytes 462295419-462498944/490384277,203526,203526,129.10229200133472,129.13070800277637,217.5173329997051,346.6805000025488,True,
1,175,3,fresh-client,1,viewport_196x144px,zstd_256,ZSTD,256,39,6,1722,462498953,462705745,206793,206,bytes 462498953-462705745/490384277,206793,206793,149.5264170007431,149.56183300091652,109.88570900008199,259.4912499989732,True,
1,176,5,fresh-client,1,tiny_12x9px,lzw_256,LZW,256,39,6,1722,623410206,623687723,277518,206,bytes 623410206-623687723/661012853,277518,277518,161.63516599772265,161.66700000030687,193.91004199860618,355.65212499932386,True,
1,177,4,fresh-client,1,viewport_196x144px,lzw_128,LZW,128,77,11,6787,616804272,616873511,69240,206,bytes 616804272-616873511/661264391,69240,69240,173.99558399847592,174.03249999915715,168.7614170004963,342.89683400129434,True,
1,177,4,fresh-client,1,viewport_196x144px,lzw_128,LZW,128,77,12,6788,616873520,616941718,68199,206,bytes 616873520-616941718/661264391,68199,68199,151.38229099829914,151.41637499982608,68.5341669995978,219.9821249996603,True,
1,177,4,fresh-client,1,viewport_196x144px,lzw_128,LZW,128,77,13,6789,616941727,617013200,71474,206,bytes 616941727-617013200/661264391,71474,71474,296.57174999738345,296.67854199942667,57.556167001166614,354.24412499924074,True,
1,177,4,fresh-client,1,viewport_196x144px,lzw_128,LZW,128,78,11,6875,622747033,622814416,67384,206,bytes 622747033-622814416/661264391,67384,67384,127.56970800182899,127.8170420009701,67.96866700096871,195.80620800115867,True,
1,177,4,fresh-client,1,viewport_196x144px,lzw_128,LZW,128,78,12,6876,622814425,622884075,69651,206,bytes 622814425-622884075/661264391,69651,69651,252.34016700051143,252.44512500285055,78.19320800263085,330.7025829999475,True,
1,177,4,fresh-client,1,viewport_196x144px,lzw_128,LZW,128,78,13,6877,622884084,622955954,71871,206,bytes 622884084-622955954/661264391,71871,71871,144.77245800298988,144.80904200172517,56.65112499991665,201.4783750018978,True,
1,178,5,fresh-client,1,viewport_196x144px,lzw_256,LZW,256,38,5,1677,611308756,611588074,279319,206,bytes 611308756-611588074/661012853,279319,279319,163.14991599938367,163.1827909986896,141.60945900221122,304.834665999806,True,
1,178,5,fresh-client,1,viewport_196x144px,lzw_256,LZW,256,38,6,1678,611588083,611870179,282097,206,bytes 611588083-611870179/661012853,282097,282097,155.36149999752524,155.39224999884027,139.92750000033993,295.3672919975361,True,
1,178,5,fresh-client,1,viewport_196x144px,lzw_256,LZW,256,39,5,1721,623137353,623410197,272845,206,bytes 623137353-623410197/661012853,272845,272845,223.6776669997198,223.7699170000269,183.68099999861442,407.49433299788507,True,
1,178,5,fresh-client,1,viewport_196x144px,lzw_256,LZW,256,39,6,1722,623410206,623687723,277518,206,bytes 623410206-623687723/661012853,277518,277518,156.509874999756,156.53979200214962,182.63520900291041,339.2235419996723,True,
1,179,5,fresh-client,1,small_24x18px,lzw_128,LZW,128,78,12,6876,622814425,622884075,69651,206,bytes 622814425-622884075/661264391,69651,69651,140.15712499895017,140.19937500052038,57.011500000953674,197.2247919984511,True,
1,180,5,fresh-client,1,viewport_98x72px,deflate_128,DEFLATE,128,77,12,6788,466101002,466152431,51430,206,bytes 466101002-466152431/499617324,51430,51430,138.9553330009221,138.98062500084052,147.7637499992852,286.7885000014212,True,
1,180,5,fresh-client,1,viewport_98x72px,deflate_128,DEFLATE,128,78,12,6876,470577948,470630526,52579,206,bytes 470577948-470630526/499617324,52579,52579,132.46683299803408,132.49933299812255,87.24062499823049,219.75720899718,True,
1,181,3,fresh-client,1,small_24x18px,zstd_256,ZSTD,256,39,6,1722,462498953,462705745,206793,206,bytes 462498953-462705745/490384277,206793,206793,134.98816699939198,135.0174170001992,124.68058399826987,259.7370420007792,True,
1,182,3,fresh-client,1,viewport_98x72px,zstd_128,ZSTD,128,77,12,6788,459126145,459177002,50858,206,bytes 459126145-459177002/492119117,50858,50858,313.84166600037133,313.88945800063084,49.19912499826751,363.09820799942827,True,
1,182,3,fresh-client,1,viewport_98x72px,zstd_128,ZSTD,128,78,12,6876,463540753,463592563,51811,206,bytes 463540753-463592563/492119117,51811,51811,226.190334000421,226.25000100015313,75.71370899677277,301.99233399980585,True,
1,183,5,fresh-client,1,reference_49x36px,deflate_256,DEFLATE,256,38,6,1678,461178014,461389907,211894,206,bytes 461178014-461389907/498427477,211894,211894,150.38641700084554,150.4161250013567,249.49679199926322,399.95837500100606,True,
1,183,5,fresh-client,1,reference_49x36px,deflate_256,DEFLATE,256,39,6,1722,470066901,470277493,210593,206,bytes 470066901-470277493/498427477,210593,210593,178.74429199946462,178.82449999888195,210.94458299921826,389.79974999892875,True,
1,184,5,fresh-client,1,reference_49x36px,lzw_256,LZW,256,38,6,1678,611588083,611870179,282097,206,bytes 611588083-611870179/661012853,282097,282097,256.7367910014582,256.8310000024212,221.6168339982687,478.4862080014136,True,
1,184,5,fresh-client,1,reference_49x36px,lzw_256,LZW,256,39,6,1722,623410206,623687723,277518,206,bytes 623410206-623687723/661012853,277518,277518,294.4644999988668,294.5938330012723,172.827624999627,467.47066600073595,True,
1,185,3,fresh-client,1,small_24x18px,lzw_256,LZW,256,39,6,1722,623410206,623687723,277518,206,bytes 623410206-623687723/661012853,277518,277518,137.0720419981808,137.1021249979094,225.95341700071003,363.0951669983915,True,
1,186,1,fresh-client,1,reference_49x36px,lzw_128,LZW,128,77,12,6788,616873520,616941718,68199,206,bytes 616873520-616941718/661264391,68199,68199,304.202625000471,304.31529199995566,364.8239169997396,669.2117090024112,True,
1,186,1,fresh-client,1,reference_49x36px,lzw_128,LZW,128,78,12,6876,622814425,622884075,69651,206,bytes 622814425-622884075/661264391,69651,69651,243.27154099955806,243.4526659999392,58.71383299745503,302.19258299985086,True,
1,187,1,fresh-client,1,tiny_12x9px,deflate_128,DEFLATE,128,78,12,6876,470577948,470630526,52579,206,bytes 470577948-470630526/499617324,52579,52579,155.90966699892306,155.94079199945554,63.60625000161235,219.56370800035074,True,
1,188,1,fresh-client,1,large_aoi_392x288px,deflate_256,DEFLATE,256,38,5,1677,460967157,461178005,210849,206,bytes 460967157-461178005/498427477,210849,210849,125.5307499995979,125.58341700059827,124.15924999731942,249.8048750021553,True,
1,188,1,fresh-client,1,large_aoi_392x288px,deflate_256,DEFLATE,256,38,6,1678,461178014,461389907,211894,206,bytes 461178014-461389907/498427477,211894,211894,159.94283399777487,159.98824999769568,130.6283749981958,290.679874997295,True,
1,188,1,fresh-client,1,large_aoi_392x288px,deflate_256,DEFLATE,256,39,5,1721,469859936,470066892,206957,206,bytes 469859936-470066892/498427477,206957,206957,223.74062499875436,223.79866700066486,114.15862499779905,338.0104999996547,True,
1,188,1,fresh-client,1,large_aoi_392x288px,deflate_256,DEFLATE,256,39,6,1722,470066901,470277493,210593,206,bytes 470066901-470277493/498427477,210593,210593,174.3837079993682,174.42275000212248,144.4102080022276,318.88687500031665,True,
1,189,5,fresh-client,1,large_aoi_392x288px,lzw_512,LZW,512,19,2,420,612205443,613302759,1097317,206,bytes 612205443-613302759/661107776,1097317,1097317,152.32504199957475,152.3544999981823,1764.2255009996006,1916.6620839969255,True,
1,189,5,fresh-client,1,large_aoi_392x288px,lzw_512,LZW,512,19,3,421,613302768,614420752,1117985,206,bytes 613302768-614420752/661107776,1117985,1117985,194.37229200048023,194.4162090003374,409.4624580029631,603.9525840023998,True,
1,190,3,fresh-client,1,viewport_196x144px,lzw_128,LZW,128,77,11,6787,616804272,616873511,69240,206,bytes 616804272-616873511/661264391,69240,69240,278.13454200077103,278.2554170007643,97.2116669981915,375.5846249987371,True,
1,190,3,fresh-client,1,viewport_196x144px,lzw_128,LZW,128,77,12,6788,616873520,616941718,68199,206,bytes 616873520-616941718/661264391,68199,68199,191.66120900263195,191.71154200012097,106.48987499735085,298.2477090008615,True,
1,190,3,fresh-client,1,viewport_196x144px,lzw_128,LZW,128,77,13,6789,616941727,617013200,71474,206,bytes 616941727-617013200/661264391,71474,71474,161.10570800083224,161.1400000001595,64.69954199928907,225.87066599953687,True,
1,190,3,fresh-client,1,viewport_196x144px,lzw_128,LZW,128,78,11,6875,622747033,622814416,67384,206,bytes 622747033-622814416/661264391,67384,67384,411.6599170010886,411.71891699923435,77.50170800136402,489.2670840017672,True,
1,190,3,fresh-client,1,viewport_196x144px,lzw_128,LZW,128,78,12,6876,622814425,622884075,69651,206,bytes 622814425-622884075/661264391,69651,69651,149.23275000182912,149.2618330012192,59.10220899750129,208.37929100162,True,
1,190,3,fresh-client,1,viewport_196x144px,lzw_128,LZW,128,78,13,6877,622884084,622955954,71871,206,bytes 622884084-622955954/661264391,71871,71871,159.1183339987765,159.1495840002608,60.32262600274407,219.4857510003203,True,
1,191,3,fresh-client,1,viewport_196x144px,deflate_128,DEFLATE,128,77,11,6787,466048731,466100993,52263,206,bytes 466048731-466100993/499617324,52263,52263,132.45249999818043,132.48224999915692,71.1585000026389,203.65579200006323,True,
1,191,3,fresh-client,1,viewport_196x144px,deflate_128,DEFLATE,128,77,12,6788,466101002,466152431,51430,206,bytes 466101002-466152431/499617324,51430,51430,256.2270830021589,256.36362500154064,132.01712500085705,388.44375000189757,True,
1,191,3,fresh-client,1,viewport_196x144px,deflate_128,DEFLATE,128,77,13,6789,466152440,466206025,53586,206,bytes 466152440-466206025/499617324,53586,53586,183.46295900119003,183.5066249986994,74.16829099747702,257.7155840008345,True,
1,191,3,fresh-client,1,viewport_196x144px,deflate_128,DEFLATE,128,78,11,6875,470526352,470577939,51588,206,bytes 470526352-470577939/499617324,51588,51588,164.51995900206384,164.55975000280887,67.03641700005392,231.63512500104844,True,
1,191,3,fresh-client,1,viewport_196x144px,deflate_128,DEFLATE,128,78,12,6876,470577948,470630526,52579,206,bytes 470577948-470630526/499617324,52579,52579,172.81754099894897,172.85387499941862,46.86441699959687,219.73499999876367,True,
1,191,3,fresh-client,1,viewport_196x144px,deflate_128,DEFLATE,128,78,13,6877,470630535,470685000,54466,206,bytes 470630535-470685000/499617324,54466,54466,198.82208399940282,198.8714590006566,50.45999999856576,249.37741699977778,True,
1,192,4,fresh-client,1,large_aoi_392x288px,lzw_128,LZW,128,77,10,6786,616734150,616804263,70114,206,bytes 616734150-616804263/661264391,70114,70114,145.8857090001402,145.91495900094742,72.5861659993825,218.51441699982388,True,
1,192,4,fresh-client,1,large_aoi_392x288px,lzw_128,LZW,128,77,11,6787,616804272,616873511,69240,206,bytes 616804272-616873511/661264391,69240,69240,132.7648330006923,132.79837500158465,78.27091599756386,211.08620800077915,True,
1,192,4,fresh-client,1,large_aoi_392x288px,lzw_128,LZW,128,77,12,6788,616873520,616941718,68199,206,bytes 616873520-616941718/661264391,68199,68199,140.96033399982844,140.98691699837218,97.78774999722373,238.81220900148037,True,
1,192,4,fresh-client,1,large_aoi_392x288px,lzw_128,LZW,128,77,13,6789,616941727,617013200,71474,206,bytes 616941727-617013200/661264391,71474,71474,153.87991600073292,153.9146659997641,52.49695900056395,206.42712500193738,True,
1,192,4,fresh-client,1,large_aoi_392x288px,lzw_128,LZW,128,78,10,6874,622678072,622747024,68953,206,bytes 622678072-622747024/661264391,68953,68953,206.20066699848394,206.28154199948767,66.11666699973284,272.45508399937535,True,
1,192,4,fresh-client,1,large_aoi_392x288px,lzw_128,LZW,128,78,11,6875,622747033,622814416,67384,206,bytes 622747033-622814416/661264391,67384,67384,144.35058400340495,144.38087500093388,77.09458300087135,221.48787500191247,True,
1,192,4,fresh-client,1,large_aoi_392x288px,lzw_128,LZW,128,78,12,6876,622814425,622884075,69651,206,bytes 622814425-622884075/661264391,69651,69651,119.86599999727332,119.89854199782712,90.00204200128792,209.91895899715018,True,
1,192,4,fresh-client,1,large_aoi_392x288px,lzw_128,LZW,128,78,13,6877,622884084,622955954,71871,206,bytes 622884084-622955954/661264391,71871,71871,161.6116669974872,161.64512499744887,54.91824999990058,216.57754199986812,True,
1,192,4,fresh-client,1,large_aoi_392x288px,lzw_128,LZW,128,79,10,6962,628465466,628533314,67849,206,bytes 628465466-628533314/661264391,67849,67849,245.91116699957638,246.02895900170552,48.7862909976684,294.87791700012167,True,
1,192,4,fresh-client,1,large_aoi_392x288px,lzw_128,LZW,128,79,11,6963,628533323,628602043,68721,206,bytes 628533323-628602043/661264391,68721,68721,148.31012500144425,148.3425830010674,67.90866699884646,216.26287500112085,True,
1,192,4,fresh-client,1,large_aoi_392x288px,lzw_128,LZW,128,79,12,6964,628602052,628673096,71045,206,bytes 628602052-628673096/661264391,71045,71045,352.4521260005713,352.48095900169574,66.19074999980512,418.6843339994084,True,
1,192,4,fresh-client,1,large_aoi_392x288px,lzw_128,LZW,128,79,13,6965,628673105,628737744,64640,206,bytes 628673105-628737744/661264391,64640,64640,151.7461250004999,151.78341700084275,63.44633399930899,215.2627499999653,True,
1,193,5,fresh-client,1,viewport_98x72px,lzw_128,LZW,128,77,12,6788,616873520,616941718,68199,206,bytes 616873520-616941718/661264391,68199,68199,202.2647909980151,202.31129099920508,152.5187500010361,354.874207998364,True,
1,193,5,fresh-client,1,viewport_98x72px,lzw_128,LZW,128,78,12,6876,622814425,622884075,69651,206,bytes 622814425-622884075/661264391,69651,69651,142.73700000194367,142.76958300251863,73.0680000015127,215.86116600155947,True,
1,194,2,fresh-client,1,viewport_98x72px,zstd_512,ZSTD,512,19,3,421,454757753,455587037,829285,206,bytes 454757753-455587037/490194415,829285,829285,148.9409589994466,148.97383399875253,580.8497510006418,729.8673759978556,True,
1,195,5,fresh-client,1,tiny_12x9px,deflate_512,DEFLATE,512,19,3,421,462985865,463831501,845637,206,bytes 462985865-463831501/499024403,845637,845637,173.94020900246687,173.97666699980618,567.8204169998935,741.8603760015685,True,
1,196,4,fresh-client,1,reference_49x36px,zstd_512,ZSTD,512,19,3,421,454757753,455587037,829285,206,bytes 454757753-455587037/490194415,829285,829285,241.33100000108243,241.41750000126194,366.54866699973354,608.0251670027792,True,
1,197,3,fresh-client,1,viewport_98x72px,deflate_128,DEFLATE,128,77,12,6788,466101002,466152431,51430,206,bytes 466101002-466152431/499617324,51430,51430,150.6510420003906,150.6819579990406,57.4043749984412,208.0997919983929,True,
1,197,3,fresh-client,1,viewport_98x72px,deflate_128,DEFLATE,128,78,12,6876,470577948,470630526,52579,206,bytes 470577948-470630526/499617324,52579,52579,136.13458400141099,136.17129200065392,58.72154100143234,194.90987500103074,True,
1,198,3,fresh-client,1,small_24x18px,zstd_128,ZSTD,128,78,12,6876,463540753,463592563,51811,206,bytes 463540753-463592563/492119117,51811,51811,491.8936249996477,491.97012500007986,63.49716700060526,555.5057919991668,True,
1,199,4,fresh-client,1,large_aoi_392x288px,deflate_512,DEFLATE,512,19,2,420,462155354,462985856,830503,206,bytes 462155354-462985856/499024403,830503,830503,155.0111670003389,155.03670799807878,3859.725501999492,4014.845626999886,True,
1,199,4,fresh-client,1,large_aoi_392x288px,deflate_512,DEFLATE,512,19,3,421,462985865,463831501,845637,206,bytes 462985865-463831501/499024403,845637,845637,145.96758400148246,145.99783400262822,362.2913340004743,508.35012600146,True,
1,200,4,fresh-client,1,viewport_196x144px,deflate_512,DEFLATE,512,19,2,420,462155354,462985856,830503,206,bytes 462155354-462985856/499024403,830503,830503,148.87929199903738,148.91329199963366,342.0349169973633,490.9909999987576,True,
1,200,4,fresh-client,1,viewport_196x144px,deflate_512,DEFLATE,512,19,3,421,462985865,463831501,845637,206,bytes 462985865-463831501/499024403,845637,845637,149.55633300269255,149.59033299965085,355.746832996374,505.3847080016567,True,
1,201,3,fresh-client,1,large_aoi_392x288px,deflate_512,DEFLATE,512,19,2,420,462155354,462985856,830503,206,bytes 462155354-462985856/499024403,830503,830503,145.1117080032418,145.14212500216672,376.43945799936773,521.6305000030843,True,
1,201,3,fresh-client,1,large_aoi_392x288px,deflate_512,DEFLATE,512,19,3,421,462985865,463831501,845637,206,bytes 462985865-463831501/499024403,845637,845637,148.8409160010633,148.87220799937495,306.20562599870027,455.13087500148686,True,
1,202,3,fresh-client,1,reference_49x36px,zstd_512,ZSTD,512,19,3,421,454757753,455587037,829285,206,bytes 454757753-455587037/490194415,829285,829285,159.84487499736133,159.87629200026277,528.7835840026673,688.7348759992165,True,
1,203,4,fresh-client,1,tiny_12x9px,deflate_128,DEFLATE,128,78,12,6876,470577948,470630526,52579,206,bytes 470577948-470630526/499617324,52579,52579,140.49812499797554,140.53037499979837,91.19637500043609,231.75470899877837,True,
1,204,2,fresh-client,1,viewport_98x72px,lzw_256,LZW,256,38,6,1678,611588083,611870179,282097,206,bytes 611588083-611870179/661012853,282097,282097,154.9176250009623,154.95016600107192,158.04000000207452,313.0262499980745,True,
1,204,2,fresh-client,1,viewport_98x72px,lzw_256,LZW,256,39,6,1722,623410206,623687723,277518,206,bytes 623410206-623687723/661012853,277518,277518,378.15054200109444,378.1992500007618,182.88658299934468,561.1345840006834,True,
1,205,5,fresh-client,1,large_aoi_392x288px,zstd_256,ZSTD,256,38,5,1677,453523840,453731243,207404,206,bytes 453523840-453731243/490384277,207404,207404,145.85545799855026,145.90437500010012,112.33962500045891,258.28679199912585,True,
1,205,5,fresh-client,1,large_aoi_392x288px,zstd_256,ZSTD,256,38,6,1678,453731252,453940035,208784,206,bytes 453731252-453940035/490384277,208784,208784,166.29725000166218,166.33133299910696,102.7849169986439,269.1478749984526,True,
1,205,5,fresh-client,1,large_aoi_392x288px,zstd_256,ZSTD,256,39,5,1721,462295419,462498944,203526,206,bytes 462295419-462498944/490384277,203526,203526,144.81712500128197,144.84512499984703,181.15120799848228,326.03979100167635,True,
1,205,5,fresh-client,1,large_aoi_392x288px,zstd_256,ZSTD,256,39,6,1722,462498953,462705745,206793,206,bytes 462498953-462705745/490384277,206793,206793,144.15041699976427,144.17770899672178,191.13487499998882,335.34837499973946,True,
1,206,2,fresh-client,1,small_24x18px,zstd_512,ZSTD,512,19,3,421,454757753,455587037,829285,206,bytes 454757753-455587037/490194415,829285,829285,196.79637499939417,196.85541700164322,624.9673749989597,821.8770000021323,True,
1,207,1,fresh-client,1,small_24x18px,lzw_512,LZW,512,19,3,421,613302768,614420752,1117985,206,bytes 613302768-614420752/661107776,1117985,1117985,147.49391700024717,147.5248749993625,424.53833400213625,572.1129170015047,True,
1,208,3,fresh-client,1,viewport_98x72px,lzw_256,LZW,256,38,6,1678,611588083,611870179,282097,206,bytes 611588083-611870179/661012853,282097,282097,147.3898329968506,147.4179999968328,291.4292499990552,438.89641699934145,True,
1,208,3,fresh-client,1,viewport_98x72px,lzw_256,LZW,256,39,6,1722,623410206,623687723,277518,206,bytes 623410206-623687723/661012853,277518,277518,222.2173339978326,222.3660839990771,456.92283300013514,679.3463340000017,True,
1,209,4,fresh-client,1,reference_49x36px,zstd_256,ZSTD,256,38,6,1678,453731252,453940035,208784,206,bytes 453731252-453940035/490384277,208784,208784,281.7946260001918,281.90791700035334,139.85533400045824,421.82004200003576,True,
1,209,4,fresh-client,1,reference_49x36px,zstd_256,ZSTD,256,39,6,1722,462498953,462705745,206793,206,bytes 462498953-462705745/490384277,206793,206793,145.7579159978195,145.79133299776004,126.70370799969533,272.54633299889974,True,
1,210,2,fresh-client,1,reference_49x36px,lzw_512,LZW,512,19,3,421,613302768,614420752,1117985,206,bytes 613302768-614420752/661107776,1117985,1117985,148.0023340009211,148.03333400050178,774.3202920028125,922.4033760001475,True,
1,211,3,fresh-client,1,large_aoi_392x288px,zstd_512,ZSTD,512,19,2,420,453940732,454757744,817013,206,bytes 453940732-454757744/490194415,817013,817013,134.59074999991572,134.6192080018227,1228.1169589987257,1362.791625000682,True,
1,211,3,fresh-client,1,large_aoi_392x288px,zstd_512,ZSTD,512,19,3,421,454757753,455587037,829285,206,bytes 454757753-455587037/490194415,829285,829285,305.9793329994136,306.0287500011327,413.7869589976617,719.8867920014891,True,
1,212,4,fresh-client,1,tiny_12x9px,zstd_512,ZSTD,512,19,3,421,454757753,455587037,829285,206,bytes 454757753-455587037/490194415,829285,829285,147.70466600020882,147.73379100006423,1347.2422089980682,1495.0511249990086,True,
1,213,5,fresh-client,1,viewport_98x72px,zstd_128,ZSTD,128,77,12,6788,459126145,459177002,50858,206,bytes 459126145-459177002/492119117,50858,50858,146.55737499924726,146.58720800071023,126.94512500092969,273.5746250000375,True,
1,213,5,fresh-client,1,viewport_98x72px,zstd_128,ZSTD,128,78,12,6876,463540753,463592563,51811,206,bytes 463540753-463592563/492119117,51811,51811,165.5550420000509,165.58458399958909,70.65833300293889,236.2670420006907,True,
1,214,5,fresh-client,1,small_24x18px,deflate_128,DEFLATE,128,78,12,6876,470577948,470630526,52579,206,bytes 470577948-470630526/499617324,52579,52579,132.08833299722755,132.11299999966286,73.99495800200384,206.12304099995526,True,
1,215,4,fresh-client,1,tiny_12x9px,zstd_128,ZSTD,128,78,12,6876,463540753,463592563,51811,206,bytes 463540753-463592563/492119117,51811,51811,120.06437499803724,120.08820800110698,70.08350000251085,190.1855420001084,True,
1,216,3,fresh-client,1,tiny_12x9px,zstd_256,ZSTD,256,39,6,1722,462498953,462705745,206793,206,bytes 462498953-462705745/490384277,206793,206793,415.8253750028962,415.8732500000042,146.89345799706643,562.7935000011348,True,
1,217,2,fresh-client,1,viewport_98x72px,zstd_128,ZSTD,128,77,12,6788,459126145,459177002,50858,206,bytes 459126145-459177002/492119117,50858,50858,169.3652909998491,169.40129100112244,52.8385840007104,222.24979100064957,True,
1,217,2,fresh-client,1,viewport_98x72px,zstd_128,ZSTD,128,78,12,6876,463540753,463592563,51811,206,bytes 463540753-463592563/492119117,51811,51811,124.64774999898509,124.67937499968684,63.13816600231803,187.8383750008652,True,
1,218,1,fresh-client,1,reference_49x36px,deflate_128,DEFLATE,128,77,12,6788,466101002,466152431,51430,206,bytes 466101002-466152431/499617324,51430,51430,120.11949999941862,120.14941600136808,67.44691700077965,187.6069579993782,True,
1,218,1,fresh-client,1,reference_49x36px,deflate_128,DEFLATE,128,78,12,6876,470577948,470630526,52579,206,bytes 470577948-470630526/499617324,52579,52579,191.31712500166032,191.35258399910526,135.6025419991056,326.98029200037126,True,
1,219,5,fresh-client,1,reference_49x36px,deflate_512,DEFLATE,512,19,3,421,462985865,463831501,845637,206,bytes 462985865-463831501/499024403,845637,845637,160.4719169990858,160.50941699722898,483.0175409988442,643.6037089988531,True,
1,220,2,fresh-client,1,viewport_98x72px,lzw_512,LZW,512,19,3,421,613302768,614420752,1117985,206,bytes 613302768-614420752/661107776,1117985,1117985,189.06270899969968,189.13579199943342,483.6803750004037,672.8905419986404,True,
1,221,2,fresh-client,1,small_24x18px,deflate_256,DEFLATE,256,39,6,1722,470066901,470277493,210593,206,bytes 470066901-470277493/498427477,210593,210593,209.69954199972562,209.73900000171852,107.15508300199872,316.9357080005284,True,
1,222,4,fresh-client,1,small_24x18px,zstd_256,ZSTD,256,39,6,1722,462498953,462705745,206793,206,bytes 462498953-462705745/490384277,206793,206793,149.59554199958802,149.63204199739266,139.9175840015232,289.6015419973992,True,
1,223,1,fresh-client,1,viewport_196x144px,deflate_256,DEFLATE,256,38,5,1677,460967157,461178005,210849,206,bytes 460967157-461178005/498427477,210849,210849,241.73824999888893,241.79445800109534,248.9713329996448,490.8100419997936,True,
1,223,1,fresh-client,1,viewport_196x144px,deflate_256,DEFLATE,256,38,6,1678,461178014,461389907,211894,206,bytes 461178014-461389907/498427477,211894,211894,175.06420800054912,175.10229199979221,228.52758299995912,403.6666249994596,True,
1,223,1,fresh-client,1,viewport_196x144px,deflate_256,DEFLATE,256,39,5,1721,469859936,470066892,206957,206,bytes 469859936-470066892/498427477,206957,206957,181.51924999983748,181.55883299914422,218.98391700233333,400.5831249996845,True,
1,223,1,fresh-client,1,viewport_196x144px,deflate_256,DEFLATE,256,39,6,1722,470066901,470277493,210593,206,bytes 470066901-470277493/498427477,210593,210593,165.70037500059698,165.7351670000935,142.18037499813363,307.9637080008979,True,
1,224,4,fresh-client,1,viewport_98x72px,lzw_512,LZW,512,19,3,421,613302768,614420752,1117985,206,bytes 613302768-614420752/661107776,1117985,1117985,143.69962499768008,143.7299589997565,508.34916699750465,652.1281669993186,True,
1,225,2,fresh-client,1,small_24x18px,deflate_128,DEFLATE,128,78,12,6876,470577948,470630526,52579,206,bytes 470577948-470630526/499617324,52579,52579,188.8775830011582,188.92212500213645,96.0479999994277,285.0169170014851,True,
1,226,1,fresh-client,1,viewport_98x72px,deflate_512,DEFLATE,512,19,3,421,462985865,463831501,845637,206,bytes 462985865-463831501/499024403,845637,845637,148.17399999810732,148.2072500002687,364.2934170020453,512.5471259998449,True,
1,227,4,fresh-client,1,small_24x18px,lzw_512,LZW,512,19,3,421,613302768,614420752,1117985,206,bytes 613302768-614420752/661107776,1117985,1117985,334.83383400016464,334.9365840003884,395.93479199902504,730.9346669972001,True,
1,228,4,fresh-client,1,reference_49x36px,deflate_512,DEFLATE,512,19,3,421,462985865,463831501,845637,206,bytes 462985865-463831501/499024403,845637,845637,145.57233400046243,145.60308400177746,454.9252910001087,600.5767919996288,True,
1,229,4,fresh-client,1,viewport_196x144px,zstd_128,ZSTD,128,77,11,6787,459074583,459126136,51554,206,bytes 459074583-459126136/492119117,51554,51554,147.73637500184122,147.76787500159116,78.22366600157693,226.01654200116172,True,
1,229,4,fresh-client,1,viewport_196x144px,zstd_128,ZSTD,128,77,12,6788,459126145,459177002,50858,206,bytes 459126145-459177002/492119117,50858,50858,333.50295800119056,333.53537500079256,60.714416998962406,394.2648750016815,True,
1,229,4,fresh-client,1,viewport_196x144px,zstd_128,ZSTD,128,77,13,6789,459177011,459229715,52705,206,bytes 459177011-459229715/492119117,52705,52705,147.8175000011106,147.84995800073375,49.49645799933933,197.360000001936,True,
1,229,4,fresh-client,1,viewport_196x144px,zstd_128,ZSTD,128,78,11,6875,463490010,463540744,50735,206,bytes 463490010-463540744/492119117,50735,50735,208.41433299938217,208.4671669981617,65.32804200105602,273.83641699998407,True,
1,229,4,fresh-client,1,viewport_196x144px,zstd_128,ZSTD,128,78,12,6876,463540753,463592563,51811,206,bytes 463540753-463592563/492119117,51811,51811,164.4720829972357,164.50629199971445,64.73983300020336,229.27816700030235,True,
1,229,4,fresh-client,1,viewport_196x144px,zstd_128,ZSTD,128,78,13,6877,463592572,463646112,53541,206,bytes 463592572-463646112/492119117,53541,53541,171.02937500021653,171.0695420006232,59.54566600121325,230.63670799820102,True,
1,230,5,fresh-client,1,reference_49x36px,lzw_128,LZW,128,77,12,6788,616873520,616941718,68199,206,bytes 616873520-616941718/661264391,68199,68199,128.48254200071096,128.51162500010105,61.234125001647044,189.75891700029024,True,
1,230,5,fresh-client,1,reference_49x36px,lzw_128,LZW,128,78,12,6876,622814425,622884075,69651,206,bytes 622814425-622884075/661264391,69651,69651,144.40824999837787,144.443291999778,142.71054200071376,287.193500000285,True,
1,231,4,fresh-client,1,small_24x18px,zstd_512,ZSTD,512,19,3,421,454757753,455587037,829285,206,bytes 454757753-455587037/490194415,829285,829285,142.8147920014453,142.84312500240048,422.12195800311747,565.052875001129,True,
1,232,2,fresh-client,1,reference_49x36px,zstd_256,ZSTD,256,38,6,1678,453731252,453940035,208784,206,bytes 453731252-453940035/490384277,208784,208784,156.72162500050035,156.8144580014632,151.1597509997955,308.0103329994017,True,
1,232,2,fresh-client,1,reference_49x36px,zstd_256,ZSTD,256,39,6,1722,462498953,462705745,206793,206,bytes 462498953-462705745/490384277,206793,206793,211.9488749995071,212.0010420003382,141.3155000009283,353.3640839996224,True,
1,233,5,fresh-client,1,large_aoi_392x288px,lzw_128,LZW,128,77,10,6786,616734150,616804263,70114,206,bytes 616734150-616804263/661264391,70114,70114,146.3363750008284,146.3698330007901,90.9680410004512,237.3750420010765,True,
1,233,5,fresh-client,1,large_aoi_392x288px,lzw_128,LZW,128,77,11,6787,616804272,616873511,69240,206,bytes 616804272-616873511/661264391,69240,69240,147.85754200056545,147.88816700092866,83.56787500088103,231.47349999999278,True,
1,233,5,fresh-client,1,large_aoi_392x288px,lzw_128,LZW,128,77,12,6788,616873520,616941718,68199,206,bytes 616873520-616941718/661264391,68199,68199,137.14158400034648,137.16416700117406,96.85399999943911,234.03970900108106,True,
1,233,5,fresh-client,1,large_aoi_392x288px,lzw_128,LZW,128,77,13,6789,616941727,617013200,71474,206,bytes 616941727-617013200/661264391,71474,71474,206.78229199984344,206.85133399820188,74.60524999987683,281.49325100093847,True,
1,233,5,fresh-client,1,large_aoi_392x288px,lzw_128,LZW,128,78,10,6874,622678072,622747024,68953,206,bytes 622678072-622747024/661264391,68953,68953,155.31591700346326,155.35058400200796,68.55170799826737,223.91787500237115,True,
1,233,5,fresh-client,1,large_aoi_392x288px,lzw_128,LZW,128,78,11,6875,622747033,622814416,67384,206,bytes 622747033-622814416/661264391,67384,67384,162.99345799779985,163.03466699901037,64.50141700042877,227.57279199868208,True,
1,233,5,fresh-client,1,large_aoi_392x288px,lzw_128,LZW,128,78,12,6876,622814425,622884075,69651,206,bytes 622814425-622884075/661264391,69651,69651,147.83587499914574,147.8703749999113,64.92841699946439,212.81504199941992,True,
1,233,5,fresh-client,1,large_aoi_392x288px,lzw_128,LZW,128,78,13,6877,622884084,622955954,71871,206,bytes 622884084-622955954/661264391,71871,71871,142.80170900019584,142.83387500108802,162.4162919979426,305.29575000036857,True,
1,233,5,fresh-client,1,large_aoi_392x288px,lzw_128,LZW,128,79,10,6962,628465466,628533314,67849,206,bytes 628465466-628533314/661264391,67849,67849,129.35145899973577,129.3760000007751,66.19954199777567,195.584000000963,True,
1,233,5,fresh-client,1,large_aoi_392x288px,lzw_128,LZW,128,79,11,6963,628533323,628602043,68721,206,bytes 628533323-628602043/661264391,68721,68721,338.08783299900824,338.1353749973641,80.07362499847659,418.2473749970086,True,
1,233,5,fresh-client,1,large_aoi_392x288px,lzw_128,LZW,128,79,12,6964,628602052,628673096,71045,206,bytes 628602052-628673096/661264391,71045,71045,145.8845420020225,145.91304200075683,61.444292001397116,207.37075000215555,True,
1,233,5,fresh-client,1,large_aoi_392x288px,lzw_128,LZW,128,79,13,6965,628673105,628737744,64640,206,bytes 628673105-628737744/661264391,64640,64640,223.73537499879603,223.7850419987808,70.89620799888507,294.7286249982426,True,
1,234,4,fresh-client,1,viewport_98x72px,deflate_512,DEFLATE,512,19,3,421,462985865,463831501,845637,206,bytes 462985865-463831501/499024403,845637,845637,188.98075000106473,189.02637499923003,355.9684589999961,545.0425829985761,True,
1,235,4,fresh-client,1,viewport_98x72px,deflate_128,DEFLATE,128,77,12,6788,466101002,466152431,51430,206,bytes 466101002-466152431/499617324,51430,51430,134.70595900071203,134.73637600327493,87.8809590030869,222.63308400215465,True,
1,235,4,fresh-client,1,viewport_98x72px,deflate_128,DEFLATE,128,78,12,6876,470577948,470630526,52579,206,bytes 470577948-470630526/499617324,52579,52579,232.97370799991768,233.07841699715937,71.73924999733572,304.86424999980954,True,
1,236,2,fresh-client,1,viewport_98x72px,lzw_128,LZW,128,77,12,6788,616873520,616941718,68199,206,bytes 616873520-616941718/661264391,68199,68199,148.86462499998743,148.89570900049875,70.88633300008951,219.8077920002106,True,
1,236,2,fresh-client,1,viewport_98x72px,lzw_128,LZW,128,78,12,6876,622814425,622884075,69651,206,bytes 622814425-622884075/661264391,69651,69651,170.39179199855425,170.4288760010968,70.37791699985974,240.8737919977284,True,
1,237,2,fresh-client,1,viewport_196x144px,deflate_512,DEFLATE,512,19,2,420,462155354,462985856,830503,206,bytes 462155354-462985856/499024403,830503,830503,129.79866699970444,129.84825000239653,684.3000830012897,814.2325420012639,True,
1,237,2,fresh-client,1,viewport_196x144px,deflate_512,DEFLATE,512,19,3,421,462985865,463831501,845637,206,bytes 462985865-463831501/499024403,845637,845637,160.0435420004942,160.08829199927277,506.321917000605,666.4865419988928,True,
1,238,3,fresh-client,1,large_aoi_392x288px,lzw_256,LZW,256,38,5,1677,611308756,611588074,279319,206,bytes 611308756-611588074/661012853,279319,279319,292.650584000512,292.75912499724654,172.96866699689417,465.7886259992665,True,
1,238,3,fresh-client,1,large_aoi_392x288px,lzw_256,LZW,256,38,6,1678,611588083,611870179,282097,206,bytes 611588083-611870179/661012853,282097,282097,176.04079200100387,176.07808399770875,138.56420799857005,314.7011670007487,True,
1,238,3,fresh-client,1,large_aoi_392x288px,lzw_256,LZW,256,39,5,1721,623137353,623410197,272845,206,bytes 623137353-623410197/661012853,272845,272845,266.9761670003936,267.0747919983114,133.53750000169384,400.6661259991233,True,
1,238,3,fresh-client,1,large_aoi_392x288px,lzw_256,LZW,256,39,6,1722,623410206,623687723,277518,206,bytes 623410206-623687723/661012853,277518,277518,164.57800000353018,164.61233400332276,180.97195900190854,345.62654200271936,True,
1,239,1,fresh-client,1,small_24x18px,zstd_128,ZSTD,128,78,12,6876,463540753,463592563,51811,206,bytes 463540753-463592563/492119117,51811,51811,170.8301250000659,170.86491599911824,76.36991699837381,247.27100000018254,True,
1,240,2,fresh-client,1,viewport_196x144px,deflate_256,DEFLATE,256,38,5,1677,460967157,461178005,210849,206,bytes 460967157-461178005/498427477,210849,210849,145.7660419982858,145.79583299928345,270.347124998807,416.19100000025355,True,
1,240,2,fresh-client,1,viewport_196x144px,deflate_256,DEFLATE,256,38,6,1678,461178014,461389907,211894,206,bytes 461178014-461389907/498427477,211894,211894,216.46024999790825,216.51124999698368,206.62745899971924,423.1825419992674,True,
1,240,2,fresh-client,1,viewport_196x144px,deflate_256,DEFLATE,256,39,5,1721,469859936,470066892,206957,206,bytes 469859936-470066892/498427477,206957,206957,174.03758300133632,174.07550000280025,139.9075420013105,314.01416700100526,True,
1,240,2,fresh-client,1,viewport_196x144px,deflate_256,DEFLATE,256,39,6,1722,470066901,470277493,210593,206,bytes 470066901-470277493/498427477,210593,210593,323.61908300299547,323.7556250023772,138.26904199959245,462.08833300261176,True,
1,241,5,fresh-client,1,viewport_98x72px,deflate_256,DEFLATE,256,38,6,1678,461178014,461389907,211894,206,bytes 461178014-461389907/498427477,211894,211894,334.8543330030225,334.8843330022646,153.25312499771826,488.1850410019979,True,
1,241,5,fresh-client,1,viewport_98x72px,deflate_256,DEFLATE,256,39,6,1722,470066901,470277493,210593,206,bytes 470066901-470277493/498427477,210593,210593,155.9512080020795,155.98550000140676,217.14629200141644,373.1577920007112,True,
1,242,3,fresh-client,1,tiny_12x9px,deflate_128,DEFLATE,128,78,12,6876,470577948,470630526,52579,206,bytes 470577948-470630526/499617324,52579,52579,167.59079199982807,167.62779199780198,83.63587500207359,251.30504199842107,True,
1,243,1,fresh-client,1,viewport_196x144px,deflate_512,DEFLATE,512,19,2,420,462155354,462985856,830503,206,bytes 462155354-462985856/499024403,830503,830503,141.96445799825597,141.99545799783664,317.3668749986973,459.43208299649996,True,
1,243,1,fresh-client,1,viewport_196x144px,deflate_512,DEFLATE,512,19,3,421,462985865,463831501,845637,206,bytes 462985865-463831501/499024403,845637,845637,259.06195800052956,259.19100000101025,392.2204579976096,651.4688749994093,True,
1,244,4,fresh-client,1,viewport_98x72px,zstd_128,ZSTD,128,77,12,6788,459126145,459177002,50858,206,bytes 459126145-459177002/492119117,50858,50858,210.84704100212548,210.9057080015191,50.87491700032842,261.82287499977974,True,
1,244,4,fresh-client,1,viewport_98x72px,zstd_128,ZSTD,128,78,12,6876,463540753,463592563,51811,206,bytes 463540753-463592563/492119117,51811,51811,141.05695900070714,141.08816699808813,56.168416998843895,197.27162499839324,True,
1,245,3,fresh-client,1,reference_49x36px,lzw_512,LZW,512,19,3,421,613302768,614420752,1117985,206,bytes 613302768-614420752/661107776,1117985,1117985,236.19879100078833,236.3001660014561,474.47912500138045,710.8233330000076,True,
1,246,1,fresh-client,1,viewport_196x144px,lzw_128,LZW,128,77,11,6787,616804272,616873511,69240,206,bytes 616804272-616873511/661264391,69240,69240,161.00591600115877,161.04175000145915,67.80958400122472,228.8804580020951,True,
1,246,1,fresh-client,1,viewport_196x144px,lzw_128,LZW,128,77,12,6788,616873520,616941718,68199,206,bytes 616873520-616941718/661264391,68199,68199,185.47479100016062,185.51833299716236,165.09291700276663,350.6579579989193,True,
1,246,1,fresh-client,1,viewport_196x144px,lzw_128,LZW,128,77,13,6789,616941727,617013200,71474,206,bytes 616941727-617013200/661264391,71474,71474,195.0032499989902,195.05458400089992,55.50741700062645,250.641333997919,True,
1,246,1,fresh-client,1,viewport_196x144px,lzw_128,LZW,128,78,11,6875,622747033,622814416,67384,206,bytes 622747033-622814416/661264391,67384,67384,161.17866700005834,161.21224999733386,87.17887500097277,248.4193749987753,True,
1,246,1,fresh-client,1,viewport_196x144px,lzw_128,LZW,128,78,12,6876,622814425,622884075,69651,206,bytes 622814425-622884075/661264391,69651,69651,187.27729199963505,187.31408399980864,83.95091700003832,271.29666700056987,True,
1,246,1,fresh-client,1,viewport_196x144px,lzw_128,LZW,128,78,13,6877,622884084,622955954,71871,206,bytes 622884084-622955954/661264391,71871,71871,223.14041699792142,223.26437499941676,73.10829199923319,296.40762499911943,True,
1,247,4,fresh-client,1,tiny_12x9px,deflate_512,DEFLATE,512,19,3,421,462985865,463831501,845637,206,bytes 462985865-463831501/499024403,845637,845637,182.1764170017559,182.21366700163344,580.5223340030352,762.7737090006121,True,
1,248,4,fresh-client,1,large_aoi_392x288px,deflate_256,DEFLATE,256,38,5,1677,460967157,461178005,210849,206,bytes 460967157-461178005/498427477,210849,210849,281.12508400226943,281.24483400097233,232.72712499965564,514.0329170026234,True,
1,248,4,fresh-client,1,large_aoi_392x288px,deflate_256,DEFLATE,256,38,6,1678,461178014,461389907,211894,206,bytes 461178014-461389907/498427477,211894,211894,171.745749998081,171.78508399956627,115.77079100243282,287.5978749980277,True,
1,248,4,fresh-client,1,large_aoi_392x288px,deflate_256,DEFLATE,256,39,5,1721,469859936,470066892,206957,206,bytes 469859936-470066892/498427477,206957,206957,175.36412499975995,175.39770800067345,103.2294169999659,278.65666700017755,True,
1,248,4,fresh-client,1,large_aoi_392x288px,deflate_256,DEFLATE,256,39,6,1722,470066901,470277493,210593,206,bytes 470066901-470277493/498427477,210593,210593,238.6885420019098,239.35895900285686,109.60591700131772,349.005500000203,True,
1,249,5,fresh-client,1,large_aoi_392x288px,zstd_128,ZSTD,128,77,10,6786,459022256,459074574,52319,206,bytes 459022256-459074574/492119117,52319,52319,321.065833002649,321.09475000106613,60.89179199989303,381.9977920029487,True,
1,249,5,fresh-client,1,large_aoi_392x288px,zstd_128,ZSTD,128,77,11,6787,459074583,459126136,51554,206,bytes 459074583-459126136/492119117,51554,51554,114.23720899983891,114.2625840002438,54.75999999907799,169.0355000027921,True,
1,249,5,fresh-client,1,large_aoi_392x288px,zstd_128,ZSTD,128,77,12,6788,459126145,459177002,50858,206,bytes 459126145-459177002/492119117,50858,50858,150.69620799840777,150.7264159990882,59.44649999946705,210.1864159994875,True,
1,249,5,fresh-client,1,large_aoi_392x288px,zstd_128,ZSTD,128,77,13,6789,459177011,459229715,52705,206,bytes 459177011-459229715/492119117,52705,52705,161.95458400034113,161.99191700070514,53.22991700086277,215.24691699960385,True,
1,249,5,fresh-client,1,large_aoi_392x288px,zstd_128,ZSTD,128,78,10,6874,463438439,463490001,51563,206,bytes 463438439-463490001/492119117,51563,51563,158.90658400167013,158.93433399833157,66.51679100104957,225.46266700010165,True,
1,249,5,fresh-client,1,large_aoi_392x288px,zstd_128,ZSTD,128,78,11,6875,463490010,463540744,50735,206,bytes 463490010-463540744/492119117,50735,50735,133.49762499638018,133.52599999780068,44.42133300108253,177.9584999967483,True,
1,249,5,fresh-client,1,large_aoi_392x288px,zstd_128,ZSTD,128,78,12,6876,463540753,463592563,51811,206,bytes 463540753-463592563/492119117,51811,51811,209.95058299740776,210.0146249977115,60.511250001582084,270.566625000356,True,
1,249,5,fresh-client,1,large_aoi_392x288px,zstd_128,ZSTD,128,78,13,6877,463592572,463646112,53541,206,bytes 463592572-463646112/492119117,53541,53541,142.3570419974567,142.42249999733758,219.7349590023805,362.1956249990035,True,
1,249,5,fresh-client,1,large_aoi_392x288px,zstd_128,ZSTD,128,79,10,6962,467744704,467795492,50789,206,bytes 467744704-467795492/492119117,50789,50789,144.18320899858372,144.21466699786833,59.865375002118526,204.09466699857148,True,
1,249,5,fresh-client,1,large_aoi_392x288px,zstd_128,ZSTD,128,79,11,6963,467795501,467846880,51380,206,bytes 467795501-467846880/492119117,51380,51380,165.81412500090664,165.8512089998112,54.115667000587564,219.99212499940768,True,
1,249,5,fresh-client,1,large_aoi_392x288px,zstd_128,ZSTD,128,79,12,6964,467846889,467899652,52764,206,bytes 467846889-467899652/492119117,52764,52764,169.90479200103437,170.0023749981483,52.92554100014968,222.95474999918952,True,
1,249,5,fresh-client,1,large_aoi_392x288px,zstd_128,ZSTD,128,79,13,6965,467899661,467948544,48884,206,bytes 467899661-467948544/492119117,48884,48884,141.96833400274045,141.99645900225732,61.415166997903725,203.42337500187568,True,
1,250,4,fresh-client,1,viewport_98x72px,zstd_256,ZSTD,256,38,6,1678,453731252,453940035,208784,206,bytes 453731252-453940035/490384277,208784,208784,171.73349999939092,171.76733399901423,180.21745900114183,352.01141700235894,True,
1,250,4,fresh-client,1,viewport_98x72px,zstd_256,ZSTD,256,39,6,1722,462498953,462705745,206793,206,bytes 462498953-462705745/490384277,206793,206793,164.72791700289235,164.7690000027069,124.60166700111586,289.41554199991515,True,
1,251,2,fresh-client,1,viewport_98x72px,deflate_512,DEFLATE,512,19,3,421,462985865,463831501,845637,206,bytes 462985865-463831501/499024403,845637,845637,172.8789160006272,172.91341599775478,558.0493339984969,731.0114169995359,True,
1,252,4,fresh-client,1,viewport_98x72px,lzw_256,LZW,256,38,6,1678,611588083,611870179,282097,206,bytes 611588083-611870179/661012853,282097,282097,147.34091700302088,147.37041700209375,228.7468340000487,376.14037500316044,True,
1,252,4,fresh-client,1,viewport_98x72px,lzw_256,LZW,256,39,6,1722,623410206,623687723,277518,206,bytes 623410206-623687723/661012853,277518,277518,140.26474999991478,140.2988749978249,161.6349590003665,301.98387499694945,True,
1,253,1,fresh-client,1,viewport_196x144px,zstd_128,ZSTD,128,77,11,6787,459074583,459126136,51554,206,bytes 459074583-459126136/492119117,51554,51554,200.2932499999588,200.342083000578,44.584709001355805,244.9628340000345,True,
1,253,1,fresh-client,1,viewport_196x144px,zstd_128,ZSTD,128,77,12,6788,459126145,459177002,50858,206,bytes 459126145-459177002/492119117,50858,50858,135.38570799937588,135.41883300058544,58.084415999474004,193.51683300192235,True,
1,253,1,fresh-client,1,viewport_196x144px,zstd_128,ZSTD,128,77,13,6789,459177011,459229715,52705,206,bytes 459177011-459229715/492119117,52705,52705,304.6717079996597,304.699290998542,77.68075000058161,382.3915409993788,True,
1,253,1,fresh-client,1,viewport_196x144px,zstd_128,ZSTD,128,78,11,6875,463490010,463540744,50735,206,bytes 463490010-463540744/492119117,50735,50735,132.31454200285953,132.3419170003035,98.12645800047903,230.501166999602,True,
1,253,1,fresh-client,1,viewport_196x144px,zstd_128,ZSTD,128,78,12,6876,463540753,463592563,51811,206,bytes 463540753-463592563/492119117,51811,51811,243.42383300245274,243.54250000033062,46.32399999900372,289.9084170021524,True,
1,253,1,fresh-client,1,viewport_196x144px,zstd_128,ZSTD,128,78,13,6877,463592572,463646112,53541,206,bytes 463592572-463646112/492119117,53541,53541,159.3612500000745,159.39616700052284,48.4905829980562,207.9013330003363,True,
1,254,2,fresh-client,1,small_24x18px,lzw_512,LZW,512,19,3,421,613302768,614420752,1117985,206,bytes 613302768-614420752/661107776,1117985,1117985,161.5742499998305,161.6083749977406,728.0857090008794,889.7294999987935,True,
1,255,2,fresh-client,1,viewport_98x72px,deflate_256,DEFLATE,256,38,6,1678,461178014,461389907,211894,206,bytes 461178014-461389907/498427477,211894,211894,144.79662500161794,144.83295800164342,135.7612079991668,280.65512499961187,True,
1,255,2,fresh-client,1,viewport_98x72px,deflate_256,DEFLATE,256,39,6,1722,470066901,470277493,210593,206,bytes 470066901-470277493/498427477,210593,210593,148.90654199916753,148.9409589994466,140.76083299733,289.75987499870826,True,
1,256,2,fresh-client,1,large_aoi_392x288px,deflate_512,DEFLATE,512,19,2,420,462155354,462985856,830503,206,bytes 462155354-462985856/499024403,830503,830503,274.1386669986241,274.21979200153146,356.60304199700477,630.8432920013729,True,
1,256,2,fresh-client,1,large_aoi_392x288px,deflate_512,DEFLATE,512,19,3,421,462985865,463831501,845637,206,bytes 462985865-463831501/499024403,845637,845637,158.10970900201937,158.15525099969818,541.9901669993124,700.2329589995497,True,
1,257,4,fresh-client,1,tiny_12x9px,deflate_256,DEFLATE,256,39,6,1722,470066901,470277493,210593,206,bytes 470066901-470277493/498427477,210593,210593,208.00854199842433,208.0556670007354,210.28395900066243,418.4269170000334,True,
1,258,5,fresh-client,1,reference_49x36px,deflate_128,DEFLATE,128,77,12,6788,466101002,466152431,51430,206,bytes 466101002-466152431/499617324,51430,51430,166.52624999915133,166.56099999818252,96.97824999966542,263.58412499757833,True,
1,258,5,fresh-client,1,reference_49x36px,deflate_128,DEFLATE,128,78,12,6876,470577948,470630526,52579,206,bytes 470577948-470630526/499617324,52579,52579,368.6011250028969,368.72070800018264,70.66433300133212,439.4505830023263,True,
1,259,3,fresh-client,1,reference_49x36px,deflate_512,DEFLATE,512,19,3,421,462985865,463831501,845637,206,bytes 462985865-463831501/499024403,845637,845637,182.73933300224598,182.78291699971305,358.1704169992008,541.0024170014367,True,
1,260,4,fresh-client,1,tiny_12x9px,lzw_512,LZW,512,19,3,421,613302768,614420752,1117985,206,bytes 613302768-614420752/661107776,1117985,1117985,196.1559160008619,196.2050830006774,557.4860420019832,753.751292002562,True,
1,261,1,fresh-client,1,small_24x18px,lzw_128,LZW,128,78,12,6876,622814425,622884075,69651,206,bytes 622814425-622884075/661264391,69651,69651,170.31016599867144,170.34716599664534,56.319499999517575,226.68424999937997,True,
1,262,3,fresh-client,1,large_aoi_392x288px,deflate_128,DEFLATE,128,77,10,6786,465995630,466048722,53093,206,bytes 465995630-466048722/499617324,53093,53093,128.68900000103167,128.71741699927952,51.33149999892339,180.05854199873284,True,
1,262,3,fresh-client,1,large_aoi_392x288px,deflate_128,DEFLATE,128,77,11,6787,466048731,466100993,52263,206,bytes 466048731-466100993/499617324,52263,52263,191.88487499923212,191.9236670000828,162.26275000008172,354.26641699814354,True,
1,262,3,fresh-client,1,large_aoi_392x288px,deflate_128,DEFLATE,128,77,12,6788,466101002,466152431,51430,206,bytes 466101002-466152431/499617324,51430,51430,183.48574999981793,183.52737500026706,90.64070800013724,274.20449999772245,True,
1,262,3,fresh-client,1,large_aoi_392x288px,deflate_128,DEFLATE,128,77,13,6789,466152440,466206025,53586,206,bytes 466152440-466206025/499617324,53586,53586,184.60191700069117,184.6443750000617,51.95254100181046,236.62745900219306,True,
1,262,3,fresh-client,1,large_aoi_392x288px,deflate_128,DEFLATE,128,78,10,6874,470474183,470526343,52161,206,bytes 470474183-470526343/499617324,52161,52161,359.80479100180673,359.84266599916737,153.82866700019804,513.7069170014001,True,
1,262,3,fresh-client,1,large_aoi_392x288px,deflate_128,DEFLATE,128,78,11,6875,470526352,470577939,51588,206,bytes 470526352-470577939/499617324,51588,51588,201.84783399963635,201.903624998522,56.33216599744628,258.26791699728346,True,
1,262,3,fresh-client,1,large_aoi_392x288px,deflate_128,DEFLATE,128,78,12,6876,470577948,470630526,52579,206,bytes 470577948-470630526/499617324,52579,52579,241.23374999908265,241.28249999921536,50.559958999656374,291.87774999809335,True,
1,262,3,fresh-client,1,large_aoi_392x288px,deflate_128,DEFLATE,128,78,13,6877,470630535,470685000,54466,206,bytes 470630535-470685000/499617324,54466,54466,115.18741699910606,115.20920799739542,57.256959000369534,172.48704200028442,True,
1,262,3,fresh-client,1,large_aoi_392x288px,deflate_128,DEFLATE,128,79,10,6962,474844867,474896322,51456,206,bytes 474844867-474896322/499617324,51456,51456,157.35145800135797,157.3877500013623,193.26016600098228,350.6887080002343,True,
1,262,3,fresh-client,1,large_aoi_392x288px,deflate_128,DEFLATE,128,79,11,6963,474896331,474948466,52136,206,bytes 474896331-474948466/499617324,52136,52136,150.1804590006941,150.2342089988815,48.220874999969965,198.46775000041816,True,
1,262,3,fresh-client,1,large_aoi_392x288px,deflate_128,DEFLATE,128,79,12,6964,474948475,475002211,53737,206,bytes 474948475-475002211/499617324,53737,53737,137.2976250022475,137.3289590010245,69.5797499975015,206.9244170015736,True,
1,262,3,fresh-client,1,large_aoi_392x288px,deflate_128,DEFLATE,128,79,13,6965,475002220,475052147,49928,206,bytes 475002220-475052147/499617324,49928,49928,222.45524999743793,222.50366599837434,54.9632920010481,277.49533299720497,True,
1,263,1,fresh-client,1,viewport_98x72px,deflate_256,DEFLATE,256,38,6,1678,461178014,461389907,211894,206,bytes 461178014-461389907/498427477,211894,211894,141.42904199979967,141.45045900295372,218.99774999837973,360.51795900129946,True,
1,263,1,fresh-client,1,viewport_98x72px,deflate_256,DEFLATE,256,39,6,1722,470066901,470277493,210593,206,bytes 470066901-470277493/498427477,210593,210593,154.02958400227362,154.05933399961214,166.1515000014333,320.25883400274324,True,
1,264,3,fresh-client,1,viewport_98x72px,deflate_256,DEFLATE,256,38,6,1678,461178014,461389907,211894,206,bytes 461178014-461389907/498427477,211894,211894,142.95720900190645,142.98662500004866,176.06991700085928,319.0990840012091,True,
1,264,3,fresh-client,1,viewport_98x72px,deflate_256,DEFLATE,256,39,6,1722,470066901,470277493,210593,206,bytes 470066901-470277493/498427477,210593,210593,161.6617919971759,161.69141699720058,253.9522080005554,415.6840840005316,True,
1,265,3,fresh-client,1,viewport_196x144px,deflate_256,DEFLATE,256,38,5,1677,460967157,461178005,210849,206,bytes 460967157-461178005/498427477,210849,210849,217.2897090022161,217.3335000006773,131.49195900041377,348.856959000841,True,
1,265,3,fresh-client,1,viewport_196x144px,deflate_256,DEFLATE,256,38,6,1678,461178014,461389907,211894,206,bytes 461178014-461389907/498427477,211894,211894,179.14474999997765,179.18304100021487,435.0007499997446,614.2407910010661,True,
1,265,3,fresh-client,1,viewport_196x144px,deflate_256,DEFLATE,256,39,5,1721,469859936,470066892,206957,206,bytes 469859936-470066892/498427477,206957,206957,374.5850419982162,374.7049589983362,277.0021670003189,651.7430839994631,True,
1,265,3,fresh-client,1,viewport_196x144px,deflate_256,DEFLATE,256,39,6,1722,470066901,470277493,210593,206,bytes 470066901-470277493/498427477,210593,210593,145.05108399680466,145.0818339981197,1390.0016260013217,1535.153459997673,True,
1,266,1,fresh-client,1,large_aoi_392x288px,zstd_128,ZSTD,128,77,10,6786,459022256,459074574,52319,206,bytes 459022256-459074574/492119117,52319,52319,182.83166699984577,182.86716700094985,81.35495800161152,264.2505420008092,True,
1,266,1,fresh-client,1,large_aoi_392x288px,zstd_128,ZSTD,128,77,11,6787,459074583,459126136,51554,206,bytes 459074583-459126136/492119117,51554,51554,164.922125000885,164.95395799938706,61.833957999624545,226.80579200095963,True,
1,266,1,fresh-client,1,large_aoi_392x288px,zstd_128,ZSTD,128,77,12,6788,459126145,459177002,50858,206,bytes 459126145-459177002/492119117,50858,50858,135.11908399959793,135.15470899801585,117.83308399753878,253.03604199871188,True,
1,266,1,fresh-client,1,large_aoi_392x288px,zstd_128,ZSTD,128,77,13,6789,459177011,459229715,52705,206,bytes 459177011-459229715/492119117,52705,52705,348.1248339994636,348.16233400124474,72.13545899867313,420.31758400116814,True,
1,266,1,fresh-client,1,large_aoi_392x288px,zstd_128,ZSTD,128,78,10,6874,463438439,463490001,51563,206,bytes 463438439-463490001/492119117,51563,51563,136.2140420023934,136.25395800045226,56.227042001410155,192.50270900010946,True,
1,266,1,fresh-client,1,large_aoi_392x288px,zstd_128,ZSTD,128,78,11,6875,463490010,463540744,50735,206,bytes 463490010-463540744/492119117,50735,50735,169.5876669982681,169.62366699954146,141.71825000084937,311.3883749974775,True,
1,266,1,fresh-client,1,large_aoi_392x288px,zstd_128,ZSTD,128,78,12,6876,463540753,463592563,51811,206,bytes 463540753-463592563/492119117,51811,51811,135.5345829979342,135.56412500111037,75.12233400120749,210.69929199802573,True,
1,266,1,fresh-client,1,large_aoi_392x288px,zstd_128,ZSTD,128,78,13,6877,463592572,463646112,53541,206,bytes 463592572-463646112/492119117,53541,53541,164.60537500097416,164.63941700203577,123.72154200056684,288.4035000024596,True,
1,266,1,fresh-client,1,large_aoi_392x288px,zstd_128,ZSTD,128,79,10,6962,467744704,467795492,50789,206,bytes 467744704-467795492/492119117,50789,50789,154.82791700196685,154.8720829996455,104.89487499944516,259.7851249993255,True,
1,266,1,fresh-client,1,large_aoi_392x288px,zstd_128,ZSTD,128,79,11,6963,467795501,467846880,51380,206,bytes 467795501-467846880/492119117,51380,51380,133.43049999821233,133.46745799935888,51.76904199834098,185.24712499856832,True,
1,266,1,fresh-client,1,large_aoi_392x288px,zstd_128,ZSTD,128,79,12,6964,467846889,467899652,52764,206,bytes 467846889-467899652/492119117,52764,52764,159.3950419992325,159.42654199898243,50.512207999418024,209.9465009996493,True,
1,266,1,fresh-client,1,large_aoi_392x288px,zstd_128,ZSTD,128,79,13,6965,467899661,467948544,48884,206,bytes 467899661-467948544/492119117,48884,48884,279.1118330023892,279.17162500307313,45.08604200236732,324.3185410028673,True,
1,267,1,fresh-client,1,reference_49x36px,zstd_512,ZSTD,512,19,3,421,454757753,455587037,829285,206,bytes 454757753-455587037/490194415,829285,829285,191.12800000220886,191.17300000289106,357.62454200084903,548.8239580008667,True,
1,268,2,fresh-client,1,small_24x18px,zstd_256,ZSTD,256,39,6,1722,462498953,462705745,206793,206,bytes 462498953-462705745/490384277,206793,206793,174.13520799891558,174.1622500012454,288.79008299918496,463.1263340015721,True,
1,269,4,fresh-client,1,large_aoi_392x288px,zstd_128,ZSTD,128,77,10,6786,459022256,459074574,52319,206,bytes 459022256-459074574/492119117,52319,52319,351.34874999857857,351.4214169990737,132.1953750011744,483.65395899963914,True,
1,269,4,fresh-client,1,large_aoi_392x288px,zstd_128,ZSTD,128,77,11,6787,459074583,459126136,51554,206,bytes 459074583-459126136/492119117,51554,51554,165.83725000236882,165.8711250020133,51.478959001542535,217.36804200190818,True,
1,269,4,fresh-client,1,large_aoi_392x288px,zstd_128,ZSTD,128,77,12,6788,459126145,459177002,50858,206,bytes 459126145-459177002/492119117,50858,50858,168.64229099883232,168.70183299761266,143.86108399776276,312.589332999778,True,
1,269,4,fresh-client,1,large_aoi_392x288px,zstd_128,ZSTD,128,77,13,6789,459177011,459229715,52705,206,bytes 459177011-459229715/492119117,52705,52705,179.02650000178255,179.0646250010468,66.69725000028848,245.77491600211943,True,
1,269,4,fresh-client,1,large_aoi_392x288px,zstd_128,ZSTD,128,78,10,6874,463438439,463490001,51563,206,bytes 463438439-463490001/492119117,51563,51563,156.0916249982256,156.1257499997737,45.2848749991972,201.4244999991206,True,
1,269,4,fresh-client,1,large_aoi_392x288px,zstd_128,ZSTD,128,78,11,6875,463490010,463540744,50735,206,bytes 463490010-463540744/492119117,50735,50735,160.4146249992482,160.45362499789917,56.53470800098148,217.0010000008915,True,
1,269,4,fresh-client,1,large_aoi_392x288px,zstd_128,ZSTD,128,78,12,6876,463540753,463592563,51811,206,bytes 463540753-463592563/492119117,51811,51811,154.10904199961806,154.15116700023646,48.7288330004958,202.89537500138977,True,
1,269,4,fresh-client,1,large_aoi_392x288px,zstd_128,ZSTD,128,78,13,6877,463592572,463646112,53541,206,bytes 463592572-463646112/492119117,53541,53541,186.64320899915765,186.75137600075686,60.88258299860172,247.66837599963765,True,
1,269,4,fresh-client,1,large_aoi_392x288px,zstd_128,ZSTD,128,79,10,6962,467744704,467795492,50789,206,bytes 467744704-467795492/492119117,50789,50789,363.13104199871304,363.16483299742686,85.45149999918067,448.65474999824073,True,
1,269,4,fresh-client,1,large_aoi_392x288px,zstd_128,ZSTD,128,79,11,6963,467795501,467846880,51380,206,bytes 467795501-467846880/492119117,51380,51380,159.96224999980768,159.99708300296334,105.67170799913583,265.71679200060316,True,
1,269,4,fresh-client,1,large_aoi_392x288px,zstd_128,ZSTD,128,79,12,6964,467846889,467899652,52764,206,bytes 467846889-467899652/492119117,52764,52764,270.6834170021466,270.8034579991363,47.54141699959291,318.39412500266917,True,
1,269,4,fresh-client,1,large_aoi_392x288px,zstd_128,ZSTD,128,79,13,6965,467899661,467948544,48884,206,bytes 467899661-467948544/492119117,48884,48884,189.13987499763607,189.18158299857168,81.24554100140813,270.46737499767914,True,
1,270,3,fresh-client,1,large_aoi_392x288px,lzw_128,LZW,128,77,10,6786,616734150,616804263,70114,206,bytes 616734150-616804263/661264391,70114,70114,176.13816700031748,176.1727509983757,377.40737499916577,553.6532090009132,True,
1,270,3,fresh-client,1,large_aoi_392x288px,lzw_128,LZW,128,77,11,6787,616804272,616873511,69240,206,bytes 616804272-616873511/661264391,69240,69240,182.0145829988178,182.05804199897102,107.70520899677649,289.81533299884177,True,
1,270,3,fresh-client,1,large_aoi_392x288px,lzw_128,LZW,128,77,12,6788,616873520,616941718,68199,206,bytes 616873520-616941718/661264391,68199,68199,140.38933299889322,140.4232079985377,56.599832998472266,197.04137499866192,True,
1,270,3,fresh-client,1,large_aoi_392x288px,lzw_128,LZW,128,77,13,6789,616941727,617013200,71474,206,bytes 616941727-617013200/661264391,71474,71474,176.0079580017191,176.04383300204063,199.48633300009533,375.5766249996668,True,
1,270,3,fresh-client,1,large_aoi_392x288px,lzw_128,LZW,128,78,10,6874,622678072,622747024,68953,206,bytes 622678072-622747024/661264391,68953,68953,146.69662499727565,146.73787499850732,52.9551250001532,199.7062909977103,True,
1,270,3,fresh-client,1,large_aoi_392x288px,lzw_128,LZW,128,78,11,6875,622747033,622814416,67384,206,bytes 622747033-622814416/661264391,67384,67384,172.7189589983027,172.7593750001688,219.42904100069427,392.23275000040303,True,
1,270,3,fresh-client,1,large_aoi_392x288px,lzw_128,LZW,128,78,12,6876,622814425,622884075,69651,206,bytes 622814425-622884075/661264391,69651,69651,136.82175000212737,136.85083400196163,57.28912500126171,194.15220900191343,True,
1,270,3,fresh-client,1,large_aoi_392x288px,lzw_128,LZW,128,78,13,6877,622884084,622955954,71871,206,bytes 622884084-622955954/661264391,71871,71871,142.03841700145858,142.0827090005332,88.52970899897628,230.64700000031735,True,
1,270,3,fresh-client,1,large_aoi_392x288px,lzw_128,LZW,128,79,10,6962,628465466,628533314,67849,206,bytes 628465466-628533314/661264391,67849,67849,150.96108299985644,150.99520799776656,80.8580000011716,231.92412499702186,True,
1,270,3,fresh-client,1,large_aoi_392x288px,lzw_128,LZW,128,79,11,6963,628533323,628602043,68721,206,bytes 628533323-628602043/661264391,68721,68721,320.77579199903994,320.8075829970767,82.16800000082003,403.01595799974166,True,
1,270,3,fresh-client,1,large_aoi_392x288px,lzw_128,LZW,128,79,12,6964,628602052,628673096,71045,206,bytes 628602052-628673096/661264391,71045,71045,158.01708300205064,158.05125000042608,97.47737499856157,255.55995800095843,True,
1,270,3,fresh-client,1,large_aoi_392x288px,lzw_128,LZW,128,79,13,6965,628673105,628737744,64640,206,bytes 628673105-628737744/661264391,64640,64640,144.0655419974064,144.0977499987639,88.90791699741385,233.05441699994844,True,
2,1,5,fresh-client,1,viewport_196x144px,deflate_128,DEFLATE,128,77,11,6787,466048731,466100993,52263,206,bytes 466048731-466100993/499617324,52263,52263,146.44650099944556,146.47700099885697,54.434500001661945,200.92308400126058,True,
2,1,5,fresh-client,1,viewport_196x144px,deflate_128,DEFLATE,128,77,12,6788,466101002,466152431,51430,206,bytes 466101002-466152431/499617324,51430,51430,121.63858299754793,121.68245800057775,65.28166700081783,186.9799169980979,True,
2,1,5,fresh-client,1,viewport_196x144px,deflate_128,DEFLATE,128,77,13,6789,466152440,466206025,53586,206,bytes 466152440-466206025/499617324,53586,53586,150.9870410009171,151.0152909977478,59.2389160010498,210.26583300044877,True,
2,1,5,fresh-client,1,viewport_196x144px,deflate_128,DEFLATE,128,78,11,6875,470526352,470577939,51588,206,bytes 470526352-470577939/499617324,51588,51588,122.74770799922408,122.77554199681617,154.5787079994625,277.4061669988441,True,
2,1,5,fresh-client,1,viewport_196x144px,deflate_128,DEFLATE,128,78,12,6876,470577948,470630526,52579,206,bytes 470577948-470630526/499617324,52579,52579,145.51816699895426,145.54820799821755,56.08674999893992,201.6512080008397,True,
2,1,5,fresh-client,1,viewport_196x144px,deflate_128,DEFLATE,128,78,13,6877,470630535,470685000,54466,206,bytes 470630535-470685000/499617324,54466,54466,162.12479200112284,162.16029199858895,72.70537500153296,234.88345900113927,True,
2,2,4,fresh-client,1,tiny_12x9px,lzw_128,LZW,128,78,12,6876,622814425,622884075,69651,206,bytes 622814425-622884075/661264391,69651,69651,139.49129200045718,139.51920800172957,64.06116700236453,203.59562500016182,True,
2,3,3,fresh-client,1,tiny_12x9px,deflate_512,DEFLATE,512,19,3,421,462985865,463831501,845637,206,bytes 462985865-463831501/499024403,845637,845637,174.00916600308847,174.04408299989882,799.6322079998208,973.7038750026841,True,
2,4,3,fresh-client,1,small_24x18px,zstd_256,ZSTD,256,39,6,1722,462498953,462705745,206793,206,bytes 462498953-462705745/490384277,206793,206793,319.3900419973943,319.50483299806365,228.18266700051026,547.7623339975253,True,
2,5,2,fresh-client,1,tiny_12x9px,zstd_128,ZSTD,128,78,12,6876,463540753,463592563,51811,206,bytes 463540753-463592563/492119117,51811,51811,305.7002499990631,305.81666700163623,81.580041001871,387.42391699997825,True,
2,6,1,fresh-client,1,large_aoi_392x288px,deflate_512,DEFLATE,512,19,2,420,462155354,462985856,830503,206,bytes 462155354-462985856/499024403,830503,830503,200.02237500011688,200.06208299673744,503.75424999947427,703.8479579969135,True,
2,6,1,fresh-client,1,large_aoi_392x288px,deflate_512,DEFLATE,512,19,3,421,462985865,463831501,845637,206,bytes 462985865-463831501/499024403,845637,845637,143.60212499741465,143.63187499839114,322.2877090011025,465.9602920000907,True,
2,7,3,fresh-client,1,viewport_196x144px,deflate_128,DEFLATE,128,77,11,6787,466048731,466100993,52263,206,bytes 466048731-466100993/499617324,52263,52263,178.35120800009463,178.38674999802606,115.71200000253157,294.23250000036205,True,
2,7,3,fresh-client,1,viewport_196x144px,deflate_128,DEFLATE,128,77,12,6788,466101002,466152431,51430,206,bytes 466101002-466152431/499617324,51430,51430,188.79616699996404,188.84270900161937,77.11070799996378,265.9994170026039,True,
2,7,3,fresh-client,1,viewport_196x144px,deflate_128,DEFLATE,128,77,13,6789,466152440,466206025,53586,206,bytes 466152440-466206025/499617324,53586,53586,153.02074999999604,153.05049999733455,58.74362499889685,211.80674999777693,True,
2,7,3,fresh-client,1,viewport_196x144px,deflate_128,DEFLATE,128,78,11,6875,470526352,470577939,51588,206,bytes 470526352-470577939/499617324,51588,51588,140.74895800149534,140.7772919992567,62.95687500096392,203.74729200193542,True,
2,7,3,fresh-client,1,viewport_196x144px,deflate_128,DEFLATE,128,78,12,6876,470577948,470630526,52579,206,bytes 470577948-470630526/499617324,52579,52579,143.77750000130618,143.8095000012254,65.12583299991093,208.95150000069407,True,
2,7,3,fresh-client,1,viewport_196x144px,deflate_128,DEFLATE,128,78,13,6877,470630535,470685000,54466,206,bytes 470630535-470685000/499617324,54466,54466,392.8338330006227,392.88454099732917,56.98287500126753,449.9319159986044,True,
2,8,1,fresh-client,1,small_24x18px,deflate_256,DEFLATE,256,39,6,1722,470066901,470277493,210593,206,bytes 470066901-470277493/498427477,210593,210593,136.59233300131746,136.62241699785227,111.47316700225929,248.1244999980845,True,
2,9,5,fresh-client,1,viewport_98x72px,zstd_128,ZSTD,128,77,12,6788,459126145,459177002,50858,206,bytes 459126145-459177002/492119117,50858,50858,173.676834001526,173.71504200127674,70.17733400061843,243.9277920020686,True,
2,9,5,fresh-client,1,viewport_98x72px,zstd_128,ZSTD,128,78,12,6876,463540753,463592563,51811,206,bytes 463540753-463592563/492119117,51811,51811,141.59454200125765,141.6362919990206,81.60891700026696,223.3047500012617,True,
2,10,3,fresh-client,1,viewport_98x72px,deflate_128,DEFLATE,128,77,12,6788,466101002,466152431,51430,206,bytes 466101002-466152431/499617324,51430,51430,239.73599999953876,239.84841699711978,63.06979200235219,302.9674999997951,True,
2,10,3,fresh-client,1,viewport_98x72px,deflate_128,DEFLATE,128,78,12,6876,470577948,470630526,52579,206,bytes 470577948-470630526/499617324,52579,52579,193.7862499980838,193.84070799787878,69.82641699869419,263.7152499992226,True,
2,11,1,fresh-client,1,large_aoi_392x288px,zstd_256,ZSTD,256,38,5,1677,453523840,453731243,207404,206,bytes 453523840-453731243/490384277,207404,207404,172.86316700119642,172.90375000084168,120.91845800023293,293.8565840013325,True,
2,11,1,fresh-client,1,large_aoi_392x288px,zstd_256,ZSTD,256,38,6,1678,453731252,453940035,208784,206,bytes 453731252-453940035/490384277,208784,208784,164.13100000136183,164.16191700045601,272.619332998147,436.83045799843967,True,
2,11,1,fresh-client,1,large_aoi_392x288px,zstd_256,ZSTD,256,39,5,1721,462295419,462498944,203526,206,bytes 462295419-462498944/490384277,203526,203526,155.7882500019332,155.82129199901829,471.63300100146444,627.5154590002785,True,
2,11,1,fresh-client,1,large_aoi_392x288px,zstd_256,ZSTD,256,39,6,1722,462498953,462705745,206793,206,bytes 462498953-462705745/490384277,206793,206793,200.7644170007552,200.8256250010163,292.657332996896,493.52845899920794,True,
2,12,5,fresh-client,1,viewport_98x72px,deflate_256,DEFLATE,256,38,6,1678,461178014,461389907,211894,206,bytes 461178014-461389907/498427477,211894,211894,166.93591700095567,166.9697500001348,163.36387500268756,330.37975000115694,True,
2,12,5,fresh-client,1,viewport_98x72px,deflate_256,DEFLATE,256,39,6,1722,470066901,470277493,210593,206,bytes 470066901-470277493/498427477,210593,210593,142.06766699862783,142.09549999941373,161.858666997432,304.00579199704225,True,
2,13,5,fresh-client,1,viewport_98x72px,deflate_512,DEFLATE,512,19,3,421,462985865,463831501,845637,206,bytes 462985865-463831501/499024403,845637,845637,147.11295800225344,147.13995800047996,517.0542079977167,664.2764999996871,True,
2,14,2,fresh-client,1,small_24x18px,deflate_256,DEFLATE,256,39,6,1722,470066901,470277493,210593,206,bytes 470066901-470277493/498427477,210593,210593,244.67404200186138,244.70645900146337,151.5763329989568,396.3222090023919,True,
2,15,1,fresh-client,1,tiny_12x9px,deflate_512,DEFLATE,512,19,3,421,462985865,463831501,845637,206,bytes 462985865-463831501/499024403,845637,845637,243.84933400142472,243.92070899921237,503.7672079997719,747.7312920018448,True,
2,16,4,fresh-client,1,small_24x18px,zstd_128,ZSTD,128,78,12,6876,463540753,463592563,51811,206,bytes 463540753-463592563/492119117,51811,51811,132.8814170010446,132.9081670010055,59.56654100009473,192.4829999989015,True,
2,17,4,fresh-client,1,viewport_196x144px,deflate_256,DEFLATE,256,38,5,1677,460967157,461178005,210849,206,bytes 460967157-461178005/498427477,210849,210849,139.28016600038973,139.30975000039325,273.42716599741834,412.8204579974408,True,
2,17,4,fresh-client,1,viewport_196x144px,deflate_256,DEFLATE,256,38,6,1678,461178014,461389907,211894,206,bytes 461178014-461389907/498427477,211894,211894,206.8842089975078,206.93941699937568,133.76120800239732,340.7470009988174,True,
2,17,4,fresh-client,1,viewport_196x144px,deflate_256,DEFLATE,256,39,5,1721,469859936,470066892,206957,206,bytes 469859936-470066892/498427477,206957,206957,167.5978750026843,167.63100000025588,139.15829200050212,306.833208000171,True,
2,17,4,fresh-client,1,viewport_196x144px,deflate_256,DEFLATE,256,39,6,1722,470066901,470277493,210593,206,bytes 470066901-470277493/498427477,210593,210593,410.2229170021019,410.2641260033124,463.2648330007214,873.5842920032155,True,
2,18,5,fresh-client,1,reference_49x36px,deflate_256,DEFLATE,256,38,6,1678,461178014,461389907,211894,206,bytes 461178014-461389907/498427477,211894,211894,152.3933329990541,152.43187499800115,160.86799999902723,313.34974999845144,True,
2,18,5,fresh-client,1,reference_49x36px,deflate_256,DEFLATE,256,39,6,1722,470066901,470277493,210593,206,bytes 470066901-470277493/498427477,210593,210593,257.1215829993889,257.24295799955144,176.7135000009148,434.0126249990135,True,
2,19,2,fresh-client,1,small_24x18px,lzw_128,LZW,128,78,12,6876,622814425,622884075,69651,206,bytes 622814425-622884075/661264391,69651,69651,154.89974999945844,154.9475829997391,57.03383299987763,211.99354199779918,True,
2,20,4,fresh-client,1,reference_49x36px,lzw_512,LZW,512,19,3,421,613302768,614420752,1117985,206,bytes 613302768-614420752/661107776,1117985,1117985,203.22016700083623,203.26520800153958,562.9131669993512,766.2057500019728,True,
2,21,1,fresh-client,1,reference_49x36px,deflate_128,DEFLATE,128,77,12,6788,466101002,466152431,51430,206,bytes 466101002-466152431/499617324,51430,51430,154.1754160025448,154.20608299973537,66.26941599824931,220.48850000282982,True,
2,21,1,fresh-client,1,reference_49x36px,deflate_128,DEFLATE,128,78,12,6876,470577948,470630526,52579,206,bytes 470577948-470630526/499617324,52579,52579,126.97129099979065,127.0019580006192,44.881249999889405,171.8938749982044,True,
2,22,5,fresh-client,1,viewport_196x144px,lzw_512,LZW,512,19,2,420,612205443,613302759,1097317,206,bytes 612205443-613302759/661107776,1097317,1097317,187.59883399980026,187.642249999044,556.0052510008973,743.6955420016602,True,
2,22,5,fresh-client,1,viewport_196x144px,lzw_512,LZW,512,19,3,421,613302768,614420752,1117985,206,bytes 613302768-614420752/661107776,1117985,1117985,140.04758299779496,140.0776250011404,901.44650000002,1041.588291998778,True,
2,23,3,fresh-client,1,viewport_98x72px,lzw_512,LZW,512,19,3,421,613302768,614420752,1117985,206,bytes 613302768-614420752/661107776,1117985,1117985,181.49370799801545,181.54658300045412,601.0567499979516,782.6469999999972,True,
2,24,3,fresh-client,1,viewport_98x72px,deflate_256,DEFLATE,256,38,6,1678,461178014,461389907,211894,206,bytes 461178014-461389907/498427477,211894,211894,162.6443749992177,162.678208998841,178.2393339999544,340.9666260013182,True,
2,24,3,fresh-client,1,viewport_98x72px,deflate_256,DEFLATE,256,39,6,1722,470066901,470277493,210593,206,bytes 470066901-470277493/498427477,210593,210593,153.41562500179862,153.4741670002404,160.57733300112886,314.10725000023376,True,
2,25,2,fresh-client,1,large_aoi_392x288px,zstd_512,ZSTD,512,19,2,420,453940732,454757744,817013,206,bytes 453940732-454757744/490194415,817013,817013,170.03516700060572,170.07087499951012,449.2435829997703,619.3525000016962,True,
2,25,2,fresh-client,1,large_aoi_392x288px,zstd_512,ZSTD,512,19,3,421,454757753,455587037,829285,206,bytes 454757753-455587037/490194415,829285,829285,121.71883400151273,121.74220900124055,304.47620899940375,426.2552090003737,True,
2,26,3,fresh-client,1,tiny_12x9px,lzw_256,LZW,256,39,6,1722,623410206,623687723,277518,206,bytes 623410206-623687723/661012853,277518,277518,166.5013750025537,166.5327080008865,127.25812500139,293.8387080030225,True,
2,27,3,fresh-client,1,large_aoi_392x288px,deflate_128,DEFLATE,128,77,10,6786,465995630,466048722,53093,206,bytes 465995630-466048722/499617324,53093,53093,231.12537499764585,231.2244999993709,223.35733299769345,454.62125099948025,True,
2,27,3,fresh-client,1,large_aoi_392x288px,deflate_128,DEFLATE,128,77,11,6787,466048731,466100993,52263,206,bytes 466048731-466100993/499617324,52263,52263,211.96858400071505,212.0122500018624,98.45387500172365,310.4879170023196,True,
2,27,3,fresh-client,1,large_aoi_392x288px,deflate_128,DEFLATE,128,77,12,6788,466101002,466152431,51430,206,bytes 466101002-466152431/499617324,51430,51430,143.02224999846658,143.06433299861965,235.0121669987857,378.125541999907,True,
2,27,3,fresh-client,1,large_aoi_392x288px,deflate_128,DEFLATE,128,77,13,6789,466152440,466206025,53586,206,bytes 466152440-466206025/499617324,53586,53586,166.14599999957136,166.1787919983908,52.7650830008497,218.9577079989249,True,
2,27,3,fresh-client,1,large_aoi_392x288px,deflate_128,DEFLATE,128,78,10,6874,470474183,470526343,52161,206,bytes 470474183-470526343/499617324,52161,52161,336.1185000030673,336.14937500169617,218.50854199874448,554.6965000030468,True,
2,27,3,fresh-client,1,large_aoi_392x288px,deflate_128,DEFLATE,128,78,11,6875,470526352,470577939,51588,206,bytes 470526352-470577939/499617324,51588,51588,181.96208399967873,182.0015000012063,137.20120799916913,319.2312499995751,True,
2,27,3,fresh-client,1,large_aoi_392x288px,deflate_128,DEFLATE,128,78,12,6876,470577948,470630526,52579,206,bytes 470577948-470630526/499617324,52579,52579,165.458542000124,165.49029199813958,52.671792000182904,218.17737499804934,True,
2,27,3,fresh-client,1,large_aoi_392x288px,deflate_128,DEFLATE,128,78,13,6877,470630535,470685000,54466,206,bytes 470630535-470685000/499617324,54466,54466,297.8765419975389,297.9779999986931,78.37595800083363,376.38891699680244,True,
2,27,3,fresh-client,1,large_aoi_392x288px,deflate_128,DEFLATE,128,79,10,6962,474844867,474896322,51456,206,bytes 474844867-474896322/499617324,51456,51456,175.78708300061407,175.82691699863062,49.086708000686485,224.92583300117985,True,
2,27,3,fresh-client,1,large_aoi_392x288px,deflate_128,DEFLATE,128,79,11,6963,474896331,474948466,52136,206,bytes 474896331-474948466/499617324,52136,52136,208.13054199970793,208.17329199780943,60.2374999980384,268.4375419994467,True,
2,27,3,fresh-client,1,large_aoi_392x288px,deflate_128,DEFLATE,128,79,12,6964,474948475,475002211,53737,206,bytes 474948475-475002211/499617324,53737,53737,197.13929199861013,197.1905419995892,57.74408300203504,254.9727499972505,True,
2,27,3,fresh-client,1,large_aoi_392x288px,deflate_128,DEFLATE,128,79,13,6965,475002220,475052147,49928,206,bytes 475002220-475052147/499617324,49928,49928,144.60624999992433,144.63433299897588,81.94291700056056,226.59208299955935,True,
2,28,3,fresh-client,1,viewport_196x144px,zstd_256,ZSTD,256,38,5,1677,453523840,453731243,207404,206,bytes 453523840-453731243/490384277,207404,207404,350.12374999860185,350.22304199810605,215.15037499921164,565.4272089996084,True,
2,28,3,fresh-client,1,viewport_196x144px,zstd_256,ZSTD,256,38,6,1678,453731252,453940035,208784,206,bytes 453731252-453940035/490384277,208784,208784,162.80695800014655,162.84308299873373,111.99954200128559,274.87604199995985,True,
2,28,3,fresh-client,1,viewport_196x144px,zstd_256,ZSTD,256,39,5,1721,462295419,462498944,203526,206,bytes 462295419-462498944/490384277,203526,203526,156.99387499989825,157.0263329995214,347.96087499853456,505.01874999827123,True,
2,28,3,fresh-client,1,viewport_196x144px,zstd_256,ZSTD,256,39,6,1722,462498953,462705745,206793,206,bytes 462498953-462705745/490384277,206793,206793,232.87883400189457,232.9523340013111,138.79291599732824,371.79520900099305,True,
2,29,4,fresh-client,1,viewport_98x72px,lzw_256,LZW,256,38,6,1678,611588083,611870179,282097,206,bytes 611588083-611870179/661012853,282097,282097,172.8439590006019,172.87991699777194,116.06508399927407,288.98654200020246,True,
2,29,4,fresh-client,1,viewport_98x72px,lzw_256,LZW,256,39,6,1722,623410206,623687723,277518,206,bytes 623410206-623687723/661012853,277518,277518,163.69508400021004,163.72987599970656,576.1242079970543,739.8930419985845,True,
2,30,2,fresh-client,1,tiny_12x9px,lzw_512,LZW,512,19,3,421,613302768,614420752,1117985,206,bytes 613302768-614420752/661107776,1117985,1117985,168.32400000203052,168.36070900171762,444.3837090002489,612.757958999282,True,
2,31,1,fresh-client,1,viewport_196x144px,lzw_128,LZW,128,77,11,6787,616804272,616873511,69240,206,bytes 616804272-616873511/661264391,69240,69240,151.45508299974608,151.49674999702256,167.23812499913038,318.7752499979979,True,
2,31,1,fresh-client,1,viewport_196x144px,lzw_128,LZW,128,77,12,6788,616873520,616941718,68199,206,bytes 616873520-616941718/661264391,68199,68199,177.66683299851138,177.70245800056728,289.9902499993914,467.7432909993513,True,
2,31,1,fresh-client,1,viewport_196x144px,lzw_128,LZW,128,77,13,6789,616941727,617013200,71474,206,bytes 616941727-617013200/661264391,71474,71474,184.20595900170156,184.24633399990853,89.14599999843631,273.435041999619,True,
2,31,1,fresh-client,1,viewport_196x144px,lzw_128,LZW,128,78,11,6875,622747033,622814416,67384,206,bytes 622747033-622814416/661264391,67384,67384,266.1507079974399,266.25270799922873,81.3529170009133,347.63229099917226,True,
2,31,1,fresh-client,1,viewport_196x144px,lzw_128,LZW,128,78,12,6876,622814425,622884075,69651,206,bytes 622814425-622884075/661264391,69651,69651,337.34416700099246,337.4214170034975,55.22695800027577,392.6589580005384,True,
2,31,1,fresh-client,1,viewport_196x144px,lzw_128,LZW,128,78,13,6877,622884084,622955954,71871,206,bytes 622884084-622955954/661264391,71871,71871,121.70529200011515,121.73312500090105,64.77012499817647,186.5326670013019,True,
2,32,3,fresh-client,1,viewport_98x72px,lzw_256,LZW,256,38,6,1678,611588083,611870179,282097,206,bytes 611588083-611870179/661012853,282097,282097,152.59266699649743,152.62570799677633,323.78158299979987,476.4554999965185,True,
2,32,3,fresh-client,1,viewport_98x72px,lzw_256,LZW,256,39,6,1722,623410206,623687723,277518,206,bytes 623410206-623687723/661012853,277518,277518,159.03416600122,159.06991600058973,192.9285840014927,352.0479159997194,True,
2,33,3,fresh-client,1,viewport_98x72px,zstd_512,ZSTD,512,19,3,421,454757753,455587037,829285,206,bytes 454757753-455587037/490194415,829285,829285,221.07345900076325,221.1262919990986,563.4924580008374,784.6813750002184,True,
2,34,2,fresh-client,1,viewport_196x144px,lzw_512,LZW,512,19,2,420,612205443,613302759,1097317,206,bytes 612205443-613302759/661107776,1097317,1097317,157.3242919985205,157.35829199911677,1127.943999999843,1285.3478339966387,True,
2,34,2,fresh-client,1,viewport_196x144px,lzw_512,LZW,512,19,3,421,613302768,614420752,1117985,206,bytes 613302768-614420752/661107776,1117985,1117985,141.53766700110282,141.5686670006835,573.2027080011903,714.8112090035283,True,
2,35,2,fresh-client,1,tiny_12x9px,lzw_256,LZW,256,39,6,1722,623410206,623687723,277518,206,bytes 623410206-623687723/661012853,277518,277518,182.90333400000236,182.942291998188,231.56891699909465,414.5347919984488,True,
2,36,5,fresh-client,1,large_aoi_392x288px,zstd_256,ZSTD,256,38,5,1677,453523840,453731243,207404,206,bytes 453523840-453731243/490384277,207404,207404,138.6987500009127,138.73199999943608,155.14037500179256,293.88995800036355,True,
2,36,5,fresh-client,1,large_aoi_392x288px,zstd_256,ZSTD,256,38,6,1678,453731252,453940035,208784,206,bytes 453731252-453940035/490384277,208784,208784,296.2407919985708,296.36266699890257,144.2445829998178,440.64833399897907,True,
2,36,5,fresh-client,1,large_aoi_392x288px,zstd_256,ZSTD,256,39,5,1721,462295419,462498944,203526,206,bytes 462295419-462498944/490384277,203526,203526,165.21812499922817,165.31237500021234,156.75029200065183,322.0981660015241,True,
2,36,5,fresh-client,1,large_aoi_392x288px,zstd_256,ZSTD,256,39,6,1722,462498953,462705745,206793,206,bytes 462498953-462705745/490384277,206793,206793,182.05020900131785,182.09158400350134,159.87495800072793,341.9839170019259,True,
2,37,5,fresh-client,1,tiny_12x9px,lzw_128,LZW,128,78,12,6876,622814425,622884075,69651,206,bytes 622814425-622884075/661264391,69651,69651,220.13295899887453,220.17279200008488,101.22091700031888,321.42000000021653,True,
2,38,1,fresh-client,1,tiny_12x9px,lzw_128,LZW,128,78,12,6876,622814425,622884075,69651,206,bytes 622814425-622884075/661264391,69651,69651,139.5289590000175,139.57445900086896,88.43891700234963,228.0389590014238,True,
2,39,5,fresh-client,1,small_24x18px,lzw_512,LZW,512,19,3,421,613302768,614420752,1117985,206,bytes 613302768-614420752/661107776,1117985,1117985,1254.0882089997467,1254.200666997349,2270.0898759976553,3524.433542999759,True,
2,40,1,fresh-client,1,small_24x18px,lzw_256,LZW,256,39,6,1722,623410206,623687723,277518,206,bytes 623410206-623687723/661012853,277518,277518,148.77095900010318,148.8032920024125,235.85308300243923,384.69766699927277,True,
2,41,5,fresh-client,1,viewport_98x72px,lzw_512,LZW,512,19,3,421,613302768,614420752,1117985,206,bytes 613302768-614420752/661107776,1117985,1117985,177.2907500017027,177.33891700117965,411.7834579992632,589.1500420002558,True,
2,42,1,fresh-client,1,small_24x18px,zstd_128,ZSTD,128,78,12,6876,463540753,463592563,51811,206,bytes 463540753-463592563/492119117,51811,51811,160.3106670008856,160.34487499928218,71.47337599963066,231.8446249992121,True,
2,43,1,fresh-client,1,large_aoi_392x288px,zstd_512,ZSTD,512,19,2,420,453940732,454757744,817013,206,bytes 453940732-454757744/490194415,817013,817013,193.62591699973564,193.6732079993817,611.3370419989224,805.0433749995136,True,
2,43,1,fresh-client,1,large_aoi_392x288px,zstd_512,ZSTD,512,19,3,421,454757753,455587037,829285,206,bytes 454757753-455587037/490194415,829285,829285,420.6189579999773,420.68237499915995,341.4214170006744,762.1522080007708,True,
2,44,5,fresh-client,1,viewport_98x72px,lzw_128,LZW,128,77,12,6788,616873520,616941718,68199,206,bytes 616873520-616941718/661264391,68199,68199,187.52458299786667,187.56508300066344,61.06287500006147,248.66258299880428,True,
2,44,5,fresh-client,1,viewport_98x72px,lzw_128,LZW,128,78,12,6876,622814425,622884075,69651,206,bytes 622814425-622884075/661264391,69651,69651,157.1277499970165,157.16908299873467,48.622541999066016,205.8047919999808,True,
2,45,3,fresh-client,1,reference_49x36px,zstd_128,ZSTD,128,77,12,6788,459126145,459177002,50858,206,bytes 459126145-459177002/492119117,50858,50858,221.5567919993191,221.6601250001986,92.6755830005277,314.3783749983413,True,
2,45,3,fresh-client,1,reference_49x36px,zstd_128,ZSTD,128,78,12,6876,463540753,463592563,51811,206,bytes 463540753-463592563/492119117,51811,51811,193.58158300019568,193.62487499893177,58.25341699892306,251.90979100079858,True,
2,46,1,fresh-client,1,tiny_12x9px,lzw_256,LZW,256,39,6,1722,623410206,623687723,277518,206,bytes 623410206-623687723/661012853,277518,277518,246.39883300187648,246.52558299931115,212.0369580006809,458.6336249994929,True,
2,47,1,fresh-client,1,viewport_98x72px,deflate_512,DEFLATE,512,19,3,421,462985865,463831501,845637,206,bytes 462985865-463831501/499024403,845637,845637,227.6115419990674,227.7109169990581,687.4394999977085,915.1966249992256,True,
2,48,2,fresh-client,1,large_aoi_392x288px,zstd_128,ZSTD,128,77,10,6786,459022256,459074574,52319,206,bytes 459022256-459074574/492119117,52319,52319,163.56783399896813,163.60212500148918,50.752667000779184,214.36533399901236,True,
2,48,2,fresh-client,1,large_aoi_392x288px,zstd_128,ZSTD,128,77,11,6787,459074583,459126136,51554,206,bytes 459074583-459126136/492119117,51554,51554,178.862750002736,178.92100000244682,72.77450000037788,251.73337500018533,True,
2,48,2,fresh-client,1,large_aoi_392x288px,zstd_128,ZSTD,128,77,12,6788,459126145,459177002,50858,206,bytes 459126145-459177002/492119117,50858,50858,204.03162500224425,204.0781670002616,67.03845800075214,271.1653340011253,True,
2,48,2,fresh-client,1,large_aoi_392x288px,zstd_128,ZSTD,128,77,13,6789,459177011,459229715,52705,206,bytes 459177011-459229715/492119117,52705,52705,149.2127090023132,149.2538339989551,95.89583300112281,245.17908400230226,True,
2,48,2,fresh-client,1,large_aoi_392x288px,zstd_128,ZSTD,128,78,10,6874,463438439,463490001,51563,206,bytes 463438439-463490001/492119117,51563,51563,179.35795800076448,179.39737499909825,57.66941699766903,237.09812499873806,True,
2,48,2,fresh-client,1,large_aoi_392x288px,zstd_128,ZSTD,128,78,11,6875,463490010,463540744,50735,206,bytes 463490010-463540744/492119117,50735,50735,311.11579200296546,311.2037920000148,126.97020800260361,438.1965000029595,True,
2,48,2,fresh-client,1,large_aoi_392x288px,zstd_128,ZSTD,128,78,12,6876,463540753,463592563,51811,206,bytes 463540753-463592563/492119117,51811,51811,166.37483399972552,166.4212089999637,50.20870900261798,216.6732920013601,True,
2,48,2,fresh-client,1,large_aoi_392x288px,zstd_128,ZSTD,128,78,13,6877,463592572,463646112,53541,206,bytes 463592572-463646112/492119117,53541,53541,139.15054099925328,139.18295799885527,112.78699999820674,252.00633299755282,True,
2,48,2,fresh-client,1,large_aoi_392x288px,zstd_128,ZSTD,128,79,10,6962,467744704,467795492,50789,206,bytes 467744704-467795492/492119117,50789,50789,170.8670420011913,170.90724999798113,149.96445900032995,320.9156669981894,True,
2,48,2,fresh-client,1,large_aoi_392x288px,zstd_128,ZSTD,128,79,11,6963,467795501,467846880,51380,206,bytes 467795501-467846880/492119117,51380,51380,157.92620800129953,158.00441700048395,52.513500002532965,210.52804200007813,True,
2,48,2,fresh-client,1,large_aoi_392x288px,zstd_128,ZSTD,128,79,12,6964,467846889,467899652,52764,206,bytes 467846889-467899652/492119117,52764,52764,145.9993749995192,146.02820800064364,50.93266599942581,196.97312499920372,True,
2,48,2,fresh-client,1,large_aoi_392x288px,zstd_128,ZSTD,128,79,13,6965,467899661,467948544,48884,206,bytes 467899661-467948544/492119117,48884,48884,141.6406669995922,141.6694169965922,51.546750000852626,193.23208399873693,True,
2,49,3,fresh-client,1,reference_49x36px,deflate_256,DEFLATE,256,38,6,1678,461178014,461389907,211894,206,bytes 461178014-461389907/498427477,211894,211894,415.0777500035474,415.13612500057206,147.8227080006036,562.9879170010099,True,
2,49,3,fresh-client,1,reference_49x36px,deflate_256,DEFLATE,256,39,6,1722,470066901,470277493,210593,206,bytes 470066901-470277493/498427477,210593,210593,153.64149999732035,153.67574999982025,280.67741700215265,434.39445900003193,True,
2,50,5,fresh-client,1,small_24x18px,deflate_512,DEFLATE,512,19,3,421,462985865,463831501,845637,206,bytes 462985865-463831501/499024403,845637,845637,138.1167919971631,138.1468749968917,462.31845800139126,600.5260009987978,True,
2,51,2,fresh-client,1,reference_49x36px,deflate_512,DEFLATE,512,19,3,421,462985865,463831501,845637,206,bytes 462985865-463831501/499024403,845637,845637,154.63683400230366,154.6792090011877,1228.1297919980716,1382.8587509997305,True,
2,52,3,fresh-client,1,small_24x18px,lzw_128,LZW,128,78,12,6876,622814425,622884075,69651,206,bytes 622814425-622884075/661264391,69651,69651,169.7434579982655,169.77954100002535,122.38087500008987,292.18666599990684,True,
2,53,1,fresh-client,1,large_aoi_392x288px,deflate_256,DEFLATE,256,38,5,1677,460967157,461178005,210849,206,bytes 460967157-461178005/498427477,210849,210849,173.3777920017019,173.41412500172737,263.44645799690625,436.92154200107325,True,
2,53,1,fresh-client,1,large_aoi_392x288px,deflate_256,DEFLATE,256,38,6,1678,461178014,461389907,211894,206,bytes 461178014-461389907/498427477,211894,211894,146.409582997876,146.43108299787855,183.2867500015709,329.7592919989256,True,
2,53,1,fresh-client,1,large_aoi_392x288px,deflate_256,DEFLATE,256,39,5,1721,469859936,470066892,206957,206,bytes 469859936-470066892/498427477,206957,206957,151.4729169975908,151.50087499932852,319.7325000001001,471.2691669992637,True,
2,53,1,fresh-client,1,large_aoi_392x288px,deflate_256,DEFLATE,256,39,6,1722,470066901,470277493,210593,206,bytes 470066901-470277493/498427477,210593,210593,173.1047920002311,173.15008400328225,127.06558399804635,300.2519170004234,True,
2,54,3,fresh-client,1,tiny_12x9px,lzw_512,LZW,512,19,3,421,613302768,614420752,1117985,206,bytes 613302768-614420752/661107776,1117985,1117985,179.5741249989078,179.61250000007567,1729.6952920005424,1909.338666999247,True,
2,55,3,fresh-client,1,reference_49x36px,deflate_512,DEFLATE,512,19,3,421,462985865,463831501,845637,206,bytes 462985865-463831501/499024403,845637,845637,164.63062500042724,164.67120900051668,1091.764291999425,1256.498416998511,True,
2,56,4,fresh-client,1,small_24x18px,lzw_128,LZW,128,78,12,6876,622814425,622884075,69651,206,bytes 622814425-622884075/661264391,69651,69651,175.84516699935193,175.8856249980454,279.3729169970902,455.34737599882646,True,
2,57,3,fresh-client,1,small_24x18px,lzw_256,LZW,256,39,6,1722,623410206,623687723,277518,206,bytes 623410206-623687723/661012853,277518,277518,148.94783300042036,148.9770000007411,245.7778749994759,394.787000001088,True,
2,58,2,fresh-client,1,small_24x18px,zstd_256,ZSTD,256,39,6,1722,462498953,462705745,206793,206,bytes 462498953-462705745/490384277,206793,206793,188.385333000042,188.443458002439,140.0068340008147,328.49070800148183,True,
2,59,4,fresh-client,1,tiny_12x9px,lzw_256,LZW,256,39,6,1722,623410206,623687723,277518,206,bytes 623410206-623687723/661012853,277518,277518,155.82358299798216,155.85554099743604,176.33974999989732,332.2294579993468,True,
2,60,4,fresh-client,1,viewport_196x144px,zstd_128,ZSTD,128,77,11,6787,459074583,459126136,51554,206,bytes 459074583-459126136/492119117,51554,51554,152.21595800176146,152.24820799994632,54.467291996843414,206.72804200148676,True,
2,60,4,fresh-client,1,viewport_196x144px,zstd_128,ZSTD,128,77,12,6788,459126145,459177002,50858,206,bytes 459126145-459177002/492119117,50858,50858,190.5807500006631,190.60966600227403,61.16429200119455,251.79620800190605,True,
2,60,4,fresh-client,1,viewport_196x144px,zstd_128,ZSTD,128,77,13,6789,459177011,459229715,52705,206,bytes 459177011-459229715/492119117,52705,52705,175.7640830001037,175.80804099998204,48.084916998050176,223.91129099924,True,
2,60,4,fresh-client,1,viewport_196x144px,zstd_128,ZSTD,128,78,11,6875,463490010,463540744,50735,206,bytes 463490010-463540744/492119117,50735,50735,151.33516700007021,151.36949999941862,64.45891700059292,215.85104200130445,True,
2,60,4,fresh-client,1,viewport_196x144px,zstd_128,ZSTD,128,78,12,6876,463540753,463592563,51811,206,bytes 463540753-463592563/492119117,51811,51811,386.54979199782247,386.59924999956274,157.0224999995844,543.6677500001679,True,
2,60,4,fresh-client,1,viewport_196x144px,zstd_128,ZSTD,128,78,13,6877,463592572,463646112,53541,206,bytes 463592572-463646112/492119117,53541,53541,137.50116700248327,137.53237500350224,53.89429199931328,191.43704200178036,True,
2,61,5,fresh-client,1,tiny_12x9px,zstd_512,ZSTD,512,19,3,421,454757753,455587037,829285,206,bytes 454757753-455587037/490194415,829285,829285,147.2343749992433,147.26633299869718,308.7309170005028,456.0469159987406,True,
2,62,1,fresh-client,1,tiny_12x9px,zstd_512,ZSTD,512,19,3,421,454757753,455587037,829285,206,bytes 454757753-455587037/490194415,829285,829285,134.2314579997037,134.26074999733828,428.43412599904696,562.7273339996464,True,
2,63,3,fresh-client,1,small_24x18px,zstd_512,ZSTD,512,19,3,421,454757753,455587037,829285,206,bytes 454757753-455587037/490194415,829285,829285,154.38658300263342,154.41766600270057,778.8318750026519,933.2851670005766,True,
2,64,3,fresh-client,1,large_aoi_392x288px,lzw_128,LZW,128,77,10,6786,616734150,616804263,70114,206,bytes 616734150-616804263/661264391,70114,70114,145.84858400121448,145.89304200126207,72.01666599939927,217.95070900043356,True,
2,64,3,fresh-client,1,large_aoi_392x288px,lzw_128,LZW,128,77,11,6787,616804272,616873511,69240,206,bytes 616804272-616873511/661264391,69240,69240,134.43966699924204,134.46995900085312,78.82625000274857,213.30862499962677,True,
2,64,3,fresh-client,1,large_aoi_392x288px,lzw_128,LZW,128,77,12,6788,616873520,616941718,68199,206,bytes 616873520-616941718/661264391,68199,68199,150.74966700194636,150.78016700135777,56.687000000238186,207.48008400187246,True,
2,64,3,fresh-client,1,large_aoi_392x288px,lzw_128,LZW,128,77,13,6789,616941727,617013200,71474,206,bytes 616941727-617013200/661264391,71474,71474,133.85904199822107,133.88620899786474,70.997583999997,204.89758400071878,True,
2,64,3,fresh-client,1,large_aoi_392x288px,lzw_128,LZW,128,78,10,6874,622678072,622747024,68953,206,bytes 622678072-622747024/661264391,68953,68953,157.15470800205367,157.19954100131872,63.623833000747254,220.84266599995317,True,
2,64,3,fresh-client,1,large_aoi_392x288px,lzw_128,LZW,128,78,11,6875,622747033,622814416,67384,206,bytes 622747033-622814416/661264391,67384,67384,130.48454100135132,130.51866599926143,75.38941700113355,205.93045799978427,True,
2,64,3,fresh-client,1,large_aoi_392x288px,lzw_128,LZW,128,78,12,6876,622814425,622884075,69651,206,bytes 622814425-622884075/661264391,69651,69651,140.6560410032398,140.6860000024608,90.62383299897192,231.32729200005997,True,
2,64,3,fresh-client,1,large_aoi_392x288px,lzw_128,LZW,128,78,13,6877,622884084,622955954,71871,206,bytes 622884084-622955954/661264391,71871,71871,143.33383400298771,143.3627090009395,504.88516699988395,648.2770840011653,True,
2,64,3,fresh-client,1,large_aoi_392x288px,lzw_128,LZW,128,79,10,6962,628465466,628533314,67849,206,bytes 628465466-628533314/661264391,67849,67849,181.58670900083962,181.64316700131167,98.1071249989327,279.80837500217604,True,
2,64,3,fresh-client,1,large_aoi_392x288px,lzw_128,LZW,128,79,11,6963,628533323,628602043,68721,206,bytes 628533323-628602043/661264391,68721,68721,229.95470800015028,230.01091700280085,145.90495800075587,375.9490000011283,True,
2,64,3,fresh-client,1,large_aoi_392x288px,lzw_128,LZW,128,79,12,6964,628602052,628673096,71045,206,bytes 628602052-628673096/661264391,71045,71045,228.9658750014496,229.0607920003822,55.436208996979985,284.539832999144,True,
2,64,3,fresh-client,1,large_aoi_392x288px,lzw_128,LZW,128,79,13,6965,628673105,628737744,64640,206,bytes 628673105-628737744/661264391,64640,64640,175.75816699900315,175.80091700074263,101.71004100266146,277.56354200028,True,
2,65,2,fresh-client,1,large_aoi_392x288px,deflate_128,DEFLATE,128,77,10,6786,465995630,466048722,53093,206,bytes 465995630-466048722/499617324,53093,53093,303.1897510009003,303.286376001779,79.94029199835495,383.26216700079385,True,
2,65,2,fresh-client,1,large_aoi_392x288px,deflate_128,DEFLATE,128,77,11,6787,466048731,466100993,52263,206,bytes 466048731-466100993/499617324,52263,52263,135.57325000147102,135.60691700331517,191.28154200006975,326.90945800277404,True,
2,65,2,fresh-client,1,large_aoi_392x288px,deflate_128,DEFLATE,128,77,12,6788,466101002,466152431,51430,206,bytes 466101002-466152431/499617324,51430,51430,358.8258339987078,358.855541999219,58.3838749989809,417.25179200147977,True,
2,65,2,fresh-client,1,large_aoi_392x288px,deflate_128,DEFLATE,128,77,13,6789,466152440,466206025,53586,206,bytes 466152440-466206025/499617324,53586,53586,147.09391699943808,147.1247500012396,69.16691600054037,216.31804199932958,True,
2,65,2,fresh-client,1,large_aoi_392x288px,deflate_128,DEFLATE,128,78,10,6874,470474183,470526343,52161,206,bytes 470474183-470526343/499617324,52161,52161,165.9272079996299,165.96237499834388,54.84491600145702,220.83199999906356,True,
2,65,2,fresh-client,1,large_aoi_392x288px,deflate_128,DEFLATE,128,78,11,6875,470526352,470577939,51588,206,bytes 470526352-470577939/499617324,51588,51588,248.06687499949476,248.14816700018127,127.38420800087624,375.59341700034565,True,
2,65,2,fresh-client,1,large_aoi_392x288px,deflate_128,DEFLATE,128,78,12,6876,470577948,470630526,52579,206,bytes 470577948-470630526/499617324,52579,52579,171.20587500176043,171.24258300100337,74.21716700264369,245.4890830013028,True,
2,65,2,fresh-client,1,large_aoi_392x288px,deflate_128,DEFLATE,128,78,13,6877,470630535,470685000,54466,206,bytes 470630535-470685000/499617324,54466,54466,134.987875000661,135.01608400110854,82.4516249995213,217.51512500122772,True,
2,65,2,fresh-client,1,large_aoi_392x288px,deflate_128,DEFLATE,128,79,10,6962,474844867,474896322,51456,206,bytes 474844867-474896322/499617324,51456,51456,152.31375000075786,152.34720800071955,72.46679099989706,224.99954100203468,True,
2,65,2,fresh-client,1,large_aoi_392x288px,deflate_128,DEFLATE,128,79,11,6963,474896331,474948466,52136,206,bytes 474896331-474948466/499617324,52136,52136,301.29341700012446,301.361709000048,45.74262499954784,347.1322509976744,True,
2,65,2,fresh-client,1,large_aoi_392x288px,deflate_128,DEFLATE,128,79,12,6964,474948475,475002211,53737,206,bytes 474948475-475002211/499617324,53737,53737,143.24258400301915,143.27983400289668,69.60841700129095,212.91333400222356,True,
2,65,2,fresh-client,1,large_aoi_392x288px,deflate_128,DEFLATE,128,79,13,6965,475002220,475052147,49928,206,bytes 475002220-475052147/499617324,49928,49928,147.481042000436,147.59541700186674,63.00924999959534,210.6209170015063,True,
2,66,5,fresh-client,1,reference_49x36px,lzw_128,LZW,128,77,12,6788,616873520,616941718,68199,206,bytes 616873520-616941718/661264391,68199,68199,119.1737919980369,119.20604199985974,75.51787499687634,194.7422919984092,True,
2,66,5,fresh-client,1,reference_49x36px,lzw_128,LZW,128,78,12,6876,622814425,622884075,69651,206,bytes 622814425-622884075/661264391,69651,69651,251.86733300142805,251.92416700156173,73.69912500143982,325.65579199945205,True,
2,67,4,fresh-client,1,small_24x18px,deflate_512,DEFLATE,512,19,3,421,462985865,463831501,845637,206,bytes 462985865-463831501/499024403,845637,845637,194.79287500143982,194.8389999997744,782.6651249997667,977.534249999735,True,
2,68,4,fresh-client,1,tiny_12x9px,zstd_128,ZSTD,128,78,12,6876,463540753,463592563,51811,206,bytes 463540753-463592563/492119117,51811,51811,159.67304199875798,159.71329199965112,55.51220900088083,215.24475099795382,True,
2,69,5,fresh-client,1,tiny_12x9px,deflate_128,DEFLATE,128,78,12,6876,470577948,470630526,52579,206,bytes 470577948-470630526/499617324,52579,52579,167.7364579991263,167.77074999845354,85.05937500012806,252.87495800148463,True,
2,70,3,fresh-client,1,viewport_196x144px,zstd_128,ZSTD,128,77,11,6787,459074583,459126136,51554,206,bytes 459074583-459126136/492119117,51554,51554,135.42004100236227,135.45229100054712,82.83795800161897,218.30216600210406,True,
2,70,3,fresh-client,1,viewport_196x144px,zstd_128,ZSTD,128,77,12,6788,459126145,459177002,50858,206,bytes 459126145-459177002/492119117,50858,50858,137.55766699978267,137.58920799955376,63.31783299901872,200.92241699967417,True,
2,70,3,fresh-client,1,viewport_196x144px,zstd_128,ZSTD,128,77,13,6789,459177011,459229715,52705,206,bytes 459177011-459229715/492119117,52705,52705,227.7086659996712,227.7897079984541,53.56766700060689,281.38791599849355,True,
2,70,3,fresh-client,1,viewport_196x144px,zstd_128,ZSTD,128,78,11,6875,463490010,463540744,50735,206,bytes 463490010-463540744/492119117,50735,50735,263.92916699842317,264.0010840004834,64.28237500222167,328.3120839987532,True,
2,70,3,fresh-client,1,viewport_196x144px,zstd_128,ZSTD,128,78,12,6876,463540753,463592563,51811,206,bytes 463540753-463592563/492119117,51811,51811,394.3236250015616,394.39162500275415,55.92241699923761,450.32870800059754,True,
2,70,3,fresh-client,1,viewport_196x144px,zstd_128,ZSTD,128,78,13,6877,463592572,463646112,53541,206,bytes 463592572-463646112/492119117,53541,53541,237.1246250004333,237.20274999868707,54.98329200054286,292.2470420016907,True,
2,71,4,fresh-client,1,small_24x18px,deflate_256,DEFLATE,256,39,6,1722,470066901,470277493,210593,206,bytes 470066901-470277493/498427477,210593,210593,153.64895799939404,153.68145799948252,125.24133300030371,278.9573329973791,True,
2,72,5,fresh-client,1,large_aoi_392x288px,lzw_256,LZW,256,38,5,1677,611308756,611588074,279319,206,bytes 611308756-611588074/661012853,279319,279319,150.78058400104055,150.81404200100224,510.85908400273183,661.7060419994232,True,
2,72,5,fresh-client,1,large_aoi_392x288px,lzw_256,LZW,256,38,6,1678,611588083,611870179,282097,206,bytes 611588083-611870179/661012853,282097,282097,177.82741699920734,177.8657499999099,211.57187499920838,389.48741700005485,True,
2,72,5,fresh-client,1,large_aoi_392x288px,lzw_256,LZW,256,39,5,1721,623137353,623410197,272845,206,bytes 623137353-623410197/661012853,272845,272845,193.44216699755634,193.487376000121,153.29770899916184,346.82954199888627,True,
2,72,5,fresh-client,1,large_aoi_392x288px,lzw_256,LZW,256,39,6,1722,623410206,623687723,277518,206,bytes 623410206-623687723/661012853,277518,277518,138.04366699696402,138.07099999758066,271.79270799751976,409.95474999726866,True,
2,73,4,fresh-client,1,small_24x18px,zstd_256,ZSTD,256,39,6,1722,462498953,462705745,206793,206,bytes 462498953-462705745/490384277,206793,206793,164.60600000209524,164.64300000006915,544.786499998736,709.474166000291,True,
2,74,3,fresh-client,1,reference_49x36px,lzw_512,LZW,512,19,3,421,613302768,614420752,1117985,206,bytes 613302768-614420752/661107776,1117985,1117985,254.06316700173193,254.21891700170818,840.9539999993285,1095.2515010030766,True,
2,75,1,fresh-client,1,tiny_12x9px,deflate_256,DEFLATE,256,39,6,1722,470066901,470277493,210593,206,bytes 470066901-470277493/498427477,210593,210593,188.70437499936088,188.73900000107824,135.50212500194903,324.28970800174284,True,
2,76,1,fresh-client,1,viewport_196x144px,deflate_256,DEFLATE,256,38,5,1677,460967157,461178005,210849,206,bytes 460967157-461178005/498427477,210849,210849,138.71425000252202,138.74287500220817,172.25150000012945,311.0428750005667,True,
2,76,1,fresh-client,1,viewport_196x144px,deflate_256,DEFLATE,256,38,6,1678,461178014,461389907,211894,206,bytes 461178014-461389907/498427477,211894,211894,182.94450000030338,182.9814999982773,134.8815419987659,317.90670799819054,True,
2,76,1,fresh-client,1,viewport_196x144px,deflate_256,DEFLATE,256,39,5,1721,469859936,470066892,206957,206,bytes 469859936-470066892/498427477,206957,206957,138.11829200130887,138.1468750005297,272.07116699719336,410.2685420002672,True,
2,76,1,fresh-client,1,viewport_196x144px,deflate_256,DEFLATE,256,39,6,1722,470066901,470277493,210593,206,bytes 470066901-470277493/498427477,210593,210593,176.97462499927497,177.0309579987952,103.27866599982372,280.35020799870836,True,
2,77,1,fresh-client,1,tiny_12x9px,deflate_128,DEFLATE,128,78,12,6876,470577948,470630526,52579,206,bytes 470577948-470630526/499617324,52579,52579,144.40420800019638,144.43154200125718,104.67254100149148,249.14095800340874,True,
2,78,1,fresh-client,1,small_24x18px,deflate_512,DEFLATE,512,19,3,421,462985865,463831501,845637,206,bytes 462985865-463831501/499024403,845637,845637,151.367874997959,151.39916699990863,559.9969169998076,711.5058339986717,True,
2,79,5,fresh-client,1,large_aoi_392x288px,deflate_256,DEFLATE,256,38,5,1677,460967157,461178005,210849,206,bytes 460967157-461178005/498427477,210849,210849,160.86608399928082,160.89991699845996,127.75083399901632,288.67683399948874,True,
2,79,5,fresh-client,1,large_aoi_392x288px,deflate_256,DEFLATE,256,38,6,1678,461178014,461389907,211894,206,bytes 461178014-461389907/498427477,211894,211894,209.6153749989753,209.69412499835016,212.89495800010627,422.7102089971595,True,
2,79,5,fresh-client,1,large_aoi_392x288px,deflate_256,DEFLATE,256,39,5,1721,469859936,470066892,206957,206,bytes 469859936-470066892/498427477,206957,206957,202.63975000125356,202.70987500043702,116.14375000135624,318.96224999945844,True,
2,79,5,fresh-client,1,large_aoi_392x288px,deflate_256,DEFLATE,256,39,6,1722,470066901,470277493,210593,206,bytes 470066901-470277493/498427477,210593,210593,371.84966700078803,371.8935420001799,148.37379199889256,520.3358750004554,True,
2,80,4,fresh-client,1,viewport_98x72px,zstd_512,ZSTD,512,19,3,421,454757753,455587037,829285,206,bytes 454757753-455587037/490194415,829285,829285,224.7614590014564,224.85450000021956,499.0673760003119,723.9375419994758,True,
2,81,1,fresh-client,1,viewport_196x144px,zstd_256,ZSTD,256,38,5,1677,453523840,453731243,207404,206,bytes 453523840-453731243/490384277,207404,207404,191.64658299996518,191.7016670013254,297.4686670022493,489.2885840017698,True,
2,81,1,fresh-client,1,viewport_196x144px,zstd_256,ZSTD,256,38,6,1678,453731252,453940035,208784,206,bytes 453731252-453940035/490384277,208784,208784,148.7321669992525,148.76241700039827,131.97041699822876,280.76175000023795,True,
2,81,1,fresh-client,1,viewport_196x144px,zstd_256,ZSTD,256,39,5,1721,462295419,462498944,203526,206,bytes 462295419-462498944/490384277,203526,203526,178.18029199770535,178.21266700048,297.08629100059625,475.38737599825254,True,
2,81,1,fresh-client,1,viewport_196x144px,zstd_256,ZSTD,256,39,6,1722,462498953,462705745,206793,206,bytes 462498953-462705745/490384277,206793,206793,135.95733299735002,135.98966599965934,226.3002920008148,362.3511250007141,True,
2,82,3,fresh-client,1,reference_49x36px,deflate_128,DEFLATE,128,77,12,6788,466101002,466152431,51430,206,bytes 466101002-466152431/499617324,51430,51430,193.1563329999335,193.2070830007433,60.19291700067697,253.43283300026087,True,
2,82,3,fresh-client,1,reference_49x36px,deflate_128,DEFLATE,128,78,12,6876,470577948,470630526,52579,206,bytes 470577948-470630526/499617324,52579,52579,156.95845799928065,156.98812499977066,69.89791699743364,226.90004199830582,True,
2,83,1,fresh-client,1,viewport_98x72px,zstd_512,ZSTD,512,19,3,421,454757753,455587037,829285,206,bytes 454757753-455587037/490194415,829285,829285,156.93370799999684,156.9690830001491,405.91650100031984,562.9261249996489,True,
2,84,5,fresh-client,1,large_aoi_392x288px,lzw_128,LZW,128,77,10,6786,616734150,616804263,70114,206,bytes 616734150-616804263/661264391,70114,70114,186.18529100058367,186.22154100012267,56.65916700309026,242.91541599814082,True,
2,84,5,fresh-client,1,large_aoi_392x288px,lzw_128,LZW,128,77,11,6787,616804272,616873511,69240,206,bytes 616804272-616873511/661264391,69240,69240,122.2486669976206,122.27504199836403,55.264333001105115,177.55050000050687,True,
2,84,5,fresh-client,1,large_aoi_392x288px,lzw_128,LZW,128,77,12,6788,616873520,616941718,68199,206,bytes 616873520-616941718/661264391,68199,68199,137.86108400017838,137.89141699817264,148.99754200087045,286.9128339989402,True,
2,84,5,fresh-client,1,large_aoi_392x288px,lzw_128,LZW,128,77,13,6789,616941727,617013200,71474,206,bytes 616941727-617013200/661264391,71474,71474,139.74100000268663,139.77420900118886,169.80429199975333,309.6391670005687,True,
2,84,5,fresh-client,1,large_aoi_392x288px,lzw_128,LZW,128,78,10,6874,622678072,622747024,68953,206,bytes 622678072-622747024/661264391,68953,68953,137.35333400109084,137.38391700098873,60.40791700070258,197.80741700014914,True,
2,84,5,fresh-client,1,large_aoi_392x288px,lzw_128,LZW,128,78,11,6875,622747033,622814416,67384,206,bytes 622747033-622814416/661264391,67384,67384,142.63670800210093,142.66420800049673,56.03550000159885,198.71079100266797,True,
2,84,5,fresh-client,1,large_aoi_392x288px,lzw_128,LZW,128,78,12,6876,622814425,622884075,69651,206,bytes 622814425-622884075/661264391,69651,69651,148.5814580009901,148.61487500093062,62.28420800107415,210.91433300171047,True,
2,84,5,fresh-client,1,large_aoi_392x288px,lzw_128,LZW,128,78,13,6877,622884084,622955954,71871,206,bytes 622884084-622955954/661264391,71871,71871,143.15345799695933,143.18316699791467,92.77837500121677,235.977999996976,True,
2,84,5,fresh-client,1,large_aoi_392x288px,lzw_128,LZW,128,79,10,6962,628465466,628533314,67849,206,bytes 628465466-628533314/661264391,67849,67849,234.52800000086427,234.62520799876074,169.24662500241539,403.93229099936434,True,
2,84,5,fresh-client,1,large_aoi_392x288px,lzw_128,LZW,128,79,11,6963,628533323,628602043,68721,206,bytes 628533323-628602043/661264391,68721,68721,238.6549590009963,238.70591699960642,89.94400000301539,328.66320900211576,True,
2,84,5,fresh-client,1,large_aoi_392x288px,lzw_128,LZW,128,79,12,6964,628602052,628673096,71045,206,bytes 628602052-628673096/661264391,71045,71045,323.89620800313423,323.9265830015938,142.41608299926156,466.39137500096695,True,
2,84,5,fresh-client,1,large_aoi_392x288px,lzw_128,LZW,128,79,13,6965,628673105,628737744,64640,206,bytes 628673105-628737744/661264391,64640,64640,159.96416699999827,159.99525000006543,66.14091599840322,226.1609999986831,True,
2,85,2,fresh-client,1,reference_49x36px,zstd_512,ZSTD,512,19,3,421,454757753,455587037,829285,206,bytes 454757753-455587037/490194415,829285,829285,174.5799159980379,174.61608299709042,404.45125000042026,579.1363329990418,True,
2,86,3,fresh-client,1,tiny_12x9px,zstd_256,ZSTD,256,39,6,1722,462498953,462705745,206793,206,bytes 462498953-462705745/490384277,206793,206793,340.16779200101155,340.24425000097835,156.33920800246415,496.6429580017575,True,
2,87,2,fresh-client,1,reference_49x36px,deflate_256,DEFLATE,256,38,6,1678,461178014,461389907,211894,206,bytes 461178014-461389907/498427477,211894,211894,147.02341700103716,147.05887500167591,178.9815419979277,326.080250000814,True,
2,87,2,fresh-client,1,reference_49x36px,deflate_256,DEFLATE,256,39,6,1722,470066901,470277493,210593,206,bytes 470066901-470277493/498427477,210593,210593,631.9716250000056,632.0737919995736,152.1519169982639,784.2829580004036,True,
2,88,4,fresh-client,1,tiny_12x9px,lzw_512,LZW,512,19,3,421,613302768,614420752,1117985,206,bytes 613302768-614420752/661107776,1117985,1117985,157.76704200106906,157.8002079986618,1453.8878759994986,1611.7031260000658,True,
2,89,5,fresh-client,1,viewport_196x144px,deflate_512,DEFLATE,512,19,2,420,462155354,462985856,830503,206,bytes 462155354-462985856/499024403,830503,830503,220.58329200081062,220.62408399870037,445.88108400057536,666.5832510007021,True,
2,89,5,fresh-client,1,viewport_196x144px,deflate_512,DEFLATE,512,19,3,421,462985865,463831501,845637,206,bytes 462985865-463831501/499024403,845637,845637,157.22979100246448,157.2636250020878,982.0291260002705,1139.3305840028916,True,
2,90,5,fresh-client,1,large_aoi_392x288px,lzw_512,LZW,512,19,2,420,612205443,613302759,1097317,206,bytes 612205443-613302759/661107776,1097317,1097317,155.2475839998806,155.28537499994854,372.28275000234134,527.6056670008984,True,
2,90,5,fresh-client,1,large_aoi_392x288px,lzw_512,LZW,512,19,3,421,613302768,614420752,1117985,206,bytes 613302768-614420752/661107776,1117985,1117985,134.2292509980325,134.25808399915695,324.41225000002305,458.71558399812784,True,
2,91,1,fresh-client,1,large_aoi_392x288px,zstd_128,ZSTD,128,77,10,6786,459022256,459074574,52319,206,bytes 459022256-459074574/492119117,52319,52319,158.1453339967993,158.17770899957395,70.25654100289103,228.44762499880744,True,
2,91,1,fresh-client,1,large_aoi_392x288px,zstd_128,ZSTD,128,77,11,6787,459074583,459126136,51554,206,bytes 459074583-459126136/492119117,51554,51554,280.82637499755947,280.94249999776366,105.96604099919205,386.95787499818834,True,
2,91,1,fresh-client,1,large_aoi_392x288px,zstd_128,ZSTD,128,77,12,6788,459126145,459177002,50858,206,bytes 459126145-459177002/492119117,50858,50858,193.6460420001822,193.6842089999118,52.47816600240185,246.182916998805,True,
2,91,1,fresh-client,1,large_aoi_392x288px,zstd_128,ZSTD,128,77,13,6789,459177011,459229715,52705,206,bytes 459177011-459229715/492119117,52705,52705,156.1072080003214,156.1398330013617,127.19066699719406,283.4670830015966,True,
2,91,1,fresh-client,1,large_aoi_392x288px,zstd_128,ZSTD,128,78,10,6874,463438439,463490001,51563,206,bytes 463438439-463490001/492119117,51563,51563,172.1951250001439,172.25537500053179,88.47208400038653,260.7648339981097,True,
2,91,1,fresh-client,1,large_aoi_392x288px,zstd_128,ZSTD,128,78,11,6875,463490010,463540744,50735,206,bytes 463490010-463540744/492119117,50735,50735,219.2857920017559,219.34133299873793,48.6159169995517,267.9998749990773,True,
2,91,1,fresh-client,1,large_aoi_392x288px,zstd_128,ZSTD,128,78,12,6876,463540753,463592563,51811,206,bytes 463540753-463592563/492119117,51811,51811,150.60162499867147,150.63300000110758,52.4161670000467,203.06600000185426,True,
2,91,1,fresh-client,1,large_aoi_392x288px,zstd_128,ZSTD,128,78,13,6877,463592572,463646112,53541,206,bytes 463592572-463646112/492119117,53541,53541,164.47770800004946,164.51820799920824,75.23354200020549,239.78133299897308,True,
2,91,1,fresh-client,1,large_aoi_392x288px,zstd_128,ZSTD,128,79,10,6962,467744704,467795492,50789,206,bytes 467744704-467795492/492119117,50789,50789,363.8534999990952,363.88862500098185,139.65662500049802,503.6227919990779,True,
2,91,1,fresh-client,1,large_aoi_392x288px,zstd_128,ZSTD,128,79,11,6963,467795501,467846880,51380,206,bytes 467795501-467846880/492119117,51380,51380,134.77445800162968,134.80250000066007,55.684250000922475,190.49908300075913,True,
2,91,1,fresh-client,1,large_aoi_392x288px,zstd_128,ZSTD,128,79,12,6964,467846889,467899652,52764,206,bytes 467846889-467899652/492119117,52764,52764,141.26491700153565,141.29616699938197,89.49754200148163,230.834459001926,True,
2,91,1,fresh-client,1,large_aoi_392x288px,zstd_128,ZSTD,128,79,13,6965,467899661,467948544,48884,206,bytes 467899661-467948544/492119117,48884,48884,128.85754200033261,128.88570900031482,58.745708000060404,187.6425839982403,True,
2,92,4,fresh-client,1,viewport_98x72px,zstd_256,ZSTD,256,38,6,1678,453731252,453940035,208784,206,bytes 453731252-453940035/490384277,208784,208784,131.24179200167418,131.28354199943715,149.53362500091316,280.8615419999114,True,
2,92,4,fresh-client,1,viewport_98x72px,zstd_256,ZSTD,256,39,6,1722,462498953,462705745,206793,206,bytes 462498953-462705745/490384277,206793,206793,232.950500001607,233.02637500091805,554.3600840028375,787.4239580014546,True,
2,93,5,fresh-client,1,reference_49x36px,deflate_512,DEFLATE,512,19,3,421,462985865,463831501,845637,206,bytes 462985865-463831501/499024403,845637,845637,181.5383759967517,181.57475099724252,303.7205410000752,485.33175099873915,True,
2,94,3,fresh-client,1,tiny_12x9px,zstd_512,ZSTD,512,19,3,421,454757753,455587037,829285,206,bytes 454757753-455587037/490194415,829285,829285,205.61679199818172,205.66095799949835,466.0424169996986,671.7964999988908,True,
2,95,3,fresh-client,1,large_aoi_392x288px,zstd_512,ZSTD,512,19,2,420,453940732,454757744,817013,206,bytes 453940732-454757744/490194415,817013,817013,151.1732500002836,151.20575000037206,751.7948750028154,903.0479169996397,True,
2,95,3,fresh-client,1,large_aoi_392x288px,zstd_512,ZSTD,512,19,3,421,454757753,455587037,829285,206,bytes 454757753-455587037/490194415,829285,829285,175.37191600058577,175.40966600063257,311.2581669993233,486.8034580031235,True,
2,96,2,fresh-client,1,viewport_98x72px,zstd_512,ZSTD,512,19,3,421,454757753,455587037,829285,206,bytes 454757753-455587037/490194415,829285,829285,162.09366700059036,162.13108300144086,271.03154200085555,433.1869999987248,True,
2,97,4,fresh-client,1,viewport_196x144px,lzw_256,LZW,256,38,5,1677,611308756,611588074,279319,206,bytes 611308756-611588074/661012853,279319,279319,155.16225000101258,155.1992499989865,157.82541699809371,313.0667080004059,True,
2,97,4,fresh-client,1,viewport_196x144px,lzw_256,LZW,256,38,6,1678,611588083,611870179,282097,206,bytes 611588083-611870179/661012853,282097,282097,259.3382919985743,259.39862499944866,151.86766699844156,411.33470899876556,True,
2,97,4,fresh-client,1,viewport_196x144px,lzw_256,LZW,256,39,5,1721,623137353,623410197,272845,206,bytes 623137353-623410197/661012853,272845,272845,174.45800000132294,174.4998329995724,127.30929200188257,301.8554580012278,True,
2,97,4,fresh-client,1,viewport_196x144px,lzw_256,LZW,256,39,6,1722,623410206,623687723,277518,206,bytes 623410206-623687723/661012853,277518,277518,151.26716699887766,151.30108399898745,434.751791999588,586.1132509999152,True,
2,98,5,fresh-client,1,small_24x18px,zstd_256,ZSTD,256,39,6,1722,462498953,462705745,206793,206,bytes 462498953-462705745/490384277,206793,206793,144.6478340003523,144.6895000008226,127.37191699852701,272.1025000028021,True,
2,99,3,fresh-client,1,tiny_12x9px,deflate_128,DEFLATE,128,78,12,6876,470577948,470630526,52579,206,bytes 470577948-470630526/499617324,52579,52579,146.67279200148187,146.71395899858908,58.720749999338295,205.44562600116478,True,
2,100,2,fresh-client,1,reference_49x36px,lzw_256,LZW,256,38,6,1678,611588083,611870179,282097,206,bytes 611588083-611870179/661012853,282097,282097,139.7180420026416,139.74645900088944,119.98366599800647,259.76012500177603,True,
2,100,2,fresh-client,1,reference_49x36px,lzw_256,LZW,256,39,6,1722,623410206,623687723,277518,206,bytes 623410206-623687723/661012853,277518,277518,134.0329170016048,134.06125000255997,225.85487499964074,359.9744999992254,True,
2,101,2,fresh-client,1,reference_49x36px,lzw_512,LZW,512,19,3,421,613302768,614420752,1117985,206,bytes 613302768-614420752/661107776,1117985,1117985,326.12641699961387,326.15549999900395,332.94062499771826,659.1478329974052,True,
2,102,2,fresh-client,1,tiny_12x9px,lzw_128,LZW,128,78,12,6876,622814425,622884075,69651,206,bytes 622814425-622884075/661264391,69651,69651,176.34212600023602,176.38425100085442,203.63404200179502,380.0640420013224,True,
2,103,2,fresh-client,1,small_24x18px,lzw_256,LZW,256,39,6,1722,623410206,623687723,277518,206,bytes 623410206-623687723/661012853,277518,277518,141.00704099837458,141.0316250003234,377.5696249977045,518.6427079970599,True,
2,104,2,fresh-client,1,large_aoi_392x288px,zstd_256,ZSTD,256,38,5,1677,453523840,453731243,207404,206,bytes 453523840-453731243/490384277,207404,207404,350.4905419977149,350.5566669991822,732.296583999414,1082.9180000000633,True,
2,104,2,fresh-client,1,large_aoi_392x288px,zstd_256,ZSTD,256,38,6,1678,453731252,453940035,208784,206,bytes 453731252-453940035/490384277,208784,208784,164.8752080000122,164.90579200035427,251.4389170028153,416.43124999973224,True,
2,104,2,fresh-client,1,large_aoi_392x288px,zstd_256,ZSTD,256,39,5,1721,462295419,462498944,203526,206,bytes 462295419-462498944/490384277,203526,203526,148.0577500005893,148.0882500000007,154.0147909981897,302.1535000007134,True,
2,104,2,fresh-client,1,large_aoi_392x288px,zstd_256,ZSTD,256,39,6,1722,462498953,462705745,206793,206,bytes 462498953-462705745/490384277,206793,206793,151.49129199926392,151.5239170003042,127.68154200239223,279.24670799984597,True,
2,105,4,fresh-client,1,tiny_12x9px,zstd_512,ZSTD,512,19,3,421,454757753,455587037,829285,206,bytes 454757753-455587037/490194415,829285,829285,148.14116699926672,148.16720800081384,483.9429169987852,632.1700000007695,True,
2,106,1,fresh-client,1,viewport_98x72px,zstd_256,ZSTD,256,38,6,1678,453731252,453940035,208784,206,bytes 453731252-453940035/490384277,208784,208784,155.78691600239836,155.83062500081724,130.75649999882444,286.63295799924526,True,
2,106,1,fresh-client,1,viewport_98x72px,zstd_256,ZSTD,256,39,6,1722,462498953,462705745,206793,206,bytes 462498953-462705745/490384277,206793,206793,141.51758400112158,141.54508399951737,158.02508400156512,299.616750999121,True,
2,107,5,fresh-client,1,tiny_12x9px,deflate_512,DEFLATE,512,19,3,421,462985865,463831501,845637,206,bytes 462985865-463831501/499024403,845637,845637,132.2309999995923,132.25920900003985,439.7666670010949,572.0358340004168,True,
2,108,3,fresh-client,1,small_24x18px,lzw_512,LZW,512,19,3,421,613302768,614420752,1117985,206,bytes 613302768-614420752/661107776,1117985,1117985,154.5810839998012,154.61625099851517,433.5919160002959,588.304666998738,True,
2,109,2,fresh-client,1,viewport_196x144px,lzw_128,LZW,128,77,11,6787,616804272,616873511,69240,206,bytes 616804272-616873511/661264391,69240,69240,238.78125000192085,238.87762500089593,76.2166669992439,315.1603750011418,True,
2,109,2,fresh-client,1,viewport_196x144px,lzw_128,LZW,128,77,12,6788,616873520,616941718,68199,206,bytes 616873520-616941718/661264391,68199,68199,137.0981669970206,137.12891699833563,82.88466699741548,220.04245899734087,True,
2,109,2,fresh-client,1,viewport_196x144px,lzw_128,LZW,128,77,13,6789,616941727,617013200,71474,206,bytes 616941727-617013200/661264391,71474,71474,140.2911250006582,140.32033400144428,64.81504099792801,205.14641699992353,True,
2,109,2,fresh-client,1,viewport_196x144px,lzw_128,LZW,128,78,11,6875,622747033,622814416,67384,206,bytes 622747033-622814416/661264391,67384,67384,122.15366599775734,122.17724999936763,64.10445900110062,186.29208299898892,True,
2,109,2,fresh-client,1,viewport_196x144px,lzw_128,LZW,128,78,12,6876,622814425,622884075,69651,206,bytes 622814425-622884075/661264391,69651,69651,143.42845800274517,143.45925000088755,139.9939999973867,283.49279100075364,True,
2,109,2,fresh-client,1,viewport_196x144px,lzw_128,LZW,128,78,13,6877,622884084,622955954,71871,206,bytes 622884084-622955954/661264391,71871,71871,125.19991700173705,125.2336670004297,101.13191600248683,226.39929200158804,True,
2,110,3,fresh-client,1,large_aoi_392x288px,deflate_256,DEFLATE,256,38,5,1677,460967157,461178005,210849,206,bytes 460967157-461178005/498427477,210849,210849,136.56600000103936,136.58762500199373,415.4784999991534,552.1266249998007,True,
2,110,3,fresh-client,1,large_aoi_392x288px,deflate_256,DEFLATE,256,38,6,1678,461178014,461389907,211894,206,bytes 461178014-461389907/498427477,211894,211894,308.75908300004085,308.7851659984153,119.80133399993065,428.6005419999128,True,
2,110,3,fresh-client,1,large_aoi_392x288px,deflate_256,DEFLATE,256,39,5,1721,469859936,470066892,206957,206,bytes 469859936-470066892/498427477,206957,206957,182.09387499882723,182.13545799881103,144.78766699903645,326.95650000096066,True,
2,110,3,fresh-client,1,large_aoi_392x288px,deflate_256,DEFLATE,256,39,6,1722,470066901,470277493,210593,206,bytes 470066901-470277493/498427477,210593,210593,178.93895800079918,178.9897499984363,197.21945900164428,376.2557089976326,True,
2,111,3,fresh-client,1,viewport_98x72px,lzw_128,LZW,128,77,12,6788,616873520,616941718,68199,206,bytes 616873520-616941718/661264391,68199,68199,219.8353749990929,219.92424999916693,95.07212500102469,315.05162499888684,True,
2,111,3,fresh-client,1,viewport_98x72px,lzw_128,LZW,128,78,12,6876,622814425,622884075,69651,206,bytes 622814425-622884075/661264391,69651,69651,200.1761669998814,200.22925000012037,114.54137499822536,314.8172090004664,True,
2,112,5,fresh-client,1,large_aoi_392x288px,deflate_512,DEFLATE,512,19,2,420,462155354,462985856,830503,206,bytes 462155354-462985856/499024403,830503,830503,150.5283749975206,150.55670899891993,1307.3114170001645,1457.9345429992827,True,
2,112,5,fresh-client,1,large_aoi_392x288px,deflate_512,DEFLATE,512,19,3,421,462985865,463831501,845637,206,bytes 462985865-463831501/499024403,845637,845637,253.05391700021573,253.15479199707625,369.9763330005226,623.1849590003549,True,
2,113,2,fresh-client,1,tiny_12x9px,deflate_128,DEFLATE,128,78,12,6876,470577948,470630526,52579,206,bytes 470577948-470630526/499617324,52579,52579,183.25799999729497,183.2982499981881,52.89220799750183,236.21841699787183,True,
2,114,5,fresh-client,1,small_24x18px,zstd_128,ZSTD,128,78,12,6876,463540753,463592563,51811,206,bytes 463540753-463592563/492119117,51811,51811,466.6189169984136,466.73495899813133,59.47945899970364,526.27824999945,True,
2,115,1,fresh-client,1,viewport_196x144px,lzw_256,LZW,256,38,5,1677,611308756,611588074,279319,206,bytes 611308756-611588074/661012853,279319,279319,192.66937499924097,192.71183300224948,218.58575000078417,411.34404100012034,True,
2,115,1,fresh-client,1,viewport_196x144px,lzw_256,LZW,256,38,6,1678,611588083,611870179,282097,206,bytes 611588083-611870179/661012853,282097,282097,237.63425099969027,237.7459169983922,247.3260839979048,485.12787599975127,True,
2,115,1,fresh-client,1,viewport_196x144px,lzw_256,LZW,256,39,5,1721,623137353,623410197,272845,206,bytes 623137353-623410197/661012853,272845,272845,141.53000000078464,141.55858300000546,231.08666600091965,372.69008300063433,True,
2,115,1,fresh-client,1,viewport_196x144px,lzw_256,LZW,256,39,6,1722,623410206,623687723,277518,206,bytes 623410206-623687723/661012853,277518,277518,184.2170839991013,184.25745900094626,215.21970799949486,399.53220899769804,True,
2,116,2,fresh-client,1,reference_49x36px,lzw_128,LZW,128,77,12,6788,616873520,616941718,68199,206,bytes 616873520-616941718/661264391,68199,68199,128.8570830001845,128.88433299667668,174.2238750011893,303.1480419995205,True,
2,116,2,fresh-client,1,reference_49x36px,lzw_128,LZW,128,78,12,6876,622814425,622884075,69651,206,bytes 622814425-622884075/661264391,69651,69651,209.86812600312987,209.91929200317827,60.45749999975669,270.44258400201215,True,
2,117,2,fresh-client,1,small_24x18px,lzw_512,LZW,512,19,3,421,613302768,614420752,1117985,206,bytes 613302768-614420752/661107776,1117985,1117985,169.58295899894438,169.6198749996256,331.7657080006029,501.4271669970185,True,
2,118,5,fresh-client,1,tiny_12x9px,zstd_128,ZSTD,128,78,12,6876,463540753,463592563,51811,206,bytes 463540753-463592563/492119117,51811,51811,241.6300000004412,241.73954099751427,48.75825000272016,290.5510409982526,True,
2,119,4,fresh-client,1,reference_49x36px,deflate_256,DEFLATE,256,38,6,1678,461178014,461389907,211894,206,bytes 461178014-461389907/498427477,211894,211894,178.8737079987186,178.91400000007707,130.33424999957788,309.2896659982216,True,
2,119,4,fresh-client,1,reference_49x36px,deflate_256,DEFLATE,256,39,6,1722,470066901,470277493,210593,206,bytes 470066901-470277493/498427477,210593,210593,238.99045800135355,239.10633299965411,297.0282499991299,536.1932920022809,True,
2,120,4,fresh-client,1,viewport_98x72px,lzw_512,LZW,512,19,3,421,613302768,614420752,1117985,206,bytes 613302768-614420752/661107776,1117985,1117985,367.7417090002564,367.7820840021013,421.9463330009603,789.7816250006144,True,
2,121,1,fresh-client,1,viewport_98x72px,lzw_256,LZW,256,38,6,1678,611588083,611870179,282097,206,bytes 611588083-611870179/661012853,282097,282097,160.81233399745543,160.84425100052613,244.52704199939035,405.4140419975738,True,
2,121,1,fresh-client,1,viewport_98x72px,lzw_256,LZW,256,39,6,1722,623410206,623687723,277518,206,bytes 623410206-623687723/661012853,277518,277518,164.60525000002235,164.63754199867253,127.6565420012048,292.3420000006445,True,
2,122,1,fresh-client,1,tiny_12x9px,zstd_256,ZSTD,256,39,6,1722,462498953,462705745,206793,206,bytes 462498953-462705745/490384277,206793,206793,192.10979199851863,192.1580839989474,204.2592079997121,396.4718339993851,True,
2,123,5,fresh-client,1,viewport_196x144px,zstd_256,ZSTD,256,38,5,1677,453523840,453731243,207404,206,bytes 453523840-453731243/490384277,207404,207404,205.52145799956634,205.56283300174982,193.23179200000595,398.8406249991385,True,
2,123,5,fresh-client,1,viewport_196x144px,zstd_256,ZSTD,256,38,6,1678,453731252,453940035,208784,206,bytes 453731252-453940035/490384277,208784,208784,130.95145900297211,130.97845900119864,133.63479200052097,264.6491670020623,True,
2,123,5,fresh-client,1,viewport_196x144px,zstd_256,ZSTD,256,39,5,1721,462295419,462498944,203526,206,bytes 462295419-462498944/490384277,203526,203526,154.39520799918682,154.42691600037506,143.6228749989823,298.08849999972153,True,
2,123,5,fresh-client,1,viewport_196x144px,zstd_256,ZSTD,256,39,6,1722,462498953,462705745,206793,206,bytes 462498953-462705745/490384277,206793,206793,172.8022499992221,172.83366699848557,127.62545800069347,300.5074169996078,True,
2,124,5,fresh-client,1,viewport_196x144px,deflate_256,DEFLATE,256,38,5,1677,460967157,461178005,210849,206,bytes 460967157-461178005/498427477,210849,210849,253.08708300144644,253.19629099976737,212.98229199965135,466.2305829988327,True,
2,124,5,fresh-client,1,viewport_196x144px,deflate_256,DEFLATE,256,38,6,1678,461178014,461389907,211894,206,bytes 461178014-461389907/498427477,211894,211894,149.80562499840744,149.83933400071692,129.76774999697227,279.65120899898466,True,
2,124,5,fresh-client,1,viewport_196x144px,deflate_256,DEFLATE,256,39,5,1721,469859936,470066892,206957,206,bytes 469859936-470066892/498427477,206957,206957,197.6725409986102,197.7228749965434,253.09550000019954,450.86083299975144,True,
2,124,5,fresh-client,1,viewport_196x144px,deflate_256,DEFLATE,256,39,6,1722,470066901,470277493,210593,206,bytes 470066901-470277493/498427477,210593,210593,185.65387499984354,185.69820900302147,198.23908299804316,384.00737500342075,True,
2,125,4,fresh-client,1,small_24x18px,deflate_128,DEFLATE,128,78,12,6876,470577948,470630526,52579,206,bytes 470577948-470630526/499617324,52579,52579,155.03425000133575,155.0663340021856,71.92429100177833,227.00712500227382,True,
2,126,4,fresh-client,1,tiny_12x9px,zstd_256,ZSTD,256,39,6,1722,462498953,462705745,206793,206,bytes 462498953-462705745/490384277,206793,206793,142.3750009998912,142.40529200105811,122.83654199927696,265.2862920003827,True,
2,127,5,fresh-client,1,viewport_98x72px,deflate_128,DEFLATE,128,77,12,6788,466101002,466152431,51430,206,bytes 466101002-466152431/499617324,51430,51430,212.04320800097776,212.12712499982445,102.17295800248394,314.3462920015736,True,
2,127,5,fresh-client,1,viewport_98x72px,deflate_128,DEFLATE,128,78,12,6876,470577948,470630526,52579,206,bytes 470577948-470630526/499617324,52579,52579,160.75837500102352,160.79583300233935,54.29274999914924,215.10762500111014,True,
2,128,4,fresh-client,1,viewport_98x72px,zstd_128,ZSTD,128,77,12,6788,459126145,459177002,50858,206,bytes 459126145-459177002/492119117,50858,50858,131.07345900061773,131.10341700303252,56.910582999989856,188.02625000171247,True,
2,128,4,fresh-client,1,viewport_98x72px,zstd_128,ZSTD,128,78,12,6876,463540753,463592563,51811,206,bytes 463540753-463592563/492119117,51811,51811,161.6504170015105,161.68958300113445,55.501958002423635,217.20537500004866,True,
2,129,5,fresh-client,1,small_24x18px,deflate_256,DEFLATE,256,39,6,1722,470066901,470277493,210593,206,bytes 470066901-470277493/498427477,210593,210593,259.3198329996085,259.45333300114726,125.01695900209597,384.52295800016145,True,
2,130,3,fresh-client,1,large_aoi_392x288px,zstd_128,ZSTD,128,77,10,6786,459022256,459074574,52319,206,bytes 459022256-459074574/492119117,52319,52319,328.24237500244635,328.2751670012658,68.69949999963865,396.98629200211144,True,
2,130,3,fresh-client,1,large_aoi_392x288px,zstd_128,ZSTD,128,77,11,6787,459074583,459126136,51554,206,bytes 459074583-459126136/492119117,51554,51554,127.74416600223049,127.78095800240408,267.12037499964936,394.92383300239453,True,
2,130,3,fresh-client,1,large_aoi_392x288px,zstd_128,ZSTD,128,77,12,6788,459126145,459177002,50858,206,bytes 459126145-459177002/492119117,50858,50858,258.7290829978883,258.833791998768,117.79408400252578,376.6722500004107,True,
2,130,3,fresh-client,1,large_aoi_392x288px,zstd_128,ZSTD,128,77,13,6789,459177011,459229715,52705,206,bytes 459177011-459229715/492119117,52705,52705,145.61708299879683,145.6531250005355,77.65304200074752,223.32608299984713,True,
2,130,3,fresh-client,1,large_aoi_392x288px,zstd_128,ZSTD,128,78,10,6874,463438439,463490001,51563,206,bytes 463438439-463490001/492119117,51563,51563,138.4385419987666,138.46537499921396,85.85670799948275,224.33299999829615,True,
2,130,3,fresh-client,1,large_aoi_392x288px,zstd_128,ZSTD,128,78,11,6875,463490010,463540744,50735,206,bytes 463490010-463540744/492119117,50735,50735,146.65262500056997,146.68212499964284,98.20062500148197,244.9127079999016,True,
2,130,3,fresh-client,1,large_aoi_392x288px,zstd_128,ZSTD,128,78,12,6876,463540753,463592563,51811,206,bytes 463540753-463592563/492119117,51811,51811,165.18454200195265,165.22833300041384,50.40595800164738,215.6512500005192,True,
2,130,3,fresh-client,1,large_aoi_392x288px,zstd_128,ZSTD,128,78,13,6877,463592572,463646112,53541,206,bytes 463592572-463646112/492119117,53541,53541,187.7276660015923,187.76912500106846,65.68041699938476,253.47837500157766,True,
2,130,3,fresh-client,1,large_aoi_392x288px,zstd_128,ZSTD,128,79,10,6962,467744704,467795492,50789,206,bytes 467744704-467795492/492119117,50789,50789,233.61391599974013,233.73133299901383,77.13283300108742,310.91449999803444,True,
2,130,3,fresh-client,1,large_aoi_392x288px,zstd_128,ZSTD,128,79,11,6963,467795501,467846880,51380,206,bytes 467795501-467846880/492119117,51380,51380,146.14279200031888,146.17050100059714,60.20116699801292,206.38162599789212,True,
2,130,3,fresh-client,1,large_aoi_392x288px,zstd_128,ZSTD,128,79,12,6964,467846889,467899652,52764,206,bytes 467846889-467899652/492119117,52764,52764,272.28333299717633,272.39320799708366,59.17925000176183,331.6169579993584,True,
2,130,3,fresh-client,1,large_aoi_392x288px,zstd_128,ZSTD,128,79,13,6965,467899661,467948544,48884,206,bytes 467899661-467948544/492119117,48884,48884,198.91466700210003,198.9577080021263,89.55700099977548,288.55975000260514,True,
2,131,2,fresh-client,1,viewport_196x144px,lzw_256,LZW,256,38,5,1677,611308756,611588074,279319,206,bytes 611308756-611588074/661012853,279319,279319,266.25691699882736,266.4426250012184,155.09441699759918,421.5916670000297,True,
2,131,2,fresh-client,1,viewport_196x144px,lzw_256,LZW,256,38,6,1678,611588083,611870179,282097,206,bytes 611588083-611870179/661012853,282097,282097,228.1982499989681,228.29741700115846,180.74404200160643,409.0912499996193,True,
2,131,2,fresh-client,1,viewport_196x144px,lzw_256,LZW,256,39,5,1721,623137353,623410197,272845,206,bytes 623137353-623410197/661012853,272845,272845,160.04887499730103,160.0798749968817,199.9202500010142,360.0461659989378,True,
2,131,2,fresh-client,1,viewport_196x144px,lzw_256,LZW,256,39,6,1722,623410206,623687723,277518,206,bytes 623410206-623687723/661012853,277518,277518,146.18050100034452,146.20833400113042,541.0964170005172,687.3567510010616,True,
2,132,1,fresh-client,1,viewport_196x144px,deflate_512,DEFLATE,512,19,2,420,462155354,462985856,830503,206,bytes 462155354-462985856/499024403,830503,830503,142.72533300027135,142.7551249980752,1498.024833999807,1640.8442510000896,True,
2,132,1,fresh-client,1,viewport_196x144px,deflate_512,DEFLATE,512,19,3,421,462985865,463831501,845637,206,bytes 462985865-463831501/499024403,845637,845637,237.0950830008951,237.20808300276985,320.7135000011476,557.9507920010656,True,
2,133,5,fresh-client,1,tiny_12x9px,deflate_256,DEFLATE,256,39,6,1722,470066901,470277493,210593,206,bytes 470066901-470277493/498427477,210593,210593,142.3464170002262,142.38108399877092,163.9167079993058,306.37441699946066,True,
2,134,3,fresh-client,1,viewport_196x144px,lzw_128,LZW,128,77,11,6787,616804272,616873511,69240,206,bytes 616804272-616873511/661264391,69240,69240,431.66741599998204,431.8680409996887,61.12162499994156,493.0294999976468,True,
2,134,3,fresh-client,1,viewport_196x144px,lzw_128,LZW,128,77,12,6788,616873520,616941718,68199,206,bytes 616873520-616941718/661264391,68199,68199,149.34733400150435,149.39437500288477,1091.6872920024616,1241.1459590002778,True,
2,134,3,fresh-client,1,viewport_196x144px,lzw_128,LZW,128,77,13,6789,616941727,617013200,71474,206,bytes 616941727-617013200/661264391,71474,71474,152.29104199897847,152.32491699862294,113.98824999923818,266.4434580001398,True,
2,134,3,fresh-client,1,viewport_196x144px,lzw_128,LZW,128,78,11,6875,622747033,622814416,67384,206,bytes 622747033-622814416/661264391,67384,67384,139.98787500167964,140.01712499884889,143.3892079985526,283.4455420015729,True,
2,134,3,fresh-client,1,viewport_196x144px,lzw_128,LZW,128,78,12,6876,622814425,622884075,69651,206,bytes 622814425-622884075/661264391,69651,69651,249.7368340009416,249.84354199841619,70.45350000043982,320.34158399983426,True,
2,134,3,fresh-client,1,viewport_196x144px,lzw_128,LZW,128,78,13,6877,622884084,622955954,71871,206,bytes 622884084-622955954/661264391,71871,71871,155.4768750029325,155.5188750025991,147.40562500082888,302.95670900159166,True,
2,135,4,fresh-client,1,tiny_12x9px,deflate_512,DEFLATE,512,19,3,421,462985865,463831501,845637,206,bytes 462985865-463831501/499024403,845637,845637,196.47466700189398,196.52379200124415,554.5957499998622,751.154208999651,True,
2,136,5,fresh-client,1,small_24x18px,deflate_128,DEFLATE,128,78,12,6876,470577948,470630526,52579,206,bytes 470577948-470630526/499617324,52579,52579,154.5435420011927,154.574792002677,58.1642910001392,212.75525000237394,True,
2,137,4,fresh-client,1,viewport_196x144px,lzw_128,LZW,128,77,11,6787,616804272,616873511,69240,206,bytes 616804272-616873511/661264391,69240,69240,136.54391700038104,136.57724999939092,122.37208299848135,259.0510840018396,True,
2,137,4,fresh-client,1,viewport_196x144px,lzw_128,LZW,128,77,12,6788,616873520,616941718,68199,206,bytes 616873520-616941718/661264391,68199,68199,160.36458300004597,160.3954580023128,58.61929200182203,219.02691700233845,True,
2,137,4,fresh-client,1,viewport_196x144px,lzw_128,LZW,128,77,13,6789,616941727,617013200,71474,206,bytes 616941727-617013200/661264391,71474,71474,213.9859160015476,214.07858300153748,54.33245899985195,268.4475419991941,True,
2,137,4,fresh-client,1,viewport_196x144px,lzw_128,LZW,128,78,11,6875,622747033,622814416,67384,206,bytes 622747033-622814416/661264391,67384,67384,170.2812500006985,170.31333400154836,56.164957997680176,226.48975000265636,True,
2,137,4,fresh-client,1,viewport_196x144px,lzw_128,LZW,128,78,12,6876,622814425,622884075,69651,206,bytes 622814425-622884075/661264391,69651,69651,162.40312499940046,162.44212500168942,159.34262500013574,321.8298749998212,True,
2,137,4,fresh-client,1,viewport_196x144px,lzw_128,LZW,128,78,13,6877,622884084,622955954,71871,206,bytes 622884084-622955954/661264391,71871,71871,216.13549999892712,216.1935000003723,89.9373749998631,306.17200000051525,True,
2,138,1,fresh-client,1,viewport_196x144px,zstd_512,ZSTD,512,19,2,420,453940732,454757744,817013,206,bytes 453940732-454757744/490194415,817013,817013,201.61895799901686,201.66354100001627,382.4434169982851,584.154916999978,True,
2,138,1,fresh-client,1,viewport_196x144px,zstd_512,ZSTD,512,19,3,421,454757753,455587037,829285,206,bytes 454757753-455587037/490194415,829285,829285,163.78262500074925,163.81987500062678,551.7410419997759,715.601042000344,True,
2,139,3,fresh-client,1,large_aoi_392x288px,lzw_256,LZW,256,38,5,1677,611308756,611588074,279319,206,bytes 611308756-611588074/661012853,279319,279319,167.88733300199965,167.9182080006285,190.41841700163786,358.37420800089603,True,
2,139,3,fresh-client,1,large_aoi_392x288px,lzw_256,LZW,256,38,6,1678,611588083,611870179,282097,206,bytes 611588083-611870179/661012853,282097,282097,153.16475000145147,153.19583299788064,543.2819590023428,696.5345419994264,True,
2,139,3,fresh-client,1,large_aoi_392x288px,lzw_256,LZW,256,39,5,1721,623137353,623410197,272845,206,bytes 623137353-623410197/661012853,272845,272845,128.7727079979959,128.80487499933224,150.00050099843065,278.88783299931674,True,
2,139,3,fresh-client,1,large_aoi_392x288px,lzw_256,LZW,256,39,6,1722,623410206,623687723,277518,206,bytes 623410206-623687723/661012853,277518,277518,349.251166000613,349.30508300021756,156.76079200056847,506.1112500006857,True,
2,140,3,fresh-client,1,small_24x18px,deflate_512,DEFLATE,512,19,3,421,462985865,463831501,845637,206,bytes 462985865-463831501/499024403,845637,845637,188.961959000153,189.0077919997566,324.861332999717,513.9167919987813,True,
2,141,5,fresh-client,1,tiny_12x9px,lzw_512,LZW,512,19,3,421,613302768,614420752,1117985,206,bytes 613302768-614420752/661107776,1117985,1117985,144.74179199896753,144.76983300119173,667.4607919994742,812.2903340008634,True,
2,142,3,fresh-client,1,small_24x18px,deflate_256,DEFLATE,256,39,6,1722,470066901,470277493,210593,206,bytes 470066901-470277493/498427477,210593,210593,132.4034169992956,132.4445829995966,187.32037500012666,319.7952499976964,True,
2,143,5,fresh-client,1,reference_49x36px,lzw_256,LZW,256,38,6,1678,611588083,611870179,282097,206,bytes 611588083-611870179/661012853,282097,282097,153.03708300052676,153.06825000152458,153.30133300085436,306.4142910006922,True,
2,143,5,fresh-client,1,reference_49x36px,lzw_256,LZW,256,39,6,1722,623410206,623687723,277518,206,bytes 623410206-623687723/661012853,277518,277518,300.6220419993042,300.75104199931957,450.4101670027012,751.2744590021612,True,
2,144,2,fresh-client,1,viewport_196x144px,zstd_128,ZSTD,128,77,11,6787,459074583,459126136,51554,206,bytes 459074583-459126136/492119117,51554,51554,159.59766599917202,159.63670799828833,92.23929200015846,251.9227079974371,True,
2,144,2,fresh-client,1,viewport_196x144px,zstd_128,ZSTD,128,77,12,6788,459126145,459177002,50858,206,bytes 459126145-459177002/492119117,50858,50858,151.9921670005715,152.02208300252096,58.38275000132853,210.41658300237032,True,
2,144,2,fresh-client,1,viewport_196x144px,zstd_128,ZSTD,128,77,13,6789,459177011,459229715,52705,206,bytes 459177011-459229715/492119117,52705,52705,167.44662500059349,167.48637500131736,45.17416700036847,212.67645899933996,True,
2,144,2,fresh-client,1,viewport_196x144px,zstd_128,ZSTD,128,78,11,6875,463490010,463540744,50735,206,bytes 463490010-463540744/492119117,50735,50735,146.07395799976075,146.12291699813795,60.84266600009869,206.97799999834388,True,
2,144,2,fresh-client,1,viewport_196x144px,zstd_128,ZSTD,128,78,12,6876,463540753,463592563,51811,206,bytes 463540753-463592563/492119117,51811,51811,186.31158399875858,186.35962599728373,132.17762500062236,318.5957089990552,True,
2,144,2,fresh-client,1,viewport_196x144px,zstd_128,ZSTD,128,78,13,6877,463592572,463646112,53541,206,bytes 463592572-463646112/492119117,53541,53541,179.2822499992326,179.31716599923675,520.447916998819,699.8351250003907,True,
2,145,1,fresh-client,1,viewport_98x72px,lzw_512,LZW,512,19,3,421,613302768,614420752,1117985,206,bytes 613302768-614420752/661107776,1117985,1117985,139.09837499886635,139.12812499984284,1088.9577510024537,1228.1405009998707,True,
2,146,2,fresh-client,1,tiny_12x9px,zstd_512,ZSTD,512,19,3,421,454757753,455587037,829285,206,bytes 454757753-455587037/490194415,829285,829285,136.44550000026356,136.4772080014518,541.0126259994286,677.5584999995772,True,
2,147,4,fresh-client,1,large_aoi_392x288px,lzw_128,LZW,128,77,10,6786,616734150,616804263,70114,206,bytes 616734150-616804263/661264391,70114,70114,221.29612500066287,221.34900000310154,178.6650410031143,400.0369160021364,True,
2,147,4,fresh-client,1,large_aoi_392x288px,lzw_128,LZW,128,77,11,6787,616804272,616873511,69240,206,bytes 616804272-616873511/661264391,69240,69240,149.17262500239303,149.20675000030315,112.6869590007118,261.9192920028581,True,
2,147,4,fresh-client,1,large_aoi_392x288px,lzw_128,LZW,128,77,12,6788,616873520,616941718,68199,206,bytes 616873520-616941718/661264391,68199,68199,281.21691700289375,281.32312500019907,69.41116700181738,350.75270800007274,True,
2,147,4,fresh-client,1,large_aoi_392x288px,lzw_128,LZW,128,77,13,6789,616941727,617013200,71474,206,bytes 616941727-617013200/661264391,71474,71474,165.49887499786564,165.5354169997736,70.96150000143098,236.53391699917847,True,
2,147,4,fresh-client,1,large_aoi_392x288px,lzw_128,LZW,128,78,10,6874,622678072,622747024,68953,206,bytes 622678072-622747024/661264391,68953,68953,165.66579199934495,165.70491699894774,88.25412499936647,254.0066260007734,True,
2,147,4,fresh-client,1,large_aoi_392x288px,lzw_128,LZW,128,78,11,6875,622747033,622814416,67384,206,bytes 622747033-622814416/661264391,67384,67384,339.9062499993306,339.93575000204146,170.38391700043576,510.3323760013154,True,
2,147,4,fresh-client,1,large_aoi_392x288px,lzw_128,LZW,128,78,12,6876,622814425,622884075,69651,206,bytes 622814425-622884075/661264391,69651,69651,160.50979200008442,160.55950000009034,244.83258300097077,405.44683400003123,True,
2,147,4,fresh-client,1,large_aoi_392x288px,lzw_128,LZW,128,78,13,6877,622884084,622955954,71871,206,bytes 622884084-622955954/661264391,71871,71871,192.73704100123723,192.77683300242643,158.74845900179935,351.5607080007612,True,
2,147,4,fresh-client,1,large_aoi_392x288px,lzw_128,LZW,128,79,10,6962,628465466,628533314,67849,206,bytes 628465466-628533314/661264391,67849,67849,161.9423750016722,161.9785420007247,142.2709170001326,304.2820840018976,True,
2,147,4,fresh-client,1,large_aoi_392x288px,lzw_128,LZW,128,79,11,6963,628533323,628602043,68721,206,bytes 628533323-628602043/661264391,68721,68721,141.02699999784818,141.05770799869788,79.71275000090827,220.79799999846728,True,
2,147,4,fresh-client,1,large_aoi_392x288px,lzw_128,LZW,128,79,12,6964,628602052,628673096,71045,206,bytes 628602052-628673096/661264391,71045,71045,158.27154199723736,158.3115009998437,54.96054100149195,213.2903339988843,True,
2,147,4,fresh-client,1,large_aoi_392x288px,lzw_128,LZW,128,79,13,6965,628673105,628737744,64640,206,bytes 628673105-628737744/661264391,64640,64640,140.72275000216905,140.75754200166557,98.73720900213812,239.53416700169328,True,
2,148,5,fresh-client,1,viewport_98x72px,lzw_256,LZW,256,38,6,1678,611588083,611870179,282097,206,bytes 611588083-611870179/661012853,282097,282097,184.9131250019127,184.95616699874518,231.98729199793888,416.9938750019355,True,
2,148,5,fresh-client,1,viewport_98x72px,lzw_256,LZW,256,39,6,1722,623410206,623687723,277518,206,bytes 623410206-623687723/661012853,277518,277518,140.20054200227605,140.23329200063017,182.56654200013145,322.82116699934704,True,
2,149,3,fresh-client,1,small_24x18px,zstd_128,ZSTD,128,78,12,6876,463540753,463592563,51811,206,bytes 463540753-463592563/492119117,51811,51811,138.2456249993993,138.29049999912968,63.73024999993504,202.03687499815715,True,
2,150,2,fresh-client,1,viewport_98x72px,deflate_128,DEFLATE,128,77,12,6788,466101002,466152431,51430,206,bytes 466101002-466152431/499617324,51430,51430,133.7956249990384,133.83149999935995,58.84333300127764,192.693542001507,True,
2,150,2,fresh-client,1,viewport_98x72px,deflate_128,DEFLATE,128,78,12,6876,470577948,470630526,52579,206,bytes 470577948-470630526/499617324,52579,52579,274.1452499976731,274.22433299943805,203.9050409985066,478.16429099839297,True,
2,151,2,fresh-client,1,reference_49x36px,deflate_128,DEFLATE,128,77,12,6788,466101002,466152431,51430,206,bytes 466101002-466152431/499617324,51430,51430,203.58279200081597,203.61112500177114,52.485125001112465,256.10791700091795,True,
2,151,2,fresh-client,1,reference_49x36px,deflate_128,DEFLATE,128,78,12,6876,470577948,470630526,52579,206,bytes 470577948-470630526/499617324,52579,52579,122.38704199990025,122.4171670000942,48.985416997311404,171.41258399715298,True,
2,152,3,fresh-client,1,viewport_196x144px,deflate_256,DEFLATE,256,38,5,1677,460967157,461178005,210849,206,bytes 460967157-461178005/498427477,210849,210849,128.03316700228606,128.06429199918057,125.29233299937914,253.40104200222413,True,
2,152,3,fresh-client,1,viewport_196x144px,deflate_256,DEFLATE,256,38,6,1678,461178014,461389907,211894,206,bytes 461178014-461389907/498427477,211894,211894,181.95883400039747,182.00495900237001,332.7259170000616,514.7698760010826,True,
2,152,3,fresh-client,1,viewport_196x144px,deflate_256,DEFLATE,256,39,5,1721,469859936,470066892,206957,206,bytes 469859936-470066892/498427477,206957,206957,170.74170900013996,170.77987499942537,103.95383300055983,274.7867090001819,True,
2,152,3,fresh-client,1,viewport_196x144px,deflate_256,DEFLATE,256,39,6,1722,470066901,470277493,210593,206,bytes 470066901-470277493/498427477,210593,210593,154.6733340001083,154.7047919993929,303.69608299952233,458.43866699942737,True,
2,153,4,fresh-client,1,large_aoi_392x288px,zstd_128,ZSTD,128,77,10,6786,459022256,459074574,52319,206,bytes 459022256-459074574/492119117,52319,52319,167.16391700174427,167.19854199982365,51.49099999835016,218.71350000219536,True,
2,153,4,fresh-client,1,large_aoi_392x288px,zstd_128,ZSTD,128,77,11,6787,459074583,459126136,51554,206,bytes 459074583-459126136/492119117,51554,51554,334.43304199681734,334.4644579992746,89.84445799796958,424.5777919968532,True,
2,153,4,fresh-client,1,large_aoi_392x288px,zstd_128,ZSTD,128,77,12,6788,459126145,459177002,50858,206,bytes 459126145-459177002/492119117,50858,50858,135.3470419999212,135.3779589990154,63.81429199973354,199.20474999889848,True,
2,153,4,fresh-client,1,large_aoi_392x288px,zstd_128,ZSTD,128,77,13,6789,459177011,459229715,52705,206,bytes 459177011-459229715/492119117,52705,52705,217.32312599851866,217.392791997554,55.318915998213924,272.78312599810306,True,
2,153,4,fresh-client,1,large_aoi_392x288px,zstd_128,ZSTD,128,78,10,6874,463438439,463490001,51563,206,bytes 463438439-463490001/492119117,51563,51563,157.20695900017745,157.2563750014524,53.11829199854401,210.3886250006326,True,
2,153,4,fresh-client,1,large_aoi_392x288px,zstd_128,ZSTD,128,78,11,6875,463490010,463540744,50735,206,bytes 463490010-463540744/492119117,50735,50735,146.49437499974738,146.52466599727632,50.38375000003725,196.9227499976114,True,
2,153,4,fresh-client,1,large_aoi_392x288px,zstd_128,ZSTD,128,78,12,6876,463540753,463592563,51811,206,bytes 463540753-463592563/492119117,51811,51811,145.03849999891827,145.06783400065615,56.71854100000928,201.7996670001594,True,
2,153,4,fresh-client,1,large_aoi_392x288px,zstd_128,ZSTD,128,78,13,6877,463592572,463646112,53541,206,bytes 463592572-463646112/492119117,53541,53541,147.02216700243298,147.05666699956055,158.20099999837112,305.3025000008347,True,
2,153,4,fresh-client,1,large_aoi_392x288px,zstd_128,ZSTD,128,79,10,6962,467744704,467795492,50789,206,bytes 467744704-467795492/492119117,50789,50789,155.9825840013218,156.01600000081817,56.90487500032759,212.93395899920142,True,
2,153,4,fresh-client,1,large_aoi_392x288px,zstd_128,ZSTD,128,79,11,6963,467795501,467846880,51380,206,bytes 467795501-467846880/492119117,51380,51380,136.11374999891268,136.14979200065136,57.14795799940475,193.31600000077742,True,
2,153,4,fresh-client,1,large_aoi_392x288px,zstd_128,ZSTD,128,79,12,6964,467846889,467899652,52764,206,bytes 467846889-467899652/492119117,52764,52764,175.51758400077233,175.5536669988942,50.66554099903442,226.2786249993951,True,
2,153,4,fresh-client,1,large_aoi_392x288px,zstd_128,ZSTD,128,79,13,6965,467899661,467948544,48884,206,bytes 467899661-467948544/492119117,48884,48884,127.67895800061524,127.7122080027766,91.66679200279759,219.39641599965398,True,
2,154,4,fresh-client,1,large_aoi_392x288px,deflate_128,DEFLATE,128,77,10,6786,465995630,466048722,53093,206,bytes 465995630-466048722/499617324,53093,53093,216.11354199922062,216.1703759993543,70.4371669999091,286.6365840018261,True,
2,154,4,fresh-client,1,large_aoi_392x288px,deflate_128,DEFLATE,128,77,11,6787,466048731,466100993,52263,206,bytes 466048731-466100993/499617324,52263,52263,150.61262500239536,150.64129200254683,134.55070800046087,285.2392080021673,True,
2,154,4,fresh-client,1,large_aoi_392x288px,deflate_128,DEFLATE,128,77,12,6788,466101002,466152431,51430,206,bytes 466101002-466152431/499617324,51430,51430,151.33725000123377,151.37241599950357,61.53654100126005,212.92579100190778,True,
2,154,4,fresh-client,1,large_aoi_392x288px,deflate_128,DEFLATE,128,77,13,6789,466152440,466206025,53586,206,bytes 466152440-466206025/499617324,53586,53586,146.93350100060343,146.95987599770888,80.94241599974339,227.9204589976871,True,
2,154,4,fresh-client,1,large_aoi_392x288px,deflate_128,DEFLATE,128,78,10,6874,470474183,470526343,52161,206,bytes 470474183-470526343/499617324,52161,52161,203.1177499993646,203.16633399852435,53.80766700181994,257.02512499992736,True,
2,154,4,fresh-client,1,large_aoi_392x288px,deflate_128,DEFLATE,128,78,11,6875,470526352,470577939,51588,206,bytes 470526352-470577939/499617324,51588,51588,161.41054200124927,161.44174999863026,74.25612500082934,235.72499999863794,True,
2,154,4,fresh-client,1,large_aoi_392x288px,deflate_128,DEFLATE,128,78,12,6876,470577948,470630526,52579,206,bytes 470577948-470630526/499617324,52579,52579,141.61233399863704,141.64220899692737,68.42404200142482,210.0797919993056,True,
2,154,4,fresh-client,1,large_aoi_392x288px,deflate_128,DEFLATE,128,78,13,6877,470630535,470685000,54466,206,bytes 470630535-470685000/499617324,54466,54466,138.6312499998894,138.6570840004424,96.70333299800404,235.39679199893726,True,
2,154,4,fresh-client,1,large_aoi_392x288px,deflate_128,DEFLATE,128,79,10,6962,474844867,474896322,51456,206,bytes 474844867-474896322/499617324,51456,51456,385.24987600249005,385.29920899964054,96.21250000054715,481.5632509998977,True,
2,154,4,fresh-client,1,large_aoi_392x288px,deflate_128,DEFLATE,128,79,11,6963,474896331,474948466,52136,206,bytes 474896331-474948466/499617324,52136,52136,186.26812500224332,186.3270830035617,93.9122080017114,280.36387500105775,True,
2,154,4,fresh-client,1,large_aoi_392x288px,deflate_128,DEFLATE,128,79,12,6964,474948475,475002211,53737,206,bytes 474948475-475002211/499617324,53737,53737,170.83795799771906,170.87366600026144,94.16483400127618,265.07795799989253,True,
2,154,4,fresh-client,1,large_aoi_392x288px,deflate_128,DEFLATE,128,79,13,6965,475002220,475052147,49928,206,bytes 475002220-475052147/499617324,49928,49928,151.5812920006283,151.6148750015418,196.3767499983078,348.03254200232914,True,
2,155,5,fresh-client,1,reference_49x36px,lzw_512,LZW,512,19,3,421,613302768,614420752,1117985,206,bytes 613302768-614420752/661107776,1117985,1117985,159.59133400247083,159.6193340010359,510.0240419997135,669.6822090016212,True,
2,156,3,fresh-client,1,viewport_98x72px,zstd_128,ZSTD,128,77,12,6788,459126145,459177002,50858,206,bytes 459126145-459177002/492119117,50858,50858,361.2933750009688,361.391583999648,101.50004200113472,462.96129199981806,True,
2,156,3,fresh-client,1,viewport_98x72px,zstd_128,ZSTD,128,78,12,6876,463540753,463592563,51811,206,bytes 463540753-463592563/492119117,51811,51811,208.98379099890008,209.05191600104445,247.27470799916773,456.3737909993506,True,
2,157,4,fresh-client,1,viewport_196x144px,deflate_512,DEFLATE,512,19,2,420,462155354,462985856,830503,206,bytes 462155354-462985856/499024403,830503,830503,188.61391599784838,188.66354099736782,902.7134589996422,1091.4122920003138,True,
2,157,4,fresh-client,1,viewport_196x144px,deflate_512,DEFLATE,512,19,3,421,462985865,463831501,845637,206,bytes 462985865-463831501/499024403,845637,845637,222.50912500021514,222.55820799909998,385.35233400034485,607.944999999745,True,
2,158,2,fresh-client,1,large_aoi_392x288px,deflate_512,DEFLATE,512,19,2,420,462155354,462985856,830503,206,bytes 462155354-462985856/499024403,830503,830503,173.22483400130295,173.26350000075763,467.22404200045276,640.5299170000944,True,
2,158,2,fresh-client,1,large_aoi_392x288px,deflate_512,DEFLATE,512,19,3,421,462985865,463831501,845637,206,bytes 462985865-463831501/499024403,845637,845637,281.7855409994081,281.9095410013688,401.7087510001147,683.6528329986322,True,
2,159,1,fresh-client,1,reference_49x36px,lzw_256,LZW,256,38,6,1678,611588083,611870179,282097,206,bytes 611588083-611870179/661012853,282097,282097,135.81920800061198,135.85116600006586,182.01070800205343,317.97133299915004,True,
2,159,1,fresh-client,1,reference_49x36px,lzw_256,LZW,256,39,6,1722,623410206,623687723,277518,206,bytes 623410206-623687723/661012853,277518,277518,174.1308749988093,174.1625409995322,246.06262499946752,420.26945799807436,True,
2,160,1,fresh-client,1,reference_49x36px,deflate_512,DEFLATE,512,19,3,421,462985865,463831501,845637,206,bytes 462985865-463831501/499024403,845637,845637,160.69312499894295,160.72274999896763,356.1688750014582,516.9265420008742,True,
2,161,5,fresh-client,1,large_aoi_392x288px,zstd_128,ZSTD,128,77,10,6786,459022256,459074574,52319,206,bytes 459022256-459074574/492119117,52319,52319,166.01620799701777,166.05391600023722,54.36320900116698,220.43516599660506,True,
2,161,5,fresh-client,1,large_aoi_392x288px,zstd_128,ZSTD,128,77,11,6787,459074583,459126136,51554,206,bytes 459074583-459126136/492119117,51554,51554,204.6673339973495,204.69883399709943,58.54904200168676,263.2709999998042,True,
2,161,5,fresh-client,1,large_aoi_392x288px,zstd_128,ZSTD,128,77,12,6788,459126145,459177002,50858,206,bytes 459126145-459177002/492119117,50858,50858,150.19791700251517,150.23629200004507,51.572208998550195,201.8306250029127,True,
2,161,5,fresh-client,1,large_aoi_392x288px,zstd_128,ZSTD,128,77,13,6789,459177011,459229715,52705,206,bytes 459177011-459229715/492119117,52705,52705,166.33891700257664,166.37816699949326,58.207457997923484,224.59937500025262,True,
2,161,5,fresh-client,1,large_aoi_392x288px,zstd_128,ZSTD,128,78,10,6874,463438439,463490001,51563,206,bytes 463438439-463490001/492119117,51563,51563,119.57812499895226,119.62129200037452,65.1577089993225,184.7900419998041,True,
2,161,5,fresh-client,1,large_aoi_392x288px,zstd_128,ZSTD,128,78,11,6875,463490010,463540744,50735,206,bytes 463490010-463540744/492119117,50735,50735,435.7709169998998,435.8012919983594,65.06325000009383,500.87737499779905,True,
2,161,5,fresh-client,1,large_aoi_392x288px,zstd_128,ZSTD,128,78,12,6876,463540753,463592563,51811,206,bytes 463540753-463592563/492119117,51811,51811,132.50962500023888,132.5383339972177,48.2815830000618,180.82954199780943,True,
2,161,5,fresh-client,1,large_aoi_392x288px,zstd_128,ZSTD,128,78,13,6877,463592572,463646112,53541,206,bytes 463592572-463646112/492119117,53541,53541,131.1499580006057,131.17454100211035,89.14616699985345,220.34045799955493,True,
2,161,5,fresh-client,1,large_aoi_392x288px,zstd_128,ZSTD,128,79,10,6962,467744704,467795492,50789,206,bytes 467744704-467795492/492119117,50789,50789,128.83229199724155,128.85874999847147,55.07025000042631,183.95358399720863,True,
2,161,5,fresh-client,1,large_aoi_392x288px,zstd_128,ZSTD,128,79,11,6963,467795501,467846880,51380,206,bytes 467795501-467846880/492119117,51380,51380,183.76158300088719,183.80195799909416,132.98424999811687,316.8434580002213,True,
2,161,5,fresh-client,1,large_aoi_392x288px,zstd_128,ZSTD,128,79,12,6964,467846889,467899652,52764,206,bytes 467846889-467899652/492119117,52764,52764,175.46962499909569,175.5109170007927,55.43937500260654,230.97591700206976,True,
2,161,5,fresh-client,1,large_aoi_392x288px,zstd_128,ZSTD,128,79,13,6965,467899661,467948544,48884,206,bytes 467899661-467948544/492119117,48884,48884,143.5018329975719,143.53441699859104,48.484666000149446,192.02999999833992,True,
2,162,3,fresh-client,1,reference_49x36px,lzw_256,LZW,256,38,6,1678,611588083,611870179,282097,206,bytes 611588083-611870179/661012853,282097,282097,153.66795799855026,153.7007499973697,298.2866250022198,452.01554099912755,True,
2,162,3,fresh-client,1,reference_49x36px,lzw_256,LZW,256,39,6,1722,623410206,623687723,277518,206,bytes 623410206-623687723/661012853,277518,277518,200.4903760025627,200.54458400045405,129.6498750016326,330.2565840021998,True,
2,163,4,fresh-client,1,reference_49x36px,deflate_512,DEFLATE,512,19,3,421,462985865,463831501,845637,206,bytes 462985865-463831501/499024403,845637,845637,159.67074999934994,159.7020410008554,314.3922510025732,474.1407920009806,True,
2,164,3,fresh-client,1,viewport_196x144px,lzw_256,LZW,256,38,5,1677,611308756,611588074,279319,206,bytes 611308756-611588074/661012853,279319,279319,211.31387500281562,211.38695800254936,408.0389170012495,619.4901250019029,True,
2,164,3,fresh-client,1,viewport_196x144px,lzw_256,LZW,256,38,6,1678,611588083,611870179,282097,206,bytes 611588083-611870179/661012853,282097,282097,165.05141699963133,165.1012090005679,184.4915840010799,349.6332920003624,True,
2,164,3,fresh-client,1,viewport_196x144px,lzw_256,LZW,256,39,5,1721,623137353,623410197,272845,206,bytes 623137353-623410197/661012853,272845,272845,183.34533400047803,183.3860420010751,178.56154200126184,361.9683340002666,True,
2,164,3,fresh-client,1,viewport_196x144px,lzw_256,LZW,256,39,6,1722,623410206,623687723,277518,206,bytes 623410206-623687723/661012853,277518,277518,195.42941699910443,195.45545900109573,130.45308400251088,325.9250420014723,True,
2,165,5,fresh-client,1,viewport_196x144px,zstd_128,ZSTD,128,77,11,6787,459074583,459126136,51554,206,bytes 459074583-459126136/492119117,51554,51554,166.1451660002058,166.18150000067544,47.142083996732254,213.3344579997356,True,
2,165,5,fresh-client,1,viewport_196x144px,zstd_128,ZSTD,128,77,12,6788,459126145,459177002,50858,206,bytes 459126145-459177002/492119117,50858,50858,141.23345800180687,141.27204100077506,221.06220800196752,362.3838750027062,True,
2,165,5,fresh-client,1,viewport_196x144px,zstd_128,ZSTD,128,77,13,6789,459177011,459229715,52705,206,bytes 459177011-459229715/492119117,52705,52705,247.0612090000941,247.16900000203168,52.49520899815252,299.7914590014261,True,
2,165,5,fresh-client,1,viewport_196x144px,zstd_128,ZSTD,128,78,11,6875,463490010,463540744,50735,206,bytes 463490010-463540744/492119117,50735,50735,144.8493329990015,144.87587500116206,61.66829200083157,206.55587500004913,True,
2,165,5,fresh-client,1,viewport_196x144px,zstd_128,ZSTD,128,78,12,6876,463540753,463592563,51811,206,bytes 463540753-463592563/492119117,51811,51811,119.22191700068652,119.24679200092214,94.18091699990327,213.46554199772072,True,
2,165,5,fresh-client,1,viewport_196x144px,zstd_128,ZSTD,128,78,13,6877,463592572,463646112,53541,206,bytes 463592572-463646112/492119117,53541,53541,391.65220799986855,391.7010830009531,49.75958299837657,441.4958329980436,True,
2,166,4,fresh-client,1,tiny_12x9px,deflate_256,DEFLATE,256,39,6,1722,470066901,470277493,210593,206,bytes 470066901-470277493/498427477,210593,210593,193.8776669994695,193.92550100019434,171.57508300078916,365.60750100034056,True,
2,167,1,fresh-client,1,viewport_98x72px,lzw_128,LZW,128,77,12,6788,616873520,616941718,68199,206,bytes 616873520-616941718/661264391,68199,68199,135.83274999837158,135.86079199740198,93.43058300146367,229.30362499755574,True,
2,167,1,fresh-client,1,viewport_98x72px,lzw_128,LZW,128,78,12,6876,622814425,622884075,69651,206,bytes 622814425-622884075/661264391,69651,69651,127.54649999988033,127.57350000174483,71.76050000271061,199.34704200204578,True,
2,168,2,fresh-client,1,viewport_98x72px,lzw_128,LZW,128,77,12,6788,616873520,616941718,68199,206,bytes 616873520-616941718/661264391,68199,68199,138.41825000054087,138.44745899768895,137.1526660004747,275.64841699859244,True,
2,168,2,fresh-client,1,viewport_98x72px,lzw_128,LZW,128,78,12,6876,622814425,622884075,69651,206,bytes 622814425-622884075/661264391,69651,69651,171.45554200033075,171.48862500107498,65.91445799858775,237.43887499949778,True,
2,169,2,fresh-client,1,viewport_196x144px,zstd_256,ZSTD,256,38,5,1677,453523840,453731243,207404,206,bytes 453523840-453731243/490384277,207404,207404,144.93174999734038,144.96162499926868,108.58241699679638,253.58425000013085,True,
2,169,2,fresh-client,1,viewport_196x144px,zstd_256,ZSTD,256,38,6,1678,453731252,453940035,208784,206,bytes 453731252-453940035/490384277,208784,208784,166.4834589973907,166.51154200008023,124.91366699759965,291.4592499982973,True,
2,169,2,fresh-client,1,viewport_196x144px,zstd_256,ZSTD,256,39,5,1721,462295419,462498944,203526,206,bytes 462295419-462498944/490384277,203526,203526,154.43779099950916,154.47020799911115,248.73754199870746,403.27570799854584,True,
2,169,2,fresh-client,1,viewport_196x144px,zstd_256,ZSTD,256,39,6,1722,462498953,462705745,206793,206,bytes 462498953-462705745/490384277,206793,206793,153.1054579972988,153.1367079987831,126.45762499960256,279.62591699906625,True,
2,170,2,fresh-client,1,viewport_98x72px,lzw_512,LZW,512,19,3,421,613302768,614420752,1117985,206,bytes 613302768-614420752/661107776,1117985,1117985,137.08983399919816,137.11887499812292,472.7430839993758,609.9035010010994,True,
2,171,1,fresh-client,1,small_24x18px,zstd_256,ZSTD,256,39,6,1722,462498953,462705745,206793,206,bytes 462498953-462705745/490384277,206793,206793,176.992374999827,177.02766599904862,100.45950000130688,277.5250410013541,True,
2,172,4,fresh-client,1,viewport_196x144px,deflate_128,DEFLATE,128,77,11,6787,466048731,466100993,52263,206,bytes 466048731-466100993/499617324,52263,52263,134.96925000072224,134.99645900083124,48.62354199940455,183.6323759998777,True,
2,172,4,fresh-client,1,viewport_196x144px,deflate_128,DEFLATE,128,77,12,6788,466101002,466152431,51430,206,bytes 466101002-466152431/499617324,51430,51430,124.27066700183786,124.29787500150269,42.473000001336914,166.7817500019737,True,
2,172,4,fresh-client,1,viewport_196x144px,deflate_128,DEFLATE,128,77,13,6789,466152440,466206025,53586,206,bytes 466152440-466206025/499617324,53586,53586,125.785915999586,125.82537500202307,54.37658299706527,180.2113330013526,True,
2,172,4,fresh-client,1,viewport_196x144px,deflate_128,DEFLATE,128,78,11,6875,470526352,470577939,51588,206,bytes 470526352-470577939/499617324,51588,51588,111.91566599882208,111.94187499859254,59.64450000101351,171.5968749995227,True,
2,172,4,fresh-client,1,viewport_196x144px,deflate_128,DEFLATE,128,78,12,6876,470577948,470630526,52579,206,bytes 470577948-470630526/499617324,52579,52579,257.90175099973567,258.0176670016954,62.29120799980592,320.3485420017387,True,
2,172,4,fresh-client,1,viewport_196x144px,deflate_128,DEFLATE,128,78,13,6877,470630535,470685000,54466,206,bytes 470630535-470685000/499617324,54466,54466,134.54020800054423,134.57125000059023,65.47008300185553,200.05366699842853,True,
2,173,4,fresh-client,1,small_24x18px,lzw_512,LZW,512,19,3,421,613302768,614420752,1117985,206,bytes 613302768-614420752/661107776,1117985,1117985,123.91275000118185,123.94054099786445,1312.7817919994413,1436.7866249995132,True,
2,174,2,fresh-client,1,viewport_196x144px,deflate_256,DEFLATE,256,38,5,1677,460967157,461178005,210849,206,bytes 460967157-461178005/498427477,210849,210849,387.98508399850107,388.0324589990778,236.28537499826052,624.3727089968161,True,
2,174,2,fresh-client,1,viewport_196x144px,deflate_256,DEFLATE,256,38,6,1678,461178014,461389907,211894,206,bytes 461178014-461389907/498427477,211894,211894,192.047292002826,192.09754199982854,218.35275000194088,410.4641250014538,True,
2,174,2,fresh-client,1,viewport_196x144px,deflate_256,DEFLATE,256,39,5,1721,469859936,470066892,206957,206,bytes 469859936-470066892/498427477,206957,206957,157.37279200038756,157.40849999929196,273.89387500079465,431.3484580015938,True,
2,174,2,fresh-client,1,viewport_196x144px,deflate_256,DEFLATE,256,39,6,1722,470066901,470277493,210593,206,bytes 470066901-470277493/498427477,210593,210593,196.50191699838615,196.5700000000652,134.8167080031999,331.43125000060536,True,
2,175,2,fresh-client,1,tiny_12x9px,deflate_512,DEFLATE,512,19,3,421,462985865,463831501,845637,206,bytes 462985865-463831501/499024403,845637,845637,185.67208300009952,185.7132079967414,515.9303340005863,701.6774589974375,True,
2,176,4,fresh-client,1,large_aoi_392x288px,lzw_256,LZW,256,38,5,1677,611308756,611588074,279319,206,bytes 611308756-611588074/661012853,279319,279319,190.13324999832548,190.1570410009299,169.0692919983121,359.3530409998493,True,
2,176,4,fresh-client,1,large_aoi_392x288px,lzw_256,LZW,256,38,6,1678,611588083,611870179,282097,206,bytes 611588083-611870179/661012853,282097,282097,171.49541700200643,171.5345000011439,132.919874999061,304.49112499991315,True,
2,176,4,fresh-client,1,large_aoi_392x288px,lzw_256,LZW,256,39,5,1721,623137353,623410197,272845,206,bytes 623137353-623410197/661012853,272845,272845,135.6267499977548,135.65458299854072,230.13329099921975,365.8346249976603,True,
2,176,4,fresh-client,1,large_aoi_392x288px,lzw_256,LZW,256,39,6,1722,623410206,623687723,277518,206,bytes 623410206-623687723/661012853,277518,277518,130.30995900044218,130.33679200088955,246.8229580008483,377.210541999375,True,
2,177,2,fresh-client,1,viewport_98x72px,deflate_512,DEFLATE,512,19,3,421,462985865,463831501,845637,206,bytes 462985865-463831501/499024403,845637,845637,143.26237500063144,143.29066699792747,584.7115010001289,728.059334000136,True,
2,178,3,fresh-client,1,large_aoi_392x288px,lzw_512,LZW,512,19,2,420,612205443,613302759,1097317,206,bytes 612205443-613302759/661107776,1097317,1097317,125.39133400059654,125.41762500040932,821.545500002685,947.010166997643,True,
2,178,3,fresh-client,1,large_aoi_392x288px,lzw_512,LZW,512,19,3,421,613302768,614420752,1117985,206,bytes 613302768-614420752/661107776,1117985,1117985,172.45691700009047,172.68820900062565,587.40054199734,760.1642090012319,True,
2,179,1,fresh-client,1,reference_49x36px,zstd_128,ZSTD,128,77,12,6788,459126145,459177002,50858,206,bytes 459126145-459177002/492119117,50858,50858,155.9688749985071,156.00199999971665,143.41454199893633,299.4503750014701,True,
2,179,1,fresh-client,1,reference_49x36px,zstd_128,ZSTD,128,78,12,6876,463540753,463592563,51811,206,bytes 463540753-463592563/492119117,51811,51811,153.63445899856742,153.67045899984078,171.5394170023501,325.2396249990852,True,
2,180,2,fresh-client,1,small_24x18px,deflate_128,DEFLATE,128,78,12,6876,470577948,470630526,52579,206,bytes 470577948-470630526/499617324,52579,52579,201.67637499980628,201.7178749993036,55.94466600086889,257.69204199968954,True,
2,181,3,fresh-client,1,large_aoi_392x288px,deflate_512,DEFLATE,512,19,2,420,462155354,462985856,830503,206,bytes 462155354-462985856/499024403,830503,830503,183.33662599980016,183.37854200217407,436.6632909986947,620.0900010007899,True,
2,181,3,fresh-client,1,large_aoi_392x288px,deflate_512,DEFLATE,512,19,3,421,462985865,463831501,845637,206,bytes 462985865-463831501/499024403,845637,845637,142.75908399940818,142.78695899702143,329.33470800344367,472.17579199786996,True,
2,182,5,fresh-client,1,large_aoi_392x288px,zstd_512,ZSTD,512,19,2,420,453940732,454757744,817013,206,bytes 453940732-454757744/490194415,817013,817013,195.93124999664724,195.97479099684278,428.6898749996908,624.7100829968986,True,
2,182,5,fresh-client,1,large_aoi_392x288px,zstd_512,ZSTD,512,19,3,421,454757753,455587037,829285,206,bytes 454757753-455587037/490194415,829285,829285,148.203624998132,148.23304200035636,694.624791998649,842.9072090002592,True,
2,183,2,fresh-client,1,small_24x18px,zstd_128,ZSTD,128,78,12,6876,463540753,463592563,51811,206,bytes 463540753-463592563/492119117,51811,51811,315.2595420033322,315.28808300208766,57.17000000004191,372.46916700314614,True,
2,184,1,fresh-client,1,reference_49x36px,zstd_512,ZSTD,512,19,3,421,454757753,455587037,829285,206,bytes 454757753-455587037/490194415,829285,829285,140.64787500319653,140.68050000059884,478.10412499893573,618.8510840001982,True,
2,185,4,fresh-client,1,viewport_98x72px,lzw_128,LZW,128,77,12,6788,616873520,616941718,68199,206,bytes 616873520-616941718/661264391,68199,68199,146.2935000017751,146.32208300099592,126.31979199795751,272.6739579993591,True,
2,185,4,fresh-client,1,viewport_98x72px,lzw_128,LZW,128,78,12,6876,622814425,622884075,69651,206,bytes 622814425-622884075/661264391,69651,69651,310.00495799889904,310.11608299741056,75.70095900155138,385.8677919997717,True,
2,186,1,fresh-client,1,viewport_98x72px,zstd_128,ZSTD,128,77,12,6788,459126145,459177002,50858,206,bytes 459126145-459177002/492119117,50858,50858,147.15233400056604,147.1834170006332,68.18566700167139,215.38425000107964,True,
2,186,1,fresh-client,1,viewport_98x72px,zstd_128,ZSTD,128,78,12,6876,463540753,463592563,51811,206,bytes 463540753-463592563/492119117,51811,51811,562.5313749987981,562.638416999107,118.92495900247013,681.6096670008847,True,
2,187,5,fresh-client,1,reference_49x36px,zstd_128,ZSTD,128,77,12,6788,459126145,459177002,50858,206,bytes 459126145-459177002/492119117,50858,50858,146.4095420014928,146.44070899885264,78.9429590004147,225.4092090006452,True,
2,187,5,fresh-client,1,reference_49x36px,zstd_128,ZSTD,128,78,12,6876,463540753,463592563,51811,206,bytes 463540753-463592563/492119117,51811,51811,137.24537499729195,137.27237499915645,207.11054200000945,344.4173759999103,True,
2,188,4,fresh-client,1,small_24x18px,lzw_256,LZW,256,39,6,1722,623410206,623687723,277518,206,bytes 623410206-623687723/661012853,277518,277518,137.29745800083037,137.32775000244146,177.1874169971852,314.5628750025935,True,
2,189,4,fresh-client,1,viewport_196x144px,zstd_256,ZSTD,256,38,5,1677,453523840,453731243,207404,206,bytes 453523840-453731243/490384277,207404,207404,137.8063749980356,137.83120800144388,127.96633299876703,265.82970800154726,True,
2,189,4,fresh-client,1,viewport_196x144px,zstd_256,ZSTD,256,38,6,1678,453731252,453940035,208784,206,bytes 453731252-453940035/490384277,208784,208784,133.19270899955882,133.22258400148712,132.06233299933956,265.331459002482,True,
2,189,4,fresh-client,1,viewport_196x144px,zstd_256,ZSTD,256,39,5,1721,462295419,462498944,203526,206,bytes 462295419-462498944/490384277,203526,203526,226.82154199719662,226.89633399932063,127.13249999796972,354.07349999877624,True,
2,189,4,fresh-client,1,viewport_196x144px,zstd_256,ZSTD,256,39,6,1722,462498953,462705745,206793,206,bytes 462498953-462705745/490384277,206793,206793,156.28208400084986,156.3137499979348,197.9280409977946,354.30141699907836,True,
2,190,4,fresh-client,1,large_aoi_392x288px,lzw_512,LZW,512,19,2,420,612205443,613302759,1097317,206,bytes 612205443-613302759/661107776,1097317,1097317,124.10154099779902,124.12762500025565,777.3137509975641,901.4870829996653,True,
2,190,4,fresh-client,1,large_aoi_392x288px,lzw_512,LZW,512,19,3,421,613302768,614420752,1117985,206,bytes 613302768-614420752/661107776,1117985,1117985,140.58783299697097,140.61254099942744,568.4998760007147,709.1692499998317,True,
2,191,4,fresh-client,1,viewport_196x144px,lzw_512,LZW,512,19,2,420,612205443,613302759,1097317,206,bytes 612205443-613302759/661107776,1097317,1097317,133.36754199917777,133.4145000000717,1597.2319600004994,1730.6995010003448,True,
2,191,4,fresh-client,1,viewport_196x144px,lzw_512,LZW,512,19,3,421,613302768,614420752,1117985,206,bytes 613302768-614420752/661107776,1117985,1117985,145.31470799920498,145.33783299702918,526.0233329972834,671.4002919979976,True,
2,192,5,fresh-client,1,reference_49x36px,zstd_512,ZSTD,512,19,3,421,454757753,455587037,829285,206,bytes 454757753-455587037/490194415,829285,829285,162.07670799849438,162.11004100114224,399.6689170016907,561.8357499988633,True,
2,193,4,fresh-client,1,viewport_98x72px,deflate_128,DEFLATE,128,77,12,6788,466101002,466152431,51430,206,bytes 466101002-466152431/499617324,51430,51430,188.49008399774903,188.57595899680746,78.61537500139093,267.2149169993645,True,
2,193,4,fresh-client,1,viewport_98x72px,deflate_128,DEFLATE,128,78,12,6876,470577948,470630526,52579,206,bytes 470577948-470630526/499617324,52579,52579,440.1699580012064,440.2086670015706,57.03033399913693,497.2568750017672,True,
2,194,4,fresh-client,1,reference_49x36px,deflate_128,DEFLATE,128,77,12,6788,466101002,466152431,51430,206,bytes 466101002-466152431/499617324,51430,51430,143.97775000179536,144.01383400036138,98.00629100209335,242.10183399918606,True,
2,194,4,fresh-client,1,reference_49x36px,deflate_128,DEFLATE,128,78,12,6876,470577948,470630526,52579,206,bytes 470577948-470630526/499617324,52579,52579,219.49566599869286,219.5493750004971,139.38395899822353,358.97108299832325,True,
2,195,1,fresh-client,1,viewport_196x144px,deflate_128,DEFLATE,128,77,11,6787,466048731,466100993,52263,206,bytes 466048731-466100993/499617324,52263,52263,149.44199999808916,149.4952920002106,85.47254099903512,235.01487499743234,True,
2,195,1,fresh-client,1,viewport_196x144px,deflate_128,DEFLATE,128,77,12,6788,466101002,466152431,51430,206,bytes 466101002-466152431/499617324,51430,51430,167.33741699863458,167.3710420000134,71.3397920007992,238.73312499927124,True,
2,195,1,fresh-client,1,viewport_196x144px,deflate_128,DEFLATE,128,77,13,6789,466152440,466206025,53586,206,bytes 466152440-466206025/499617324,53586,53586,137.51733299795887,137.54970799709554,59.79916700016474,197.3611659996095,True,
2,195,1,fresh-client,1,viewport_196x144px,deflate_128,DEFLATE,128,78,11,6875,470526352,470577939,51588,206,bytes 470526352-470577939/499617324,51588,51588,212.78858400182799,212.8402090020245,62.68412500139675,275.5451670018374,True,
2,195,1,fresh-client,1,viewport_196x144px,deflate_128,DEFLATE,128,78,12,6876,470577948,470630526,52579,206,bytes 470577948-470630526/499617324,52579,52579,702.0357500005048,702.1581250010058,295.20708299969556,997.4077500010026,True,
2,195,1,fresh-client,1,viewport_196x144px,deflate_128,DEFLATE,128,78,13,6877,470630535,470685000,54466,206,bytes 470630535-470685000/499617324,54466,54466,132.45433299744036,132.48624999687308,60.2883749998,192.78445899908547,True,
2,196,2,fresh-client,1,reference_49x36px,zstd_128,ZSTD,128,77,12,6788,459126145,459177002,50858,206,bytes 459126145-459177002/492119117,50858,50858,143.8762500001758,143.90533299956587,54.94737499975599,198.86849999966216,True,
2,196,2,fresh-client,1,reference_49x36px,zstd_128,ZSTD,128,78,12,6876,463540753,463592563,51811,206,bytes 463540753-463592563/492119117,51811,51811,146.00354099820834,146.03929099757806,60.906541999429464,206.96183299878612,True,
2,197,1,fresh-client,1,tiny_12x9px,zstd_128,ZSTD,128,78,12,6876,463540753,463592563,51811,206,bytes 463540753-463592563/492119117,51811,51811,156.22045900090598,156.26033399894368,59.04591700164019,215.3218339990417,True,
2,198,5,fresh-client,1,viewport_196x144px,lzw_256,LZW,256,38,5,1677,611308756,611588074,279319,206,bytes 611308756-611588074/661012853,279319,279319,244.97900000278605,245.05020800279453,405.17641699989326,650.2530830002797,True,
2,198,5,fresh-client,1,viewport_196x144px,lzw_256,LZW,256,38,6,1678,611588083,611870179,282097,206,bytes 611588083-611870179/661012853,282097,282097,168.80979200141155,168.84008399938466,282.67841600245447,451.54241699856357,True,
2,198,5,fresh-client,1,viewport_196x144px,lzw_256,LZW,256,39,5,1721,623137353,623410197,272845,206,bytes 623137353-623410197/661012853,272845,272845,445.92220800041105,446.004166999046,349.45424999750685,795.5138750003243,True,
2,198,5,fresh-client,1,viewport_196x144px,lzw_256,LZW,256,39,6,1722,623410206,623687723,277518,206,bytes 623410206-623687723/661012853,277518,277518,171.2044580017391,171.24583300028462,421.6114170012588,592.9672919992299,True,
2,199,2,fresh-client,1,viewport_196x144px,deflate_128,DEFLATE,128,77,11,6787,466048731,466100993,52263,206,bytes 466048731-466100993/499617324,52263,52263,167.68741700070677,167.72691699952702,142.4486670002807,310.20033300228533,True,
2,199,2,fresh-client,1,viewport_196x144px,deflate_128,DEFLATE,128,77,12,6788,466101002,466152431,51430,206,bytes 466101002-466152431/499617324,51430,51430,209.9285010008316,210.02720899923588,168.72266700011096,378.7723339992226,True,
2,199,2,fresh-client,1,viewport_196x144px,deflate_128,DEFLATE,128,77,13,6789,466152440,466206025,53586,206,bytes 466152440-466206025/499617324,53586,53586,571.5459999992163,571.622750001552,121.88158299977658,693.5353330009093,True,
2,199,2,fresh-client,1,viewport_196x144px,deflate_128,DEFLATE,128,78,11,6875,470526352,470577939,51588,206,bytes 470526352-470577939/499617324,51588,51588,540.7422499993118,540.7752079991042,93.75908299989533,634.5576669991715,True,
2,199,2,fresh-client,1,viewport_196x144px,deflate_128,DEFLATE,128,78,12,6876,470577948,470630526,52579,206,bytes 470577948-470630526/499617324,52579,52579,164.34591700090095,164.3715419995715,99.04050000113784,263.4282920007536,True,
2,199,2,fresh-client,1,viewport_196x144px,deflate_128,DEFLATE,128,78,13,6877,470630535,470685000,54466,206,bytes 470630535-470685000/499617324,54466,54466,142.1743749997404,142.2112090003793,99.73895900111529,241.9669589980913,True,
2,200,1,fresh-client,1,large_aoi_392x288px,lzw_128,LZW,128,77,10,6786,616734150,616804263,70114,206,bytes 616734150-616804263/661264391,70114,70114,271.31208299761056,271.3762499988661,541.7117920005694,813.138292000076,True,
2,200,1,fresh-client,1,large_aoi_392x288px,lzw_128,LZW,128,77,11,6787,616804272,616873511,69240,206,bytes 616804272-616873511/661264391,69240,69240,155.25329100273666,155.2859580006043,70.97512499967706,226.27674999966985,True,
2,200,1,fresh-client,1,large_aoi_392x288px,lzw_128,LZW,128,77,12,6788,616873520,616941718,68199,206,bytes 616873520-616941718/661264391,68199,68199,127.86054199750652,127.8893339986098,87.5925840009586,215.55245899799047,True,
2,200,1,fresh-client,1,large_aoi_392x288px,lzw_128,LZW,128,77,13,6789,616941727,617013200,71474,206,bytes 616941727-617013200/661264391,71474,71474,235.05204200046137,235.1148749985441,56.79437499929918,291.95112500019604,True,
2,200,1,fresh-client,1,large_aoi_392x288px,lzw_128,LZW,128,78,10,6874,622678072,622747024,68953,206,bytes 622678072-622747024/661264391,68953,68953,174.67787499845144,174.89562500122702,69.40158300130861,244.31391599864583,True,
2,200,1,fresh-client,1,large_aoi_392x288px,lzw_128,LZW,128,78,11,6875,622747033,622814416,67384,206,bytes 622747033-622814416/661264391,67384,67384,127.09349999931874,127.12499999906868,64.4071669994446,191.5510409999115,True,
2,200,1,fresh-client,1,large_aoi_392x288px,lzw_128,LZW,128,78,12,6876,622814425,622884075,69651,206,bytes 622814425-622884075/661264391,69651,69651,181.1357090009551,181.1740010016365,72.55941599942162,253.7739170002169,True,
2,200,1,fresh-client,1,large_aoi_392x288px,lzw_128,LZW,128,78,13,6877,622884084,622955954,71871,206,bytes 622884084-622955954/661264391,71871,71871,259.256125002139,259.38700000187964,96.69241700248676,356.11675000109244,True,
2,200,1,fresh-client,1,large_aoi_392x288px,lzw_128,LZW,128,79,10,6962,628465466,628533314,67849,206,bytes 628465466-628533314/661264391,67849,67849,181.319875002373,181.35808399892994,112.36237499906565,293.75304200220853,True,
2,200,1,fresh-client,1,large_aoi_392x288px,lzw_128,LZW,128,79,11,6963,628533323,628602043,68721,206,bytes 628533323-628602043/661264391,68721,68721,163.18274999866844,163.21699999753037,305.2995420002844,468.565374998434,True,
2,200,1,fresh-client,1,large_aoi_392x288px,lzw_128,LZW,128,79,12,6964,628602052,628673096,71045,206,bytes 628602052-628673096/661264391,71045,71045,266.67545899908873,266.7784589975781,110.79133399834973,377.6129170000786,True,
2,200,1,fresh-client,1,large_aoi_392x288px,lzw_128,LZW,128,79,13,6965,628673105,628737744,64640,206,bytes 628673105-628737744/661264391,64640,64640,175.6695830008539,175.70566600261373,71.07233400165569,246.8490829996881,True,
2,201,4,fresh-client,1,reference_49x36px,lzw_256,LZW,256,38,6,1678,611588083,611870179,282097,206,bytes 611588083-611870179/661012853,282097,282097,145.75025100202765,145.7847089986899,235.4996249996475,381.3160419995256,True,
2,201,4,fresh-client,1,reference_49x36px,lzw_256,LZW,256,39,6,1722,623410206,623687723,277518,206,bytes 623410206-623687723/661012853,277518,277518,297.7939170013997,297.9194580002513,167.7105010021478,465.66625000195927,True,
2,202,3,fresh-client,1,viewport_196x144px,zstd_512,ZSTD,512,19,2,420,453940732,454757744,817013,206,bytes 453940732-454757744/490194415,817013,817013,219.2883339994296,219.31762500025798,389.9258749988803,609.2567919986323,True,
2,202,3,fresh-client,1,viewport_196x144px,zstd_512,ZSTD,512,19,3,421,454757753,455587037,829285,206,bytes 454757753-455587037/490194415,829285,829285,228.91045899814344,229.01366699807113,350.9557090001181,579.9925009996514,True,
2,203,5,fresh-client,1,viewport_98x72px,zstd_512,ZSTD,512,19,3,421,454757753,455587037,829285,206,bytes 454757753-455587037/490194415,829285,829285,339.5975829989766,339.6267499992973,652.5711670001328,992.2403339987795,True,
2,204,5,fresh-client,1,small_24x18px,zstd_512,ZSTD,512,19,3,421,454757753,455587037,829285,206,bytes 454757753-455587037/490194415,829285,829285,135.4418330010958,135.47004200154333,341.5553329978138,477.0723750007164,True,
2,205,4,fresh-client,1,small_24x18px,zstd_512,ZSTD,512,19,3,421,454757753,455587037,829285,206,bytes 454757753-455587037/490194415,829285,829285,246.097582999937,246.18945800102665,692.2207089992298,938.442375001614,True,
2,206,2,fresh-client,1,viewport_98x72px,zstd_256,ZSTD,256,38,6,1678,453731252,453940035,208784,206,bytes 453731252-453940035/490384277,208784,208784,145.20908299891744,145.24574999813922,194.8029580016737,340.1042920013424,True,
2,206,2,fresh-client,1,viewport_98x72px,zstd_256,ZSTD,256,39,6,1722,462498953,462705745,206793,206,bytes 462498953-462705745/490384277,206793,206793,146.02479200038943,146.05562500219094,112.70687599972007,258.8022500021907,True,
2,207,1,fresh-client,1,viewport_98x72px,deflate_128,DEFLATE,128,77,12,6788,466101002,466152431,51430,206,bytes 466101002-466152431/499617324,51430,51430,149.09616600198206,149.13079100006144,74.3643339992559,223.51925000111805,True,
2,207,1,fresh-client,1,viewport_98x72px,deflate_128,DEFLATE,128,78,12,6876,470577948,470630526,52579,206,bytes 470577948-470630526/499617324,52579,52579,145.8867500004999,145.91816699976334,60.30458299937891,206.2366669997573,True,
2,208,4,fresh-client,1,large_aoi_392x288px,zstd_512,ZSTD,512,19,2,420,453940732,454757744,817013,206,bytes 453940732-454757744/490194415,817013,817013,150.7104589982191,150.74249999815947,457.68204200066975,608.4938339990913,True,
2,208,4,fresh-client,1,large_aoi_392x288px,zstd_512,ZSTD,512,19,3,421,454757753,455587037,829285,206,bytes 454757753-455587037/490194415,829285,829285,197.73308299772907,197.7856659977988,491.54770899986033,689.3865829988499,True,
2,209,2,fresh-client,1,large_aoi_392x288px,lzw_512,LZW,512,19,2,420,612205443,613302759,1097317,206,bytes 612205443-613302759/661107776,1097317,1097317,195.963958001812,196.00733300103457,769.5249169992167,965.5919590004487,True,
2,209,2,fresh-client,1,large_aoi_392x288px,lzw_512,LZW,512,19,3,421,613302768,614420752,1117985,206,bytes 613302768-614420752/661107776,1117985,1117985,276.3058339987765,276.43558400086476,673.2059169989952,949.6742919982353,True,
2,210,4,fresh-client,1,large_aoi_392x288px,deflate_512,DEFLATE,512,19,2,420,462155354,462985856,830503,206,bytes 462155354-462985856/499024403,830503,830503,151.60675000151969,151.64987499883864,672.8398330014898,824.5601250018808,True,
2,210,4,fresh-client,1,large_aoi_392x288px,deflate_512,DEFLATE,512,19,3,421,462985865,463831501,845637,206,bytes 462985865-463831501/499024403,845637,845637,156.40979200179572,156.44283300207462,611.8480000004638,768.3250830014003,True,
2,211,5,fresh-client,1,viewport_196x144px,lzw_128,LZW,128,77,11,6787,616804272,616873511,69240,206,bytes 616804272-616873511/661264391,69240,69240,153.72741600003792,153.76387500145938,89.64479199858033,243.44033300076262,True,
2,211,5,fresh-client,1,viewport_196x144px,lzw_128,LZW,128,77,12,6788,616873520,616941718,68199,206,bytes 616873520-616941718/661264391,68199,68199,153.67324999897392,153.70524999889312,73.34279199858429,227.06458299944643,True,
2,211,5,fresh-client,1,viewport_196x144px,lzw_128,LZW,128,77,13,6789,616941727,617013200,71474,206,bytes 616941727-617013200/661264391,71474,71474,381.7334169980313,381.8327499975567,61.50283299939474,443.39804199989885,True,
2,211,5,fresh-client,1,viewport_196x144px,lzw_128,LZW,128,78,11,6875,622747033,622814416,67384,206,bytes 622747033-622814416/661264391,67384,67384,193.60687600055826,193.6504170007538,119.99283299883245,313.6805419999291,True,
2,211,5,fresh-client,1,viewport_196x144px,lzw_128,LZW,128,78,12,6876,622814425,622884075,69651,206,bytes 622814425-622884075/661264391,69651,69651,157.52729200175963,157.57062500051688,93.08879099990008,250.6881670014991,True,
2,211,5,fresh-client,1,viewport_196x144px,lzw_128,LZW,128,78,13,6877,622884084,622955954,71871,206,bytes 622884084-622955954/661264391,71871,71871,177.37929199938662,177.41241700059618,181.8157079978846,359.27558399998816,True,
2,212,2,fresh-client,1,small_24x18px,zstd_512,ZSTD,512,19,3,421,454757753,455587037,829285,206,bytes 454757753-455587037/490194415,829285,829285,508.0945410009008,508.15783299913164,407.47325000120327,915.6600829992385,True,
2,213,5,fresh-client,1,viewport_98x72px,zstd_256,ZSTD,256,38,6,1678,453731252,453940035,208784,206,bytes 453731252-453940035/490384277,208784,208784,188.33508300303947,188.3810409999569,166.37391699987347,354.80283300057636,True,
2,213,5,fresh-client,1,viewport_98x72px,zstd_256,ZSTD,256,39,6,1722,462498953,462705745,206793,206,bytes 462498953-462705745/490384277,206793,206793,162.4933749990305,162.52233300110674,277.8970420004043,440.45275000098627,True,
2,214,4,fresh-client,1,reference_49x36px,lzw_128,LZW,128,77,12,6788,616873520,616941718,68199,206,bytes 616873520-616941718/661264391,68199,68199,183.82850000125472,183.8822909994633,88.79408299981151,272.7078329990036,True,
2,214,4,fresh-client,1,reference_49x36px,lzw_128,LZW,128,78,12,6876,622814425,622884075,69651,206,bytes 622814425-622884075/661264391,69651,69651,275.721624999278,275.8281659989734,68.84566700318828,344.7032500007481,True,
2,215,2,fresh-client,1,large_aoi_392x288px,lzw_128,LZW,128,77,10,6786,616734150,616804263,70114,206,bytes 616734150-616804263/661264391,70114,70114,166.39362499699928,166.43620799732162,177.7638339990517,344.240082999022,True,
2,215,2,fresh-client,1,large_aoi_392x288px,lzw_128,LZW,128,77,11,6787,616804272,616873511,69240,206,bytes 616804272-616873511/661264391,69240,69240,220.7424580010411,220.807749999949,71.92354200014961,292.7937500026019,True,
2,215,2,fresh-client,1,large_aoi_392x288px,lzw_128,LZW,128,77,12,6788,616873520,616941718,68199,206,bytes 616873520-616941718/661264391,68199,68199,212.34104099858087,212.3906659981003,79.38574999934644,291.805500000919,True,
2,215,2,fresh-client,1,large_aoi_392x288px,lzw_128,LZW,128,77,13,6789,616941727,617013200,71474,206,bytes 616941727-617013200/661264391,71474,71474,157.60058400337584,157.63483400223777,85.68666700011818,243.3523760009848,True,
2,215,2,fresh-client,1,large_aoi_392x288px,lzw_128,LZW,128,78,10,6874,622678072,622747024,68953,206,bytes 622678072-622747024/661264391,68953,68953,170.36100000041188,170.38850000244565,87.38670800084947,257.7852920003352,True,
2,215,2,fresh-client,1,large_aoi_392x288px,lzw_128,LZW,128,78,11,6875,622747033,622814416,67384,206,bytes 622747033-622814416/661264391,67384,67384,117.24004099960439,117.26345799979754,79.0605410002172,196.3481659986428,True,
2,215,2,fresh-client,1,large_aoi_392x288px,lzw_128,LZW,128,78,12,6876,622814425,622884075,69651,206,bytes 622814425-622884075/661264391,69651,69651,224.73729199919035,224.79704199940898,125.53958399803378,350.3615000008722,True,
2,215,2,fresh-client,1,large_aoi_392x288px,lzw_128,LZW,128,78,13,6877,622884084,622955954,71871,206,bytes 622884084-622955954/661264391,71871,71871,229.67312499895343,229.72558299807133,150.2321670013771,380.0162500010629,True,
2,215,2,fresh-client,1,large_aoi_392x288px,lzw_128,LZW,128,79,10,6962,628465466,628533314,67849,206,bytes 628465466-628533314/661264391,67849,67849,244.9075009972148,245.0137919986446,308.3209579999675,553.3834169982583,True,
2,215,2,fresh-client,1,large_aoi_392x288px,lzw_128,LZW,128,79,11,6963,628533323,628602043,68721,206,bytes 628533323-628602043/661264391,68721,68721,162.11104199828696,162.1355829993263,74.10970799901406,236.25595799967414,True,
2,215,2,fresh-client,1,large_aoi_392x288px,lzw_128,LZW,128,79,12,6964,628602052,628673096,71045,206,bytes 628602052-628673096/661264391,71045,71045,228.64308299904224,228.72166600063792,318.1992919999175,546.9674580017454,True,
2,215,2,fresh-client,1,large_aoi_392x288px,lzw_128,LZW,128,79,13,6965,628673105,628737744,64640,206,bytes 628673105-628737744/661264391,64640,64640,370.3530420025345,370.4417500011914,182.75320799875772,553.2701250012906,True,
2,216,2,fresh-client,1,viewport_98x72px,lzw_256,LZW,256,38,6,1678,611588083,611870179,282097,206,bytes 611588083-611870179/661012853,282097,282097,171.20520800017403,171.24041599890916,229.13995899943984,400.44208299877937,True,
2,216,2,fresh-client,1,viewport_98x72px,lzw_256,LZW,256,39,6,1722,623410206,623687723,277518,206,bytes 623410206-623687723/661012853,277518,277518,178.11008299759123,178.1473749979341,243.20279099993058,421.3957499996468,True,
2,217,1,fresh-client,1,small_24x18px,lzw_128,LZW,128,78,12,6876,622814425,622884075,69651,206,bytes 622814425-622884075/661264391,69651,69651,390.598999998474,390.64116699955775,82.54437499999767,473.2152920005319,True,
2,218,1,fresh-client,1,small_24x18px,lzw_512,LZW,512,19,3,421,613302768,614420752,1117985,206,bytes 613302768-614420752/661107776,1117985,1117985,201.73466599953827,201.77716599937412,1141.6804590007814,1343.5062499993364,True,
2,219,3,fresh-client,1,small_24x18px,deflate_128,DEFLATE,128,78,12,6876,470577948,470630526,52579,206,bytes 470577948-470630526/499617324,52579,52579,277.81058300024597,277.92262499860954,127.20295899998746,405.18470800088835,True,
2,220,1,fresh-client,1,small_24x18px,zstd_512,ZSTD,512,19,3,421,454757753,455587037,829285,206,bytes 454757753-455587037/490194415,829285,829285,233.70866700133774,233.77837500083842,403.82666700315895,637.6667920012551,True,
2,221,5,fresh-client,1,large_aoi_392x288px,deflate_128,DEFLATE,128,77,10,6786,465995630,466048722,53093,206,bytes 465995630-466048722/499617324,53093,53093,254.23441699967952,254.2892089986708,60.20216699835146,314.53787599821226,True,
2,221,5,fresh-client,1,large_aoi_392x288px,deflate_128,DEFLATE,128,77,11,6787,466048731,466100993,52263,206,bytes 466048731-466100993/499617324,52263,52263,254.28791700323927,254.39633400310413,80.5995000009716,335.0995000000694,True,
2,221,5,fresh-client,1,large_aoi_392x288px,deflate_128,DEFLATE,128,77,12,6788,466101002,466152431,51430,206,bytes 466101002-466152431/499617324,51430,51430,163.73141700023552,163.7700009996479,82.21000000048662,246.01029200130142,True,
2,221,5,fresh-client,1,large_aoi_392x288px,deflate_128,DEFLATE,128,77,13,6789,466152440,466206025,53586,206,bytes 466152440-466206025/499617324,53586,53586,134.63458299884223,134.6614159992896,75.72866700138547,210.4055409981811,True,
2,221,5,fresh-client,1,large_aoi_392x288px,deflate_128,DEFLATE,128,78,10,6874,470474183,470526343,52161,206,bytes 470474183-470526343/499617324,52161,52161,191.51216699901852,191.66349999795784,67.61566600107471,259.3029999989085,True,
2,221,5,fresh-client,1,large_aoi_392x288px,deflate_128,DEFLATE,128,78,11,6875,470526352,470577939,51588,206,bytes 470526352-470577939/499617324,51588,51588,164.19575100007933,164.22870899987174,69.83854200007045,234.0820839999651,True,
2,221,5,fresh-client,1,large_aoi_392x288px,deflate_128,DEFLATE,128,78,12,6876,470577948,470630526,52579,206,bytes 470577948-470630526/499617324,52579,52579,150.415249998332,150.45541599829448,52.741332998266444,203.21037499888916,True,
2,221,5,fresh-client,1,large_aoi_392x288px,deflate_128,DEFLATE,128,78,13,6877,470630535,470685000,54466,206,bytes 470630535-470685000/499617324,54466,54466,138.28966700020828,138.3211249994929,51.762415998382494,190.09929199819453,True,
2,221,5,fresh-client,1,large_aoi_392x288px,deflate_128,DEFLATE,128,79,10,6962,474844867,474896322,51456,206,bytes 474844867-474896322/499617324,51456,51456,276.4262500022596,276.5467080025701,51.60258399700979,328.20854199962923,True,
2,221,5,fresh-client,1,large_aoi_392x288px,deflate_128,DEFLATE,128,79,11,6963,474896331,474948466,52136,206,bytes 474896331-474948466/499617324,52136,52136,239.4232920014474,239.49262500173063,57.87087499993504,297.4013340026431,True,
2,221,5,fresh-client,1,large_aoi_392x288px,deflate_128,DEFLATE,128,79,12,6964,474948475,475002211,53737,206,bytes 474948475-475002211/499617324,53737,53737,273.03533400117885,273.16616700045415,268.5452500008978,541.7632919998141,True,
2,221,5,fresh-client,1,large_aoi_392x288px,deflate_128,DEFLATE,128,79,13,6965,475002220,475052147,49928,206,bytes 475002220-475052147/499617324,49928,49928,241.99316600061138,242.2335830015072,60.0424580006802,302.31941600141,True,
2,222,3,fresh-client,1,reference_49x36px,lzw_128,LZW,128,77,12,6788,616873520,616941718,68199,206,bytes 616873520-616941718/661264391,68199,68199,147.1756249993632,147.20383399981074,73.98925000234158,221.2082920013927,True,
2,222,3,fresh-client,1,reference_49x36px,lzw_128,LZW,128,78,12,6876,622814425,622884075,69651,206,bytes 622814425-622884075/661264391,69651,69651,140.22254099836573,140.25529100035783,95.68391699940548,235.990707999008,True,
2,223,2,fresh-client,1,viewport_98x72px,zstd_128,ZSTD,128,77,12,6788,459126145,459177002,50858,206,bytes 459126145-459177002/492119117,50858,50858,163.46741600136738,163.50391599917202,48.62437499832595,212.14362499813433,True,
2,223,2,fresh-client,1,viewport_98x72px,zstd_128,ZSTD,128,78,12,6876,463540753,463592563,51811,206,bytes 463540753-463592563/492119117,51811,51811,353.38058399793226,353.4113339992473,54.59741700178711,408.0212919980113,True,
2,224,4,fresh-client,1,reference_49x36px,zstd_128,ZSTD,128,77,12,6788,459126145,459177002,50858,206,bytes 459126145-459177002/492119117,50858,50858,138.31950000167126,138.35141700110398,45.81904099904932,184.18329199994332,True,
2,224,4,fresh-client,1,reference_49x36px,zstd_128,ZSTD,128,78,12,6876,463540753,463592563,51811,206,bytes 463540753-463592563/492119117,51811,51811,159.41654100242886,159.45812499921885,53.33870799950091,212.80954200119595,True,
2,225,1,fresh-client,1,large_aoi_392x288px,lzw_512,LZW,512,19,2,420,612205443,613302759,1097317,206,bytes 612205443-613302759/661107776,1097317,1097317,136.3428330005263,136.37587500124937,525.9861260019534,662.4054589992738,True,
2,225,1,fresh-client,1,large_aoi_392x288px,lzw_512,LZW,512,19,3,421,613302768,614420752,1117985,206,bytes 613302768-614420752/661107776,1117985,1117985,174.4626250001602,174.4983329990646,468.9487499999814,643.4865829978662,True,
2,226,5,fresh-client,1,small_24x18px,lzw_256,LZW,256,39,6,1722,623410206,623687723,277518,206,bytes 623410206-623687723/661012853,277518,277518,267.7036249988305,267.7769999972952,168.98179200143204,436.82416699812165,True,
2,227,1,fresh-client,1,reference_49x36px,deflate_256,DEFLATE,256,38,6,1678,461178014,461389907,211894,206,bytes 461178014-461389907/498427477,211894,211894,134.1492499996093,134.1833750011574,105.12629200093215,239.3377500011411,True,
2,227,1,fresh-client,1,reference_49x36px,deflate_256,DEFLATE,256,39,6,1722,470066901,470277493,210593,206,bytes 470066901-470277493/498427477,210593,210593,220.94370799823082,220.99962499851245,155.02924999964307,376.08587499926216,True,
2,228,4,fresh-client,1,large_aoi_392x288px,deflate_256,DEFLATE,256,38,5,1677,460967157,461178005,210849,206,bytes 460967157-461178005/498427477,210849,210849,266.936916999839,267.04166700073984,329.80304200100363,596.8863339985546,True,
2,228,4,fresh-client,1,large_aoi_392x288px,deflate_256,DEFLATE,256,38,6,1678,461178014,461389907,211894,206,bytes 461178014-461389907/498427477,211894,211894,163.58525000032387,163.61854199931258,116.94679200081737,280.61170799992396,True,
2,228,4,fresh-client,1,large_aoi_392x288px,deflate_256,DEFLATE,256,39,5,1721,469859936,470066892,206957,206,bytes 469859936-470066892/498427477,206957,206957,157.19350000290433,157.2366670006886,219.71762500106706,376.9790840015048,True,
2,228,4,fresh-client,1,large_aoi_392x288px,deflate_256,DEFLATE,256,39,6,1722,470066901,470277493,210593,206,bytes 470066901-470277493/498427477,210593,210593,160.62850000162143,160.66862500156276,141.14800000243122,301.84154200105695,True,
2,229,5,fresh-client,1,small_24x18px,lzw_128,LZW,128,78,12,6876,622814425,622884075,69651,206,bytes 622814425-622884075/661264391,69651,69651,218.9058340009069,218.96058399943286,52.08725100237643,271.0918759985361,True,
2,230,1,fresh-client,1,large_aoi_392x288px,deflate_128,DEFLATE,128,77,10,6786,465995630,466048722,53093,206,bytes 465995630-466048722/499617324,53093,53093,162.95054199872538,162.9855419996602,59.85983299979125,222.87033300017356,True,
2,230,1,fresh-client,1,large_aoi_392x288px,deflate_128,DEFLATE,128,77,11,6787,466048731,466100993,52263,206,bytes 466048731-466100993/499617324,52263,52263,346.2143750002724,346.31124999941676,44.56541699983063,390.92045899815275,True,
2,230,1,fresh-client,1,large_aoi_392x288px,deflate_128,DEFLATE,128,77,12,6788,466101002,466152431,51430,206,bytes 466101002-466152431/499617324,51430,51430,140.22245899832342,140.24987499942654,58.819292000407586,199.08187499822816,True,
2,230,1,fresh-client,1,large_aoi_392x288px,deflate_128,DEFLATE,128,77,13,6789,466152440,466206025,53586,206,bytes 466152440-466206025/499617324,53586,53586,134.9765409977408,135.0054579997959,66.38575000033597,201.40470799742616,True,
2,230,1,fresh-client,1,large_aoi_392x288px,deflate_128,DEFLATE,128,78,10,6874,470474183,470526343,52161,206,bytes 470474183-470526343/499617324,52161,52161,161.3813330004632,161.41529100059415,59.17220799892675,220.6137499997567,True,
2,230,1,fresh-client,1,large_aoi_392x288px,deflate_128,DEFLATE,128,78,11,6875,470526352,470577939,51588,206,bytes 470526352-470577939/499617324,51588,51588,159.71470799922827,159.74679200007813,134.96624999970663,294.7463330019673,True,
2,230,1,fresh-client,1,large_aoi_392x288px,deflate_128,DEFLATE,128,78,12,6876,470577948,470630526,52579,206,bytes 470577948-470630526/499617324,52579,52579,353.46424999806914,353.4980829972483,56.43720900116023,409.9504169971624,True,
2,230,1,fresh-client,1,large_aoi_392x288px,deflate_128,DEFLATE,128,78,13,6877,470630535,470685000,54466,206,bytes 470630535-470685000/499617324,54466,54466,146.91304200096056,146.94770900314325,105.01133299840149,251.98845900013112,True,
2,230,1,fresh-client,1,large_aoi_392x288px,deflate_128,DEFLATE,128,79,10,6962,474844867,474896322,51456,206,bytes 474844867-474896322/499617324,51456,51456,170.76058400198235,170.79595900213462,77.17466600297485,248.00504200175055,True,
2,230,1,fresh-client,1,large_aoi_392x288px,deflate_128,DEFLATE,128,79,11,6963,474896331,474948466,52136,206,bytes 474896331-474948466/499617324,52136,52136,233.19016700042994,233.29054200075916,86.63191699815798,319.9679589997686,True,
2,230,1,fresh-client,1,large_aoi_392x288px,deflate_128,DEFLATE,128,79,12,6964,474948475,475002211,53737,206,bytes 474948475-475002211/499617324,53737,53737,206.14375000150176,206.19804200032377,74.65283300189185,280.89154200279154,True,
2,230,1,fresh-client,1,large_aoi_392x288px,deflate_128,DEFLATE,128,79,13,6965,475002220,475052147,49928,206,bytes 475002220-475052147/499617324,49928,49928,290.2315829996951,290.3543749998789,162.56754200003343,453.0053329981456,True,
2,231,1,fresh-client,1,tiny_12x9px,lzw_512,LZW,512,19,3,421,613302768,614420752,1117985,206,bytes 613302768-614420752/661107776,1117985,1117985,189.0551670003333,189.09754199921736,541.4924169999722,730.6199589984317,True,
2,232,1,fresh-client,1,small_24x18px,deflate_128,DEFLATE,128,78,12,6876,470577948,470630526,52579,206,bytes 470577948-470630526/499617324,52579,52579,196.27000000036787,196.3147089991253,62.65766599972267,259.00499999988824,True,
2,233,3,fresh-client,1,viewport_98x72px,deflate_512,DEFLATE,512,19,3,421,462985865,463831501,845637,206,bytes 462985865-463831501/499024403,845637,845637,278.0185409974365,278.2040829988546,926.444001001073,1204.7179589972075,True,
2,234,3,fresh-client,1,large_aoi_392x288px,zstd_256,ZSTD,256,38,5,1677,453523840,453731243,207404,206,bytes 453523840-453731243/490384277,207404,207404,160.02595799727715,160.06054199897335,194.14304200108745,354.2254169988155,True,
2,234,3,fresh-client,1,large_aoi_392x288px,zstd_256,ZSTD,256,38,6,1678,453731252,453940035,208784,206,bytes 453731252-453940035/490384277,208784,208784,141.92595900021843,141.9595000006666,132.28216700008488,274.2804170011368,True,
2,234,3,fresh-client,1,large_aoi_392x288px,zstd_256,ZSTD,256,39,5,1721,462295419,462498944,203526,206,bytes 462295419-462498944/490384277,203526,203526,144.69241699771374,144.7191249972093,182.4952500028303,327.28654200036544,True,
2,234,3,fresh-client,1,large_aoi_392x288px,zstd_256,ZSTD,256,39,6,1722,462498953,462705745,206793,206,bytes 462498953-462705745/490384277,206793,206793,164.06241699951352,164.09537499930593,113.2862499980547,277.474209000502,True,
2,235,4,fresh-client,1,tiny_12x9px,deflate_128,DEFLATE,128,78,12,6876,470577948,470630526,52579,206,bytes 470577948-470630526/499617324,52579,52579,151.11295899987454,151.14770899890573,64.78649999917252,215.96287599822972,True,
2,236,3,fresh-client,1,viewport_196x144px,lzw_512,LZW,512,19,2,420,612205443,613302759,1097317,206,bytes 612205443-613302759/661107776,1097317,1097317,269.3337499986228,269.4495409996307,1190.4665000001842,1459.9697499979811,True,
2,236,3,fresh-client,1,viewport_196x144px,lzw_512,LZW,512,19,3,421,613302768,614420752,1117985,206,bytes 613302768-614420752/661107776,1117985,1117985,224.91712500050198,225.11733400097,920.0037510017864,1145.1935010009038,True,
2,237,3,fresh-client,1,tiny_12x9px,deflate_256,DEFLATE,256,39,6,1722,470066901,470277493,210593,206,bytes 470066901-470277493/498427477,210593,210593,221.55270800067228,221.62804099934874,149.52358300070046,371.1914580017037,True,
2,238,4,fresh-client,1,reference_49x36px,zstd_512,ZSTD,512,19,3,421,454757753,455587037,829285,206,bytes 454757753-455587037/490194415,829285,829285,235.52837500028545,235.640417002287,282.56537600100273,518.2229590027418,True,
2,239,1,fresh-client,1,reference_49x36px,lzw_128,LZW,128,77,12,6788,616873520,616941718,68199,206,bytes 616873520-616941718/661264391,68199,68199,136.99383399944054,137.02662499781582,185.57545799922082,322.6413339980354,True,
2,239,1,fresh-client,1,reference_49x36px,lzw_128,LZW,128,78,12,6876,622814425,622884075,69651,206,bytes 622814425-622884075/661264391,69651,69651,368.96583400084637,369.002333998651,129.72058399827802,498.76345899974694,True,
2,240,2,fresh-client,1,viewport_98x72px,deflate_256,DEFLATE,256,38,6,1678,461178014,461389907,211894,206,bytes 461178014-461389907/498427477,211894,211894,322.73420900310157,322.83920900226803,226.9079999969108,549.8067090011318,True,
2,240,2,fresh-client,1,viewport_98x72px,deflate_256,DEFLATE,256,39,6,1722,470066901,470277493,210593,206,bytes 470066901-470277493/498427477,210593,210593,153.47770900189062,153.50633400157676,137.2003329997824,291.1668750020908,True,
2,241,4,fresh-client,1,large_aoi_392x288px,zstd_256,ZSTD,256,38,5,1677,453523840,453731243,207404,206,bytes 453523840-453731243/490384277,207404,207404,192.65708400052972,192.77983400024823,140.45654100118554,333.283667001524,True,
2,241,4,fresh-client,1,large_aoi_392x288px,zstd_256,ZSTD,256,38,6,1678,453731252,453940035,208784,206,bytes 453731252-453940035/490384277,208784,208784,170.12483299913583,170.1591669989284,264.8314170000958,435.0345829989237,True,
2,241,4,fresh-client,1,large_aoi_392x288px,zstd_256,ZSTD,256,39,5,1721,462295419,462498944,203526,206,bytes 462295419-462498944/490384277,203526,203526,144.18854199902853,144.21854200190865,283.42829200119013,427.67854200064903,True,
2,241,4,fresh-client,1,large_aoi_392x288px,zstd_256,ZSTD,256,39,6,1722,462498953,462705745,206793,206,bytes 462498953-462705745/490384277,206793,206793,154.6853750005539,154.71808399888687,176.88804200224695,331.6545839988976,True,
2,242,1,fresh-client,1,viewport_196x144px,lzw_512,LZW,512,19,2,420,612205443,613302759,1097317,206,bytes 612205443-613302759/661107776,1097317,1097317,276.52737500102376,276.6455830023915,455.3503750030359,732.0185420030612,True,
2,242,1,fresh-client,1,viewport_196x144px,lzw_512,LZW,512,19,3,421,613302768,614420752,1117985,206,bytes 613302768-614420752/661107776,1117985,1117985,139.84820899713668,139.8717919983028,510.8389580018411,650.7608339998114,True,
2,243,4,fresh-client,1,viewport_98x72px,deflate_512,DEFLATE,512,19,3,421,462985865,463831501,845637,206,bytes 462985865-463831501/499024403,845637,845637,176.98862599718268,177.0232089984347,806.0265419990174,983.0971679984941,True,
2,244,2,fresh-client,1,viewport_196x144px,deflate_512,DEFLATE,512,19,2,420,462155354,462985856,830503,206,bytes 462155354-462985856/499024403,830503,830503,140.92491699921084,140.95549999910872,322.25595799900475,463.2663760021387,True,
2,244,2,fresh-client,1,viewport_196x144px,deflate_512,DEFLATE,512,19,3,421,462985865,463831501,845637,206,bytes 462985865-463831501/499024403,845637,845637,162.43179199955193,162.46529199997894,423.043292001239,585.5494999996154,True,
2,245,1,fresh-client,1,reference_49x36px,zstd_256,ZSTD,256,38,6,1678,453731252,453940035,208784,206,bytes 453731252-453940035/490384277,208784,208784,274.5985000001383,274.6232079989568,169.34070800198242,444.0219169991906,True,
2,245,1,fresh-client,1,reference_49x36px,zstd_256,ZSTD,256,39,6,1722,462498953,462705745,206793,206,bytes 462498953-462705745/490384277,206793,206793,158.97191699696123,159.0069579979172,106.84729099739343,265.9152499982156,True,
2,246,1,fresh-client,1,viewport_196x144px,zstd_128,ZSTD,128,77,11,6787,459074583,459126136,51554,206,bytes 459074583-459126136/492119117,51554,51554,150.45766700131935,150.49158300098497,171.15929099963978,321.68066699887277,True,
2,246,1,fresh-client,1,viewport_196x144px,zstd_128,ZSTD,128,77,12,6788,459126145,459177002,50858,206,bytes 459126145-459177002/492119117,50858,50858,131.35450000117999,131.38179200177547,68.44095799897332,199.8363340026117,True,
2,246,1,fresh-client,1,viewport_196x144px,zstd_128,ZSTD,128,77,13,6789,459177011,459229715,52705,206,bytes 459177011-459229715/492119117,52705,52705,127.72554199909791,127.7516670015757,51.7613749980228,179.52279200108023,True,
2,246,1,fresh-client,1,viewport_196x144px,zstd_128,ZSTD,128,78,11,6875,463490010,463540744,50735,206,bytes 463490010-463540744/492119117,50735,50735,115.82795899812481,115.85608399764169,189.68758399932995,305.65245899924776,True,
2,246,1,fresh-client,1,viewport_196x144px,zstd_128,ZSTD,128,78,12,6876,463540753,463592563,51811,206,bytes 463540753-463592563/492119117,51811,51811,135.58170899705146,135.61216699963552,71.5686250005092,207.19383399773506,True,
2,246,1,fresh-client,1,viewport_196x144px,zstd_128,ZSTD,128,78,13,6877,463592572,463646112,53541,206,bytes 463592572-463646112/492119117,53541,53541,863.6761670022679,863.8106250000419,189.33491699863225,1053.2093340007123,True,
2,247,2,fresh-client,1,tiny_12x9px,zstd_256,ZSTD,256,39,6,1722,462498953,462705745,206793,206,bytes 462498953-462705745/490384277,206793,206793,161.94041699782247,161.97674999784795,128.8496249981108,290.9260839987837,True,
2,248,4,fresh-client,1,viewport_196x144px,zstd_512,ZSTD,512,19,2,420,453940732,454757744,817013,206,bytes 453940732-454757744/490194415,817013,817013,170.12358299689367,170.15908299799776,400.97070900083054,571.1601669972879,True,
2,248,4,fresh-client,1,viewport_196x144px,zstd_512,ZSTD,512,19,3,421,454757753,455587037,829285,206,bytes 454757753-455587037/490194415,829285,829285,152.00691699646995,152.11145899957046,369.9399170000106,522.1319169977505,True,
2,249,3,fresh-client,1,reference_49x36px,zstd_256,ZSTD,256,38,6,1678,453731252,453940035,208784,206,bytes 453731252-453940035/490384277,208784,208784,139.80720800100244,139.83525000003283,124.08479200166767,263.98545800111606,True,
2,249,3,fresh-client,1,reference_49x36px,zstd_256,ZSTD,256,39,6,1722,462498953,462705745,206793,206,bytes 462498953-462705745/490384277,206793,206793,145.9746250002354,146.01429200047278,200.45466599913198,346.51366700200015,True,
2,250,4,fresh-client,1,reference_49x36px,zstd_256,ZSTD,256,38,6,1678,453731252,453940035,208784,206,bytes 453731252-453940035/490384277,208784,208784,267.0887500025856,267.1986660025141,224.58204199938336,491.8409999991127,True,
2,250,4,fresh-client,1,reference_49x36px,zstd_256,ZSTD,256,39,6,1722,462498953,462705745,206793,206,bytes 462498953-462705745/490384277,206793,206793,155.161416001647,155.1930000023276,181.74549999821465,337.00470800249605,True,
2,251,1,fresh-client,1,reference_49x36px,lzw_512,LZW,512,19,3,421,613302768,614420752,1117985,206,bytes 613302768-614420752/661107776,1117985,1117985,236.35291699974914,236.4753749970987,512.0792920024542,748.6067509998975,True,
2,252,1,fresh-client,1,viewport_98x72px,deflate_256,DEFLATE,256,38,6,1678,461178014,461389907,211894,206,bytes 461178014-461389907/498427477,211894,211894,183.48904099912033,183.52949999825796,123.4932920015126,307.0677910000086,True,
2,252,1,fresh-client,1,viewport_98x72px,deflate_256,DEFLATE,256,39,6,1722,470066901,470277493,210593,206,bytes 470066901-470277493/498427477,210593,210593,158.8445409979613,158.87062499677995,145.4944590004743,304.40545799865504,True,
2,253,5,fresh-client,1,reference_49x36px,zstd_256,ZSTD,256,38,6,1678,453731252,453940035,208784,206,bytes 453731252-453940035/490384277,208784,208784,194.31954199899337,194.36304199916776,124.9174580007093,319.3325840002217,True,
2,253,5,fresh-client,1,reference_49x36px,zstd_256,ZSTD,256,39,6,1722,462498953,462705745,206793,206,bytes 462498953-462705745/490384277,206793,206793,241.85037499773898,241.95658299868228,214.45904199936194,456.4701249983045,True,
2,254,5,fresh-client,1,tiny_12x9px,zstd_256,ZSTD,256,39,6,1722,462498953,462705745,206793,206,bytes 462498953-462705745/490384277,206793,206793,169.66883300119662,169.809457998781,311.82683299994096,481.73758299890324,True,
2,255,5,fresh-client,1,tiny_12x9px,lzw_256,LZW,256,39,6,1722,623410206,623687723,277518,206,bytes 623410206-623687723/661012853,277518,277518,167.19074999855366,167.22229199876892,366.36366699895007,533.6554579989752,True,
2,256,3,fresh-client,1,tiny_12x9px,lzw_128,LZW,128,78,12,6876,622814425,622884075,69651,206,bytes 622814425-622884075/661264391,69651,69651,152.8040420016623,152.8337920026388,66.83529200017801,219.68245900279726,True,
2,257,5,fresh-client,1,reference_49x36px,deflate_128,DEFLATE,128,77,12,6788,466101002,466152431,51430,206,bytes 466101002-466152431/499617324,51430,51430,226.44279099768028,226.51104099713848,57.02562499936903,283.5869999980787,True,
2,257,5,fresh-client,1,reference_49x36px,deflate_128,DEFLATE,128,78,12,6876,470577948,470630526,52579,206,bytes 470577948-470630526/499617324,52579,52579,145.49529200303368,145.52570800151443,57.790708997345064,203.3307080018858,True,
2,258,5,fresh-client,1,viewport_196x144px,zstd_512,ZSTD,512,19,2,420,453940732,454757744,817013,206,bytes 453940732-454757744/490194415,817013,817013,161.73587499724817,161.77149999930407,388.54300099774264,550.355874998786,True,
2,258,5,fresh-client,1,viewport_196x144px,zstd_512,ZSTD,512,19,3,421,454757753,455587037,829285,206,bytes 454757753-455587037/490194415,829285,829285,320.0053750006191,320.0343750031607,330.8444590002182,650.9362920005515,True,
2,259,2,fresh-client,1,viewport_196x144px,zstd_512,ZSTD,512,19,2,420,453940732,454757744,817013,206,bytes 453940732-454757744/490194415,817013,817013,153.9609579995158,153.99541599981603,855.0764579995302,1009.1421249999257,True,
2,259,2,fresh-client,1,viewport_196x144px,zstd_512,ZSTD,512,19,3,421,454757753,455587037,829285,206,bytes 454757753-455587037/490194415,829285,829285,204.2195840003842,204.26316700104508,545.8277500001714,750.1246259998879,True,
2,260,4,fresh-client,1,viewport_98x72px,deflate_256,DEFLATE,256,38,6,1678,461178014,461389907,211894,206,bytes 461178014-461389907/498427477,211894,211894,186.2415420000616,186.28191700190655,162.4704579990066,348.85750000103144,True,
2,260,4,fresh-client,1,viewport_98x72px,deflate_256,DEFLATE,256,39,6,1722,470066901,470277493,210593,206,bytes 470066901-470277493/498427477,210593,210593,165.1805420005985,165.21683400060283,263.68720900063636,428.94675100251334,True,
2,261,2,fresh-client,1,large_aoi_392x288px,lzw_256,LZW,256,38,5,1677,611308756,611588074,279319,206,bytes 611308756-611588074/661012853,279319,279319,247.1875839983113,247.30254199675983,200.70720800140407,448.0596670000523,True,
2,261,2,fresh-client,1,large_aoi_392x288px,lzw_256,LZW,256,38,6,1678,611588083,611870179,282097,206,bytes 611588083-611870179/661012853,282097,282097,272.1131250000326,272.2270000012941,1040.4673339980945,1312.7757090005616,True,
2,261,2,fresh-client,1,large_aoi_392x288px,lzw_256,LZW,256,39,5,1721,623137353,623410197,272845,206,bytes 623137353-623410197/661012853,272845,272845,230.8882920005999,230.94166699956986,568.8068340023165,799.8155419991235,True,
2,261,2,fresh-client,1,large_aoi_392x288px,lzw_256,LZW,256,39,6,1722,623410206,623687723,277518,206,bytes 623410206-623687723/661012853,277518,277518,146.05650000157766,146.08904199849349,203.42908400198212,349.5960420004849,True,
2,262,3,fresh-client,1,viewport_98x72px,zstd_256,ZSTD,256,38,6,1678,453731252,453940035,208784,206,bytes 453731252-453940035/490384277,208784,208784,192.7727500005858,192.81587500154274,270.78270800120663,463.6424580021412,True,
2,262,3,fresh-client,1,viewport_98x72px,zstd_256,ZSTD,256,39,6,1722,462498953,462705745,206793,206,bytes 462498953-462705745/490384277,206793,206793,150.67099999942002,150.70233299775282,139.78804200087325,290.53891700095846,True,
2,263,3,fresh-client,1,viewport_196x144px,deflate_512,DEFLATE,512,19,2,420,462155354,462985856,830503,206,bytes 462155354-462985856/499024403,830503,830503,179.41891599912196,179.4547909994435,1092.481209001562,1271.9933340013085,True,
2,263,3,fresh-client,1,viewport_196x144px,deflate_512,DEFLATE,512,19,3,421,462985865,463831501,845637,206,bytes 462985865-463831501/499024403,845637,845637,159.00279199922807,159.0355840016855,475.3972089965828,634.4940010021674,True,
2,264,2,fresh-client,1,small_24x18px,deflate_512,DEFLATE,512,19,3,421,462985865,463831501,845637,206,bytes 462985865-463831501/499024403,845637,845637,174.79037500015693,174.82920799739077,947.1862919999694,1122.08629199813,True,
2,265,2,fresh-client,1,reference_49x36px,zstd_256,ZSTD,256,38,6,1678,453731252,453940035,208784,206,bytes 453731252-453940035/490384277,208784,208784,159.41374999965774,159.44570799911162,333.48916699833353,492.9704579990357,True,
2,265,2,fresh-client,1,reference_49x36px,zstd_256,ZSTD,256,39,6,1722,462498953,462705745,206793,206,bytes 462498953-462705745/490384277,206793,206793,149.52899999843794,149.55874999941443,209.64370799993048,359.23574999833363,True,
2,266,2,fresh-client,1,tiny_12x9px,deflate_256,DEFLATE,256,39,6,1722,470066901,470277493,210593,206,bytes 470066901-470277493/498427477,210593,210593,145.85158299814793,145.8807489980245,183.592540997779,329.5975829969393,True,
2,267,3,fresh-client,1,reference_49x36px,zstd_512,ZSTD,512,19,3,421,454757753,455587037,829285,206,bytes 454757753-455587037/490194415,829285,829285,138.41633300035028,138.44466599766747,516.8494589997863,655.3280000007362,True,
2,268,2,fresh-client,1,large_aoi_392x288px,deflate_256,DEFLATE,256,38,5,1677,460967157,461178005,210849,206,bytes 460967157-461178005/498427477,210849,210849,162.67050000169547,162.70791699935216,124.45362499784096,287.19270800138474,True,
2,268,2,fresh-client,1,large_aoi_392x288px,deflate_256,DEFLATE,256,38,6,1678,461178014,461389907,211894,206,bytes 461178014-461389907/498427477,211894,211894,405.5195829969307,405.5662079990725,157.6725830018404,563.3462499972666,True,
2,268,2,fresh-client,1,large_aoi_392x288px,deflate_256,DEFLATE,256,39,5,1721,469859936,470066892,206957,206,bytes 469859936-470066892/498427477,206957,206957,238.279875000444,238.38166700079455,355.32516700186534,593.7388759994064,True,
2,268,2,fresh-client,1,large_aoi_392x288px,deflate_256,DEFLATE,256,39,6,1722,470066901,470277493,210593,206,bytes 470066901-470277493/498427477,210593,210593,325.68774999890593,325.8527079997293,320.30662599936477,646.1860419985896,True,
2,269,1,fresh-client,1,large_aoi_392x288px,lzw_256,LZW,256,38,5,1677,611308756,611588074,279319,206,bytes 611308756-611588074/661012853,279319,279319,187.366791000386,187.4299159971997,191.77558299998054,379.23387499904493,True,
2,269,1,fresh-client,1,large_aoi_392x288px,lzw_256,LZW,256,38,6,1678,611588083,611870179,282097,206,bytes 611588083-611870179/661012853,282097,282097,151.98079200126813,152.0158330022241,168.04224999941653,320.0929170016025,True,
2,269,1,fresh-client,1,large_aoi_392x288px,lzw_256,LZW,256,39,5,1721,623137353,623410197,272845,206,bytes 623137353-623410197/661012853,272845,272845,218.00070799872628,218.07041600186494,230.44825000033597,448.5472080014006,True,
2,269,1,fresh-client,1,large_aoi_392x288px,lzw_256,LZW,256,39,6,1722,623410206,623687723,277518,206,bytes 623410206-623687723/661012853,277518,277518,196.81908300117357,196.86308300151723,197.80216599974665,394.7110410008463,True,
2,270,3,fresh-client,1,tiny_12x9px,zstd_128,ZSTD,128,78,12,6876,463540753,463592563,51811,206,bytes 463540753-463592563/492119117,51811,51811,173.79308399904403,173.82670900042285,89.14458299841499,263.0029169995396,True,
3,1,2,fresh-client,1,reference_49x36px,deflate_512,DEFLATE,512,19,3,421,462985865,463831501,845637,206,bytes 462985865-463831501/499024403,845637,845637,153.81008300028043,153.84262500083423,673.8932920015941,827.7600000001257,True,
3,2,1,fresh-client,1,small_24x18px,lzw_512,LZW,512,19,3,421,613302768,614420752,1117985,206,bytes 613302768-614420752/661107776,1117985,1117985,156.48945800057845,156.5250419989752,395.06900000196765,551.6483329993207,True,
3,3,3,fresh-client,1,small_24x18px,zstd_512,ZSTD,512,19,3,421,454757753,455587037,829285,206,bytes 454757753-455587037/490194415,829285,829285,140.1340420015913,140.16508300119312,483.9596259989776,624.1789170017,True,
3,4,2,fresh-client,1,viewport_196x144px,deflate_512,DEFLATE,512,19,2,420,462155354,462985856,830503,206,bytes 462155354-462985856/499024403,830503,830503,162.70358299880172,162.7558330001193,1758.0915010003082,1920.8987509991857,True,
3,4,2,fresh-client,1,viewport_196x144px,deflate_512,DEFLATE,512,19,3,421,462985865,463831501,845637,206,bytes 462985865-463831501/499024403,845637,845637,154.48950000063633,154.52225000262843,561.3582500009215,715.9278760009329,True,
3,5,3,fresh-client,1,viewport_98x72px,zstd_256,ZSTD,256,38,6,1678,453731252,453940035,208784,206,bytes 453731252-453940035/490384277,208784,208784,222.5059170013992,222.5839589991665,183.85233300068649,406.4772500023537,True,
3,5,3,fresh-client,1,viewport_98x72px,zstd_256,ZSTD,256,39,6,1722,462498953,462705745,206793,206,bytes 462498953-462705745/490384277,206793,206793,375.9051249980985,375.9338339987153,124.43020900172996,500.3995840015705,True,
3,6,1,fresh-client,1,large_aoi_392x288px,lzw_512,LZW,512,19,2,420,612205443,613302759,1097317,206,bytes 612205443-613302759/661107776,1097317,1097317,133.77612499971292,133.80570899971644,1421.5271260000009,1555.396750998625,True,
3,6,1,fresh-client,1,large_aoi_392x288px,lzw_512,LZW,512,19,3,421,613302768,614420752,1117985,206,bytes 613302768-614420752/661107776,1117985,1117985,157.5558340009593,157.58787600134383,422.30458300036844,579.9200010005734,True,
3,7,5,fresh-client,1,small_24x18px,deflate_256,DEFLATE,256,39,6,1722,470066901,470277493,210593,206,bytes 470066901-470277493/498427477,210593,210593,144.8166250011127,144.8479579994455,305.6886250014941,450.54733299912186,True,
3,8,4,fresh-client,1,tiny_12x9px,lzw_128,LZW,128,78,12,6876,622814425,622884075,69651,206,bytes 622814425-622884075/661264391,69651,69651,157.59083399825613,157.6411249989178,136.61341699844343,294.28462500072783,True,
3,9,5,fresh-client,1,viewport_98x72px,lzw_128,LZW,128,77,12,6788,616873520,616941718,68199,206,bytes 616873520-616941718/661264391,68199,68199,160.94258299926878,160.97933300261502,80.87275000070804,241.87308399996255,True,
3,9,5,fresh-client,1,viewport_98x72px,lzw_128,LZW,128,78,12,6876,622814425,622884075,69651,206,bytes 622814425-622884075/661264391,69651,69651,159.20420800102875,159.2380410002079,56.71145799715305,215.97408300294774,True,
3,10,4,fresh-client,1,small_24x18px,zstd_512,ZSTD,512,19,3,421,454757753,455587037,829285,206,bytes 454757753-455587037/490194415,829285,829285,173.20029199981946,173.23537499760278,484.75266700188513,658.0153340000834,True,
3,11,4,fresh-client,1,large_aoi_392x288px,deflate_512,DEFLATE,512,19,2,420,462155354,462985856,830503,206,bytes 462155354-462985856/499024403,830503,830503,151.5453330030141,151.58945800067158,451.1516249986016,602.8102080017561,True,
3,11,4,fresh-client,1,large_aoi_392x288px,deflate_512,DEFLATE,512,19,3,421,462985865,463831501,845637,206,bytes 462985865-463831501/499024403,845637,845637,231.0417500011681,231.0730829995009,566.2381250003818,797.3796250007581,True,
3,12,4,fresh-client,1,tiny_12x9px,deflate_128,DEFLATE,128,78,12,6876,470577948,470630526,52579,206,bytes 470577948-470630526/499617324,52579,52579,215.00383300008252,215.05408300072304,51.86620899985428,266.95500000278116,True,
3,13,2,fresh-client,1,small_24x18px,zstd_512,ZSTD,512,19,3,421,454757753,455587037,829285,206,bytes 454757753-455587037/490194415,829285,829285,142.27625000057742,142.30975000100443,302.5000010020449,444.8450839990983,True,
3,14,1,fresh-client,1,reference_49x36px,lzw_128,LZW,128,77,12,6788,616873520,616941718,68199,206,bytes 616873520-616941718/661264391,68199,68199,187.06241700056125,187.10508300137008,58.00695799916866,245.14245799946366,True,
3,14,1,fresh-client,1,reference_49x36px,lzw_128,LZW,128,78,12,6876,622814425,622884075,69651,206,bytes 622814425-622884075/661264391,69651,69651,156.43108299991582,156.46616599769914,175.41929199796868,331.934416997683,True,
3,15,4,fresh-client,1,large_aoi_392x288px,deflate_128,DEFLATE,128,77,10,6786,465995630,466048722,53093,206,bytes 465995630-466048722/499617324,53093,53093,162.7338750004128,162.76804200242623,56.81374999767286,219.60075000242796,True,
3,15,4,fresh-client,1,large_aoi_392x288px,deflate_128,DEFLATE,128,77,11,6787,466048731,466100993,52263,206,bytes 466048731-466100993/499617324,52263,52263,147.32100000037462,147.39279200148303,205.88587500242284,353.3118330014986,True,
3,15,4,fresh-client,1,large_aoi_392x288px,deflate_128,DEFLATE,128,77,12,6788,466101002,466152431,51430,206,bytes 466101002-466152431/499617324,51430,51430,164.03037599957315,164.06300099697546,65.80291700083762,229.8838339993381,True,
3,15,4,fresh-client,1,large_aoi_392x288px,deflate_128,DEFLATE,128,77,13,6789,466152440,466206025,53586,206,bytes 466152440-466206025/499617324,53586,53586,246.73437499950523,246.82062499778112,73.68674999815994,320.56304199795704,True,
3,15,4,fresh-client,1,large_aoi_392x288px,deflate_128,DEFLATE,128,78,10,6874,470474183,470526343,52161,206,bytes 470474183-470526343/499617324,52161,52161,180.48399999679532,180.52337499830173,108.84733299826621,289.4159169991326,True,
3,15,4,fresh-client,1,large_aoi_392x288px,deflate_128,DEFLATE,128,78,11,6875,470526352,470577939,51588,206,bytes 470526352-470577939/499617324,51588,51588,316.78266699964297,316.8085830002383,71.4105830011249,388.2297500022105,True,
3,15,4,fresh-client,1,large_aoi_392x288px,deflate_128,DEFLATE,128,78,12,6876,470577948,470630526,52579,206,bytes 470577948-470630526/499617324,52579,52579,200.1851249988249,200.23891700111562,54.034583998145536,254.32062500112806,True,
3,15,4,fresh-client,1,large_aoi_392x288px,deflate_128,DEFLATE,128,78,13,6877,470630535,470685000,54466,206,bytes 470630535-470685000/499617324,54466,54466,152.7429999987362,152.7722079990781,68.37858300059452,221.1646670002665,True,
3,15,4,fresh-client,1,large_aoi_392x288px,deflate_128,DEFLATE,128,79,10,6962,474844867,474896322,51456,206,bytes 474844867-474896322/499617324,51456,51456,131.12941600047634,131.16200000149547,187.91754199992283,319.1713750020426,True,
3,15,4,fresh-client,1,large_aoi_392x288px,deflate_128,DEFLATE,128,79,11,6963,474896331,474948466,52136,206,bytes 474896331-474948466/499617324,52136,52136,156.6424590018869,156.67758400013554,56.87270899943542,213.56616699995357,True,
3,15,4,fresh-client,1,large_aoi_392x288px,deflate_128,DEFLATE,128,79,12,6964,474948475,475002211,53737,206,bytes 474948475-475002211/499617324,53737,53737,242.42883400074788,242.5422919986886,64.47525000112364,307.09412500073086,True,
3,15,4,fresh-client,1,large_aoi_392x288px,deflate_128,DEFLATE,128,79,13,6965,475002220,475052147,49928,206,bytes 475002220-475052147/499617324,49928,49928,160.79125000032946,160.82483300124295,68.2501669980411,229.10187500019674,True,
3,16,5,fresh-client,1,viewport_98x72px,lzw_256,LZW,256,38,6,1678,611588083,611870179,282097,206,bytes 611588083-611870179/661012853,282097,282097,149.67299999989336,149.70541699949536,423.3101659992826,573.095709001791,True,
3,16,5,fresh-client,1,viewport_98x72px,lzw_256,LZW,256,39,6,1722,623410206,623687723,277518,206,bytes 623410206-623687723/661012853,277518,277518,230.25908400086337,230.42400000122143,150.98254199983785,381.4657500006433,True,
3,17,1,fresh-client,1,viewport_196x144px,zstd_128,ZSTD,128,77,11,6787,459074583,459126136,51554,206,bytes 459074583-459126136/492119117,51554,51554,181.16270799873746,181.19595800089883,59.27641700327513,240.48504199890886,True,
3,17,1,fresh-client,1,viewport_196x144px,zstd_128,ZSTD,128,77,12,6788,459126145,459177002,50858,206,bytes 459126145-459177002/492119117,50858,50858,148.99666600103956,149.042458000622,71.9380420014204,221.00529099770938,True,
3,17,1,fresh-client,1,viewport_196x144px,zstd_128,ZSTD,128,77,13,6789,459177011,459229715,52705,206,bytes 459177011-459229715/492119117,52705,52705,128.6169590021018,128.6423340025067,72.36441699933494,201.01729200177942,True,
3,17,1,fresh-client,1,viewport_196x144px,zstd_128,ZSTD,128,78,11,6875,463490010,463540744,50735,206,bytes 463490010-463540744/492119117,50735,50735,208.11208300074213,208.23174999895855,47.359833002701635,255.62995799919008,True,
3,17,1,fresh-client,1,viewport_196x144px,zstd_128,ZSTD,128,78,12,6876,463540753,463592563,51811,206,bytes 463540753-463592563/492119117,51811,51811,150.84087499781162,150.87183399737114,55.97745799968834,206.8633749986475,True,
3,17,1,fresh-client,1,viewport_196x144px,zstd_128,ZSTD,128,78,13,6877,463592572,463646112,53541,206,bytes 463592572-463646112/492119117,53541,53541,163.6475840023195,163.68562600109726,49.484499999380205,213.18416700160014,True,
3,18,3,fresh-client,1,viewport_196x144px,deflate_256,DEFLATE,256,38,5,1677,460967157,461178005,210849,206,bytes 460967157-461178005/498427477,210849,210849,131.41062499926193,131.44662500053528,113.37012500007404,244.85570799879497,True,
3,18,3,fresh-client,1,viewport_196x144px,deflate_256,DEFLATE,256,38,6,1678,461178014,461389907,211894,206,bytes 461178014-461389907/498427477,211894,211894,170.64037499949336,170.74766700170585,226.65929200229584,397.48133399916696,True,
3,18,3,fresh-client,1,viewport_196x144px,deflate_256,DEFLATE,256,39,5,1721,469859936,470066892,206957,206,bytes 469859936-470066892/498427477,206957,206957,145.46312499805936,145.4946249978093,141.66129200020805,287.1840829975554,True,
3,18,3,fresh-client,1,viewport_196x144px,deflate_256,DEFLATE,256,39,6,1722,470066901,470277493,210593,206,bytes 470066901-470277493/498427477,210593,210593,169.72691699993447,169.76274999979069,103.31095899891807,273.12199999869335,True,
3,19,4,fresh-client,1,viewport_98x72px,lzw_512,LZW,512,19,3,421,613302768,614420752,1117985,206,bytes 613302768-614420752/661107776,1117985,1117985,426.54358399886405,426.61299999963376,550.4268330005289,977.0967920012481,True,
3,20,4,fresh-client,1,reference_49x36px,lzw_512,LZW,512,19,3,421,613302768,614420752,1117985,206,bytes 613302768-614420752/661107776,1117985,1117985,133.04195800083107,133.07470800282317,935.6700000025739,1068.8067920018511,True,
3,21,3,fresh-client,1,tiny_12x9px,zstd_128,ZSTD,128,78,12,6876,463540753,463592563,51811,206,bytes 463540753-463592563/492119117,51811,51811,159.23545799887506,159.26712500004214,72.98179200006416,232.26529200110235,True,
3,22,3,fresh-client,1,reference_49x36px,lzw_512,LZW,512,19,3,421,613302768,614420752,1117985,206,bytes 613302768-614420752/661107776,1117985,1117985,197.62445900050807,197.672792000958,457.92487599828746,655.6418760010274,True,
3,23,4,fresh-client,1,tiny_12x9px,zstd_128,ZSTD,128,78,12,6876,463540753,463592563,51811,206,bytes 463540753-463592563/492119117,51811,51811,151.26287499879254,151.30570900146267,51.861125000868924,203.1797089985048,True,
3,24,3,fresh-client,1,viewport_196x144px,deflate_128,DEFLATE,128,77,11,6787,466048731,466100993,52263,206,bytes 466048731-466100993/499617324,52263,52263,177.28562500269618,177.3894170000858,51.185042000724934,228.6034999997355,True,
3,24,3,fresh-client,1,viewport_196x144px,deflate_128,DEFLATE,128,77,12,6788,466101002,466152431,51430,206,bytes 466101002-466152431/499617324,51430,51430,251.77008399987244,251.88854199950583,202.51287500286708,454.45370900051785,True,
3,24,3,fresh-client,1,viewport_196x144px,deflate_128,DEFLATE,128,77,13,6789,466152440,466206025,53586,206,bytes 466152440-466206025/499617324,53586,53586,194.25258300179848,194.29608300197287,70.14366600196809,264.47379200180876,True,
3,24,3,fresh-client,1,viewport_196x144px,deflate_128,DEFLATE,128,78,11,6875,470526352,470577939,51588,206,bytes 470526352-470577939/499617324,51588,51588,134.3567920011992,134.38433299961616,57.737334002013085,192.13437500002328,True,
3,24,3,fresh-client,1,viewport_196x144px,deflate_128,DEFLATE,128,78,12,6876,470577948,470630526,52579,206,bytes 470577948-470630526/499617324,52579,52579,131.04050000038114,131.0694580024574,187.67070800095098,318.7771660013823,True,
3,24,3,fresh-client,1,viewport_196x144px,deflate_128,DEFLATE,128,78,13,6877,470630535,470685000,54466,206,bytes 470630535-470685000/499617324,54466,54466,145.8299169971724,145.85795899984078,69.85870899734437,215.73895899928175,True,
3,25,3,fresh-client,1,viewport_196x144px,zstd_256,ZSTD,256,38,5,1677,453523840,453731243,207404,206,bytes 453523840-453731243/490384277,207404,207404,144.18529199974728,144.2155830009142,245.26137499924516,389.52824999796576,True,
3,25,3,fresh-client,1,viewport_196x144px,zstd_256,ZSTD,256,38,6,1678,453731252,453940035,208784,206,bytes 453731252-453940035/490384277,208784,208784,161.54637500221725,161.5769590025593,270.50095700178645,432.1291660016868,True,
3,25,3,fresh-client,1,viewport_196x144px,zstd_256,ZSTD,256,39,5,1721,462295419,462498944,203526,206,bytes 462295419-462498944/490384277,203526,203526,140.6409170012921,140.66974999877857,138.17020799979218,278.8808750010503,True,
3,25,3,fresh-client,1,viewport_196x144px,zstd_256,ZSTD,256,39,6,1722,462498953,462705745,206793,206,bytes 462498953-462705745/490384277,206793,206793,159.75658299794304,159.7875829975237,144.11570800075424,303.95808299726923,True,
3,26,1,fresh-client,1,viewport_196x144px,deflate_256,DEFLATE,256,38,5,1677,460967157,461178005,210849,206,bytes 460967157-461178005/498427477,210849,210849,264.58362600169494,264.69004200043855,242.593457998737,507.33962600133964,True,
3,26,1,fresh-client,1,viewport_196x144px,deflate_256,DEFLATE,256,38,6,1678,461178014,461389907,211894,206,bytes 461178014-461389907/498427477,211894,211894,178.78370900143636,178.81841700000223,801.9282090026536,980.8019590018375,True,
3,26,1,fresh-client,1,viewport_196x144px,deflate_256,DEFLATE,256,39,5,1721,469859936,470066892,206957,206,bytes 469859936-470066892/498427477,206957,206957,145.25179200063576,145.2815839984396,243.06912500105682,388.39341700077057,True,
3,26,1,fresh-client,1,viewport_196x144px,deflate_256,DEFLATE,256,39,6,1722,470066901,470277493,210593,206,bytes 470066901-470277493/498427477,210593,210593,136.4186669998162,136.4713330003724,117.20020900247619,253.69958400187897,True,
3,27,5,fresh-client,1,reference_49x36px,zstd_512,ZSTD,512,19,3,421,454757753,455587037,829285,206,bytes 454757753-455587037/490194415,829285,829285,490.3033329974278,490.4232079970825,444.4477500001085,934.9399999991874,True,
3,28,5,fresh-client,1,tiny_12x9px,zstd_128,ZSTD,128,78,12,6876,463540753,463592563,51811,206,bytes 463540753-463592563/492119117,51811,51811,206.56387499911943,206.61816699794144,123.83383300038986,330.49666700026137,True,
3,29,2,fresh-client,1,viewport_98x72px,lzw_256,LZW,256,38,6,1678,611588083,611870179,282097,206,bytes 611588083-611870179/661012853,282097,282097,212.19220800048788,212.2565419995226,155.22899999996298,367.5293749984121,True,
3,29,2,fresh-client,1,viewport_98x72px,lzw_256,LZW,256,39,6,1722,623410206,623687723,277518,206,bytes 623410206-623687723/661012853,277518,277518,134.36700000238488,134.39416700202855,152.9569160011306,287.4022079995484,True,
3,30,3,fresh-client,1,tiny_12x9px,lzw_256,LZW,256,39,6,1722,623410206,623687723,277518,206,bytes 623410206-623687723/661012853,277518,277518,151.51929200146697,151.54933300073026,142.29983399854973,293.8951249998354,True,
3,31,4,fresh-client,1,small_24x18px,lzw_128,LZW,128,78,12,6876,622814425,622884075,69651,206,bytes 622814425-622884075/661264391,69651,69651,619.659125997714,619.765291998192,56.40829099866096,676.2182919992483,True,
3,32,5,fresh-client,1,viewport_98x72px,deflate_512,DEFLATE,512,19,3,421,462985865,463831501,845637,206,bytes 462985865-463831501/499024403,845637,845637,1988.18700099946,1988.2811259994924,1377.1310840020305,3365.4380010011664,True,
3,33,4,fresh-client,1,tiny_12x9px,lzw_256,LZW,256,39,6,1722,623410206,623687723,277518,206,bytes 623410206-623687723/661012853,277518,277518,4894.279126998299,4894.398168999032,804.4555009983014,5698.893043998396,True,
3,34,5,fresh-client,1,tiny_12x9px,zstd_512,ZSTD,512,19,3,421,454757753,455587037,829285,206,bytes 454757753-455587037/490194415,829285,829285,298.7009170028614,298.77720800141105,1408.7440430012066,1707.547166999575,True,
3,35,5,fresh-client,1,reference_49x36px,deflate_128,DEFLATE,128,77,12,6788,466101002,466152431,51430,206,bytes 466101002-466152431/499617324,51430,51430,644.683583999722,644.7658760007471,196.05537499955972,840.8508760003315,True,
3,35,5,fresh-client,1,reference_49x36px,deflate_128,DEFLATE,128,78,12,6876,470577948,470630526,52579,206,bytes 470577948-470630526/499617324,52579,52579,218.7893760019506,218.8544170021487,94.72691600240069,313.6395010005799,True,
3,36,1,fresh-client,1,large_aoi_392x288px,zstd_512,ZSTD,512,19,2,420,453940732,454757744,817013,206,bytes 453940732-454757744/490194415,817013,817013,461.56600000176695,461.6960419989482,2326.328626000759,2788.060752001911,True,
3,36,1,fresh-client,1,large_aoi_392x288px,zstd_512,ZSTD,512,19,3,421,454757753,455587037,829285,206,bytes 454757753-455587037/490194415,829285,829285,177.41470799956005,177.45099999956437,960.1910839992343,1137.6819590004743,True,
3,37,5,fresh-client,1,reference_49x36px,deflate_256,DEFLATE,256,38,6,1678,461178014,461389907,211894,206,bytes 461178014-461389907/498427477,211894,211894,130.1425419987936,130.17554199905135,783.2316259991785,913.4598759992514,True,
3,37,5,fresh-client,1,reference_49x36px,deflate_256,DEFLATE,256,39,6,1722,470066901,470277493,210593,206,bytes 470066901-470277493/498427477,210593,210593,179.2461250006454,179.28479200054426,920.9279999995488,1100.242917000287,True,
3,38,1,fresh-client,1,viewport_98x72px,lzw_512,LZW,512,19,3,421,613302768,614420752,1117985,206,bytes 613302768-614420752/661107776,1117985,1117985,278.71137599868234,278.7699590007833,1280.9619170002406,1559.7577929984254,True,
3,39,2,fresh-client,1,small_24x18px,deflate_128,DEFLATE,128,78,12,6876,470577948,470630526,52579,206,bytes 470577948-470630526/499617324,52579,52579,183.89804199978244,183.93750099858153,109.14770900126314,293.12579199904576,True,
3,40,1,fresh-client,1,reference_49x36px,lzw_512,LZW,512,19,3,421,613302768,614420752,1117985,206,bytes 613302768-614420752/661107776,1117985,1117985,227.26183300255798,227.3641250030778,949.7229169974162,1177.1492510015378,True,
3,41,2,fresh-client,1,large_aoi_392x288px,lzw_256,LZW,256,38,5,1677,611308756,611588074,279319,206,bytes 611308756-611588074/661012853,279319,279319,261.9944159996521,262.1043750004901,358.0379589984659,620.2592910012754,True,
3,41,2,fresh-client,1,large_aoi_392x288px,lzw_256,LZW,256,38,6,1678,611588083,611870179,282097,206,bytes 611588083-611870179/661012853,282097,282097,411.25837599975057,411.3195009995252,418.9007919994765,830.2534590002324,True,
3,41,2,fresh-client,1,large_aoi_392x288px,lzw_256,LZW,256,39,5,1721,623137353,623410197,272845,206,bytes 623137353-623410197/661012853,272845,272845,164.14741599874105,164.18887499821722,622.5545840025006,786.7843329986499,True,
3,41,2,fresh-client,1,large_aoi_392x288px,lzw_256,LZW,256,39,6,1722,623410206,623687723,277518,206,bytes 623410206-623687723/661012853,277518,277518,202.0602919983503,202.11820799886482,195.95024999944144,398.1124579986499,True,
3,42,4,fresh-client,1,viewport_98x72px,deflate_512,DEFLATE,512,19,3,421,462985865,463831501,845637,206,bytes 462985865-463831501/499024403,845637,845637,279.7173759972793,279.84954199928325,2117.14041599771,2397.012500998244,True,
3,43,5,fresh-client,1,viewport_98x72px,zstd_128,ZSTD,128,77,12,6788,459126145,459177002,50858,206,bytes 459126145-459177002/492119117,50858,50858,247.8590829996392,247.88920799983316,99.40995900251437,347.33712500019465,True,
3,43,5,fresh-client,1,viewport_98x72px,zstd_128,ZSTD,128,78,12,6876,463540753,463592563,51811,206,bytes 463540753-463592563/492119117,51811,51811,307.35441700016963,307.5189169976511,136.3201249987469,443.93741699968814,True,
3,44,5,fresh-client,1,large_aoi_392x288px,zstd_128,ZSTD,128,77,10,6786,459022256,459074574,52319,206,bytes 459022256-459074574/492119117,52319,52319,176.3987910017022,176.43875000067055,130.78179100193665,307.255833002273,True,
3,44,5,fresh-client,1,large_aoi_392x288px,zstd_128,ZSTD,128,77,11,6787,459074583,459126136,51554,206,bytes 459074583-459126136/492119117,51554,51554,198.45729200096685,198.5004590023891,171.19758400076535,369.736542001192,True,
3,44,5,fresh-client,1,large_aoi_392x288px,zstd_128,ZSTD,128,77,12,6788,459126145,459177002,50858,206,bytes 459126145-459177002/492119117,50858,50858,142.17987500160234,142.21133400133112,139.60512499761535,281.85933400163776,True,
3,44,5,fresh-client,1,large_aoi_392x288px,zstd_128,ZSTD,128,77,13,6789,459177011,459229715,52705,206,bytes 459177011-459229715/492119117,52705,52705,472.8367919997254,472.96291699967696,109.44841699893004,582.4532079968776,True,
3,44,5,fresh-client,1,large_aoi_392x288px,zstd_128,ZSTD,128,78,10,6874,463438439,463490001,51563,206,bytes 463438439-463490001/492119117,51563,51563,144.58337500036578,144.6157079990371,303.22445899946615,447.88708399937605,True,
3,44,5,fresh-client,1,large_aoi_392x288px,zstd_128,ZSTD,128,78,11,6875,463490010,463540744,50735,206,bytes 463490010-463540744/492119117,50735,50735,268.34683299966855,268.46295799987274,444.55350000134786,713.0695829982869,True,
3,44,5,fresh-client,1,large_aoi_392x288px,zstd_128,ZSTD,128,78,12,6876,463540753,463592563,51811,206,bytes 463540753-463592563/492119117,51811,51811,299.69983299815794,299.8144169978332,51.01316699801828,350.8990829977847,True,
3,44,5,fresh-client,1,large_aoi_392x288px,zstd_128,ZSTD,128,78,13,6877,463592572,463646112,53541,206,bytes 463592572-463646112/492119117,53541,53541,251.36845900124172,251.5350009998656,42.69712500172318,294.2756670017843,True,
3,44,5,fresh-client,1,large_aoi_392x288px,zstd_128,ZSTD,128,79,10,6962,467744704,467795492,50789,206,bytes 467744704-467795492/492119117,50789,50789,144.10762500119745,144.1315419979219,87.42820800034679,231.5826250014652,True,
3,44,5,fresh-client,1,large_aoi_392x288px,zstd_128,ZSTD,128,79,11,6963,467795501,467846880,51380,206,bytes 467795501-467846880/492119117,51380,51380,236.05400000087684,236.11379199792282,99.28750000108266,335.4416260008293,True,
3,44,5,fresh-client,1,large_aoi_392x288px,zstd_128,ZSTD,128,79,12,6964,467846889,467899652,52764,206,bytes 467846889-467899652/492119117,52764,52764,180.0218339994899,180.05716699917684,229.93408299953444,410.0371249987802,True,
3,44,5,fresh-client,1,large_aoi_392x288px,zstd_128,ZSTD,128,79,13,6965,467899661,467948544,48884,206,bytes 467899661-467948544/492119117,48884,48884,138.99120799760567,139.018333000422,64.69595800081152,203.7295419977454,True,
3,45,4,fresh-client,1,large_aoi_392x288px,zstd_512,ZSTD,512,19,2,420,453940732,454757744,817013,206,bytes 453940732-454757744/490194415,817013,817013,227.8255410019483,227.92375000062748,712.9763339980855,940.9777920009219,True,
3,45,4,fresh-client,1,large_aoi_392x288px,zstd_512,ZSTD,512,19,3,421,454757753,455587037,829285,206,bytes 454757753-455587037/490194415,829285,829285,500.8697500015842,500.97316699975636,963.9526249993651,1464.993500001583,True,
3,46,5,fresh-client,1,small_24x18px,zstd_256,ZSTD,256,39,6,1722,462498953,462705745,206793,206,bytes 462498953-462705745/490384277,206793,206793,173.72370800148929,173.81325000314973,113.5936250029772,287.440083000547,True,
3,47,3,fresh-client,1,large_aoi_392x288px,deflate_256,DEFLATE,256,38,5,1677,460967157,461178005,210849,206,bytes 460967157-461178005/498427477,210849,210849,251.54474999726517,251.63079199774074,125.58075000197277,377.2543749983015,True,
3,47,3,fresh-client,1,large_aoi_392x288px,deflate_256,DEFLATE,256,38,6,1678,461178014,461389907,211894,206,bytes 461178014-461389907/498427477,211894,211894,160.60620899952482,160.64891700079897,398.3028340007877,559.0040419992874,True,
3,47,3,fresh-client,1,large_aoi_392x288px,deflate_256,DEFLATE,256,39,5,1721,469859936,470066892,206957,206,bytes 469859936-470066892/498427477,206957,206957,145.0014160000137,145.02954099953058,248.3209580022958,393.39854100035154,True,
3,47,3,fresh-client,1,large_aoi_392x288px,deflate_256,DEFLATE,256,39,6,1722,470066901,470277493,210593,206,bytes 470066901-470277493/498427477,210593,210593,161.16500000134693,161.19483299917192,322.6725419990544,483.9238749991637,True,
3,48,3,fresh-client,1,viewport_196x144px,zstd_128,ZSTD,128,77,11,6787,459074583,459126136,51554,206,bytes 459074583-459126136/492119117,51554,51554,135.76766700134613,135.7974579987058,79.64450000145007,215.45712499937508,True,
3,48,3,fresh-client,1,viewport_196x144px,zstd_128,ZSTD,128,77,12,6788,459126145,459177002,50858,206,bytes 459126145-459177002/492119117,50858,50858,283.42300100121065,283.4599590023572,73.99712500046007,357.4899590021232,True,
3,48,3,fresh-client,1,viewport_196x144px,zstd_128,ZSTD,128,77,13,6789,459177011,459229715,52705,206,bytes 459177011-459229715/492119117,52705,52705,173.42199999984587,173.45929200018873,76.27170799969463,249.76570799844922,True,
3,48,3,fresh-client,1,viewport_196x144px,zstd_128,ZSTD,128,78,11,6875,463490010,463540744,50735,206,bytes 463490010-463540744/492119117,50735,50735,250.65887500022654,250.77487499947893,218.44720800072537,469.27945900097257,True,
3,48,3,fresh-client,1,viewport_196x144px,zstd_128,ZSTD,128,78,12,6876,463540753,463592563,51811,206,bytes 463540753-463592563/492119117,51811,51811,331.5243750002992,331.6377499977534,48.59924999982468,380.2749999995285,True,
3,48,3,fresh-client,1,viewport_196x144px,zstd_128,ZSTD,128,78,13,6877,463592572,463646112,53541,206,bytes 463592572-463646112/492119117,53541,53541,149.69733399993856,149.7272510023322,67.02874999973574,216.76995900270413,True,
3,49,2,fresh-client,1,viewport_98x72px,zstd_128,ZSTD,128,77,12,6788,459126145,459177002,50858,206,bytes 459126145-459177002/492119117,50858,50858,135.07612499961397,135.10350000069593,75.42433400158188,210.53987499908544,True,
3,49,2,fresh-client,1,viewport_98x72px,zstd_128,ZSTD,128,78,12,6876,463540753,463592563,51811,206,bytes 463540753-463592563/492119117,51811,51811,309.3339169972751,309.4413329999952,85.3971670003375,394.873874996847,True,
3,50,5,fresh-client,1,large_aoi_392x288px,deflate_128,DEFLATE,128,77,10,6786,465995630,466048722,53093,206,bytes 465995630-466048722/499617324,53093,53093,160.99049999684212,161.01974999764934,85.85116700123763,246.89945799764246,True,
3,50,5,fresh-client,1,large_aoi_392x288px,deflate_128,DEFLATE,128,77,11,6787,466048731,466100993,52263,206,bytes 466048731-466100993/499617324,52263,52263,135.29683299930184,135.3246250000666,68.10341700111167,203.44150000164518,True,
3,50,5,fresh-client,1,large_aoi_392x288px,deflate_128,DEFLATE,128,77,12,6788,466101002,466152431,51430,206,bytes 466101002-466152431/499617324,51430,51430,136.74216599974898,136.7721659989911,69.25145900095231,206.03529199797777,True,
3,50,5,fresh-client,1,large_aoi_392x288px,deflate_128,DEFLATE,128,77,13,6789,466152440,466206025,53586,206,bytes 466152440-466206025/499617324,53586,53586,126.05020800037892,126.07945799754816,49.70179200245184,175.7906249986263,True,
3,50,5,fresh-client,1,large_aoi_392x288px,deflate_128,DEFLATE,128,78,10,6874,470474183,470526343,52161,206,bytes 470474183-470526343/499617324,52161,52161,133.91283300006762,133.9376670002821,64.38941699889256,198.33995799854165,True,
3,50,5,fresh-client,1,large_aoi_392x288px,deflate_128,DEFLATE,128,78,11,6875,470526352,470577939,51588,206,bytes 470526352-470577939/499617324,51588,51588,300.6616659986321,300.688250001258,73.35804199828999,374.05712500185473,True,
3,50,5,fresh-client,1,large_aoi_392x288px,deflate_128,DEFLATE,128,78,12,6876,470577948,470630526,52579,206,bytes 470577948-470630526/499617324,52579,52579,171.31412500020815,171.3519169970823,55.060874998162035,226.44124999715132,True,
3,50,5,fresh-client,1,large_aoi_392x288px,deflate_128,DEFLATE,128,78,13,6877,470630535,470685000,54466,206,bytes 470630535-470685000/499617324,54466,54466,160.25879199878545,160.28949999963515,70.36383299782756,230.66866699809907,True,
3,50,5,fresh-client,1,large_aoi_392x288px,deflate_128,DEFLATE,128,79,10,6962,474844867,474896322,51456,206,bytes 474844867-474896322/499617324,51456,51456,173.45679200298036,173.49633300182177,166.9847090015537,340.52641699963715,True,
3,50,5,fresh-client,1,large_aoi_392x288px,deflate_128,DEFLATE,128,79,11,6963,474896331,474948466,52136,206,bytes 474896331-474948466/499617324,52136,52136,133.42112499958603,133.44625000172528,184.9394159980875,318.43250000019907,True,
3,50,5,fresh-client,1,large_aoi_392x288px,deflate_128,DEFLATE,128,79,12,6964,474948475,475002211,53737,206,bytes 474948475-475002211/499617324,53737,53737,146.6219590001856,146.65145900289644,102.96120900238748,249.65466700086836,True,
3,50,5,fresh-client,1,large_aoi_392x288px,deflate_128,DEFLATE,128,79,13,6965,475002220,475052147,49928,206,bytes 475002220-475052147/499617324,49928,49928,162.881042000663,162.9099169986148,122.31870799951139,285.26904200043646,True,
3,51,2,fresh-client,1,viewport_196x144px,lzw_512,LZW,512,19,2,420,612205443,613302759,1097317,206,bytes 612205443-613302759/661107776,1097317,1097317,237.95562499799416,238.0629580002278,629.5475419974537,867.6713329987251,True,
3,51,2,fresh-client,1,viewport_196x144px,lzw_512,LZW,512,19,3,421,613302768,614420752,1117985,206,bytes 613302768-614420752/661107776,1117985,1117985,163.86616700037848,163.8990419996844,561.5041249984642,725.4534170024272,True,
3,52,1,fresh-client,1,viewport_196x144px,deflate_512,DEFLATE,512,19,2,420,462155354,462985856,830503,206,bytes 462155354-462985856/499024403,830503,830503,174.6122499971534,174.64554099933594,529.3421669994132,704.0172919987526,True,
3,52,1,fresh-client,1,viewport_196x144px,deflate_512,DEFLATE,512,19,3,421,462985865,463831501,845637,206,bytes 462985865-463831501/499024403,845637,845637,274.1189580010541,274.2233329990995,566.1271249991842,840.4047080002783,True,
3,53,1,fresh-client,1,reference_49x36px,deflate_256,DEFLATE,256,38,6,1678,461178014,461389907,211894,206,bytes 461178014-461389907/498427477,211894,211894,229.05666699807625,229.13591699762037,144.6384169976227,373.8080010007252,True,
3,53,1,fresh-client,1,reference_49x36px,deflate_256,DEFLATE,256,39,6,1722,470066901,470277493,210593,206,bytes 470066901-470277493/498427477,210593,210593,143.07774999906542,143.10654099972453,121.76141699819709,264.9049159990682,True,
3,54,5,fresh-client,1,small_24x18px,lzw_512,LZW,512,19,3,421,613302768,614420752,1117985,206,bytes 613302768-614420752/661107776,1117985,1117985,134.76024999908987,134.78899999972782,526.2362499997835,661.0669590008911,True,
3,55,5,fresh-client,1,large_aoi_392x288px,lzw_512,LZW,512,19,2,420,612205443,613302759,1097317,206,bytes 612205443-613302759/661107776,1097317,1097317,157.89099999892642,157.9205419984646,699.6211670011689,857.5998749984137,True,
3,55,5,fresh-client,1,large_aoi_392x288px,lzw_512,LZW,512,19,3,421,613302768,614420752,1117985,206,bytes 613302768-614420752/661107776,1117985,1117985,194.08725000175764,194.13120900208014,499.1500830001314,693.330125999637,True,
3,56,2,fresh-client,1,reference_49x36px,lzw_256,LZW,256,38,6,1678,611588083,611870179,282097,206,bytes 611588083-611870179/661012853,282097,282097,159.97150000112015,160.00645800158964,378.0900419988029,538.1412499991711,True,
3,56,2,fresh-client,1,reference_49x36px,lzw_256,LZW,256,39,6,1722,623410206,623687723,277518,206,bytes 623410206-623687723/661012853,277518,277518,147.21583299979102,147.24437499899068,262.9485420002311,410.267292001663,True,
3,57,4,fresh-client,1,large_aoi_392x288px,zstd_128,ZSTD,128,77,10,6786,459022256,459074574,52319,206,bytes 459022256-459074574/492119117,52319,52319,163.6419999995269,163.68374999728985,60.95825000011246,224.73995799737168,True,
3,57,4,fresh-client,1,large_aoi_392x288px,zstd_128,ZSTD,128,77,11,6787,459074583,459126136,51554,206,bytes 459074583-459126136/492119117,51554,51554,380.49770900033764,380.52808399879723,57.83562500073458,438.3743750004214,True,
3,57,4,fresh-client,1,large_aoi_392x288px,zstd_128,ZSTD,128,77,12,6788,459126145,459177002,50858,206,bytes 459126145-459177002/492119117,50858,50858,169.48804200001177,169.53079200175125,252.76916700022412,422.32866699851,True,
3,57,4,fresh-client,1,large_aoi_392x288px,zstd_128,ZSTD,128,77,13,6789,459177011,459229715,52705,206,bytes 459177011-459229715/492119117,52705,52705,141.3068750007369,141.33345799928065,80.33391700155335,221.6798330009624,True,
3,57,4,fresh-client,1,large_aoi_392x288px,zstd_128,ZSTD,128,78,10,6874,463438439,463490001,51563,206,bytes 463438439-463490001/492119117,51563,51563,129.99737499922048,130.02770800085273,165.6191250003758,295.6770829987363,True,
3,57,4,fresh-client,1,large_aoi_392x288px,zstd_128,ZSTD,128,78,11,6875,463490010,463540744,50735,206,bytes 463490010-463540744/492119117,50735,50735,135.95304200134706,135.97958399986965,65.33520800076076,201.3258750012028,True,
3,57,4,fresh-client,1,large_aoi_392x288px,zstd_128,ZSTD,128,78,12,6876,463540753,463592563,51811,206,bytes 463540753-463592563/492119117,51811,51811,147.34849999877042,147.3759170003177,62.60916700193775,209.99695799764595,True,
3,57,4,fresh-client,1,large_aoi_392x288px,zstd_128,ZSTD,128,78,13,6877,463592572,463646112,53541,206,bytes 463592572-463646112/492119117,53541,53541,150.90195799712092,150.93441599674406,50.4932080002618,201.43954099694383,True,
3,57,4,fresh-client,1,large_aoi_392x288px,zstd_128,ZSTD,128,79,10,6962,467744704,467795492,50789,206,bytes 467744704-467795492/492119117,50789,50789,198.5728330000711,198.61466600195854,80.2438329992583,278.8946250002482,True,
3,57,4,fresh-client,1,large_aoi_392x288px,zstd_128,ZSTD,128,79,11,6963,467795501,467846880,51380,206,bytes 467795501-467846880/492119117,51380,51380,210.0571669980127,210.1036669992027,76.02124999903026,286.16995899938047,True,
3,57,4,fresh-client,1,large_aoi_392x288px,zstd_128,ZSTD,128,79,12,6964,467846889,467899652,52764,206,bytes 467846889-467899652/492119117,52764,52764,145.57287500065286,145.60050000000047,56.694165999942925,202.30791599897202,True,
3,57,4,fresh-client,1,large_aoi_392x288px,zstd_128,ZSTD,128,79,13,6965,467899661,467948544,48884,206,bytes 467899661-467948544/492119117,48884,48884,132.8626249996887,132.89212500239955,55.7852499987348,188.6877920005645,True,
3,58,2,fresh-client,1,large_aoi_392x288px,lzw_512,LZW,512,19,2,420,612205443,613302759,1097317,206,bytes 612205443-613302759/661107776,1097317,1097317,140.1916249997157,140.2211669992539,913.2855419993575,1053.5477089979395,True,
3,58,2,fresh-client,1,large_aoi_392x288px,lzw_512,LZW,512,19,3,421,613302768,614420752,1117985,206,bytes 613302768-614420752/661107776,1117985,1117985,208.6204999977781,208.66575000036391,1369.8410420001892,1578.566291998868,True,
3,59,2,fresh-client,1,small_24x18px,lzw_256,LZW,256,39,6,1722,623410206,623687723,277518,206,bytes 623410206-623687723/661012853,277518,277518,143.4009580007114,143.43270799872698,168.66912499972386,312.1560830004455,True,
3,60,1,fresh-client,1,viewport_98x72px,deflate_512,DEFLATE,512,19,3,421,462985865,463831501,845637,206,bytes 462985865-463831501/499024403,845637,845637,151.80045899978722,151.82999999888125,671.0425420023967,822.9043760002241,True,
3,61,1,fresh-client,1,viewport_196x144px,lzw_256,LZW,256,38,5,1677,611308756,611588074,279319,206,bytes 611308756-611588074/661012853,279319,279319,141.68270799927996,141.71333299964317,566.8381260002207,708.634541999345,True,
3,61,1,fresh-client,1,viewport_196x144px,lzw_256,LZW,256,38,6,1678,611588083,611870179,282097,206,bytes 611588083-611870179/661012853,282097,282097,231.68587499822024,231.7517079973186,178.8633750002191,410.64045899838675,True,
3,61,1,fresh-client,1,viewport_196x144px,lzw_256,LZW,256,39,5,1721,623137353,623410197,272845,206,bytes 623137353-623410197/661012853,272845,272845,129.58208299824037,129.6215000002121,249.43691700173076,379.097458000615,True,
3,61,1,fresh-client,1,viewport_196x144px,lzw_256,LZW,256,39,6,1722,623410206,623687723,277518,206,bytes 623410206-623687723/661012853,277518,277518,136.1685830015631,136.2021660024766,200.17625000036787,336.4944999993895,True,
3,62,3,fresh-client,1,viewport_98x72px,zstd_128,ZSTD,128,77,12,6788,459126145,459177002,50858,206,bytes 459126145-459177002/492119117,50858,50858,339.5002920005936,339.53158399890526,187.93150000055903,527.5238750000426,True,
3,62,3,fresh-client,1,viewport_98x72px,zstd_128,ZSTD,128,78,12,6876,463540753,463592563,51811,206,bytes 463540753-463592563/492119117,51811,51811,181.80562499765074,181.84908399780397,147.7444590018422,329.63308399848756,True,
3,63,1,fresh-client,1,viewport_98x72px,deflate_128,DEFLATE,128,77,12,6788,466101002,466152431,51430,206,bytes 466101002-466152431/499617324,51430,51430,170.2583330006746,170.29241699856357,56.41941700014286,226.7253329991945,True,
3,63,1,fresh-client,1,viewport_98x72px,deflate_128,DEFLATE,128,78,12,6876,470577948,470630526,52579,206,bytes 470577948-470630526/499617324,52579,52579,159.37645799931488,159.41116699832492,61.73595799918985,221.17441699811025,True,
3,64,1,fresh-client,1,small_24x18px,zstd_256,ZSTD,256,39,6,1722,462498953,462705745,206793,206,bytes 462498953-462705745/490384277,206793,206793,192.6667500010808,192.71287499941536,160.88524999941,353.65249999813386,True,
3,65,5,fresh-client,1,viewport_196x144px,deflate_256,DEFLATE,256,38,5,1677,460967157,461178005,210849,206,bytes 460967157-461178005/498427477,210849,210849,167.7806670013524,167.81587500008754,192.7471249982773,360.5929580007796,True,
3,65,5,fresh-client,1,viewport_196x144px,deflate_256,DEFLATE,256,38,6,1678,461178014,461389907,211894,206,bytes 461178014-461389907/498427477,211894,211894,223.377583999536,223.44470899770386,232.68687500240048,456.1759169992001,True,
3,65,5,fresh-client,1,viewport_196x144px,deflate_256,DEFLATE,256,39,5,1721,469859936,470066892,206957,206,bytes 469859936-470066892/498427477,206957,206957,150.31429100054083,150.34204100084025,153.55283399912878,303.93683300280827,True,
3,65,5,fresh-client,1,viewport_196x144px,deflate_256,DEFLATE,256,39,6,1722,470066901,470277493,210593,206,bytes 470066901-470277493/498427477,210593,210593,158.45824999996694,158.4922080000979,142.62724999935017,301.1433749998105,True,
3,66,5,fresh-client,1,tiny_12x9px,deflate_128,DEFLATE,128,78,12,6876,470577948,470630526,52579,206,bytes 470577948-470630526/499617324,52579,52579,202.21487500020885,202.28129200040712,45.67495799710741,247.99216700193938,True,
3,67,2,fresh-client,1,tiny_12x9px,lzw_512,LZW,512,19,3,421,613302768,614420752,1117985,206,bytes 613302768-614420752/661107776,1117985,1117985,139.6789999998873,139.72341699991375,543.956707999314,683.7460419992567,True,
3,68,3,fresh-client,1,tiny_12x9px,zstd_256,ZSTD,256,39,6,1722,462498953,462705745,206793,206,bytes 462498953-462705745/490384277,206793,206793,177.78083400116884,177.81770900182892,223.4738750012184,401.3495420003892,True,
3,69,1,fresh-client,1,small_24x18px,lzw_128,LZW,128,78,12,6876,622814425,622884075,69651,206,bytes 622814425-622884075/661264391,69651,69651,144.67779100232292,144.70120800251607,58.84433300161618,203.56108300256892,True,
3,70,4,fresh-client,1,tiny_12x9px,zstd_256,ZSTD,256,39,6,1722,462498953,462705745,206793,206,bytes 462498953-462705745/490384277,206793,206793,121.77683299887576,121.80679099765257,201.08270900163916,322.95075000001816,True,
3,71,2,fresh-client,1,tiny_12x9px,deflate_256,DEFLATE,256,39,6,1722,470066901,470277493,210593,206,bytes 470066901-470277493/498427477,210593,210593,192.7167499998177,192.82920800105785,652.3039169987896,845.1992500013148,True,
3,72,2,fresh-client,1,tiny_12x9px,zstd_512,ZSTD,512,19,3,421,454757753,455587037,829285,206,bytes 454757753-455587037/490194415,829285,829285,136.16945800094982,136.2017499996,891.3124999999127,1027.578083001572,True,
3,73,2,fresh-client,1,tiny_12x9px,lzw_128,LZW,128,78,12,6876,622814425,622884075,69651,206,bytes 622814425-622884075/661264391,69651,69651,738.2975839973369,738.4147919983661,91.1545830022078,829.6242090000305,True,
3,74,2,fresh-client,1,viewport_196x144px,lzw_128,LZW,128,77,11,6787,616804272,616873511,69240,206,bytes 616804272-616873511/661264391,69240,69240,139.91516699752538,139.94320799974957,96.49837499819114,236.45933299849275,True,
3,74,2,fresh-client,1,viewport_196x144px,lzw_128,LZW,128,77,12,6788,616873520,616941718,68199,206,bytes 616873520-616941718/661264391,68199,68199,147.47575000001234,147.51054199950886,94.5571669981291,242.1621249995951,True,
3,74,2,fresh-client,1,viewport_196x144px,lzw_128,LZW,128,77,13,6789,616941727,617013200,71474,206,bytes 616941727-617013200/661264391,71474,71474,390.2423750005255,390.2893340018636,86.72233299876098,477.0597499991709,True,
3,74,2,fresh-client,1,viewport_196x144px,lzw_128,LZW,128,78,11,6875,622747033,622814416,67384,206,bytes 622747033-622814416/661264391,67384,67384,132.8530419996241,132.88066699897172,69.67833300222992,202.57083399701514,True,
3,74,2,fresh-client,1,viewport_196x144px,lzw_128,LZW,128,78,12,6876,622814425,622884075,69651,206,bytes 622814425-622884075/661264391,69651,69651,137.9928749993269,138.01949999833596,65.97954200333334,204.00954200158594,True,
3,74,2,fresh-client,1,viewport_196x144px,lzw_128,LZW,128,78,13,6877,622884084,622955954,71871,206,bytes 622884084-622955954/661264391,71871,71871,137.37924999804818,137.40949999919394,65.99699999787845,203.42075000007753,True,
3,75,2,fresh-client,1,viewport_98x72px,deflate_512,DEFLATE,512,19,3,421,462985865,463831501,845637,206,bytes 462985865-463831501/499024403,845637,845637,150.99575000203913,151.022792000731,485.95700100122485,637.056458999723,True,
3,76,1,fresh-client,1,small_24x18px,deflate_256,DEFLATE,256,39,6,1722,470066901,470277493,210593,206,bytes 470066901-470277493/498427477,210593,210593,157.22920799817075,157.26570799961337,123.56200000067474,280.8750410003995,True,
3,77,3,fresh-client,1,large_aoi_392x288px,deflate_512,DEFLATE,512,19,2,420,462155354,462985856,830503,206,bytes 462155354-462985856/499024403,830503,830503,130.98733399965568,131.01616700078011,448.0873749998864,579.1157089988701,True,
3,77,3,fresh-client,1,large_aoi_392x288px,deflate_512,DEFLATE,512,19,3,421,462985865,463831501,845637,206,bytes 462985865-463831501/499024403,845637,845637,141.42479200017988,141.4557079988299,886.5450420016714,1028.0990840001323,True,
3,78,3,fresh-client,1,reference_49x36px,deflate_256,DEFLATE,256,38,6,1678,461178014,461389907,211894,206,bytes 461178014-461389907/498427477,211894,211894,130.50541700067697,130.53558300089207,117.63133400017978,248.19675000253483,True,
3,78,3,fresh-client,1,reference_49x36px,deflate_256,DEFLATE,256,39,6,1722,470066901,470277493,210593,206,bytes 470066901-470277493/498427477,210593,210593,166.5008329982811,166.53512499760836,185.983874998783,352.578457997879,True,
3,79,3,fresh-client,1,small_24x18px,zstd_128,ZSTD,128,78,12,6876,463540753,463592563,51811,206,bytes 463540753-463592563/492119117,51811,51811,163.1002920003084,163.21104199960246,58.292292000260204,221.5305839999928,True,
3,80,3,fresh-client,1,viewport_196x144px,lzw_128,LZW,128,77,11,6787,616804272,616873511,69240,206,bytes 616804272-616873511/661264391,69240,69240,199.48762499916484,199.53349999923375,67.07054100115784,266.625500000373,True,
3,80,3,fresh-client,1,viewport_196x144px,lzw_128,LZW,128,77,12,6788,616873520,616941718,68199,206,bytes 616873520-616941718/661264391,68199,68199,158.33174999715993,158.3639589989616,56.748167000478134,215.12566699675517,True,
3,80,3,fresh-client,1,viewport_196x144px,lzw_128,LZW,128,77,13,6789,616941727,617013200,71474,206,bytes 616941727-617013200/661264391,71474,71474,130.0932499980263,130.12233300105436,66.39312500192318,196.52783299898147,True,
3,80,3,fresh-client,1,viewport_196x144px,lzw_128,LZW,128,78,11,6875,622747033,622814416,67384,206,bytes 622747033-622814416/661264391,67384,67384,147.1774159981578,147.20324999871082,80.6410830009554,227.85391599973082,True,
3,80,3,fresh-client,1,viewport_196x144px,lzw_128,LZW,128,78,12,6876,622814425,622884075,69651,206,bytes 622814425-622884075/661264391,69651,69651,134.90708400058793,134.93433400071808,150.46237500064308,285.4333340001176,True,
3,80,3,fresh-client,1,viewport_196x144px,lzw_128,LZW,128,78,13,6877,622884084,622955954,71871,206,bytes 622884084-622955954/661264391,71871,71871,186.9993339969369,187.03954199736472,90.67862500160118,277.74987500015413,True,
3,81,5,fresh-client,1,large_aoi_392x288px,lzw_256,LZW,256,38,5,1677,611308756,611588074,279319,206,bytes 611308756-611588074/661012853,279319,279319,156.27095799936797,156.30337499896996,222.62308400240727,378.98987499647774,True,
3,81,5,fresh-client,1,large_aoi_392x288px,lzw_256,LZW,256,38,6,1678,611588083,611870179,282097,206,bytes 611588083-611870179/661012853,282097,282097,192.73612499819137,192.77545899967663,286.6574590007076,479.4793760011089,True,
3,81,5,fresh-client,1,large_aoi_392x288px,lzw_256,LZW,256,39,5,1721,623137353,623410197,272845,206,bytes 623137353-623410197/661012853,272845,272845,371.0320419995696,371.0775840008864,236.31916700105648,607.4403759994311,True,
3,81,5,fresh-client,1,large_aoi_392x288px,lzw_256,LZW,256,39,6,1722,623410206,623687723,277518,206,bytes 623410206-623687723/661012853,277518,277518,147.83641699978034,147.86666699728812,259.13287499861326,407.0396669994807,True,
3,82,5,fresh-client,1,small_24x18px,deflate_128,DEFLATE,128,78,12,6876,470577948,470630526,52579,206,bytes 470577948-470630526/499617324,52579,52579,145.03191699986928,145.05920900046476,87.45908299897565,232.53250099878642,True,
3,83,2,fresh-client,1,small_24x18px,zstd_128,ZSTD,128,78,12,6876,463540753,463592563,51811,206,bytes 463540753-463592563/492119117,51811,51811,142.7623340023274,142.79008400262683,81.90104200184578,224.7273339999083,True,
3,84,1,fresh-client,1,reference_49x36px,zstd_128,ZSTD,128,77,12,6788,459126145,459177002,50858,206,bytes 459126145-459177002/492119117,50858,50858,150.34141700016335,150.3725000002305,54.433707999123726,204.81937500153435,True,
3,84,1,fresh-client,1,reference_49x36px,zstd_128,ZSTD,128,78,12,6876,463540753,463592563,51811,206,bytes 463540753-463592563/492119117,51811,51811,185.1957510007196,185.2385010024591,129.5553749987448,314.8369170012302,True,
3,85,2,fresh-client,1,viewport_98x72px,deflate_128,DEFLATE,128,77,12,6788,466101002,466152431,51430,206,bytes 466101002-466152431/499617324,51430,51430,144.39845800006879,144.42799999960698,43.49825000099372,187.93929099774687,True,
3,85,2,fresh-client,1,viewport_98x72px,deflate_128,DEFLATE,128,78,12,6876,470577948,470630526,52579,206,bytes 470577948-470630526/499617324,52579,52579,161.2078329999349,161.24958300133585,66.21291700139409,227.47808300118777,True,
3,86,1,fresh-client,1,large_aoi_392x288px,deflate_128,DEFLATE,128,77,10,6786,465995630,466048722,53093,206,bytes 465995630-466048722/499617324,53093,53093,152.59812599833822,152.6302089987439,107.95716599750449,260.6279589999758,True,
3,86,1,fresh-client,1,large_aoi_392x288px,deflate_128,DEFLATE,128,77,11,6787,466048731,466100993,52263,206,bytes 466048731-466100993/499617324,52263,52263,171.9054999994114,171.9385409996903,57.66475000200444,229.61541599943303,True,
3,86,1,fresh-client,1,large_aoi_392x288px,deflate_128,DEFLATE,128,77,12,6788,466101002,466152431,51430,206,bytes 466101002-466152431/499617324,51430,51430,191.97733399778372,192.03141699836124,66.61516700114589,258.72037499721046,True,
3,86,1,fresh-client,1,large_aoi_392x288px,deflate_128,DEFLATE,128,77,13,6789,466152440,466206025,53586,206,bytes 466152440-466206025/499617324,53586,53586,172.9174169995531,172.95520900006522,68.81687499844702,241.80112600151915,True,
3,86,1,fresh-client,1,large_aoi_392x288px,deflate_128,DEFLATE,128,78,10,6874,470474183,470526343,52161,206,bytes 470474183-470526343/499617324,52161,52161,153.93058299741824,153.96620799947414,138.22054199772538,292.21899999902234,True,
3,86,1,fresh-client,1,large_aoi_392x288px,deflate_128,DEFLATE,128,78,11,6875,470526352,470577939,51588,206,bytes 470526352-470577939/499617324,51588,51588,142.71116700183484,142.74579199991422,83.19349999874248,225.96200100088026,True,
3,86,1,fresh-client,1,large_aoi_392x288px,deflate_128,DEFLATE,128,78,12,6876,470577948,470630526,52579,206,bytes 470577948-470630526/499617324,52579,52579,215.63345899994601,215.6688340000983,59.987915999954566,275.69887500067125,True,
3,86,1,fresh-client,1,large_aoi_392x288px,deflate_128,DEFLATE,128,78,13,6877,470630535,470685000,54466,206,bytes 470630535-470685000/499617324,54466,54466,199.66795800064574,199.73245800065342,54.55745799918077,254.32333299977472,True,
3,86,1,fresh-client,1,large_aoi_392x288px,deflate_128,DEFLATE,128,79,10,6962,474844867,474896322,51456,206,bytes 474844867-474896322/499617324,51456,51456,153.44479200211936,153.54558400213136,68.2018750012503,221.76266700262204,True,
3,86,1,fresh-client,1,large_aoi_392x288px,deflate_128,DEFLATE,128,79,11,6963,474896331,474948466,52136,206,bytes 474896331-474948466/499617324,52136,52136,189.1751250004745,189.22241700056475,65.69399999716552,254.93920799999614,True,
3,86,1,fresh-client,1,large_aoi_392x288px,deflate_128,DEFLATE,128,79,12,6964,474948475,475002211,53737,206,bytes 474948475-475002211/499617324,53737,53737,257.44695799949113,257.5375829983386,108.15216699847952,365.7188750003115,True,
3,86,1,fresh-client,1,large_aoi_392x288px,deflate_128,DEFLATE,128,79,13,6965,475002220,475052147,49928,206,bytes 475002220-475052147/499617324,49928,49928,441.69104200045695,441.74037499760743,48.34787499930826,490.1261249979143,True,
3,87,1,fresh-client,1,viewport_196x144px,deflate_128,DEFLATE,128,77,11,6787,466048731,466100993,52263,206,bytes 466048731-466100993/499617324,52263,52263,149.9025420016551,149.9361249989306,53.455416000360856,203.41245899908245,True,
3,87,1,fresh-client,1,viewport_196x144px,deflate_128,DEFLATE,128,77,12,6788,466101002,466152431,51430,206,bytes 466101002-466152431/499617324,51430,51430,238.50475099970936,238.58979199940222,51.9252919984865,290.5428340018261,True,
3,87,1,fresh-client,1,viewport_196x144px,deflate_128,DEFLATE,128,77,13,6789,466152440,466206025,53586,206,bytes 466152440-466206025/499617324,53586,53586,348.00662500128965,348.0829590007488,50.313084000663366,398.42475000114064,True,
3,87,1,fresh-client,1,viewport_196x144px,deflate_128,DEFLATE,128,78,11,6875,470526352,470577939,51588,206,bytes 470526352-470577939/499617324,51588,51588,163.29074999885052,163.3332089986652,42.15024999939487,205.521542000497,True,
3,87,1,fresh-client,1,viewport_196x144px,deflate_128,DEFLATE,128,78,12,6876,470577948,470630526,52579,206,bytes 470577948-470630526/499617324,52579,52579,151.0777080002299,151.10920799997984,52.7780000011262,203.8990000000922,True,
3,87,1,fresh-client,1,viewport_196x144px,deflate_128,DEFLATE,128,78,13,6877,470630535,470685000,54466,206,bytes 470630535-470685000/499617324,54466,54466,187.8725000024133,187.91162500201608,51.51558399666101,239.45779100176878,True,
3,88,4,fresh-client,1,viewport_98x72px,lzw_256,LZW,256,38,6,1678,611588083,611870179,282097,206,bytes 611588083-611870179/661012853,282097,282097,189.14150099953986,189.18541699895286,372.50991700057057,561.7386669982807,True,
3,88,4,fresh-client,1,viewport_98x72px,lzw_256,LZW,256,39,6,1722,623410206,623687723,277518,206,bytes 623410206-623687723/661012853,277518,277518,225.62012499838602,225.71004199926392,872.0658339989313,1097.8224169994064,True,
3,89,5,fresh-client,1,viewport_196x144px,lzw_128,LZW,128,77,11,6787,616804272,616873511,69240,206,bytes 616804272-616873511/661264391,69240,69240,189.65324999953737,189.6870829987165,177.14045899992925,366.8629999992845,True,
3,89,5,fresh-client,1,viewport_196x144px,lzw_128,LZW,128,77,12,6788,616873520,616941718,68199,206,bytes 616873520-616941718/661264391,68199,68199,240.92250000103377,240.97179200180108,55.43216699879849,296.4182499999879,True,
3,89,5,fresh-client,1,viewport_196x144px,lzw_128,LZW,128,77,13,6789,616941727,617013200,71474,206,bytes 616941727-617013200/661264391,71474,71474,166.13070799940033,166.1653329974797,56.4366250000603,222.61799999978393,True,
3,89,5,fresh-client,1,viewport_196x144px,lzw_128,LZW,128,78,11,6875,622747033,622814416,67384,206,bytes 622747033-622814416/661264391,67384,67384,152.65754200299853,152.690042003087,58.14933299916447,210.854750002909,True,
3,89,5,fresh-client,1,viewport_196x144px,lzw_128,LZW,128,78,12,6876,622814425,622884075,69651,206,bytes 622814425-622884075/661264391,69651,69651,168.33175100327935,168.37537600076757,143.5938750000787,312.05262600269634,True,
3,89,5,fresh-client,1,viewport_196x144px,lzw_128,LZW,128,78,13,6877,622884084,622955954,71871,206,bytes 622884084-622955954/661264391,71871,71871,159.32804100157227,159.44604100150173,191.73595900065266,351.2053330014169,True,
3,90,3,fresh-client,1,viewport_98x72px,lzw_256,LZW,256,38,6,1678,611588083,611870179,282097,206,bytes 611588083-611870179/661012853,282097,282097,235.11483299807878,235.17954199996893,845.3415420008241,1080.5502090006485,True,
3,90,3,fresh-client,1,viewport_98x72px,lzw_256,LZW,256,39,6,1722,623410206,623687723,277518,206,bytes 623410206-623687723/661012853,277518,277518,213.66291700178408,213.71279199956916,181.3285000025644,395.0685420022637,True,
3,91,1,fresh-client,1,small_24x18px,deflate_128,DEFLATE,128,78,12,6876,470577948,470630526,52579,206,bytes 470577948-470630526/499617324,52579,52579,228.98970800088136,229.0470829975675,51.13829200126929,280.2183329986292,True,
3,92,5,fresh-client,1,tiny_12x9px,lzw_128,LZW,128,78,12,6876,622814425,622884075,69651,206,bytes 622814425-622884075/661264391,69651,69651,145.6036249983299,145.6362499993702,62.09683400084032,207.7463749992603,True,
3,93,1,fresh-client,1,tiny_12x9px,lzw_256,LZW,256,39,6,1722,623410206,623687723,277518,206,bytes 623410206-623687723/661012853,277518,277518,354.43379200296476,354.4663330030744,204.21341700057383,558.7286250010948,True,
3,94,1,fresh-client,1,large_aoi_392x288px,zstd_128,ZSTD,128,77,10,6786,459022256,459074574,52319,206,bytes 459022256-459074574/492119117,52319,52319,232.65270800038707,232.70558299918775,391.8934170033026,624.6410829990054,True,
3,94,1,fresh-client,1,large_aoi_392x288px,zstd_128,ZSTD,128,77,11,6787,459074583,459126136,51554,206,bytes 459074583-459126136/492119117,51554,51554,174.29120800079545,174.32570799792302,68.45166700077243,242.7922499991837,True,
3,94,1,fresh-client,1,large_aoi_392x288px,zstd_128,ZSTD,128,77,12,6788,459126145,459177002,50858,206,bytes 459126145-459177002/492119117,50858,50858,147.18654099851847,147.221040999284,69.88216699755867,217.12187499724678,True,
3,94,1,fresh-client,1,large_aoi_392x288px,zstd_128,ZSTD,128,77,13,6789,459177011,459229715,52705,206,bytes 459177011-459229715/492119117,52705,52705,307.871332999639,307.9896250019374,71.0212500016496,379.08887500088895,True,
3,94,1,fresh-client,1,large_aoi_392x288px,zstd_128,ZSTD,128,78,10,6874,463438439,463490001,51563,206,bytes 463438439-463490001/492119117,51563,51563,196.39079100306844,196.43720800013398,48.36658400017768,244.83300000065356,True,
3,94,1,fresh-client,1,large_aoi_392x288px,zstd_128,ZSTD,128,78,11,6875,463490010,463540744,50735,206,bytes 463490010-463540744/492119117,50735,50735,164.00441699806834,164.03879199788207,75.7922500015411,239.86691699974472,True,
3,94,1,fresh-client,1,large_aoi_392x288px,zstd_128,ZSTD,128,78,12,6876,463540753,463592563,51811,206,bytes 463540753-463592563/492119117,51811,51811,191.98658399909618,192.08979199902387,62.51250000059372,254.6801249991404,True,
3,94,1,fresh-client,1,large_aoi_392x288px,zstd_128,ZSTD,128,78,13,6877,463592572,463646112,53541,206,bytes 463592572-463646112/492119117,53541,53541,192.39370899958885,192.44295899989083,61.92462599938153,254.3909169980907,True,
3,94,1,fresh-client,1,large_aoi_392x288px,zstd_128,ZSTD,128,79,10,6962,467744704,467795492,50789,206,bytes 467744704-467795492/492119117,50789,50789,157.71079099795315,157.76187499795924,167.27933299989672,325.0638329991489,True,
3,94,1,fresh-client,1,large_aoi_392x288px,zstd_128,ZSTD,128,79,11,6963,467795501,467846880,51380,206,bytes 467795501-467846880/492119117,51380,51380,186.19562499952735,186.25033300122595,52.36120799963828,238.65558299803524,True,
3,94,1,fresh-client,1,large_aoi_392x288px,zstd_128,ZSTD,128,79,12,6964,467846889,467899652,52764,206,bytes 467846889-467899652/492119117,52764,52764,140.68316700286232,140.71187499939697,47.17558300035307,187.89941700015333,True,
3,94,1,fresh-client,1,large_aoi_392x288px,zstd_128,ZSTD,128,79,13,6965,467899661,467948544,48884,206,bytes 467899661-467948544/492119117,48884,48884,214.84204200169188,214.8759580013575,66.87583399980213,281.80012500160956,True,
3,95,2,fresh-client,1,large_aoi_392x288px,deflate_512,DEFLATE,512,19,2,420,462155354,462985856,830503,206,bytes 462155354-462985856/499024403,830503,830503,179.33245799940778,179.35991600097623,308.83433400231297,488.23841699777404,True,
3,95,2,fresh-client,1,large_aoi_392x288px,deflate_512,DEFLATE,512,19,3,421,462985865,463831501,845637,206,bytes 462985865-463831501/499024403,845637,845637,162.28945799957728,162.32487500019488,473.2161249994533,635.5867079983,True,
3,96,4,fresh-client,1,tiny_12x9px,deflate_256,DEFLATE,256,39,6,1722,470066901,470277493,210593,206,bytes 470066901-470277493/498427477,210593,210593,179.81412500012084,179.83749999984866,937.3883340012981,1117.2766259987839,True,
3,97,5,fresh-client,1,viewport_196x144px,lzw_256,LZW,256,38,5,1677,611308756,611588074,279319,206,bytes 611308756-611588074/661012853,279319,279319,185.43504199988092,185.4713749999064,256.4587919987389,441.96170899886056,True,
3,97,5,fresh-client,1,viewport_196x144px,lzw_256,LZW,256,38,6,1678,611588083,611870179,282097,206,bytes 611588083-611870179/661012853,282097,282097,153.51012500104844,153.53587500067079,271.29224999953294,424.90141700181994,True,
3,97,5,fresh-client,1,viewport_196x144px,lzw_256,LZW,256,39,5,1721,623137353,623410197,272845,206,bytes 623137353-623410197/661012853,272845,272845,152.1223759991699,152.1625839995977,209.00062500004424,361.2232920022507,True,
3,97,5,fresh-client,1,viewport_196x144px,lzw_256,LZW,256,39,6,1722,623410206,623687723,277518,206,bytes 623410206-623687723/661012853,277518,277518,376.065333999577,376.0990419978043,575.0478750014736,951.2072920006176,True,
3,98,4,fresh-client,1,small_24x18px,lzw_256,LZW,256,39,6,1722,623410206,623687723,277518,206,bytes 623410206-623687723/661012853,277518,277518,184.6624169993447,184.7056260012323,159.1327079986513,343.8977920013713,True,
3,99,5,fresh-client,1,small_24x18px,lzw_128,LZW,128,78,12,6876,622814425,622884075,69651,206,bytes 622814425-622884075/661264391,69651,69651,176.01804200239712,176.04804200163926,55.14675000085845,231.20808400199166,True,
3,100,3,fresh-client,1,viewport_98x72px,deflate_512,DEFLATE,512,19,3,421,462985865,463831501,845637,206,bytes 462985865-463831501/499024403,845637,845637,177.74233399904915,177.78970899962587,418.51579200010747,596.3361670001177,True,
3,101,3,fresh-client,1,reference_49x36px,deflate_512,DEFLATE,512,19,3,421,462985865,463831501,845637,206,bytes 462985865-463831501/499024403,845637,845637,148.13741599937202,148.1703749996086,997.5435420019494,1145.7425000007788,True,
3,102,4,fresh-client,1,tiny_12x9px,lzw_512,LZW,512,19,3,421,613302768,614420752,1117985,206,bytes 613302768-614420752/661107776,1117985,1117985,155.46133299721987,155.4941249996773,590.8477920020232,746.3828750005632,True,
3,103,4,fresh-client,1,viewport_196x144px,lzw_256,LZW,256,38,5,1677,611308756,611588074,279319,206,bytes 611308756-611588074/661012853,279319,279319,177.42345800070325,177.4656670022523,213.34370800104807,390.84258300135843,True,
3,103,4,fresh-client,1,viewport_196x144px,lzw_256,LZW,256,38,6,1678,611588083,611870179,282097,206,bytes 611588083-611870179/661012853,282097,282097,211.16487499966752,211.21208399927127,257.1992919984041,468.4496250010852,True,
3,103,4,fresh-client,1,viewport_196x144px,lzw_256,LZW,256,39,5,1721,623137353,623410197,272845,206,bytes 623137353-623410197/661012853,272845,272845,141.84945799934212,141.88287499928265,152.1172499997192,294.04466599953594,True,
3,103,4,fresh-client,1,viewport_196x144px,lzw_256,LZW,256,39,6,1722,623410206,623687723,277518,206,bytes 623410206-623687723/661012853,277518,277518,150.95908299917937,150.99137499782955,304.8726249980973,455.88808299726225,True,
3,104,3,fresh-client,1,tiny_12x9px,lzw_512,LZW,512,19,3,421,613302768,614420752,1117985,206,bytes 613302768-614420752/661107776,1117985,1117985,273.352292002528,273.4184170003573,599.3325419985922,872.8316670021741,True,
3,105,4,fresh-client,1,tiny_12x9px,deflate_512,DEFLATE,512,19,3,421,462985865,463831501,845637,206,bytes 462985865-463831501/499024403,845637,845637,146.2816669991298,146.30912599750445,496.351166999375,642.7065419993596,True,
3,106,4,fresh-client,1,viewport_196x144px,deflate_512,DEFLATE,512,19,2,420,462155354,462985856,830503,206,bytes 462155354-462985856/499024403,830503,830503,165.63187499923515,165.665208001883,412.7761260024272,578.5624999989523,True,
3,106,4,fresh-client,1,viewport_196x144px,deflate_512,DEFLATE,512,19,3,421,462985865,463831501,845637,206,bytes 462985865-463831501/499024403,845637,845637,230.91070900045452,231.0189169984369,707.0222500005912,938.1141259982542,True,
3,107,4,fresh-client,1,viewport_196x144px,deflate_256,DEFLATE,256,38,5,1677,460967157,461178005,210849,206,bytes 460967157-461178005/498427477,210849,210849,200.33808399966802,200.37750100163976,216.74545899804798,417.1682090018294,True,
3,107,4,fresh-client,1,viewport_196x144px,deflate_256,DEFLATE,256,38,6,1678,461178014,461389907,211894,206,bytes 461178014-461389907/498427477,211894,211894,131.34220800202456,131.37054100297973,125.45191699973657,256.8673330024467,True,
3,107,4,fresh-client,1,viewport_196x144px,deflate_256,DEFLATE,256,39,5,1721,469859936,470066892,206957,206,bytes 469859936-470066892/498427477,206957,206957,155.84341700014193,155.8795419987291,164.69766599766444,320.5892509977275,True,
3,107,4,fresh-client,1,viewport_196x144px,deflate_256,DEFLATE,256,39,6,1722,470066901,470277493,210593,206,bytes 470066901-470277493/498427477,210593,210593,146.27050000126474,146.31100000042352,225.82570799932,372.1900420023303,True,
3,108,3,fresh-client,1,small_24x18px,zstd_256,ZSTD,256,39,6,1722,462498953,462705745,206793,206,bytes 462498953-462705745/490384277,206793,206793,174.6237920015119,174.67191700052354,117.44037500102422,292.13841700038756,True,
3,109,3,fresh-client,1,reference_49x36px,deflate_128,DEFLATE,128,77,12,6788,466101002,466152431,51430,206,bytes 466101002-466152431/499617324,51430,51430,502.7037090003432,502.7987089997623,132.06704199910746,634.9012509999739,True,
3,109,3,fresh-client,1,reference_49x36px,deflate_128,DEFLATE,128,78,12,6876,470577948,470630526,52579,206,bytes 470577948-470630526/499617324,52579,52579,159.01045799910207,159.0489170012006,64.15908400231274,223.23075000167591,True,
3,110,1,fresh-client,1,tiny_12x9px,deflate_512,DEFLATE,512,19,3,421,462985865,463831501,845637,206,bytes 462985865-463831501/499024403,845637,845637,167.23833300056867,167.27733299921965,407.7031669985445,575.0047080000513,True,
3,111,1,fresh-client,1,viewport_196x144px,zstd_512,ZSTD,512,19,2,420,453940732,454757744,817013,206,bytes 453940732-454757744/490194415,817013,817013,156.2420000009297,156.28287499930593,881.4520419982728,1037.804416999279,True,
3,111,1,fresh-client,1,viewport_196x144px,zstd_512,ZSTD,512,19,3,421,454757753,455587037,829285,206,bytes 454757753-455587037/490194415,829285,829285,181.3587920005375,181.39233400142984,913.9103340021393,1095.3375429999141,True,
3,112,4,fresh-client,1,viewport_196x144px,zstd_512,ZSTD,512,19,2,420,453940732,454757744,817013,206,bytes 453940732-454757744/490194415,817013,817013,159.68574999715202,159.72854099891265,398.6447919996863,558.3983329997864,True,
3,112,4,fresh-client,1,viewport_196x144px,zstd_512,ZSTD,512,19,3,421,454757753,455587037,829285,206,bytes 454757753-455587037/490194415,829285,829285,130.21375000244007,130.24537499950384,303.4252090001246,433.7062500017055,True,
3,113,5,fresh-client,1,viewport_98x72px,zstd_256,ZSTD,256,38,6,1678,453731252,453940035,208784,206,bytes 453731252-453940035/490384277,208784,208784,187.11341699963668,187.1513749974838,232.00762499982375,419.1806249982619,True,
3,113,5,fresh-client,1,viewport_98x72px,zstd_256,ZSTD,256,39,6,1722,462498953,462705745,206793,206,bytes 462498953-462705745/490384277,206793,206793,156.87262500068755,156.94254100162652,145.71375000014086,302.6988750025339,True,
3,114,5,fresh-client,1,reference_49x36px,zstd_128,ZSTD,128,77,12,6788,459126145,459177002,50858,206,bytes 459126145-459177002/492119117,50858,50858,184.79312599811237,184.8327919979056,51.9497909990605,236.79941699811025,True,
3,114,5,fresh-client,1,reference_49x36px,zstd_128,ZSTD,128,78,12,6876,463540753,463592563,51811,206,bytes 463540753-463592563/492119117,51811,51811,125.26287499713362,125.28924999787705,85.51383399753831,210.82045899674995,True,
3,115,5,fresh-client,1,reference_49x36px,lzw_512,LZW,512,19,3,421,613302768,614420752,1117985,206,bytes 613302768-614420752/661107776,1117985,1117985,237.75508299877401,237.8297079994809,1135.4351260015392,1373.3386669991887,True,
3,116,4,fresh-client,1,reference_49x36px,deflate_512,DEFLATE,512,19,3,421,462985865,463831501,845637,206,bytes 462985865-463831501/499024403,845637,845637,186.2629579991335,186.2961250008084,400.27508399725775,586.6223329976492,True,
3,117,1,fresh-client,1,viewport_98x72px,zstd_512,ZSTD,512,19,3,421,454757753,455587037,829285,206,bytes 454757753-455587037/490194415,829285,829285,195.63754200135008,195.68737500230782,522.5136669978383,718.2672510025441,True,
3,118,2,fresh-client,1,reference_49x36px,deflate_128,DEFLATE,128,77,12,6788,466101002,466152431,51430,206,bytes 466101002-466152431/499617324,51430,51430,251.91429200276616,252.00833300186787,51.87508299786714,303.93541699959314,True,
3,118,2,fresh-client,1,reference_49x36px,deflate_128,DEFLATE,128,78,12,6876,470577948,470630526,52579,206,bytes 470577948-470630526/499617324,52579,52579,164.85745899990434,164.89233399988734,49.42033300176263,214.3257089992403,True,
3,119,2,fresh-client,1,viewport_196x144px,zstd_256,ZSTD,256,38,5,1677,453523840,453731243,207404,206,bytes 453523840-453731243/490384277,207404,207404,238.28662500091013,238.40683299931698,161.52437499840744,399.9875420013268,True,
3,119,2,fresh-client,1,viewport_196x144px,zstd_256,ZSTD,256,38,6,1678,453731252,453940035,208784,206,bytes 453731252-453940035/490384277,208784,208784,161.13054100060253,161.167000002024,105.41404200193938,266.6170830016199,True,
3,119,2,fresh-client,1,viewport_196x144px,zstd_256,ZSTD,256,39,5,1721,462295419,462498944,203526,206,bytes 462295419-462498944/490384277,203526,203526,148.6525000000256,148.6837500015099,117.59725000229082,266.31237500259886,True,
3,119,2,fresh-client,1,viewport_196x144px,zstd_256,ZSTD,256,39,6,1722,462498953,462705745,206793,206,bytes 462498953-462705745/490384277,206793,206793,363.12924999947427,363.163624999288,147.8873759988346,511.08708399988245,True,
3,120,4,fresh-client,1,large_aoi_392x288px,lzw_512,LZW,512,19,2,420,612205443,613302759,1097317,206,bytes 612205443-613302759/661107776,1097317,1097317,145.89512499878765,145.94166700044298,1440.4350840013649,1586.4451249981357,True,
3,120,4,fresh-client,1,large_aoi_392x288px,lzw_512,LZW,512,19,3,421,613302768,614420752,1117985,206,bytes 613302768-614420752/661107776,1117985,1117985,141.66391599792405,141.69204099744093,1280.089792999206,1421.7937919966062,True,
3,121,5,fresh-client,1,large_aoi_392x288px,lzw_128,LZW,128,77,10,6786,616734150,616804263,70114,206,bytes 616734150-616804263/661264391,70114,70114,133.32066699877032,133.35554199875332,103.33779099892126,236.72545899898978,True,
3,121,5,fresh-client,1,large_aoi_392x288px,lzw_128,LZW,128,77,11,6787,616804272,616873511,69240,206,bytes 616804272-616873511/661264391,69240,69240,224.66512500250246,224.71650000079535,72.96704200052773,297.72412500096834,True,
3,121,5,fresh-client,1,large_aoi_392x288px,lzw_128,LZW,128,77,12,6788,616873520,616941718,68199,206,bytes 616873520-616941718/661264391,68199,68199,133.56520799788996,133.59133300036774,64.08324999938486,197.68520800062106,True,
3,121,5,fresh-client,1,large_aoi_392x288px,lzw_128,LZW,128,77,13,6789,616941727,617013200,71474,206,bytes 616941727-617013200/661264391,71474,71474,234.99050000100397,235.08445900006336,51.97770900122123,287.135209000553,True,
3,121,5,fresh-client,1,large_aoi_392x288px,lzw_128,LZW,128,78,10,6874,622678072,622747024,68953,206,bytes 622678072-622747024/661264391,68953,68953,158.01320799801033,158.04754100099672,60.991333000856685,219.05291599978227,True,
3,121,5,fresh-client,1,large_aoi_392x288px,lzw_128,LZW,128,78,11,6875,622747033,622814416,67384,206,bytes 622747033-622814416/661264391,67384,67384,134.52245900043636,134.5557920030842,66.08337500074413,200.65487500323798,True,
3,121,5,fresh-client,1,large_aoi_392x288px,lzw_128,LZW,128,78,12,6876,622814425,622884075,69651,206,bytes 622814425-622884075/661264391,69651,69651,133.9774590014713,134.00587499927497,100.79704100280651,234.83279200081597,True,
3,121,5,fresh-client,1,large_aoi_392x288px,lzw_128,LZW,128,78,13,6877,622884084,622955954,71871,206,bytes 622884084-622955954/661264391,71871,71871,203.13520899799187,203.17158399848267,172.32729099850985,375.5594590002147,True,
3,121,5,fresh-client,1,large_aoi_392x288px,lzw_128,LZW,128,79,10,6962,628465466,628533314,67849,206,bytes 628465466-628533314/661264391,67849,67849,144.9283749971073,144.96141699783038,81.20079199943575,226.18041699752212,True,
3,121,5,fresh-client,1,large_aoi_392x288px,lzw_128,LZW,128,79,11,6963,628533323,628602043,68721,206,bytes 628533323-628602043/661264391,68721,68721,177.96991700015496,178.01012500058278,93.84850000060396,271.88500000193017,True,
3,121,5,fresh-client,1,large_aoi_392x288px,lzw_128,LZW,128,79,12,6964,628602052,628673096,71045,206,bytes 628602052-628673096/661264391,71045,71045,345.07187499912106,345.2086670004064,56.818416000169236,402.0972079997591,True,
3,121,5,fresh-client,1,large_aoi_392x288px,lzw_128,LZW,128,79,13,6965,628673105,628737744,64640,206,bytes 628673105-628737744/661264391,64640,64640,146.44187500016415,146.47483400040073,59.05450099817244,205.5431260014302,True,
3,122,5,fresh-client,1,viewport_196x144px,deflate_512,DEFLATE,512,19,2,420,462155354,462985856,830503,206,bytes 462155354-462985856/499024403,830503,830503,126.3034580006206,126.36283299798379,575.6869169999845,702.1142089979548,True,
3,122,5,fresh-client,1,viewport_196x144px,deflate_512,DEFLATE,512,19,3,421,462985865,463831501,845637,206,bytes 462985865-463831501/499024403,845637,845637,243.76358299923595,243.8384170018253,337.1703749980952,581.0482920023787,True,
3,123,2,fresh-client,1,viewport_98x72px,zstd_256,ZSTD,256,38,6,1678,453731252,453940035,208784,206,bytes 453731252-453940035/490384277,208784,208784,216.3270420023764,216.38262499982375,264.0561250009341,480.4855830007,True,
3,123,2,fresh-client,1,viewport_98x72px,zstd_256,ZSTD,256,39,6,1722,462498953,462705745,206793,206,bytes 462498953-462705745/490384277,206793,206793,222.69770800266997,222.7538330007519,142.08950100146467,364.89341700143996,True,
3,124,4,fresh-client,1,small_24x18px,zstd_128,ZSTD,128,78,12,6876,463540753,463592563,51811,206,bytes 463540753-463592563/492119117,51811,51811,390.2533750006114,390.2892920013983,60.387749999790685,450.69866700214334,True,
3,125,1,fresh-client,1,small_24x18px,zstd_128,ZSTD,128,78,12,6876,463540753,463592563,51811,206,bytes 463540753-463592563/492119117,51811,51811,139.6584169997368,139.68854199993075,70.64775100297993,210.35295899855555,True,
3,126,2,fresh-client,1,small_24x18px,deflate_256,DEFLATE,256,39,6,1722,470066901,470277493,210593,206,bytes 470066901-470277493/498427477,210593,210593,243.2602910012065,243.36795799899846,192.1910420023778,435.6188749989087,True,
3,127,5,fresh-client,1,small_24x18px,lzw_256,LZW,256,39,6,1722,623410206,623687723,277518,206,bytes 623410206-623687723/661012853,277518,277518,150.81774999998743,150.85008300229674,240.2920830027142,391.1740000003192,True,
3,128,3,fresh-client,1,reference_49x36px,lzw_256,LZW,256,38,6,1678,611588083,611870179,282097,206,bytes 611588083-611870179/661012853,282097,282097,160.45545899760327,160.48529199906625,577.1197079993726,737.6468339971325,True,
3,128,3,fresh-client,1,reference_49x36px,lzw_256,LZW,256,39,6,1722,623410206,623687723,277518,206,bytes 623410206-623687723/661012853,277518,277518,175.13537500053644,175.17299999963143,222.2354160003306,397.43929100222886,True,
3,129,5,fresh-client,1,tiny_12x9px,zstd_256,ZSTD,256,39,6,1722,462498953,462705745,206793,206,bytes 462498953-462705745/490384277,206793,206793,162.10850100105745,162.14291700089234,262.6473750024161,424.8457920002693,True,
3,130,2,fresh-client,1,viewport_196x144px,zstd_512,ZSTD,512,19,2,420,453940732,454757744,817013,206,bytes 453940732-454757744/490194415,817013,817013,175.09891599911498,175.13599999801954,678.7624169992341,853.9688329983619,True,
3,130,2,fresh-client,1,viewport_196x144px,zstd_512,ZSTD,512,19,3,421,454757753,455587037,829285,206,bytes 454757753-455587037/490194415,829285,829285,223.67012500035344,223.73116699964157,478.2689589992515,702.0661669994297,True,
3,131,4,fresh-client,1,reference_49x36px,zstd_512,ZSTD,512,19,3,421,454757753,455587037,829285,206,bytes 454757753-455587037/490194415,829285,829285,162.26541600190103,162.295540998457,922.8065429997514,1085.1477090000117,True,
3,132,2,fresh-client,1,large_aoi_392x288px,zstd_512,ZSTD,512,19,2,420,453940732,454757744,817013,206,bytes 453940732-454757744/490194415,817013,817013,185.8302079999703,185.90079199930187,1101.0432090006361,1286.9752919978055,True,
3,132,2,fresh-client,1,large_aoi_392x288px,zstd_512,ZSTD,512,19,3,421,454757753,455587037,829285,206,bytes 454757753-455587037/490194415,829285,829285,349.1874999999709,349.2604580023908,638.5597089974908,987.880791999487,True,
3,133,2,fresh-client,1,reference_49x36px,zstd_512,ZSTD,512,19,3,421,454757753,455587037,829285,206,bytes 454757753-455587037/490194415,829285,829285,273.48591599729843,273.61637499780045,517.8901670005871,791.5364999971644,True,
3,134,2,fresh-client,1,large_aoi_392x288px,lzw_128,LZW,128,77,10,6786,616734150,616804263,70114,206,bytes 616734150-616804263/661264391,70114,70114,148.76762499989127,148.80495900069945,66.88225000107195,215.70250000149827,True,
3,134,2,fresh-client,1,large_aoi_392x288px,lzw_128,LZW,128,77,11,6787,616804272,616873511,69240,206,bytes 616804272-616873511/661264391,69240,69240,134.7034589998657,134.7354589997849,60.29562500043539,195.0428340023791,True,
3,134,2,fresh-client,1,large_aoi_392x288px,lzw_128,LZW,128,77,12,6788,616873520,616941718,68199,206,bytes 616873520-616941718/661264391,68199,68199,257.85474999793223,257.9800419989624,72.61420800205087,330.65908400021726,True,
3,134,2,fresh-client,1,large_aoi_392x288px,lzw_128,LZW,128,77,13,6789,616941727,617013200,71474,206,bytes 616941727-617013200/661264391,71474,71474,149.56600000004983,149.59995900062495,66.17241699859733,215.78708399829338,True,
3,134,2,fresh-client,1,large_aoi_392x288px,lzw_128,LZW,128,78,10,6874,622678072,622747024,68953,206,bytes 622678072-622747024/661264391,68953,68953,151.01037500062375,151.0473330017703,88.00866700039478,239.09245800314238,True,
3,134,2,fresh-client,1,large_aoi_392x288px,lzw_128,LZW,128,78,11,6875,622747033,622814416,67384,206,bytes 622747033-622814416/661264391,67384,67384,140.2232090003963,140.25316699917312,89.71845799896982,230.00579200015636,True,
3,134,2,fresh-client,1,large_aoi_392x288px,lzw_128,LZW,128,78,12,6876,622814425,622884075,69651,206,bytes 622814425-622884075/661264391,69651,69651,370.47345799874165,370.50437499783584,63.222000000678236,433.73858299673884,True,
3,134,2,fresh-client,1,large_aoi_392x288px,lzw_128,LZW,128,78,13,6877,622884084,622955954,71871,206,bytes 622884084-622955954/661264391,71871,71871,118.4942920008325,118.52024999825517,59.82862500241026,178.35974999979953,True,
3,134,2,fresh-client,1,large_aoi_392x288px,lzw_128,LZW,128,79,10,6962,628465466,628533314,67849,206,bytes 628465466-628533314/661264391,67849,67849,318.0819170011091,318.20487499862793,75.43266699940432,393.7088329985272,True,
3,134,2,fresh-client,1,large_aoi_392x288px,lzw_128,LZW,128,79,11,6963,628533323,628602043,68721,206,bytes 628533323-628602043/661264391,68721,68721,245.44045900256606,245.59525000222493,81.32275000025402,326.96708400180796,True,
3,134,2,fresh-client,1,large_aoi_392x288px,lzw_128,LZW,128,79,12,6964,628602052,628673096,71045,206,bytes 628602052-628673096/661264391,71045,71045,157.19829199952073,157.23362499920768,110.35458400147036,267.63641700017615,True,
3,134,2,fresh-client,1,large_aoi_392x288px,lzw_128,LZW,128,79,13,6965,628673105,628737744,64640,206,bytes 628673105-628737744/661264391,64640,64640,243.96279099892126,244.02504099998623,60.921042000700254,304.97995800033095,True,
3,135,1,fresh-client,1,tiny_12x9px,zstd_256,ZSTD,256,39,6,1722,462498953,462705745,206793,206,bytes 462498953-462705745/490384277,206793,206793,170.7903329988767,170.82645799746388,219.56870899884962,390.423249999003,True,
3,136,1,fresh-client,1,reference_49x36px,deflate_128,DEFLATE,128,77,12,6788,466101002,466152431,51430,206,bytes 466101002-466152431/499617324,51430,51430,155.2203749997716,155.27804199882667,109.54629099796875,264.85445800062735,True,
3,136,1,fresh-client,1,reference_49x36px,deflate_128,DEFLATE,128,78,12,6876,470577948,470630526,52579,206,bytes 470577948-470630526/499617324,52579,52579,173.70049999954063,173.74495799958822,75.82712500152411,249.60833300065133,True,
3,137,5,fresh-client,1,small_24x18px,zstd_128,ZSTD,128,78,12,6876,463540753,463592563,51811,206,bytes 463540753-463592563/492119117,51811,51811,159.4022080025752,159.43566700298106,64.12625099983416,223.5755000001518,True,
3,138,3,fresh-client,1,small_24x18px,deflate_512,DEFLATE,512,19,3,421,462985865,463831501,845637,206,bytes 462985865-463831501/499024403,845637,845637,147.58475000053295,147.61600000201724,514.3424589987262,662.072042003274,True,
3,139,5,fresh-client,1,small_24x18px,deflate_512,DEFLATE,512,19,3,421,462985865,463831501,845637,206,bytes 462985865-463831501/499024403,845637,845637,151.47075000277255,151.49995800311444,327.1704590006266,478.7355000007665,True,
3,140,5,fresh-client,1,reference_49x36px,zstd_256,ZSTD,256,38,6,1678,453731252,453940035,208784,206,bytes 453731252-453940035/490384277,208784,208784,190.35316599911312,190.39683300070465,134.73712599807186,325.17929199821083,True,
3,140,5,fresh-client,1,reference_49x36px,zstd_256,ZSTD,256,39,6,1722,462498953,462705745,206793,206,bytes 462498953-462705745/490384277,206793,206793,141.4946670010977,141.5274170030898,139.40283299962175,280.98145800322527,True,
3,141,4,fresh-client,1,viewport_98x72px,zstd_128,ZSTD,128,77,12,6788,459126145,459177002,50858,206,bytes 459126145-459177002/492119117,50858,50858,168.8417080004001,168.87270799998078,58.33775000064634,227.2246249995078,True,
3,141,4,fresh-client,1,viewport_98x72px,zstd_128,ZSTD,128,78,12,6876,463540753,463592563,51811,206,bytes 463540753-463592563/492119117,51811,51811,191.88808399849222,191.95295900135534,55.76116700103739,247.74420899848337,True,
3,142,2,fresh-client,1,large_aoi_392x288px,deflate_256,DEFLATE,256,38,5,1677,460967157,461178005,210849,206,bytes 460967157-461178005/498427477,210849,210849,187.98833300024853,188.03487500190386,148.65766600269126,336.74366700142855,True,
3,142,2,fresh-client,1,large_aoi_392x288px,deflate_256,DEFLATE,256,38,6,1678,461178014,461389907,211894,206,bytes 461178014-461389907/498427477,211894,211894,168.29724999843165,168.33266599860508,316.18641699969885,484.55483299767366,True,
3,142,2,fresh-client,1,large_aoi_392x288px,deflate_256,DEFLATE,256,39,5,1721,469859936,470066892,206957,206,bytes 469859936-470066892/498427477,206957,206957,138.03550000011455,138.0650829996739,236.25375000119675,374.3557499983581,True,
3,142,2,fresh-client,1,large_aoi_392x288px,deflate_256,DEFLATE,256,39,6,1722,470066901,470277493,210593,206,bytes 470066901-470277493/498427477,210593,210593,342.6592089999758,342.690292000043,162.03754200250842,504.7634589973313,True,
3,143,5,fresh-client,1,viewport_98x72px,zstd_512,ZSTD,512,19,3,421,454757753,455587037,829285,206,bytes 454757753-455587037/490194415,829285,829285,183.24195799868903,183.28883299909648,430.8025840000482,614.1554999994696,True,
3,144,1,fresh-client,1,large_aoi_392x288px,lzw_128,LZW,128,77,10,6786,616734150,616804263,70114,206,bytes 616734150-616804263/661264391,70114,70114,146.86712499678833,146.89575000011246,354.21175099691027,501.13970899838023,True,
3,144,1,fresh-client,1,large_aoi_392x288px,lzw_128,LZW,128,77,11,6787,616804272,616873511,69240,206,bytes 616804272-616873511/661264391,69240,69240,146.57291699768393,146.6154169975198,71.39420800012886,218.02183399995556,True,
3,144,1,fresh-client,1,large_aoi_392x288px,lzw_128,LZW,128,77,12,6788,616873520,616941718,68199,206,bytes 616873520-616941718/661264391,68199,68199,289.5870840002317,289.7505420005473,279.3855839991011,569.1972919994441,True,
3,144,1,fresh-client,1,large_aoi_392x288px,lzw_128,LZW,128,77,13,6789,616941727,617013200,71474,206,bytes 616941727-617013200/661264391,71474,71474,169.69883300043875,169.73458299980848,63.60491700252169,233.36091699820827,True,
3,144,1,fresh-client,1,large_aoi_392x288px,lzw_128,LZW,128,78,10,6874,622678072,622747024,68953,206,bytes 622678072-622747024/661264391,68953,68953,143.90512500176555,143.93441599895596,58.59095900086686,202.54229200145346,True,
3,144,1,fresh-client,1,large_aoi_392x288px,lzw_128,LZW,128,78,11,6875,622747033,622814416,67384,206,bytes 622747033-622814416/661264391,67384,67384,245.0388750003185,245.12783300087904,55.72362499879091,300.89049999878625,True,
3,144,1,fresh-client,1,large_aoi_392x288px,lzw_128,LZW,128,78,12,6876,622814425,622884075,69651,206,bytes 622814425-622884075/661264391,69651,69651,148.94587500020862,148.98779199938872,67.80829199851723,216.82108400273137,True,
3,144,1,fresh-client,1,large_aoi_392x288px,lzw_128,LZW,128,78,13,6877,622884084,622955954,71871,206,bytes 622884084-622955954/661264391,71871,71871,146.29545799834887,146.32724999682978,83.57800000158022,229.92304199942737,True,
3,144,1,fresh-client,1,large_aoi_392x288px,lzw_128,LZW,128,79,10,6962,628465466,628533314,67849,206,bytes 628465466-628533314/661264391,67849,67849,204.89912500124774,204.95941699846298,160.29004200026975,365.29520800104365,True,
3,144,1,fresh-client,1,large_aoi_392x288px,lzw_128,LZW,128,79,11,6963,628533323,628602043,68721,206,bytes 628533323-628602043/661264391,68721,68721,326.7111669993028,326.83504200031166,91.24949999750243,418.1319170020288,True,
3,144,1,fresh-client,1,large_aoi_392x288px,lzw_128,LZW,128,79,12,6964,628602052,628673096,71045,206,bytes 628602052-628673096/661264391,71045,71045,153.75158300230396,153.78370800317498,80.51558400256908,234.33058299997356,True,
3,144,1,fresh-client,1,large_aoi_392x288px,lzw_128,LZW,128,79,13,6965,628673105,628737744,64640,206,bytes 628673105-628737744/661264391,64640,64640,134.4331250002142,134.4767500013404,232.11191699738265,366.61779200221645,True,
3,145,1,fresh-client,1,viewport_98x72px,lzw_128,LZW,128,77,12,6788,616873520,616941718,68199,206,bytes 616873520-616941718/661264391,68199,68199,227.97874999741907,228.02833300011116,70.01416699858964,298.08937499910826,True,
3,145,1,fresh-client,1,viewport_98x72px,lzw_128,LZW,128,78,12,6876,622814425,622884075,69651,206,bytes 622814425-622884075/661264391,69651,69651,369.7777919987857,369.8695419989235,101.00858300211257,470.9350009979971,True,
3,146,3,fresh-client,1,viewport_196x144px,zstd_512,ZSTD,512,19,2,420,453940732,454757744,817013,206,bytes 453940732-454757744/490194415,817013,817013,158.32849999787868,158.35899999729008,830.0328750010522,988.4342909972474,True,
3,146,3,fresh-client,1,viewport_196x144px,zstd_512,ZSTD,512,19,3,421,454757753,455587037,829285,206,bytes 454757753-455587037/490194415,829285,829285,182.8434590024699,182.88379200021154,450.7012920003035,633.6340420020861,True,
3,147,1,fresh-client,1,reference_49x36px,zstd_512,ZSTD,512,19,3,421,454757753,455587037,829285,206,bytes 454757753-455587037/490194415,829285,829285,205.6639170004928,205.71408300020266,375.45391699677566,581.1952090007253,True,
3,148,5,fresh-client,1,viewport_98x72px,deflate_128,DEFLATE,128,77,12,6788,466101002,466152431,51430,206,bytes 466101002-466152431/499617324,51430,51430,459.5123750004859,459.6336249996966,60.76779200157034,520.4586670006393,True,
3,148,5,fresh-client,1,viewport_98x72px,deflate_128,DEFLATE,128,78,12,6876,470577948,470630526,52579,206,bytes 470577948-470630526/499617324,52579,52579,195.91850000142585,195.96979199923226,58.27866699837614,254.30141700053355,True,
3,149,2,fresh-client,1,reference_49x36px,zstd_128,ZSTD,128,77,12,6788,459126145,459177002,50858,206,bytes 459126145-459177002/492119117,50858,50858,197.6372499993886,197.67979199968977,60.09570800233632,257.8077919970383,True,
3,149,2,fresh-client,1,reference_49x36px,zstd_128,ZSTD,128,78,12,6876,463540753,463592563,51811,206,bytes 463540753-463592563/492119117,51811,51811,166.77225100283977,166.80387600354152,57.91733400110388,224.7475010008202,True,
3,150,4,fresh-client,1,viewport_98x72px,lzw_128,LZW,128,77,12,6788,616873520,616941718,68199,206,bytes 616873520-616941718/661264391,68199,68199,226.09120799825178,226.18291599792428,97.88695899987943,324.1012500002398,True,
3,150,4,fresh-client,1,viewport_98x72px,lzw_128,LZW,128,78,12,6876,622814425,622884075,69651,206,bytes 622814425-622884075/661264391,69651,69651,194.8712509984034,194.91445899984683,70.15287499962142,265.11137600027723,True,
3,151,4,fresh-client,1,reference_49x36px,lzw_256,LZW,256,38,6,1678,611588083,611870179,282097,206,bytes 611588083-611870179/661012853,282097,282097,131.27337499827263,131.32204199791886,347.22695799791836,478.59416699793655,True,
3,151,4,fresh-client,1,reference_49x36px,lzw_256,LZW,256,39,6,1722,623410206,623687723,277518,206,bytes 623410206-623687723/661012853,277518,277518,276.5687920000346,276.84370900169597,205.11062500008848,481.9816670024011,True,
3,152,2,fresh-client,1,tiny_12x9px,lzw_256,LZW,256,39,6,1722,623410206,623687723,277518,206,bytes 623410206-623687723/661012853,277518,277518,378.85362499946496,378.97933299973374,197.61591700080317,576.6572499996983,True,
3,153,2,fresh-client,1,large_aoi_392x288px,zstd_128,ZSTD,128,77,10,6786,459022256,459074574,52319,206,bytes 459022256-459074574/492119117,52319,52319,211.7614170019806,211.81300000171177,58.913666998705594,270.7572920007806,True,
3,153,2,fresh-client,1,large_aoi_392x288px,zstd_128,ZSTD,128,77,11,6787,459074583,459126136,51554,206,bytes 459074583-459126136/492119117,51554,51554,162.79924999980722,162.84683300182223,90.39345900237095,253.27320900032646,True,
3,153,2,fresh-client,1,large_aoi_392x288px,zstd_128,ZSTD,128,77,12,6788,459126145,459177002,50858,206,bytes 459126145-459177002/492119117,50858,50858,158.4160829988832,158.44579199983855,48.860790997423464,207.31570799762267,True,
3,153,2,fresh-client,1,large_aoi_392x288px,zstd_128,ZSTD,128,77,13,6789,459177011,459229715,52705,206,bytes 459177011-459229715/492119117,52705,52705,115.19779099762673,115.21983299826388,87.47200000289013,202.71433299785713,True,
3,153,2,fresh-client,1,large_aoi_392x288px,zstd_128,ZSTD,128,78,10,6874,463438439,463490001,51563,206,bytes 463438439-463490001/492119117,51563,51563,117.11683300018194,117.13758300174959,233.27537499790196,350.50629200122785,True,
3,153,2,fresh-client,1,large_aoi_392x288px,zstd_128,ZSTD,128,78,11,6875,463490010,463540744,50735,206,bytes 463490010-463540744/492119117,50735,50735,211.38962499753688,211.45849999811617,61.50999999954365,273.01591699870187,True,
3,153,2,fresh-client,1,large_aoi_392x288px,zstd_128,ZSTD,128,78,12,6876,463540753,463592563,51811,206,bytes 463540753-463592563/492119117,51811,51811,150.5048330000136,150.5441659974167,115.33937499916647,265.9192909995909,True,
3,153,2,fresh-client,1,large_aoi_392x288px,zstd_128,ZSTD,128,78,13,6877,463592572,463646112,53541,206,bytes 463592572-463646112/492119117,53541,53541,218.93833400099538,218.99033400040935,179.2256670014467,398.2498340010352,True,
3,153,2,fresh-client,1,large_aoi_392x288px,zstd_128,ZSTD,128,79,10,6962,467744704,467795492,50789,206,bytes 467744704-467795492/492119117,50789,50789,219.6161249994475,219.70429199791397,136.64391699785483,356.41033399951993,True,
3,153,2,fresh-client,1,large_aoi_392x288px,zstd_128,ZSTD,128,79,11,6963,467795501,467846880,51380,206,bytes 467795501-467846880/492119117,51380,51380,158.16933300084202,158.20216599968262,96.2251249984547,254.50337499933084,True,
3,153,2,fresh-client,1,large_aoi_392x288px,zstd_128,ZSTD,128,79,12,6964,467846889,467899652,52764,206,bytes 467846889-467899652/492119117,52764,52764,421.53137500281446,421.5933750019758,88.27141700021457,509.90708400058793,True,
3,153,2,fresh-client,1,large_aoi_392x288px,zstd_128,ZSTD,128,79,13,6965,467899661,467948544,48884,206,bytes 467899661-467948544/492119117,48884,48884,184.45441600124468,184.49966600019252,126.67287500153179,311.2317080012872,True,
3,154,2,fresh-client,1,viewport_196x144px,zstd_128,ZSTD,128,77,11,6787,459074583,459126136,51554,206,bytes 459074583-459126136/492119117,51554,51554,203.89575000081095,203.9460420019168,75.14670900127385,279.13666700260364,True,
3,154,2,fresh-client,1,viewport_196x144px,zstd_128,ZSTD,128,77,12,6788,459126145,459177002,50858,206,bytes 459126145-459177002/492119117,50858,50858,146.94454199707252,146.9901669988758,60.82587499986403,207.8283749979164,True,
3,154,2,fresh-client,1,viewport_196x144px,zstd_128,ZSTD,128,77,13,6789,459177011,459229715,52705,206,bytes 459177011-459229715/492119117,52705,52705,305.6697499996517,305.778250000003,60.0538750004489,365.88729200229864,True,
3,154,2,fresh-client,1,viewport_196x144px,zstd_128,ZSTD,128,78,11,6875,463490010,463540744,50735,206,bytes 463490010-463540744/492119117,50735,50735,192.89129199751187,192.95200099804788,76.91941699886229,269.9385009982507,True,
3,154,2,fresh-client,1,viewport_196x144px,zstd_128,ZSTD,128,78,12,6876,463540753,463592563,51811,206,bytes 463540753-463592563/492119117,51811,51811,159.46799999801442,159.5128749977448,68.13383400003659,227.67312499854597,True,
3,154,2,fresh-client,1,viewport_196x144px,zstd_128,ZSTD,128,78,13,6877,463592572,463646112,53541,206,bytes 463592572-463646112/492119117,53541,53541,207.15770800234168,207.21208300165017,140.46220900127082,347.71700000055716,True,
3,155,3,fresh-client,1,reference_49x36px,zstd_128,ZSTD,128,77,12,6788,459126145,459177002,50858,206,bytes 459126145-459177002/492119117,50858,50858,179.93533299886622,179.97325000033015,68.02825000340817,248.0345000003581,True,
3,155,3,fresh-client,1,reference_49x36px,zstd_128,ZSTD,128,78,12,6876,463540753,463592563,51811,206,bytes 463540753-463592563/492119117,51811,51811,152.84891600094852,152.88191600120626,64.96791699828464,217.8622500032361,True,
3,156,1,fresh-client,1,small_24x18px,zstd_512,ZSTD,512,19,3,421,454757753,455587037,829285,206,bytes 454757753-455587037/490194415,829285,829285,144.2792499983625,144.3106250007986,446.55120800234727,590.9088329972292,True,
3,157,2,fresh-client,1,large_aoi_392x288px,zstd_256,ZSTD,256,38,5,1677,453523840,453731243,207404,206,bytes 453523840-453731243/490384277,207404,207404,364.9757919993135,365.04770800092956,252.32266699822503,617.3871669998334,True,
3,157,2,fresh-client,1,large_aoi_392x288px,zstd_256,ZSTD,256,38,6,1678,453731252,453940035,208784,206,bytes 453731252-453940035/490384277,208784,208784,188.98975000047358,189.0320829988923,222.14337499826797,411.22620799797005,True,
3,157,2,fresh-client,1,large_aoi_392x288px,zstd_256,ZSTD,256,39,5,1721,462295419,462498944,203526,206,bytes 462295419-462498944/490384277,203526,203526,138.4152089995041,138.4434589999728,330.15441599854967,468.65375000197673,True,
3,157,2,fresh-client,1,large_aoi_392x288px,zstd_256,ZSTD,256,39,6,1722,462498953,462705745,206793,206,bytes 462498953-462705745/490384277,206793,206793,335.74329200200737,335.8439580006234,248.09479200121132,583.9957499993034,True,
3,158,5,fresh-client,1,tiny_12x9px,deflate_512,DEFLATE,512,19,3,421,462985865,463831501,845637,206,bytes 462985865-463831501/499024403,845637,845637,134.17233300060616,134.20154199775425,414.12974999911967,548.3746249992691,True,
3,159,1,fresh-client,1,reference_49x36px,zstd_256,ZSTD,256,38,6,1678,453731252,453940035,208784,206,bytes 453731252-453940035/490384277,208784,208784,151.10879100029706,151.13854100127355,139.24562499960302,290.43074999935925,True,
3,159,1,fresh-client,1,reference_49x36px,zstd_256,ZSTD,256,39,6,1722,462498953,462705745,206793,206,bytes 462498953-462705745/490384277,206793,206793,248.78108300254098,248.89100000291364,105.34404199643177,354.3151250014489,True,
3,160,2,fresh-client,1,small_24x18px,deflate_512,DEFLATE,512,19,3,421,462985865,463831501,845637,206,bytes 462985865-463831501/499024403,845637,845637,134.84333300220896,134.8734580024029,300.870417002443,435.789791001298,True,
3,161,2,fresh-client,1,small_24x18px,lzw_128,LZW,128,78,12,6876,622814425,622884075,69651,206,bytes 622814425-622884075/661264391,69651,69651,316.5347920003114,316.6229169983126,162.841124998522,479.49858299762127,True,
3,162,3,fresh-client,1,viewport_98x72px,lzw_128,LZW,128,77,12,6788,616873520,616941718,68199,206,bytes 616873520-616941718/661264391,68199,68199,144.16379199974472,144.19674999953713,93.00329200050328,237.23450000034063,True,
3,162,3,fresh-client,1,viewport_98x72px,lzw_128,LZW,128,78,12,6876,622814425,622884075,69651,206,bytes 622814425-622884075/661264391,69651,69651,165.91062500083353,165.94466699825716,55.8060410003236,221.7625000012049,True,
3,163,3,fresh-client,1,small_24x18px,deflate_128,DEFLATE,128,78,12,6876,470577948,470630526,52579,206,bytes 470577948-470630526/499617324,52579,52579,144.3273329969088,144.36387499881675,54.49199999929988,198.87341699723038,True,
3,164,3,fresh-client,1,small_24x18px,lzw_256,LZW,256,39,6,1722,623410206,623687723,277518,206,bytes 623410206-623687723/661012853,277518,277518,155.5551249985001,155.59083399784868,207.99900000201887,363.64154200055054,True,
3,165,4,fresh-client,1,tiny_12x9px,zstd_512,ZSTD,512,19,3,421,454757753,455587037,829285,206,bytes 454757753-455587037/490194415,829285,829285,143.50670899875695,143.5398339999665,304.5045420003589,448.1139589988743,True,
3,166,3,fresh-client,1,reference_49x36px,zstd_256,ZSTD,256,38,6,1678,453731252,453940035,208784,206,bytes 453731252-453940035/490384277,208784,208784,143.52770799814607,143.5576250005397,231.49070799991023,375.06287499854807,True,
3,166,3,fresh-client,1,reference_49x36px,zstd_256,ZSTD,256,39,6,1722,462498953,462705745,206793,206,bytes 462498953-462705745/490384277,206793,206793,238.10270800095168,238.1765419995645,129.86641699899337,368.08354199820315,True,
3,167,2,fresh-client,1,viewport_98x72px,deflate_256,DEFLATE,256,38,6,1678,461178014,461389907,211894,206,bytes 461178014-461389907/498427477,211894,211894,199.87599999876693,199.91095799923642,119.16745800044737,319.1072500012524,True,
3,167,2,fresh-client,1,viewport_98x72px,deflate_256,DEFLATE,256,39,6,1722,470066901,470277493,210593,206,bytes 470066901-470277493/498427477,210593,210593,146.1403329994937,146.17666599951917,202.39650000075926,348.604916001932,True,
3,168,1,fresh-client,1,large_aoi_392x288px,deflate_512,DEFLATE,512,19,2,420,462155354,462985856,830503,206,bytes 462155354-462985856/499024403,830503,830503,327.14004200170166,327.3113760005799,545.5705830027,872.9217510008311,True,
3,168,1,fresh-client,1,large_aoi_392x288px,deflate_512,DEFLATE,512,19,3,421,462985865,463831501,845637,206,bytes 462985865-463831501/499024403,845637,845637,478.1608340017556,478.29195899976185,413.6585419983021,892.0037509997201,True,
3,169,5,fresh-client,1,viewport_196x144px,deflate_128,DEFLATE,128,77,11,6787,466048731,466100993,52263,206,bytes 466048731-466100993/499617324,52263,52263,146.64824999999837,146.69645899994066,72.1228330003214,218.83354199962923,True,
3,169,5,fresh-client,1,viewport_196x144px,deflate_128,DEFLATE,128,77,12,6788,466101002,466152431,51430,206,bytes 466101002-466152431/499617324,51430,51430,143.5422499998822,143.57462499901885,81.03404199937358,224.64212499835412,True,
3,169,5,fresh-client,1,viewport_196x144px,deflate_128,DEFLATE,128,77,13,6789,466152440,466206025,53586,206,bytes 466152440-466206025/499617324,53586,53586,167.56304199952865,167.59787499904633,56.10691699985182,223.7219999988156,True,
3,169,5,fresh-client,1,viewport_196x144px,deflate_128,DEFLATE,128,78,11,6875,470526352,470577939,51588,206,bytes 470526352-470577939/499617324,51588,51588,123.86970900115557,123.90166700060945,70.77237499834155,194.69312500223168,True,
3,169,5,fresh-client,1,viewport_196x144px,deflate_128,DEFLATE,128,78,12,6876,470577948,470630526,52579,206,bytes 470577948-470630526/499617324,52579,52579,137.9022500004794,137.93000000077882,83.12475000275299,221.06908299974748,True,
3,169,5,fresh-client,1,viewport_196x144px,deflate_128,DEFLATE,128,78,13,6877,470630535,470685000,54466,206,bytes 470630535-470685000/499617324,54466,54466,136.23916700089467,136.26829200075008,56.61912600044161,192.91066699952353,True,
3,170,2,fresh-client,1,viewport_98x72px,lzw_512,LZW,512,19,3,421,613302768,614420752,1117985,206,bytes 613302768-614420752/661107776,1117985,1117985,172.1435420004127,172.23658299917588,550.928542001202,723.2114590005949,True,
3,171,2,fresh-client,1,small_24x18px,zstd_256,ZSTD,256,39,6,1722,462498953,462705745,206793,206,bytes 462498953-462705745/490384277,206793,206793,384.6123750008701,384.64804199975333,279.1315840004245,663.8737089997448,True,
3,172,5,fresh-client,1,viewport_196x144px,zstd_128,ZSTD,128,77,11,6787,459074583,459126136,51554,206,bytes 459074583-459126136/492119117,51554,51554,213.08987500015064,213.13716700024088,74.82312499996624,287.9957500008459,True,
3,172,5,fresh-client,1,viewport_196x144px,zstd_128,ZSTD,128,77,12,6788,459126145,459177002,50858,206,bytes 459126145-459177002/492119117,50858,50858,187.77129099908052,187.80799999876763,79.21208299740101,267.0542080013547,True,
3,172,5,fresh-client,1,viewport_196x144px,zstd_128,ZSTD,128,77,13,6789,459177011,459229715,52705,206,bytes 459177011-459229715/492119117,52705,52705,176.83633400156396,176.8925840005977,53.75712499881047,230.68762500042794,True,
3,172,5,fresh-client,1,viewport_196x144px,zstd_128,ZSTD,128,78,11,6875,463490010,463540744,50735,206,bytes 463490010-463540744/492119117,50735,50735,274.07537500039325,274.14854199741967,225.5400419999205,499.71870800072793,True,
3,172,5,fresh-client,1,viewport_196x144px,zstd_128,ZSTD,128,78,12,6876,463540753,463592563,51811,206,bytes 463540753-463592563/492119117,51811,51811,145.0591249995341,145.09825000277488,47.46941600024002,192.58391699986532,True,
3,172,5,fresh-client,1,viewport_196x144px,zstd_128,ZSTD,128,78,13,6877,463592572,463646112,53541,206,bytes 463592572-463646112/492119117,53541,53541,128.53800000084448,128.5708750001504,61.06033399919397,189.64749999940977,True,
3,173,5,fresh-client,1,viewport_196x144px,lzw_512,LZW,512,19,2,420,612205443,613302759,1097317,206,bytes 612205443-613302759/661107776,1097317,1097317,199.995625000156,200.0487500008603,632.5490010021895,832.6274169994576,True,
3,173,5,fresh-client,1,viewport_196x144px,lzw_512,LZW,512,19,3,421,613302768,614420752,1117985,206,bytes 613302768-614420752/661107776,1117985,1117985,148.860416997195,148.91508399887243,567.0895000002929,716.0325009972439,True,
3,174,5,fresh-client,1,viewport_98x72px,lzw_512,LZW,512,19,3,421,613302768,614420752,1117985,206,bytes 613302768-614420752/661107776,1117985,1117985,193.3799580001505,193.42750000214437,410.17958399970667,603.6412089997611,True,
3,175,3,fresh-client,1,tiny_12x9px,deflate_128,DEFLATE,128,78,12,6876,470577948,470630526,52579,206,bytes 470577948-470630526/499617324,52579,52579,148.54912499868078,148.58399999866378,50.16766599874245,198.76687500072876,True,
3,176,3,fresh-client,1,large_aoi_392x288px,zstd_256,ZSTD,256,38,5,1677,453523840,453731243,207404,206,bytes 453523840-453731243/490384277,207404,207404,197.53295899863588,197.5776670005871,208.85516599810217,406.4477089996217,True,
3,176,3,fresh-client,1,large_aoi_392x288px,zstd_256,ZSTD,256,38,6,1678,453731252,453940035,208784,206,bytes 453731252-453940035/490384277,208784,208784,156.0168750002049,156.06216699961806,174.83016699770815,330.9400830003142,True,
3,176,3,fresh-client,1,large_aoi_392x288px,zstd_256,ZSTD,256,39,5,1721,462295419,462498944,203526,206,bytes 462295419-462498944/490384277,203526,203526,149.27975099999458,149.32612600023276,184.51000000277418,333.8631670012546,True,
3,176,3,fresh-client,1,large_aoi_392x288px,zstd_256,ZSTD,256,39,6,1722,462498953,462705745,206793,206,bytes 462498953-462705745/490384277,206793,206793,222.8278330003377,222.87712499746704,176.6373749997001,399.5477079988632,True,
3,177,3,fresh-client,1,large_aoi_392x288px,zstd_512,ZSTD,512,19,2,420,453940732,454757744,817013,206,bytes 453940732-454757744/490194415,817013,817013,164.74479199678171,164.80837599738152,312.5089580025815,477.35875099897385,True,
3,177,3,fresh-client,1,large_aoi_392x288px,zstd_512,ZSTD,512,19,3,421,454757753,455587037,829285,206,bytes 454757753-455587037/490194415,829285,829285,175.12449999776436,175.17566699825693,679.9178330002178,855.1244589980342,True,
3,178,2,fresh-client,1,tiny_12x9px,deflate_128,DEFLATE,128,78,12,6876,470577948,470630526,52579,206,bytes 470577948-470630526/499617324,52579,52579,168.7312079993717,168.78387500037206,66.00154199986719,234.80404200017801,True,
3,179,4,fresh-client,1,reference_49x36px,deflate_128,DEFLATE,128,77,12,6788,466101002,466152431,51430,206,bytes 466101002-466152431/499617324,51430,51430,260.59458300005645,260.70004099892685,56.970792000356596,317.7054160005355,True,
3,179,4,fresh-client,1,reference_49x36px,deflate_128,DEFLATE,128,78,12,6876,470577948,470630526,52579,206,bytes 470577948-470630526/499617324,52579,52579,397.9365420018439,397.96900000146707,163.16491600082372,561.1745839996729,True,
3,180,3,fresh-client,1,viewport_196x144px,lzw_256,LZW,256,38,5,1677,611308756,611588074,279319,206,bytes 611308756-611588074/661012853,279319,279319,277.7544999989914,277.8464580005675,293.7034169990511,571.5919590002159,True,
3,180,3,fresh-client,1,viewport_196x144px,lzw_256,LZW,256,38,6,1678,611588083,611870179,282097,206,bytes 611588083-611870179/661012853,282097,282097,183.41079199672095,183.44804199659848,578.6532080019242,762.1299169986742,True,
3,180,3,fresh-client,1,viewport_196x144px,lzw_256,LZW,256,39,5,1721,623137353,623410197,272845,206,bytes 623137353-623410197/661012853,272845,272845,185.37158300023293,185.41449999975157,125.57050000032177,311.01987500005635,True,
3,180,3,fresh-client,1,viewport_196x144px,lzw_256,LZW,256,39,6,1722,623410206,623687723,277518,206,bytes 623410206-623687723/661012853,277518,277518,157.29616699900362,157.33687600004487,151.98462500120513,309.3537089989695,True,
3,181,1,fresh-client,1,tiny_12x9px,deflate_256,DEFLATE,256,39,6,1722,470066901,470277493,210593,206,bytes 470066901-470277493/498427477,210593,210593,141.7397089971928,141.77295899935416,149.96650000102818,291.78895899894997,True,
3,182,3,fresh-client,1,viewport_196x144px,lzw_512,LZW,512,19,2,420,612205443,613302759,1097317,206,bytes 612205443-613302759/661107776,1097317,1097317,144.27675000115414,144.31354100088356,460.9600000003411,605.3003749984782,True,
3,182,3,fresh-client,1,viewport_196x144px,lzw_512,LZW,512,19,3,421,613302768,614420752,1117985,206,bytes 613302768-614420752/661107776,1117985,1117985,163.98012499848846,164.01091700026882,678.8570839999011,842.9176259996893,True,
3,183,5,fresh-client,1,viewport_196x144px,zstd_256,ZSTD,256,38,5,1677,453523840,453731243,207404,206,bytes 453523840-453731243/490384277,207404,207404,188.1915839985595,188.23579200034146,125.94337499831454,314.2182090014103,True,
3,183,5,fresh-client,1,viewport_196x144px,zstd_256,ZSTD,256,38,6,1678,453731252,453940035,208784,206,bytes 453731252-453940035/490384277,208784,208784,162.68837499956135,162.72200000094017,131.0690419995808,293.81275000196183,True,
3,183,5,fresh-client,1,viewport_196x144px,zstd_256,ZSTD,256,39,5,1721,462295419,462498944,203526,206,bytes 462295419-462498944/490384277,203526,203526,148.14616600051522,148.1721660020412,291.1816260020714,439.38770800014026,True,
3,183,5,fresh-client,1,viewport_196x144px,zstd_256,ZSTD,256,39,6,1722,462498953,462705745,206793,206,bytes 462498953-462705745/490384277,206793,206793,187.02050000138115,187.04745799914235,127.78291700305999,314.8655420009163,True,
3,184,4,fresh-client,1,viewport_196x144px,lzw_128,LZW,128,77,11,6787,616804272,616873511,69240,206,bytes 616804272-616873511/661264391,69240,69240,128.61095900007058,128.63962499977788,102.0552919981128,230.72791699814843,True,
3,184,4,fresh-client,1,viewport_196x144px,lzw_128,LZW,128,77,12,6788,616873520,616941718,68199,206,bytes 616873520-616941718/661264391,68199,68199,135.23787499798345,135.27362500099116,75.34612500239746,210.64187500087428,True,
3,184,4,fresh-client,1,viewport_196x144px,lzw_128,LZW,128,77,13,6789,616941727,617013200,71474,206,bytes 616941727-617013200/661264391,71474,71474,224.52962500028661,224.58704100063187,62.54270899808034,287.1568329974252,True,
3,184,4,fresh-client,1,viewport_196x144px,lzw_128,LZW,128,78,11,6875,622747033,622814416,67384,206,bytes 622747033-622814416/661264391,67384,67384,140.16412499768194,140.2084580004157,59.52975000036531,199.75904199964134,True,
3,184,4,fresh-client,1,viewport_196x144px,lzw_128,LZW,128,78,12,6876,622814425,622884075,69651,206,bytes 622814425-622884075/661264391,69651,69651,165.88579200106324,165.92987500189338,51.85100000016973,217.8204170013487,True,
3,184,4,fresh-client,1,viewport_196x144px,lzw_128,LZW,128,78,13,6877,622884084,622955954,71871,206,bytes 622884084-622955954/661264391,71871,71871,176.85424999945099,176.88462500154856,81.63945799969952,258.5513330013782,True,
3,185,3,fresh-client,1,large_aoi_392x288px,lzw_256,LZW,256,38,5,1677,611308756,611588074,279319,206,bytes 611308756-611588074/661012853,279319,279319,223.92395899805706,223.9890419987205,163.11549999954877,387.1492920006858,True,
3,185,3,fresh-client,1,large_aoi_392x288px,lzw_256,LZW,256,38,6,1678,611588083,611870179,282097,206,bytes 611588083-611870179/661012853,282097,282097,388.60837500033085,388.64579100118135,149.30770800128812,537.9929580012686,True,
3,185,3,fresh-client,1,large_aoi_392x288px,lzw_256,LZW,256,39,5,1721,623137353,623410197,272845,206,bytes 623137353-623410197/661012853,272845,272845,453.4276249978575,453.53904199873796,674.9665419993107,1128.5407089999353,True,
3,185,3,fresh-client,1,large_aoi_392x288px,lzw_256,LZW,256,39,6,1722,623410206,623687723,277518,206,bytes 623410206-623687723/661012853,277518,277518,303.6345840009744,303.75383399950806,191.7452920024516,495.5302919988753,True,
3,186,4,fresh-client,1,viewport_196x144px,zstd_128,ZSTD,128,77,11,6787,459074583,459126136,51554,206,bytes 459074583-459126136/492119117,51554,51554,168.76379200039082,168.803750002553,77.55320800060872,246.38620800033095,True,
3,186,4,fresh-client,1,viewport_196x144px,zstd_128,ZSTD,128,77,12,6788,459126145,459177002,50858,206,bytes 459126145-459177002/492119117,50858,50858,151.2535840010969,151.28620900213718,64.18016699899454,215.48516700204345,True,
3,186,4,fresh-client,1,viewport_196x144px,zstd_128,ZSTD,128,77,13,6789,459177011,459229715,52705,206,bytes 459177011-459229715/492119117,52705,52705,142.37137499731034,142.4066670006141,72.33745900157373,214.76574999906006,True,
3,186,4,fresh-client,1,viewport_196x144px,zstd_128,ZSTD,128,78,11,6875,463490010,463540744,50735,206,bytes 463490010-463540744/492119117,50735,50735,227.98675000012736,228.02616699846112,64.57633299942245,292.63545800131396,True,
3,186,4,fresh-client,1,viewport_196x144px,zstd_128,ZSTD,128,78,12,6876,463540753,463592563,51811,206,bytes 463540753-463592563/492119117,51811,51811,164.7425840019423,164.77933400165057,53.21833300331491,218.02150100120343,True,
3,186,4,fresh-client,1,viewport_196x144px,zstd_128,ZSTD,128,78,13,6877,463592572,463646112,53541,206,bytes 463592572-463646112/492119117,53541,53541,139.541749998898,139.5963329996448,57.86224999974365,197.47579199975007,True,
3,187,2,fresh-client,1,viewport_196x144px,deflate_128,DEFLATE,128,77,11,6787,466048731,466100993,52263,206,bytes 466048731-466100993/499617324,52263,52263,178.23720799788134,178.2976670001517,81.2921249998908,259.616957999242,True,
3,187,2,fresh-client,1,viewport_196x144px,deflate_128,DEFLATE,128,77,12,6788,466101002,466152431,51430,206,bytes 466101002-466152431/499617324,51430,51430,214.2784589996154,214.33887500097626,64.9328749968845,279.3033750022005,True,
3,187,2,fresh-client,1,viewport_196x144px,deflate_128,DEFLATE,128,77,13,6789,466152440,466206025,53586,206,bytes 466152440-466206025/499617324,53586,53586,155.59479200237547,155.62683300231583,71.52216600297834,227.16712500186986,True,
3,187,2,fresh-client,1,viewport_196x144px,deflate_128,DEFLATE,128,78,11,6875,470526352,470577939,51588,206,bytes 470526352-470577939/499617324,51588,51588,137.97600000179955,138.01212500038673,59.2017080016376,197.23112500287243,True,
3,187,2,fresh-client,1,viewport_196x144px,deflate_128,DEFLATE,128,78,12,6876,470577948,470630526,52579,206,bytes 470577948-470630526/499617324,52579,52579,132.04220899933716,132.0754999978817,53.09095900156535,185.18416699953377,True,
3,187,2,fresh-client,1,viewport_196x144px,deflate_128,DEFLATE,128,78,13,6877,470630535,470685000,54466,206,bytes 470630535-470685000/499617324,54466,54466,176.6528330008441,176.69712499991874,51.27541700130678,227.99204100010684,True,
3,188,3,fresh-client,1,reference_49x36px,zstd_512,ZSTD,512,19,3,421,454757753,455587037,829285,206,bytes 454757753-455587037/490194415,829285,829285,293.8490000015008,293.9260830025887,322.0266669995908,615.9842500019295,True,
3,189,5,fresh-client,1,reference_49x36px,lzw_128,LZW,128,77,12,6788,616873520,616941718,68199,206,bytes 616873520-616941718/661264391,68199,68199,183.1022079968534,183.1398750000517,55.44820800059824,238.6217499988561,True,
3,189,5,fresh-client,1,reference_49x36px,lzw_128,LZW,128,78,12,6876,622814425,622884075,69651,206,bytes 622814425-622884075/661264391,69651,69651,157.75941699757823,157.8161249999539,175.03962499904446,332.88529199853656,True,
3,190,3,fresh-client,1,viewport_98x72px,deflate_256,DEFLATE,256,38,6,1678,461178014,461389907,211894,206,bytes 461178014-461389907/498427477,211894,211894,166.2432919983985,166.2943749979604,155.62674999819137,321.9587079984194,True,
3,190,3,fresh-client,1,viewport_98x72px,deflate_256,DEFLATE,256,39,6,1722,470066901,470277493,210593,206,bytes 470066901-470277493/498427477,210593,210593,418.69462599788676,418.7415009982942,174.49445799866226,593.2782919990132,True,
3,191,2,fresh-client,1,reference_49x36px,deflate_256,DEFLATE,256,38,6,1678,461178014,461389907,211894,206,bytes 461178014-461389907/498427477,211894,211894,204.8436250006489,204.90712500031805,123.2403340000019,328.1826250022277,True,
3,191,2,fresh-client,1,reference_49x36px,deflate_256,DEFLATE,256,39,6,1722,470066901,470277493,210593,206,bytes 470066901-470277493/498427477,210593,210593,172.22779199801153,172.26858399953926,123.04654199760989,295.34262499873876,True,
3,192,1,fresh-client,1,viewport_196x144px,lzw_512,LZW,512,19,2,420,612205443,613302759,1097317,206,bytes 612205443-613302759/661107776,1097317,1097317,183.41466700076126,183.46212499818648,475.0256250008533,658.5382509983901,True,
3,192,1,fresh-client,1,viewport_196x144px,lzw_512,LZW,512,19,3,421,613302768,614420752,1117985,206,bytes 613302768-614420752/661107776,1117985,1117985,215.36741599993547,215.40645799905178,476.29541700007394,691.7523330012045,True,
3,193,2,fresh-client,1,reference_49x36px,lzw_512,LZW,512,19,3,421,613302768,614420752,1117985,206,bytes 613302768-614420752/661107776,1117985,1117985,249.84816699725343,249.94854199758265,419.2426260015054,669.2181670005084,True,
3,194,4,fresh-client,1,viewport_196x144px,lzw_512,LZW,512,19,2,420,612205443,613302759,1097317,206,bytes 612205443-613302759/661107776,1097317,1097317,181.93179200170562,181.9786669984751,571.6305419991841,753.6461259987846,True,
3,194,4,fresh-client,1,viewport_196x144px,lzw_512,LZW,512,19,3,421,613302768,614420752,1117985,206,bytes 613302768-614420752/661107776,1117985,1117985,157.85795800184133,157.89787500034436,1040.3189589997055,1198.2535419992928,True,
3,195,5,fresh-client,1,large_aoi_392x288px,deflate_256,DEFLATE,256,38,5,1677,460967157,461178005,210849,206,bytes 460967157-461178005/498427477,210849,210849,166.90174999894225,166.946374996769,165.86637499858625,332.83874999688123,True,
3,195,5,fresh-client,1,large_aoi_392x288px,deflate_256,DEFLATE,256,38,6,1678,461178014,461389907,211894,206,bytes 461178014-461389907/498427477,211894,211894,155.66095800022595,155.70383299927926,143.90662499863538,299.6482080015994,True,
3,195,5,fresh-client,1,large_aoi_392x288px,deflate_256,DEFLATE,256,39,5,1721,469859936,470066892,206957,206,bytes 469859936-470066892/498427477,206957,206957,273.07262499743956,273.21808399938163,111.73045800023829,384.9800839998352,True,
3,195,5,fresh-client,1,large_aoi_392x288px,deflate_256,DEFLATE,256,39,6,1722,470066901,470277493,210593,206,bytes 470066901-470277493/498427477,210593,210593,160.61999999874388,160.66016699915053,134.87049999821465,295.62704199997825,True,
3,196,1,fresh-client,1,viewport_98x72px,deflate_256,DEFLATE,256,38,6,1678,461178014,461389907,211894,206,bytes 461178014-461389907/498427477,211894,211894,182.24020799971186,182.28633299804642,120.2460409986088,302.56712499976857,True,
3,196,1,fresh-client,1,viewport_98x72px,deflate_256,DEFLATE,256,39,6,1722,470066901,470277493,210593,206,bytes 470066901-470277493/498427477,210593,210593,227.59620800206903,227.68529200038756,198.8807909983734,426.5923749990179,True,
3,197,5,fresh-client,1,large_aoi_392x288px,deflate_512,DEFLATE,512,19,2,420,462155354,462985856,830503,206,bytes 462155354-462985856/499024403,830503,830503,162.07550000035553,162.11750000002212,273.4655409985862,435.6172500010871,True,
3,197,5,fresh-client,1,large_aoi_392x288px,deflate_512,DEFLATE,512,19,3,421,462985865,463831501,845637,206,bytes 462985865-463831501/499024403,845637,845637,174.07291699782945,174.11470899969572,511.9239999985439,686.0961669990502,True,
3,198,4,fresh-client,1,reference_49x36px,zstd_256,ZSTD,256,38,6,1678,453731252,453940035,208784,206,bytes 453731252-453940035/490384277,208784,208784,175.59770800289698,175.63737500313437,113.51495900089503,289.1945420014963,True,
3,198,4,fresh-client,1,reference_49x36px,zstd_256,ZSTD,256,39,6,1722,462498953,462705745,206793,206,bytes 462498953-462705745/490384277,206793,206793,161.88391700052307,161.92212600071798,174.83558300227742,336.78566700109513,True,
3,199,3,fresh-client,1,large_aoi_392x288px,deflate_128,DEFLATE,128,77,10,6786,465995630,466048722,53093,206,bytes 465995630-466048722/499617324,53093,53093,174.46908399870154,174.5112499993411,287.1821259977878,461.7432090017246,True,
3,199,3,fresh-client,1,large_aoi_392x288px,deflate_128,DEFLATE,128,77,11,6787,466048731,466100993,52263,206,bytes 466048731-466100993/499617324,52263,52263,401.91349999804515,401.95179199872655,43.855583000549814,445.82783299847506,True,
3,199,3,fresh-client,1,large_aoi_392x288px,deflate_128,DEFLATE,128,77,12,6788,466101002,466152431,51430,206,bytes 466101002-466152431/499617324,51430,51430,154.05291699789814,154.09566699963761,131.58608400044614,285.7244999977411,True,
3,199,3,fresh-client,1,large_aoi_392x288px,deflate_128,DEFLATE,128,77,13,6789,466152440,466206025,53586,206,bytes 466152440-466206025/499617324,53586,53586,162.79191699868534,162.82912499809754,85.45737500026007,248.3504579977307,True,
3,199,3,fresh-client,1,large_aoi_392x288px,deflate_128,DEFLATE,128,78,10,6874,470474183,470526343,52161,206,bytes 470474183-470526343/499617324,52161,52161,153.50970800136565,153.5619169990241,48.20741699950304,201.78766699973494,True,
3,199,3,fresh-client,1,large_aoi_392x288px,deflate_128,DEFLATE,128,78,11,6875,470526352,470577939,51588,206,bytes 470526352-470577939/499617324,51588,51588,160.3051250021963,160.34329200192587,58.37766699914937,218.73845900336164,True,
3,199,3,fresh-client,1,large_aoi_392x288px,deflate_128,DEFLATE,128,78,12,6876,470577948,470630526,52579,206,bytes 470577948-470630526/499617324,52579,52579,155.73370799756958,155.76970799884293,52.34195899902261,208.13179099786794,True,
3,199,3,fresh-client,1,large_aoi_392x288px,deflate_128,DEFLATE,128,78,13,6877,470630535,470685000,54466,206,bytes 470630535-470685000/499617324,54466,54466,203.75583300119615,203.80487500005984,64.55995800206438,268.4060829997179,True,
3,199,3,fresh-client,1,large_aoi_392x288px,deflate_128,DEFLATE,128,79,10,6962,474844867,474896322,51456,206,bytes 474844867-474896322/499617324,51456,51456,179.13545800183783,179.1712500016729,45.66845900262706,224.85737500028335,True,
3,199,3,fresh-client,1,large_aoi_392x288px,deflate_128,DEFLATE,128,79,11,6963,474896331,474948466,52136,206,bytes 474896331-474948466/499617324,52136,52136,135.45808300114004,135.49866700122948,71.67395800206577,207.19345799807343,True,
3,199,3,fresh-client,1,large_aoi_392x288px,deflate_128,DEFLATE,128,79,12,6964,474948475,475002211,53737,206,bytes 474948475-475002211/499617324,53737,53737,183.7266250004177,183.77420800243272,55.55862499750219,239.35412500213715,True,
3,199,3,fresh-client,1,large_aoi_392x288px,deflate_128,DEFLATE,128,79,13,6965,475002220,475052147,49928,206,bytes 475002220-475052147/499617324,49928,49928,616.536041998188,616.6399169997021,266.8603339989204,883.5325830004876,True,
3,200,3,fresh-client,1,viewport_98x72px,lzw_512,LZW,512,19,3,421,613302768,614420752,1117985,206,bytes 613302768-614420752/661107776,1117985,1117985,181.90825100100483,181.971459001943,936.6978340003698,1118.6958340003912,True,
3,201,2,fresh-client,1,viewport_98x72px,zstd_512,ZSTD,512,19,3,421,454757753,455587037,829285,206,bytes 454757753-455587037/490194415,829285,829285,198.52862500192714,198.57749999937369,2252.891500997066,2451.510917999258,True,
3,202,1,fresh-client,1,small_24x18px,lzw_256,LZW,256,39,6,1722,623410206,623687723,277518,206,bytes 623410206-623687723/661012853,277518,277518,167.35800000242307,167.4940000011702,165.61712499969872,333.16012500290526,True,
3,203,4,fresh-client,1,viewport_196x144px,deflate_128,DEFLATE,128,77,11,6787,466048731,466100993,52263,206,bytes 466048731-466100993/499617324,52263,52263,159.6289170011005,159.67162499873666,74.60833300137892,234.29837499861605,True,
3,203,4,fresh-client,1,viewport_196x144px,deflate_128,DEFLATE,128,77,12,6788,466101002,466152431,51430,206,bytes 466101002-466152431/499617324,51430,51430,240.06487499718787,240.14220899698557,78.86587499888265,319.0370839984098,True,
3,203,4,fresh-client,1,viewport_196x144px,deflate_128,DEFLATE,128,77,13,6789,466152440,466206025,53586,206,bytes 466152440-466206025/499617324,53586,53586,197.47370800178032,197.5139170026523,66.37729100111756,263.9197080025042,True,
3,203,4,fresh-client,1,viewport_196x144px,deflate_128,DEFLATE,128,78,11,6875,470526352,470577939,51588,206,bytes 470526352-470577939/499617324,51588,51588,159.9975839999388,160.04245899966918,57.02354100139928,217.09912500227802,True,
3,203,4,fresh-client,1,viewport_196x144px,deflate_128,DEFLATE,128,78,12,6876,470577948,470630526,52579,206,bytes 470577948-470630526/499617324,52579,52579,129.58254199838848,129.62174999847775,64.68145799954073,194.32799999776762,True,
3,203,4,fresh-client,1,viewport_196x144px,deflate_128,DEFLATE,128,78,13,6877,470630535,470685000,54466,206,bytes 470630535-470685000/499617324,54466,54466,394.9440840005991,394.97599999958766,159.5264589996077,554.5304170009331,True,
3,204,5,fresh-client,1,large_aoi_392x288px,zstd_256,ZSTD,256,38,5,1677,453523840,453731243,207404,206,bytes 453523840-453731243/490384277,207404,207404,155.93079199970816,155.97400000115158,139.93437500175787,295.9490419998474,True,
3,204,5,fresh-client,1,large_aoi_392x288px,zstd_256,ZSTD,256,38,6,1678,453731252,453940035,208784,206,bytes 453731252-453940035/490384277,208784,208784,184.01737499880255,184.05941699893447,147.28699999977835,331.4064589976624,True,
3,204,5,fresh-client,1,large_aoi_392x288px,zstd_256,ZSTD,256,39,5,1721,462295419,462498944,203526,206,bytes 462295419-462498944/490384277,203526,203526,165.06683400075417,165.11287500179606,332.54479200331843,497.68712500008405,True,
3,204,5,fresh-client,1,large_aoi_392x288px,zstd_256,ZSTD,256,39,6,1722,462498953,462705745,206793,206,bytes 462498953-462705745/490384277,206793,206793,178.4137920003559,178.44991700258106,167.79208300067694,346.28312600034405,True,
3,205,4,fresh-client,1,viewport_98x72px,zstd_256,ZSTD,256,38,6,1678,453731252,453940035,208784,206,bytes 453731252-453940035/490384277,208784,208784,164.35350000028848,164.3887080026616,256.64312500157394,421.0647079999035,True,
3,205,4,fresh-client,1,viewport_98x72px,zstd_256,ZSTD,256,39,6,1722,462498953,462705745,206793,206,bytes 462498953-462705745/490384277,206793,206793,233.01166699820897,233.11966699839104,159.80870900239097,392.9599579969363,True,
3,206,1,fresh-client,1,reference_49x36px,lzw_256,LZW,256,38,6,1678,611588083,611870179,282097,206,bytes 611588083-611870179/661012853,282097,282097,211.1744579997321,211.2239160014724,225.6989169982262,436.94829200103413,True,
3,206,1,fresh-client,1,reference_49x36px,lzw_256,LZW,256,39,6,1722,623410206,623687723,277518,206,bytes 623410206-623687723/661012853,277518,277518,153.29762500186916,153.38145900022937,304.5380000003206,457.9547500034096,True,
3,207,3,fresh-client,1,tiny_12x9px,deflate_256,DEFLATE,256,39,6,1722,470066901,470277493,210593,206,bytes 470066901-470277493/498427477,210593,210593,167.74487500151736,167.790250001417,155.70745899822214,323.52575000186334,True,
3,208,4,fresh-client,1,small_24x18px,deflate_256,DEFLATE,256,39,6,1722,470066901,470277493,210593,206,bytes 470066901-470277493/498427477,210593,210593,185.2808340008778,185.32616700031213,199.09437500245986,384.46420900072553,True,
3,209,2,fresh-client,1,tiny_12x9px,zstd_256,ZSTD,256,39,6,1722,462498953,462705745,206793,206,bytes 462498953-462705745/490384277,206793,206793,253.98829199912143,254.07450000056997,323.87595899854205,577.9726670007221,True,
3,210,4,fresh-client,1,viewport_196x144px,zstd_256,ZSTD,256,38,5,1677,453523840,453731243,207404,206,bytes 453523840-453731243/490384277,207404,207404,156.1946670008183,156.22662500027218,144.50500000020838,300.7599590018799,True,
3,210,4,fresh-client,1,viewport_196x144px,zstd_256,ZSTD,256,38,6,1678,453731252,453940035,208784,206,bytes 453731252-453940035/490384277,208784,208784,149.30537500185892,149.34124999854248,180.97166599909542,330.3437499998836,True,
3,210,4,fresh-client,1,viewport_196x144px,zstd_256,ZSTD,256,39,5,1721,462295419,462498944,203526,206,bytes 462295419-462498944/490384277,203526,203526,169.78712499985704,169.82616700261133,221.9470009986253,391.8202510030824,True,
3,210,4,fresh-client,1,viewport_196x144px,zstd_256,ZSTD,256,39,6,1722,462498953,462705745,206793,206,bytes 462498953-462705745/490384277,206793,206793,206.1977500015928,206.27220800088253,135.8389579982031,342.13741699932143,True,
3,211,4,fresh-client,1,reference_49x36px,zstd_128,ZSTD,128,77,12,6788,459126145,459177002,50858,206,bytes 459126145-459177002/492119117,50858,50858,512.6771670002199,512.7775420005491,99.4280830018397,612.2571250016335,True,
3,211,4,fresh-client,1,reference_49x36px,zstd_128,ZSTD,128,78,12,6876,463540753,463592563,51811,206,bytes 463540753-463592563/492119117,51811,51811,194.1194999999425,194.16404200092074,59.93566699908115,254.13629199829302,True,
3,212,5,fresh-client,1,small_24x18px,zstd_512,ZSTD,512,19,3,421,454757753,455587037,829285,206,bytes 454757753-455587037/490194415,829285,829285,162.20424999846728,162.25483299785992,575.078208999912,737.3910829992383,True,
3,213,2,fresh-client,1,viewport_196x144px,deflate_256,DEFLATE,256,38,5,1677,460967157,461178005,210849,206,bytes 460967157-461178005/498427477,210849,210849,413.655167001707,413.70712500065565,142.50620799793978,556.2478749998263,True,
3,213,2,fresh-client,1,viewport_196x144px,deflate_256,DEFLATE,256,38,6,1678,461178014,461389907,211894,206,bytes 461178014-461389907/498427477,211894,211894,168.8614160011639,168.90025000247988,200.4223340009048,369.35537500175997,True,
3,213,2,fresh-client,1,viewport_196x144px,deflate_256,DEFLATE,256,39,5,1721,469859936,470066892,206957,206,bytes 469859936-470066892/498427477,206957,206957,191.318291999778,191.40033300209325,107.83620799702476,299.27424999914365,True,
3,213,2,fresh-client,1,viewport_196x144px,deflate_256,DEFLATE,256,39,6,1722,470066901,470277493,210593,206,bytes 470066901-470277493/498427477,210593,210593,279.4279589979851,279.50508399953833,141.78549999996903,421.3214170013089,True,
3,214,3,fresh-client,1,viewport_98x72px,deflate_128,DEFLATE,128,77,12,6788,466101002,466152431,51430,206,bytes 466101002-466152431/499617324,51430,51430,160.84050000063144,160.88950000266777,128.86404100208892,289.79987500133575,True,
3,214,3,fresh-client,1,viewport_98x72px,deflate_128,DEFLATE,128,78,12,6876,470577948,470630526,52579,206,bytes 470577948-470630526/499617324,52579,52579,147.239208999963,147.27504199981922,71.49354200009839,218.79358400110505,True,
3,215,4,fresh-client,1,large_aoi_392x288px,deflate_256,DEFLATE,256,38,5,1677,460967157,461178005,210849,206,bytes 460967157-461178005/498427477,210849,210849,208.37483300056192,208.4287920006318,180.96129200057476,389.41416700254194,True,
3,215,4,fresh-client,1,large_aoi_392x288px,deflate_256,DEFLATE,256,38,6,1678,461178014,461389907,211894,206,bytes 461178014-461389907/498427477,211894,211894,170.09725000025355,170.145500000217,267.85162599844625,438.024957999005,True,
3,215,4,fresh-client,1,large_aoi_392x288px,deflate_256,DEFLATE,256,39,5,1721,469859936,470066892,206957,206,bytes 469859936-470066892/498427477,206957,206957,232.57600000215461,232.6438340023742,212.8036250032892,445.4795420024311,True,
3,215,4,fresh-client,1,large_aoi_392x288px,deflate_256,DEFLATE,256,39,6,1722,470066901,470277493,210593,206,bytes 470066901-470277493/498427477,210593,210593,171.8900840023707,171.9312510031159,152.06162500180653,324.02945900321356,True,
3,216,4,fresh-client,1,small_24x18px,zstd_256,ZSTD,256,39,6,1722,462498953,462705745,206793,206,bytes 462498953-462705745/490384277,206793,206793,357.8710420006246,357.95191699799034,132.75537499794154,490.7387499988545,True,
3,217,3,fresh-client,1,small_24x18px,lzw_128,LZW,128,78,12,6876,622814425,622884075,69651,206,bytes 622814425-622884075/661264391,69651,69651,182.33825100105605,182.38537599972915,56.02404099772684,238.43350099923555,True,
3,218,1,fresh-client,1,viewport_196x144px,lzw_128,LZW,128,77,11,6787,616804272,616873511,69240,206,bytes 616804272-616873511/661264391,69240,69240,137.7917919999163,137.81979200211936,71.82295799793792,209.66629200120224,True,
3,218,1,fresh-client,1,viewport_196x144px,lzw_128,LZW,128,77,12,6788,616873520,616941718,68199,206,bytes 616873520-616941718/661264391,68199,68199,126.21929200031445,126.26470900067943,73.9202499971725,200.20929200109094,True,
3,218,1,fresh-client,1,viewport_196x144px,lzw_128,LZW,128,77,13,6789,616941727,617013200,71474,206,bytes 616941727-617013200/661264391,71474,71474,256.1753750014759,256.29220800328767,106.80208399935509,363.1216250032594,True,
3,218,1,fresh-client,1,viewport_196x144px,lzw_128,LZW,128,78,11,6875,622747033,622814416,67384,206,bytes 622747033-622814416/661264391,67384,67384,165.67766699881759,165.71095799736213,57.03920800078777,222.76258299825713,True,
3,218,1,fresh-client,1,viewport_196x144px,lzw_128,LZW,128,78,12,6876,622814425,622884075,69651,206,bytes 622814425-622884075/661264391,69651,69651,151.76708299986785,151.80079099809518,59.650541999872075,211.46924999993644,True,
3,218,1,fresh-client,1,viewport_196x144px,lzw_128,LZW,128,78,13,6877,622884084,622955954,71871,206,bytes 622884084-622955954/661264391,71871,71871,189.99829099993804,190.0472080014879,62.20300000131829,252.278791002027,True,
3,219,1,fresh-client,1,large_aoi_392x288px,deflate_256,DEFLATE,256,38,5,1677,460967157,461178005,210849,206,bytes 460967157-461178005/498427477,210849,210849,242.59841599996435,242.68616600238602,137.15329199840198,379.9615830030234,True,
3,219,1,fresh-client,1,large_aoi_392x288px,deflate_256,DEFLATE,256,38,6,1678,461178014,461389907,211894,206,bytes 461178014-461389907/498427477,211894,211894,418.0689999993774,418.10991700185696,114.30637500234297,532.4490419989161,True,
3,219,1,fresh-client,1,large_aoi_392x288px,deflate_256,DEFLATE,256,39,5,1721,469859936,470066892,206957,206,bytes 469859936-470066892/498427477,206957,206957,149.47987499908777,149.5273750006163,220.2436250008759,369.81062500126427,True,
3,219,1,fresh-client,1,large_aoi_392x288px,deflate_256,DEFLATE,256,39,6,1722,470066901,470277493,210593,206,bytes 470066901-470277493/498427477,210593,210593,195.72266699833563,195.77920899973833,161.53383400160237,357.3774169999524,True,
3,220,5,fresh-client,1,viewport_98x72px,deflate_256,DEFLATE,256,38,6,1678,461178014,461389907,211894,206,bytes 461178014-461389907/498427477,211894,211894,241.0325839991856,241.11791699760943,133.9397090014245,375.0892499992915,True,
3,220,5,fresh-client,1,viewport_98x72px,deflate_256,DEFLATE,256,39,6,1722,470066901,470277493,210593,206,bytes 470066901-470277493/498427477,210593,210593,247.0997919990623,247.1728329983307,123.17299999995157,370.36808299671975,True,
3,221,2,fresh-client,1,small_24x18px,lzw_512,LZW,512,19,3,421,613302768,614420752,1117985,206,bytes 613302768-614420752/661107776,1117985,1117985,213.6369170002581,213.680625998677,542.6072500013106,756.3201259981724,True,
3,222,2,fresh-client,1,tiny_12x9px,zstd_128,ZSTD,128,78,12,6876,463540753,463592563,51811,206,bytes 463540753-463592563/492119117,51811,51811,303.57950100005837,303.70241700074985,94.0011249986128,397.75275099964347,True,
3,223,4,fresh-client,1,reference_49x36px,lzw_128,LZW,128,77,12,6788,616873520,616941718,68199,206,bytes 616873520-616941718/661264391,68199,68199,196.4951249974547,196.54124999942724,84.60016699973494,281.17529199880664,True,
3,223,4,fresh-client,1,reference_49x36px,lzw_128,LZW,128,78,12,6876,622814425,622884075,69651,206,bytes 622814425-622884075/661264391,69651,69651,176.69691700211843,176.75891700127977,76.75050000034389,253.5416669998085,True,
3,224,3,fresh-client,1,tiny_12x9px,lzw_128,LZW,128,78,12,6876,622814425,622884075,69651,206,bytes 622814425-622884075/661264391,69651,69651,187.06633300098474,187.1080000018992,243.33275000026333,430.47741600094014,True,
3,225,5,fresh-client,1,tiny_12x9px,lzw_256,LZW,256,39,6,1722,623410206,623687723,277518,206,bytes 623410206-623687723/661012853,277518,277518,179.51087600158644,179.56329200023902,160.54895799970836,340.15341700069257,True,
3,226,1,fresh-client,1,tiny_12x9px,zstd_512,ZSTD,512,19,3,421,454757753,455587037,829285,206,bytes 454757753-455587037/490194415,829285,829285,209.19070899981307,209.24729200123693,481.63225000098464,690.9150010033045,True,
3,227,3,fresh-client,1,tiny_12x9px,deflate_512,DEFLATE,512,19,3,421,462985865,463831501,845637,206,bytes 462985865-463831501/499024403,845637,845637,156.99141699951724,157.05462500045542,372.28254199726507,529.3844170009834,True,
3,228,1,fresh-client,1,viewport_98x72px,zstd_128,ZSTD,128,77,12,6788,459126145,459177002,50858,206,bytes 459126145-459177002/492119117,50858,50858,177.1013329998823,177.1445419981319,71.01783300095121,248.19679199936218,True,
3,228,1,fresh-client,1,viewport_98x72px,zstd_128,ZSTD,128,78,12,6876,463540753,463592563,51811,206,bytes 463540753-463592563/492119117,51811,51811,178.69675000110874,178.73283300286857,61.3937080015603,240.14658300075098,True,
3,229,2,fresh-client,1,viewport_196x144px,lzw_256,LZW,256,38,5,1677,611308756,611588074,279319,206,bytes 611308756-611588074/661012853,279319,279319,136.59708299746853,136.63195799745154,164.85791699960828,301.5278329985449,True,
3,229,2,fresh-client,1,viewport_196x144px,lzw_256,LZW,256,38,6,1678,611588083,611870179,282097,206,bytes 611588083-611870179/661012853,282097,282097,172.02804100088542,172.0618330000434,152.14149999883375,324.23437499892316,True,
3,229,2,fresh-client,1,viewport_196x144px,lzw_256,LZW,256,39,5,1721,623137353,623410197,272845,206,bytes 623137353-623410197/661012853,272845,272845,191.93020899911062,191.9747499996447,299.3034169994644,491.3210419981624,True,
3,229,2,fresh-client,1,viewport_196x144px,lzw_256,LZW,256,39,6,1722,623410206,623687723,277518,206,bytes 623410206-623687723/661012853,277518,277518,161.6016670013778,161.63704200153006,328.3072509984777,489.9905000020226,True,
3,230,5,fresh-client,1,large_aoi_392x288px,zstd_512,ZSTD,512,19,2,420,453940732,454757744,817013,206,bytes 453940732-454757744/490194415,817013,817013,417.14341699844226,417.20279199944343,654.2275830033759,1071.4815840001393,True,
3,230,5,fresh-client,1,large_aoi_392x288px,zstd_512,ZSTD,512,19,3,421,454757753,455587037,829285,206,bytes 454757753-455587037/490194415,829285,829285,175.77766699832864,175.82033299913746,528.2177080007386,704.1003339982126,True,
3,231,4,fresh-client,1,small_24x18px,lzw_512,LZW,512,19,3,421,613302768,614420752,1117985,206,bytes 613302768-614420752/661107776,1117985,1117985,213.5274579995894,213.57687499767053,1385.9607090016652,1599.5736669974576,True,
3,232,4,fresh-client,1,small_24x18px,deflate_128,DEFLATE,128,78,12,6876,470577948,470630526,52579,206,bytes 470577948-470630526/499617324,52579,52579,189.9614579997433,190.0114999989455,71.5060420006921,261.5901669996674,True,
3,233,5,fresh-client,1,reference_49x36px,lzw_256,LZW,256,38,6,1678,611588083,611870179,282097,206,bytes 611588083-611870179/661012853,282097,282097,168.40270899774623,168.44295899863937,274.7614590007288,443.23804199666483,True,
3,233,5,fresh-client,1,reference_49x36px,lzw_256,LZW,256,39,6,1722,623410206,623687723,277518,206,bytes 623410206-623687723/661012853,277518,277518,146.5143329987768,146.54650000011316,213.12449999823002,359.72366699934355,True,
3,234,4,fresh-client,1,large_aoi_392x288px,lzw_128,LZW,128,77,10,6786,616734150,616804263,70114,206,bytes 616734150-616804263/661264391,70114,70114,253.92474999898695,253.96941700091702,86.2279170032707,340.2199589982047,True,
3,234,4,fresh-client,1,large_aoi_392x288px,lzw_128,LZW,128,77,11,6787,616804272,616873511,69240,206,bytes 616804272-616873511/661264391,69240,69240,163.96650100068655,164.0041669998027,104.49533299834002,268.5353339984431,True,
3,234,4,fresh-client,1,large_aoi_392x288px,lzw_128,LZW,128,77,12,6788,616873520,616941718,68199,206,bytes 616873520-616941718/661264391,68199,68199,355.96458399959374,356.07695899670944,197.88729200081434,554.015249999793,True,
3,234,4,fresh-client,1,large_aoi_392x288px,lzw_128,LZW,128,77,13,6789,616941727,617013200,71474,206,bytes 616941727-617013200/661264391,71474,71474,183.29129199992167,183.32700000246405,87.45475000250735,270.8113750013581,True,
3,234,4,fresh-client,1,large_aoi_392x288px,lzw_128,LZW,128,78,10,6874,622678072,622747024,68953,206,bytes 622678072-622747024/661264391,68953,68953,150.54445799978566,150.59629100142047,56.773542000883026,207.38558300217846,True,
3,234,4,fresh-client,1,large_aoi_392x288px,lzw_128,LZW,128,78,11,6875,622747033,622814416,67384,206,bytes 622747033-622814416/661264391,67384,67384,138.16862600288005,138.19462600076804,65.39533300019684,203.6026670029969,True,
3,234,4,fresh-client,1,large_aoi_392x288px,lzw_128,LZW,128,78,12,6876,622814425,622884075,69651,206,bytes 622814425-622884075/661264391,69651,69651,175.3928750003979,175.73091599842883,188.911500001268,364.7232500006794,True,
3,234,4,fresh-client,1,large_aoi_392x288px,lzw_128,LZW,128,78,13,6877,622884084,622955954,71871,206,bytes 622884084-622955954/661264391,71871,71871,142.82016699871747,142.86187499965308,60.22833299721242,203.10491700001876,True,
3,234,4,fresh-client,1,large_aoi_392x288px,lzw_128,LZW,128,79,10,6962,628465466,628533314,67849,206,bytes 628465466-628533314/661264391,67849,67849,159.74666699912632,159.7817080000823,56.1476250004489,215.9457919988199,True,
3,234,4,fresh-client,1,large_aoi_392x288px,lzw_128,LZW,128,79,11,6963,628533323,628602043,68721,206,bytes 628533323-628602043/661264391,68721,68721,136.50354200217407,136.53291700029513,64.74820799849113,201.29395900221425,True,
3,234,4,fresh-client,1,large_aoi_392x288px,lzw_128,LZW,128,79,12,6964,628602052,628673096,71045,206,bytes 628602052-628673096/661264391,71045,71045,156.5223750003497,156.5575419990637,90.70183299991186,247.3077499998908,True,
3,234,4,fresh-client,1,large_aoi_392x288px,lzw_128,LZW,128,79,13,6965,628673105,628737744,64640,206,bytes 628673105-628737744/661264391,64640,64640,241.00083300072583,241.06037499950617,171.77383399757673,412.8727500028617,True,
3,235,4,fresh-client,1,large_aoi_392x288px,zstd_256,ZSTD,256,38,5,1677,453523840,453731243,207404,206,bytes 453523840-453731243/490384277,207404,207404,189.77945799997542,189.82141699962085,170.54504200132214,360.4024999985995,True,
3,235,4,fresh-client,1,large_aoi_392x288px,zstd_256,ZSTD,256,38,6,1678,453731252,453940035,208784,206,bytes 453731252-453940035/490384277,208784,208784,478.69374999936554,478.83112499766867,298.0213340015325,776.9253339974966,True,
3,235,4,fresh-client,1,large_aoi_392x288px,zstd_256,ZSTD,256,39,5,1721,462295419,462498944,203526,206,bytes 462295419-462498944/490384277,203526,203526,136.05333299710765,136.0872080003901,133.4777080010099,269.6000409996486,True,
3,235,4,fresh-client,1,large_aoi_392x288px,zstd_256,ZSTD,256,39,6,1722,462498953,462705745,206793,206,bytes 462498953-462705745/490384277,206793,206793,155.41795900207944,155.4500000020198,151.3928339991253,306.8740840026294,True,
3,236,5,fresh-client,1,reference_49x36px,deflate_512,DEFLATE,512,19,3,421,462985865,463831501,845637,206,bytes 462985865-463831501/499024403,845637,845637,369.39108300066437,369.50141600027564,627.7927090013691,997.3788749994128,True,
3,237,3,fresh-client,1,small_24x18px,lzw_512,LZW,512,19,3,421,613302768,614420752,1117985,206,bytes 613302768-614420752/661107776,1117985,1117985,237.30341700138524,237.39291700258036,613.0431669989775,850.5352500033041,True,
3,238,1,fresh-client,1,tiny_12x9px,zstd_128,ZSTD,128,78,12,6876,463540753,463592563,51811,206,bytes 463540753-463592563/492119117,51811,51811,127.07862499883049,127.10283300111769,56.38304199965205,183.51170800087857,True,
3,239,2,fresh-client,1,tiny_12x9px,deflate_512,DEFLATE,512,19,3,421,462985865,463831501,845637,206,bytes 462985865-463831501/499024403,845637,845637,198.04949999888777,198.10183300069184,492.84812500263797,691.0171669987903,True,
3,240,4,fresh-client,1,viewport_98x72px,zstd_512,ZSTD,512,19,3,421,454757753,455587037,829285,206,bytes 454757753-455587037/490194415,829285,829285,150.9074999994482,150.93666699976893,478.14987499805284,629.1368329984834,True,
3,241,2,fresh-client,1,reference_49x36px,lzw_128,LZW,128,77,12,6788,616873520,616941718,68199,206,bytes 616873520-616941718/661264391,68199,68199,124.97170799906598,124.99675000071875,91.19295900018187,216.21329200206674,True,
3,241,2,fresh-client,1,reference_49x36px,lzw_128,LZW,128,78,12,6876,622814425,622884075,69651,206,bytes 622814425-622884075/661264391,69651,69651,180.36058299912838,180.39720799788483,66.62233300085063,247.04833299983875,True,
3,242,5,fresh-client,1,tiny_12x9px,deflate_256,DEFLATE,256,39,6,1722,470066901,470277493,210593,206,bytes 470066901-470277493/498427477,210593,210593,132.1713750003255,132.197000002634,122.80499999906169,255.03575000038836,True,
3,243,3,fresh-client,1,reference_49x36px,lzw_128,LZW,128,77,12,6788,616873520,616941718,68199,206,bytes 616873520-616941718/661264391,68199,68199,145.53904200147372,145.58554200266371,135.340750002797,280.9900000029302,True,
3,243,3,fresh-client,1,reference_49x36px,lzw_128,LZW,128,78,12,6876,622814425,622884075,69651,206,bytes 622814425-622884075/661264391,69651,69651,182.86525000075926,182.98083400077303,319.24666600025375,502.2658340021735,True,
3,244,2,fresh-client,1,large_aoi_392x288px,deflate_128,DEFLATE,128,77,10,6786,465995630,466048722,53093,206,bytes 465995630-466048722/499617324,53093,53093,193.70570799947018,193.7352919994737,96.06837499813992,289.8270420009794,True,
3,244,2,fresh-client,1,large_aoi_392x288px,deflate_128,DEFLATE,128,77,11,6787,466048731,466100993,52263,206,bytes 466048731-466100993/499617324,52263,52263,225.3972500002419,225.45037499730824,62.01537500237464,287.50120800032164,True,
3,244,2,fresh-client,1,large_aoi_392x288px,deflate_128,DEFLATE,128,77,12,6788,466101002,466152431,51430,206,bytes 466101002-466152431/499617324,51430,51430,146.09741700041923,146.14070899915532,62.16458400012925,208.32391699877917,True,
3,244,2,fresh-client,1,large_aoi_392x288px,deflate_128,DEFLATE,128,77,13,6789,466152440,466206025,53586,206,bytes 466152440-466206025/499617324,53586,53586,142.95283300089068,142.98316699932911,72.39133300026879,215.38820799833047,True,
3,244,2,fresh-client,1,large_aoi_392x288px,deflate_128,DEFLATE,128,78,10,6874,470474183,470526343,52161,206,bytes 470474183-470526343/499617324,52161,52161,140.43387499987148,140.4639579996001,62.76258299840265,203.2378330004576,True,
3,244,2,fresh-client,1,large_aoi_392x288px,deflate_128,DEFLATE,128,78,11,6875,470526352,470577939,51588,206,bytes 470526352-470577939/499617324,51588,51588,135.5181660001108,135.58891600041534,46.33970899885753,181.94375000166474,True,
3,244,2,fresh-client,1,large_aoi_392x288px,deflate_128,DEFLATE,128,78,12,6876,470577948,470630526,52579,206,bytes 470577948-470630526/499617324,52579,52579,420.9056250001595,420.9432499992545,70.47224999769242,491.44354199961526,True,
3,244,2,fresh-client,1,large_aoi_392x288px,deflate_128,DEFLATE,128,78,13,6877,470630535,470685000,54466,206,bytes 470630535-470685000/499617324,54466,54466,166.32516699974076,166.35137499906705,96.67791700121597,263.0647919977491,True,
3,244,2,fresh-client,1,large_aoi_392x288px,deflate_128,DEFLATE,128,79,10,6962,474844867,474896322,51456,206,bytes 474844867-474896322/499617324,51456,51456,159.3891660013469,159.42925000126706,50.091666998923756,209.5357079997484,True,
3,244,2,fresh-client,1,large_aoi_392x288px,deflate_128,DEFLATE,128,79,11,6963,474896331,474948466,52136,206,bytes 474896331-474948466/499617324,52136,52136,260.10362500164774,260.1736249998794,115.4185419982241,375.6220420000318,True,
3,244,2,fresh-client,1,large_aoi_392x288px,deflate_128,DEFLATE,128,79,12,6964,474948475,475002211,53737,206,bytes 474948475-475002211/499617324,53737,53737,169.03570899739861,169.0764169979957,66.27170799765736,235.36770899954718,True,
3,244,2,fresh-client,1,large_aoi_392x288px,deflate_128,DEFLATE,128,79,13,6965,475002220,475052147,49928,206,bytes 475002220-475052147/499617324,49928,49928,196.83824999810895,196.88899999891873,47.325542000180576,244.24441599694546,True,
3,245,5,fresh-client,1,tiny_12x9px,lzw_512,LZW,512,19,3,421,613302768,614420752,1117985,206,bytes 613302768-614420752/661107776,1117985,1117985,203.44229100010125,203.4952499998326,650.5789590009954,854.1039170013391,True,
3,246,3,fresh-client,1,large_aoi_392x288px,zstd_128,ZSTD,128,77,10,6786,459022256,459074574,52319,206,bytes 459022256-459074574/492119117,52319,52319,196.15670799976215,196.1879169975873,61.805416000424884,258.0173329988611,True,
3,246,3,fresh-client,1,large_aoi_392x288px,zstd_128,ZSTD,128,77,11,6787,459074583,459126136,51554,206,bytes 459074583-459126136/492119117,51554,51554,153.73779099900275,153.7711249984568,83.65954200053238,237.4545409984421,True,
3,246,3,fresh-client,1,large_aoi_392x288px,zstd_128,ZSTD,128,77,12,6788,459126145,459177002,50858,206,bytes 459126145-459177002/492119117,50858,50858,224.62025000277208,224.65495900178212,148.90766700045788,373.58783400122775,True,
3,246,3,fresh-client,1,large_aoi_392x288px,zstd_128,ZSTD,128,77,13,6789,459177011,459229715,52705,206,bytes 459177011-459229715/492119117,52705,52705,150.5000420002034,150.61637500184588,50.77379200156429,201.4045840005565,True,
3,246,3,fresh-client,1,large_aoi_392x288px,zstd_128,ZSTD,128,78,10,6874,463438439,463490001,51563,206,bytes 463438439-463490001/492119117,51563,51563,185.31795799935935,185.35483300001943,73.41525000083493,258.79533299666946,True,
3,246,3,fresh-client,1,large_aoi_392x288px,zstd_128,ZSTD,128,78,11,6875,463490010,463540744,50735,206,bytes 463490010-463540744/492119117,50735,50735,212.81829199870117,212.86479199989117,180.47049999950104,393.39437499802443,True,
3,246,3,fresh-client,1,large_aoi_392x288px,zstd_128,ZSTD,128,78,12,6876,463540753,463592563,51811,206,bytes 463540753-463592563/492119117,51811,51811,595.2842919978139,595.387875000597,60.03179099934641,655.4865420002898,True,
3,246,3,fresh-client,1,large_aoi_392x288px,zstd_128,ZSTD,128,78,13,6877,463592572,463646112,53541,206,bytes 463592572-463646112/492119117,53541,53541,257.53099999928963,257.59212499906425,213.11175000300864,470.74029199939105,True,
3,246,3,fresh-client,1,large_aoi_392x288px,zstd_128,ZSTD,128,79,10,6962,467744704,467795492,50789,206,bytes 467744704-467795492/492119117,50789,50789,585.2387499980978,585.2653340007237,139.47895799719845,724.7995420002553,True,
3,246,3,fresh-client,1,large_aoi_392x288px,zstd_128,ZSTD,128,79,11,6963,467795501,467846880,51380,206,bytes 467795501-467846880/492119117,51380,51380,240.76462499942863,240.81974999717204,96.84516700144741,337.6918750000186,True,
3,246,3,fresh-client,1,large_aoi_392x288px,zstd_128,ZSTD,128,79,12,6964,467846889,467899652,52764,206,bytes 467846889-467899652/492119117,52764,52764,220.35041599883698,220.37600000112434,99.36274999927264,319.76249999934225,True,
3,246,3,fresh-client,1,large_aoi_392x288px,zstd_128,ZSTD,128,79,13,6965,467899661,467948544,48884,206,bytes 467899661-467948544/492119117,48884,48884,143.02045899967197,143.05966699976125,52.100624998274725,195.17233399892575,True,
3,247,1,fresh-client,1,large_aoi_392x288px,zstd_256,ZSTD,256,38,5,1677,453523840,453731243,207404,206,bytes 453523840-453731243/490384277,207404,207404,466.23704100056784,466.2957500004268,138.68591700156685,605.0275420020625,True,
3,247,1,fresh-client,1,large_aoi_392x288px,zstd_256,ZSTD,256,38,6,1678,453731252,453940035,208784,206,bytes 453731252-453940035/490384277,208784,208784,167.91754199948628,167.95137499866541,105.20508399713435,273.17766700070933,True,
3,247,1,fresh-client,1,large_aoi_392x288px,zstd_256,ZSTD,256,39,5,1721,462295419,462498944,203526,206,bytes 462295419-462498944/490384277,203526,203526,178.84849999973085,178.8934159994824,121.77595799948904,300.69608299891115,True,
3,247,1,fresh-client,1,large_aoi_392x288px,zstd_256,ZSTD,256,39,6,1722,462498953,462705745,206793,206,bytes 462498953-462705745/490384277,206793,206793,364.94654200214427,365.0750840024557,302.37654099983047,667.507251000643,True,
3,248,4,fresh-client,1,large_aoi_392x288px,lzw_256,LZW,256,38,5,1677,611308756,611588074,279319,206,bytes 611308756-611588074/661012853,279319,279319,311.2480419986241,311.31750099666533,520.4741670022486,831.8340839978191,True,
3,248,4,fresh-client,1,large_aoi_392x288px,lzw_256,LZW,256,38,6,1678,611588083,611870179,282097,206,bytes 611588083-611870179/661012853,282097,282097,409.6300009987317,409.745376000501,192.40704199910397,602.204916998744,True,
3,248,4,fresh-client,1,large_aoi_392x288px,lzw_256,LZW,256,39,5,1721,623137353,623410197,272845,206,bytes 623137353-623410197/661012853,272845,272845,134.1252500023984,134.15795800028718,281.45654200125136,415.6819580020965,True,
3,248,4,fresh-client,1,large_aoi_392x288px,lzw_256,LZW,256,39,6,1722,623410206,623687723,277518,206,bytes 623410206-623687723/661012853,277518,277518,178.86100000032457,178.89624999952503,145.79954100190662,324.73366699923645,True,
3,249,3,fresh-client,1,small_24x18px,deflate_256,DEFLATE,256,39,6,1722,470066901,470277493,210593,206,bytes 470066901-470277493/498427477,210593,210593,159.59079200183623,159.62687600040226,149.5427079971705,309.22025100153405,True,
3,250,1,fresh-client,1,small_24x18px,deflate_512,DEFLATE,512,19,3,421,462985865,463831501,845637,206,bytes 462985865-463831501/499024403,845637,845637,251.39595799919334,251.43316600224352,639.6639590020641,891.1254170016036,True,
3,251,2,fresh-client,1,reference_49x36px,zstd_256,ZSTD,256,38,6,1678,453731252,453940035,208784,206,bytes 453731252-453940035/490384277,208784,208784,162.00458300227183,162.05437499957043,145.66320900121354,307.74008400112507,True,
3,251,2,fresh-client,1,reference_49x36px,zstd_256,ZSTD,256,39,6,1722,462498953,462705745,206793,206,bytes 462498953-462705745/490384277,206793,206793,157.8771250024147,157.91237500161515,124.36150000212365,282.34066699951654,True,
3,252,1,fresh-client,1,tiny_12x9px,lzw_128,LZW,128,78,12,6876,622814425,622884075,69651,206,bytes 622814425-622884075/661264391,69651,69651,158.0109589995118,158.0605419985659,57.01208299797145,215.0883750000503,True,
3,253,3,fresh-client,1,viewport_196x144px,deflate_512,DEFLATE,512,19,2,420,462155354,462985856,830503,206,bytes 462155354-462985856/499024403,830503,830503,128.16208300137077,128.19137499900535,417.27595900010783,545.491500000935,True,
3,253,3,fresh-client,1,viewport_196x144px,deflate_512,DEFLATE,512,19,3,421,462985865,463831501,845637,206,bytes 462985865-463831501/499024403,845637,845637,184.58004199783318,184.60654199952842,459.1506249998929,643.7930419997429,True,
3,254,1,fresh-client,1,viewport_98x72px,lzw_256,LZW,256,38,6,1678,611588083,611870179,282097,206,bytes 611588083-611870179/661012853,282097,282097,180.66341699886834,180.70991700005834,611.07466699832,791.8464169997605,True,
3,254,1,fresh-client,1,viewport_98x72px,lzw_256,LZW,256,39,6,1722,623410206,623687723,277518,206,bytes 623410206-623687723/661012853,277518,277518,215.40379200087045,215.4565420023573,392.6024590000452,608.104209000885,True,
3,255,4,fresh-client,1,viewport_98x72px,deflate_128,DEFLATE,128,77,12,6788,466101002,466152431,51430,206,bytes 466101002-466152431/499617324,51430,51430,204.25404199704644,204.30270900033065,58.74904100346612,263.09254199804855,True,
3,255,4,fresh-client,1,viewport_98x72px,deflate_128,DEFLATE,128,78,12,6876,470577948,470630526,52579,206,bytes 470577948-470630526/499617324,52579,52579,159.57420799895772,159.60979200099246,61.90895899999305,221.5372919999936,True,
3,256,2,fresh-client,1,viewport_98x72px,lzw_128,LZW,128,77,12,6788,616873520,616941718,68199,206,bytes 616873520-616941718/661264391,68199,68199,552.5213330001861,552.6330000029702,230.19645900058094,782.8999580015079,True,
3,256,2,fresh-client,1,viewport_98x72px,lzw_128,LZW,128,78,12,6876,622814425,622884075,69651,206,bytes 622814425-622884075/661264391,69651,69651,150.90270899963798,150.9371669999382,90.76187500249944,241.73495899958652,True,
3,257,3,fresh-client,1,large_aoi_392x288px,lzw_512,LZW,512,19,2,420,612205443,613302759,1097317,206,bytes 612205443-613302759/661107776,1097317,1097317,150.08270799808088,150.1131249970058,1688.186751001922,1838.337416997092,True,
3,257,3,fresh-client,1,large_aoi_392x288px,lzw_512,LZW,512,19,3,421,613302768,614420752,1117985,206,bytes 613302768-614420752/661107776,1117985,1117985,170.51683400131878,170.55729200001224,1757.6543760005734,1928.2702089985833,True,
3,258,1,fresh-client,1,tiny_12x9px,deflate_128,DEFLATE,128,78,12,6876,470577948,470630526,52579,206,bytes 470577948-470630526/499617324,52579,52579,157.1511250003823,157.18295900296653,94.68658300102106,251.91908400302054,True,
3,259,1,fresh-client,1,reference_49x36px,deflate_512,DEFLATE,512,19,3,421,462985865,463831501,845637,206,bytes 462985865-463831501/499024403,845637,845637,136.83933400170645,136.87087500147754,449.3697920006525,586.3032920024125,True,
3,260,1,fresh-client,1,viewport_196x144px,zstd_256,ZSTD,256,38,5,1677,453523840,453731243,207404,206,bytes 453523840-453731243/490384277,207404,207404,171.45574999813107,171.51504199864576,275.43525000146474,446.9919579969428,True,
3,260,1,fresh-client,1,viewport_196x144px,zstd_256,ZSTD,256,38,6,1678,453731252,453940035,208784,206,bytes 453731252-453940035/490384277,208784,208784,154.0162089986552,154.04795900030877,207.40691700120806,361.5094169981603,True,
3,260,1,fresh-client,1,viewport_196x144px,zstd_256,ZSTD,256,39,5,1721,462295419,462498944,203526,206,bytes 462295419-462498944/490384277,203526,203526,241.88945800051442,241.98154199984856,415.82291700251517,657.8477090006345,True,
3,260,1,fresh-client,1,viewport_196x144px,zstd_256,ZSTD,256,39,6,1722,462498953,462705745,206793,206,bytes 462498953-462705745/490384277,206793,206793,201.2505830025475,201.28404199931538,98.62241700102459,299.94216699924436,True,
3,261,3,fresh-client,1,tiny_12x9px,zstd_512,ZSTD,512,19,3,421,454757753,455587037,829285,206,bytes 454757753-455587037/490194415,829285,829285,212.46650000102818,212.52929199908976,463.66645799935213,676.269499999762,True,
3,262,4,fresh-client,1,viewport_98x72px,deflate_256,DEFLATE,256,38,6,1678,461178014,461389907,211894,206,bytes 461178014-461389907/498427477,211894,211894,187.62025099931634,187.65995899957488,236.4744160004193,424.18970899962005,True,
3,262,4,fresh-client,1,viewport_98x72px,deflate_256,DEFLATE,256,39,6,1722,470066901,470277493,210593,206,bytes 470066901-470277493/498427477,210593,210593,251.00374999965425,251.11683399882168,129.96716699854005,381.11645900062285,True,
3,263,1,fresh-client,1,tiny_12x9px,lzw_512,LZW,512,19,3,421,613302768,614420752,1117985,206,bytes 613302768-614420752/661107776,1117985,1117985,310.4063339997083,310.49020899808966,470.6729589997849,781.2045419996139,True,
3,264,1,fresh-client,1,large_aoi_392x288px,lzw_256,LZW,256,38,5,1677,611308756,611588074,279319,206,bytes 611308756-611588074/661012853,279319,279319,181.40800000037416,181.4498750027269,131.11208299960708,312.59720800153445,True,
3,264,1,fresh-client,1,large_aoi_392x288px,lzw_256,LZW,256,38,6,1678,611588083,611870179,282097,206,bytes 611588083-611870179/661012853,282097,282097,277.43587500299327,277.56562500144355,132.92495899804635,410.5728750000708,True,
3,264,1,fresh-client,1,large_aoi_392x288px,lzw_256,LZW,256,39,5,1721,623137353,623410197,272845,206,bytes 623137353-623410197/661012853,272845,272845,141.29574999969918,141.33500000025379,168.99541599923396,310.35562499891967,True,
3,264,1,fresh-client,1,large_aoi_392x288px,lzw_256,LZW,256,39,6,1722,623410206,623687723,277518,206,bytes 623410206-623687723/661012853,277518,277518,169.13512500104844,169.19154200149933,196.8582500012417,366.12233400228433,True,
3,265,5,fresh-client,1,viewport_196x144px,zstd_512,ZSTD,512,19,2,420,453940732,454757744,817013,206,bytes 453940732-454757744/490194415,817013,817013,155.76258299915935,155.79916700153262,2448.355418000574,2604.212209000252,True,
3,265,5,fresh-client,1,viewport_196x144px,zstd_512,ZSTD,512,19,3,421,454757753,455587037,829285,206,bytes 454757753-455587037/490194415,829285,829285,408.4657089988468,408.5023339976033,346.89020800215076,755.4524589977518,True,
3,266,1,fresh-client,1,viewport_98x72px,zstd_256,ZSTD,256,38,6,1678,453731252,453940035,208784,206,bytes 453731252-453940035/490384277,208784,208784,159.3574170001375,159.39287599758245,117.26833400098258,276.6956259983999,True,
3,266,1,fresh-client,1,viewport_98x72px,zstd_256,ZSTD,256,39,6,1722,462498953,462705745,206793,206,bytes 462498953-462705745/490384277,206793,206793,173.0320839997148,173.0649999990419,151.95737500107498,325.0581249994866,True,
3,267,3,fresh-client,1,large_aoi_392x288px,lzw_128,LZW,128,77,10,6786,616734150,616804263,70114,206,bytes 616734150-616804263/661264391,70114,70114,165.10508300052607,165.1438330009114,54.042833999119466,219.20604199840454,True,
3,267,3,fresh-client,1,large_aoi_392x288px,lzw_128,LZW,128,77,11,6787,616804272,616873511,69240,206,bytes 616804272-616873511/661264391,69240,69240,164.48662499897182,164.51966599925072,55.63270799757447,220.17029099879437,True,
3,267,3,fresh-client,1,large_aoi_392x288px,lzw_128,LZW,128,77,12,6788,616873520,616941718,68199,206,bytes 616873520-616941718/661264391,68199,68199,212.13595899826032,212.19025000027614,44.022750000294764,256.25508400116814,True,
3,267,3,fresh-client,1,large_aoi_392x288px,lzw_128,LZW,128,77,13,6789,616941727,617013200,71474,206,bytes 616941727-617013200/661264391,71474,71474,162.57929200219223,162.61950000262004,65.3538340011437,228.0216670005757,True,
3,267,3,fresh-client,1,large_aoi_392x288px,lzw_128,LZW,128,78,10,6874,622678072,622747024,68953,206,bytes 622678072-622747024/661264391,68953,68953,163.94254099941463,163.97720799795934,117.21133299943176,281.225540999003,True,
3,267,3,fresh-client,1,large_aoi_392x288px,lzw_128,LZW,128,78,11,6875,622747033,622814416,67384,206,bytes 622747033-622814416/661264391,67384,67384,260.33545899917954,260.4654999995546,65.6277920024877,326.13929199942504,True,
3,267,3,fresh-client,1,large_aoi_392x288px,lzw_128,LZW,128,78,12,6876,622814425,622884075,69651,206,bytes 622814425-622884075/661264391,69651,69651,152.1024169996963,152.1445420003147,58.110292000492336,210.2745420015708,True,
3,267,3,fresh-client,1,large_aoi_392x288px,lzw_128,LZW,128,78,13,6877,622884084,622955954,71871,206,bytes 622884084-622955954/661264391,71871,71871,130.56466700072633,130.61029199889163,87.47149999908288,218.10375000131899,True,
3,267,3,fresh-client,1,large_aoi_392x288px,lzw_128,LZW,128,79,10,6962,628465466,628533314,67849,206,bytes 628465466-628533314/661264391,67849,67849,142.37787499951082,142.40849999987404,70.01066699740477,212.43862499977695,True,
3,267,3,fresh-client,1,large_aoi_392x288px,lzw_128,LZW,128,79,11,6963,628533323,628602043,68721,206,bytes 628533323-628602043/661264391,68721,68721,254.28150000152527,254.37545900058467,86.78095799768926,341.1924590000126,True,
3,267,3,fresh-client,1,large_aoi_392x288px,lzw_128,LZW,128,79,12,6964,628602052,628673096,71045,206,bytes 628602052-628673096/661264391,71045,71045,276.4634999984992,276.5744159987662,84.40554200205952,361.0324159999436,True,
3,267,3,fresh-client,1,large_aoi_392x288px,lzw_128,LZW,128,79,13,6965,628673105,628737744,64640,206,bytes 628673105-628737744/661264391,64640,64640,147.81166700049653,147.84866699847043,78.16224999987753,226.02895899763098,True,
3,268,4,fresh-client,1,reference_49x36px,deflate_256,DEFLATE,256,38,6,1678,461178014,461389907,211894,206,bytes 461178014-461389907/498427477,211894,211894,128.9971250007511,129.03066700164345,120.08783299825154,249.16770900017582,True,
3,268,4,fresh-client,1,reference_49x36px,deflate_256,DEFLATE,256,39,6,1722,470066901,470277493,210593,206,bytes 470066901-470277493/498427477,210593,210593,179.4555419983226,179.49162500008242,110.66495799968834,290.1931259984849,True,
3,269,3,fresh-client,1,viewport_98x72px,zstd_512,ZSTD,512,19,3,421,454757753,455587037,829285,206,bytes 454757753-455587037/490194415,829285,829285,146.71337499748915,146.74404099787353,425.6729170010658,572.46295799996,True,
3,270,4,fresh-client,1,small_24x18px,deflate_512,DEFLATE,512,19,3,421,462985865,463831501,845637,206,bytes 462985865-463831501/499024403,845637,845637,165.5849999988277,165.6205420003971,420.05541600155993,585.7222499980708,True,
1,1,5,reused-client,1,reference_49x36px,deflate_128,DEFLATE,128,77,12,6788,466101002,466152431,51430,206,bytes 466101002-466152431/499617324,51430,51430,42.75916699771187,42.82324999803677,57.12400000265916,99.97270799794933,True,
1,1,5,reused-client,1,reference_49x36px,deflate_128,DEFLATE,128,78,12,6876,470577948,470630526,52579,206,bytes 470577948-470630526/499617324,52579,52579,126.95695900038118,127.04629200015916,47.2242499999993,174.29362499751733,True,
1,2,5,reused-client,1,viewport_196x144px,lzw_512,LZW,512,19,2,420,612205443,613302759,1097317,206,bytes 612205443-613302759/661107776,1097317,1097317,104.42979199797264,104.51545799878659,988.2917079994513,1092.8398750002088,True,
1,2,5,reused-client,1,viewport_196x144px,lzw_512,LZW,512,19,3,421,613302768,614420752,1117985,206,bytes 613302768-614420752/661107776,1117985,1117985,62.993458999699214,63.09158400108572,1068.7966260011308,1131.9220010009303,True,
1,3,5,reused-client,1,small_24x18px,zstd_512,ZSTD,512,19,3,421,454757753,455587037,829285,206,bytes 454757753-455587037/490194415,829285,829285,42.699041001469595,42.80825000023469,488.3651659984025,531.2037500007136,True,
1,4,1,reused-client,1,large_aoi_392x288px,deflate_512,DEFLATE,512,19,2,420,462155354,462985856,830503,206,bytes 462155354-462985856/499024403,830503,830503,55.07966700315592,55.14370800301549,608.9854590027244,664.1686250004568,True,
1,4,1,reused-client,1,large_aoi_392x288px,deflate_512,DEFLATE,512,19,3,421,462985865,463831501,845637,206,bytes 462985865-463831501/499024403,845637,845637,54.71420899993973,54.84512499970151,775.5068759979622,830.3803339986189,True,
1,5,2,reused-client,1,viewport_98x72px,deflate_128,DEFLATE,128,77,12,6788,466101002,466152431,51430,206,bytes 466101002-466152431/499617324,51430,51430,47.999166999943554,48.06454200297594,30.20516699689324,78.29729200238944,True,
1,5,2,reused-client,1,viewport_98x72px,deflate_128,DEFLATE,128,78,12,6876,470577948,470630526,52579,206,bytes 470577948-470630526/499617324,52579,52579,52.81937499967171,52.910000002157176,29.90420800051652,82.84329100206378,True,
1,6,4,reused-client,1,reference_49x36px,deflate_512,DEFLATE,512,19,3,421,462985865,463831501,845637,206,bytes 462985865-463831501/499024403,845637,845637,39.43112499837298,39.50329099825467,750.6723750011588,790.2114169992274,True,
1,7,1,reused-client,1,reference_49x36px,deflate_128,DEFLATE,128,77,12,6788,466101002,466152431,51430,206,bytes 466101002-466152431/499617324,51430,51430,64.36637500155484,64.45654200069839,5.65979200109723,70.14766700012842,True,
1,7,1,reused-client,1,reference_49x36px,deflate_128,DEFLATE,128,78,12,6876,470577948,470630526,52579,206,bytes 470577948-470630526/499617324,52579,52579,65.63816700145253,65.70812499921885,15.845416000956902,81.58562500102562,True,
1,8,2,reused-client,1,small_24x18px,lzw_256,LZW,256,39,6,1722,623410206,623687723,277518,206,bytes 623410206-623687723/661012853,277518,277518,38.01270899930387,38.07741700074985,227.7225420002651,265.82537600188516,True,
1,9,5,reused-client,1,small_24x18px,lzw_256,LZW,256,39,6,1722,623410206,623687723,277518,206,bytes 623410206-623687723/661012853,277518,277518,58.13983299958636,58.20912499984843,261.5534579999803,319.79883299936773,True,
1,10,1,reused-client,1,large_aoi_392x288px,lzw_128,LZW,128,77,10,6786,616734150,616804263,70114,206,bytes 616734150-616804263/661264391,70114,70114,43.51479199976893,43.61416699975962,97.33308400245733,140.97237500027404,True,
1,10,1,reused-client,1,large_aoi_392x288px,lzw_128,LZW,128,77,11,6787,616804272,616873511,69240,206,bytes 616804272-616873511/661264391,69240,69240,57.43929199888953,57.53595799978939,151.2370420023217,208.8143749970186,True,
1,10,1,reused-client,1,large_aoi_392x288px,lzw_128,LZW,128,77,12,6788,616873520,616941718,68199,206,bytes 616873520-616941718/661264391,68199,68199,38.66999999809195,38.796583998191636,51.68020899873227,90.56487499765353,True,
1,10,1,reused-client,1,large_aoi_392x288px,lzw_128,LZW,128,77,13,6789,616941727,617013200,71474,206,bytes 616941727-617013200/661264391,71474,71474,54.24120800307719,54.42291700092028,55.569167001522146,110.03054200045881,True,
1,10,1,reused-client,1,large_aoi_392x288px,lzw_128,LZW,128,78,10,6874,622678072,622747024,68953,206,bytes 622678072-622747024/661264391,68953,68953,45.80958400038071,45.874834002461284,52.317790999950375,98.2285000027332,True,
1,10,1,reused-client,1,large_aoi_392x288px,lzw_128,LZW,128,78,11,6875,622747033,622814416,67384,206,bytes 622747033-622814416/661264391,67384,67384,63.21150000076159,63.28262500028359,44.18016700219596,107.4862919995212,True,
1,10,1,reused-client,1,large_aoi_392x288px,lzw_128,LZW,128,78,12,6876,622814425,622884075,69651,206,bytes 622814425-622884075/661264391,69651,69651,49.99195799973677,50.05824999898323,42.433208000147715,92.52704200116568,True,
1,10,1,reused-client,1,large_aoi_392x288px,lzw_128,LZW,128,78,13,6877,622884084,622955954,71871,206,bytes 622884084-622955954/661264391,71871,71871,69.41308300156379,69.50004100144724,33.5594169991964,103.08591600187356,True,
1,10,1,reused-client,1,large_aoi_392x288px,lzw_128,LZW,128,79,10,6962,628465466,628533314,67849,206,bytes 628465466-628533314/661264391,67849,67849,38.65520899853436,38.72483399754856,41.77766599968891,80.53804199880688,True,
1,10,1,reused-client,1,large_aoi_392x288px,lzw_128,LZW,128,79,11,6963,628533323,628602043,68721,206,bytes 628533323-628602043/661264391,68721,68721,44.368124999891734,44.473666999692796,55.30245800036937,99.8002499982249,True,
1,10,1,reused-client,1,large_aoi_392x288px,lzw_128,LZW,128,79,12,6964,628602052,628673096,71045,206,bytes 628602052-628673096/661264391,71045,71045,44.231042000319576,44.34479200062924,57.48729200058733,101.88941699743737,True,
1,10,1,reused-client,1,large_aoi_392x288px,lzw_128,LZW,128,79,13,6965,628673105,628737744,64640,206,bytes 628673105-628737744/661264391,64640,64640,209.5484170022246,209.67208300135098,30.210625001927838,239.92037499920116,True,
1,11,5,reused-client,1,reference_49x36px,zstd_128,ZSTD,128,77,12,6788,459126145,459177002,50858,206,bytes 459126145-459177002/492119117,50858,50858,57.450874999631196,57.51862500255811,32.85849999883794,90.40133300004527,True,
1,11,5,reused-client,1,reference_49x36px,zstd_128,ZSTD,128,78,12,6876,463540753,463592563,51811,206,bytes 463540753-463592563/492119117,51811,51811,63.4232919983333,63.52058400079841,29.16450000338955,92.7208339999197,True,
1,12,4,reused-client,1,reference_49x36px,deflate_128,DEFLATE,128,77,12,6788,466101002,466152431,51430,206,bytes 466101002-466152431/499617324,51430,51430,57.16595799822244,57.23341699922457,27.404625001508975,84.67329199993401,True,
1,12,4,reused-client,1,reference_49x36px,deflate_128,DEFLATE,128,78,12,6876,470577948,470630526,52579,206,bytes 470577948-470630526/499617324,52579,52579,71.16420899910736,71.25970899869571,35.548625000956235,106.84716699688579,True,
1,13,2,reused-client,1,reference_49x36px,lzw_128,LZW,128,77,12,6788,616873520,616941718,68199,206,bytes 616873520-616941718/661264391,68199,68199,68.48162500318722,68.58583300345344,32.17133299767738,100.79370800303877,True,
1,13,2,reused-client,1,reference_49x36px,lzw_128,LZW,128,78,12,6876,622814425,622884075,69651,206,bytes 622814425-622884075/661264391,69651,69651,57.297791998280445,57.36837499716785,45.76870899836649,103.1623339986254,True,
1,14,2,reused-client,1,reference_49x36px,zstd_256,ZSTD,256,38,6,1678,453731252,453940035,208784,206,bytes 453731252-453940035/490384277,208784,208784,94.9356249984703,94.98991600048612,121.5550839988282,216.56666600028984,True,
1,14,2,reused-client,1,reference_49x36px,zstd_256,ZSTD,256,39,6,1722,462498953,462705745,206793,206,bytes 462498953-462705745/490384277,206793,206793,131.60879200222553,131.67437499942025,89.251792000141,220.94724999988102,True,
1,15,1,reused-client,1,small_24x18px,deflate_128,DEFLATE,128,78,12,6876,470577948,470630526,52579,206,bytes 470577948-470630526/499617324,52579,52579,50.04591599936248,50.10716600008891,56.15120799848228,106.29733299720101,True,
1,16,4,reused-client,1,reference_49x36px,zstd_256,ZSTD,256,38,6,1678,453731252,453940035,208784,206,bytes 453731252-453940035/490384277,208784,208784,53.315416000259575,53.391375000501284,245.78524999742513,299.2110830018646,True,
1,16,4,reused-client,1,reference_49x36px,zstd_256,ZSTD,256,39,6,1722,462498953,462705745,206793,206,bytes 462498953-462705745/490384277,206793,206793,62.27141700219363,62.336999999388354,101.39704200264532,163.76283399949898,True,
1,17,3,reused-client,1,reference_49x36px,lzw_256,LZW,256,38,6,1678,611588083,611870179,282097,206,bytes 611588083-611870179/661012853,282097,282097,38.93341699949815,38.992417001281865,385.5961670014949,424.6425840028678,True,
1,17,3,reused-client,1,reference_49x36px,lzw_256,LZW,256,39,6,1722,623410206,623687723,277518,206,bytes 623410206-623687723/661012853,277518,277518,67.38000000041211,67.62529200204881,170.70079099721625,238.3843749994412,True,
1,18,3,reused-client,1,tiny_12x9px,zstd_256,ZSTD,256,39,6,1722,462498953,462705745,206793,206,bytes 462498953-462705745/490384277,206793,206793,59.59149999762303,59.70491699918057,241.83470899879467,301.5672090004955,True,
1,19,3,reused-client,1,small_24x18px,deflate_512,DEFLATE,512,19,3,421,462985865,463831501,845637,206,bytes 462985865-463831501/499024403,845637,845637,44.56645800019032,44.68937500132597,601.399292001588,646.1473750023288,True,
1,20,5,reused-client,1,reference_49x36px,zstd_256,ZSTD,256,38,6,1678,453731252,453940035,208784,206,bytes 453731252-453940035/490384277,208784,208784,48.09962499712128,48.16504199698102,230.62904099788284,278.82099999987986,True,
1,20,5,reused-client,1,reference_49x36px,zstd_256,ZSTD,256,39,6,1722,462498953,462705745,206793,206,bytes 462498953-462705745/490384277,206793,206793,50.933165999595076,51.01245799960452,147.2907919996942,198.32645800124737,True,
1,21,3,reused-client,1,small_24x18px,deflate_128,DEFLATE,128,78,12,6876,470577948,470630526,52579,206,bytes 470577948-470630526/499617324,52579,52579,63.467292002314935,63.567084001988405,43.32158300167066,106.91483399932622,True,
1,22,4,reused-client,1,viewport_98x72px,deflate_128,DEFLATE,128,77,12,6788,466101002,466152431,51430,206,bytes 466101002-466152431/499617324,51430,51430,38.3552499988582,38.42924999844399,55.107791999034816,93.56966599807492,True,
1,22,4,reused-client,1,viewport_98x72px,deflate_128,DEFLATE,128,78,12,6876,470577948,470630526,52579,206,bytes 470577948-470630526/499617324,52579,52579,65.46358299965505,65.56583299970953,142.39679100137437,207.98612499856972,True,
1,23,2,reused-client,1,viewport_98x72px,lzw_512,LZW,512,19,3,421,613302768,614420752,1117985,206,bytes 613302768-614420752/661107776,1117985,1117985,217.88854199985508,217.9677089989127,1576.90741800252,1794.9073759991734,True,
1,24,5,reused-client,1,large_aoi_392x288px,lzw_128,LZW,128,77,10,6786,616734150,616804263,70114,206,bytes 616734150-616804263/661264391,70114,70114,67.6682079974853,67.72570799876121,44.45408299943665,112.204582997947,True,
1,24,5,reused-client,1,large_aoi_392x288px,lzw_128,LZW,128,77,11,6787,616804272,616873511,69240,206,bytes 616804272-616873511/661264391,69240,69240,45.35849999956554,45.4551660004654,165.49433299951488,210.97520799958147,True,
1,24,5,reused-client,1,large_aoi_392x288px,lzw_128,LZW,128,77,12,6788,616873520,616941718,68199,206,bytes 616873520-616941718/661264391,68199,68199,104.31929200058221,104.36308300268138,9.449125001992797,113.82199999934528,True,
1,24,5,reused-client,1,large_aoi_392x288px,lzw_128,LZW,128,77,13,6789,616941727,617013200,71474,206,bytes 616941727-617013200/661264391,71474,71474,32.42841600149404,32.47225000086473,111.17312500209664,143.67108299848041,True,
1,24,5,reused-client,1,large_aoi_392x288px,lzw_128,LZW,128,78,10,6874,622678072,622747024,68953,206,bytes 622678072-622747024/661264391,68953,68953,41.028791001735954,41.17324999970151,62.811915999191115,104.01441599969985,True,
1,24,5,reused-client,1,large_aoi_392x288px,lzw_128,LZW,128,78,11,6875,622747033,622814416,67384,206,bytes 622747033-622814416/661264391,67384,67384,50.50575099812704,50.5921669973759,44.44100000182516,95.07000099983998,True,
1,24,5,reused-client,1,large_aoi_392x288px,lzw_128,LZW,128,78,12,6876,622814425,622884075,69651,206,bytes 622814425-622884075/661264391,69651,69651,52.252333000069484,52.415250000194646,61.87129200043273,114.31441600143444,True,
1,24,5,reused-client,1,large_aoi_392x288px,lzw_128,LZW,128,78,13,6877,622884084,622955954,71871,206,bytes 622884084-622955954/661264391,71871,71871,53.215166000882164,53.28100000042468,44.350959000439616,97.65683300065575,True,
1,24,5,reused-client,1,large_aoi_392x288px,lzw_128,LZW,128,79,10,6962,628465466,628533314,67849,206,bytes 628465466-628533314/661264391,67849,67849,65.54870900072274,65.61737499941955,18.180958002631087,83.82262499799253,True,
1,24,5,reused-client,1,large_aoi_392x288px,lzw_128,LZW,128,79,11,6963,628533323,628602043,68721,206,bytes 628533323-628602043/661264391,68721,68721,36.83666600045399,36.90295799970045,124.39337500109104,161.33358300066902,True,
1,24,5,reused-client,1,large_aoi_392x288px,lzw_128,LZW,128,79,12,6964,628602052,628673096,71045,206,bytes 628602052-628673096/661264391,71045,71045,128.28212499880465,128.3619589994487,18.42804099942441,146.8151669978397,True,
1,24,5,reused-client,1,large_aoi_392x288px,lzw_128,LZW,128,79,13,6965,628673105,628737744,64640,206,bytes 628673105-628737744/661264391,64640,64640,67.37824999800068,67.46012499934295,80.29583299867227,147.78224999827216,True,
1,25,2,reused-client,1,tiny_12x9px,lzw_256,LZW,256,39,6,1722,623410206,623687723,277518,206,bytes 623410206-623687723/661012853,277518,277518,50.36649999965448,50.5643329997838,199.7607080011221,250.35354099964024,True,
1,26,5,reused-client,1,small_24x18px,zstd_256,ZSTD,256,39,6,1722,462498953,462705745,206793,206,bytes 462498953-462705745/490384277,206793,206793,69.22300000223913,69.30012500015437,89.04949999850942,158.37912500137463,True,
1,27,5,reused-client,1,large_aoi_392x288px,deflate_256,DEFLATE,256,38,5,1677,460967157,461178005,210849,206,bytes 460967157-461178005/498427477,210849,210849,45.25829100020928,45.315040999412304,227.05995899741538,272.3971249979513,True,
1,27,5,reused-client,1,large_aoi_392x288px,deflate_256,DEFLATE,256,38,6,1678,461178014,461389907,211894,206,bytes 461178014-461389907/498427477,211894,211894,57.14250000164611,57.20962499981397,217.46287499991013,274.74058300140314,True,
1,27,5,reused-client,1,large_aoi_392x288px,deflate_256,DEFLATE,256,39,5,1721,469859936,470066892,206957,206,bytes 469859936-470066892/498427477,206957,206957,58.517708002909785,58.58950000038021,187.46133400054532,246.07812500107684,True,
1,27,5,reused-client,1,large_aoi_392x288px,deflate_256,DEFLATE,256,39,6,1722,470066901,470277493,210593,206,bytes 470066901-470277493/498427477,210593,210593,42.922042001009686,42.984291998436674,249.10333399748197,292.11183399820584,True,
1,28,2,reused-client,1,tiny_12x9px,zstd_256,ZSTD,256,39,6,1722,462498953,462705745,206793,206,bytes 462498953-462705745/490384277,206793,206793,47.609332999854814,47.73679099889705,220.92345799683244,268.6871660007455,True,
1,29,5,reused-client,1,viewport_196x144px,zstd_512,ZSTD,512,19,2,420,453940732,454757744,817013,206,bytes 453940732-454757744/490194415,817013,817013,51.630959002068266,51.71495900140144,962.8619180002715,1014.6180840019952,True,
1,29,5,reused-client,1,viewport_196x144px,zstd_512,ZSTD,512,19,3,421,454757753,455587037,829285,206,bytes 454757753-455587037/490194415,829285,829285,78.52529199954006,78.60487500147428,1613.0090840015328,1691.6402089991607,True,
1,30,4,reused-client,1,viewport_196x144px,deflate_128,DEFLATE,128,77,11,6787,466048731,466100993,52263,206,bytes 466048731-466100993/499617324,52263,52263,87.46766699914588,87.5367919979908,19.429666997893946,106.99170799853164,True,
1,30,4,reused-client,1,viewport_196x144px,deflate_128,DEFLATE,128,77,12,6788,466101002,466152431,51430,206,bytes 466101002-466152431/499617324,51430,51430,69.1210000004503,69.1882089995488,16.629375000775326,85.85483400020166,True,
1,30,4,reused-client,1,viewport_196x144px,deflate_128,DEFLATE,128,77,13,6789,466152440,466206025,53586,206,bytes 466152440-466206025/499617324,53586,53586,63.25374999869382,63.31970799874398,35.3102500012028,98.66699999838602,True,
1,30,4,reused-client,1,viewport_196x144px,deflate_128,DEFLATE,128,78,11,6875,470526352,470577939,51588,206,bytes 470526352-470577939/499617324,51588,51588,59.207041002082406,59.29104100141558,14.6033749988419,73.92395799979568,True,
1,30,4,reused-client,1,viewport_196x144px,deflate_128,DEFLATE,128,78,12,6876,470577948,470630526,52579,206,bytes 470577948-470630526/499617324,52579,52579,48.24741599804838,48.312540999177145,31.502707999607082,79.83912499912549,True,
1,30,4,reused-client,1,viewport_196x144px,deflate_128,DEFLATE,128,78,13,6877,470630535,470685000,54466,206,bytes 470630535-470685000/499617324,54466,54466,136.77850000021863,136.8779580006958,6.011790999764344,142.92070800001966,True,
1,31,1,reused-client,1,reference_49x36px,lzw_256,LZW,256,38,6,1678,611588083,611870179,282097,206,bytes 611588083-611870179/661012853,282097,282097,65.80387500071083,65.86683299974538,149.0852079987235,214.98170799895888,True,
1,31,1,reused-client,1,reference_49x36px,lzw_256,LZW,256,39,6,1722,623410206,623687723,277518,206,bytes 623410206-623687723/661012853,277518,277518,71.83604199963156,71.92008299898589,148.08783300031791,220.0458749975951,True,
1,32,1,reused-client,1,reference_49x36px,deflate_512,DEFLATE,512,19,3,421,462985865,463831501,845637,206,bytes 462985865-463831501/499024403,845637,845637,57.86058299781871,57.92729200038593,834.0622079995228,892.0366669990472,True,
1,33,4,reused-client,1,tiny_12x9px,deflate_128,DEFLATE,128,78,12,6876,470577948,470630526,52579,206,bytes 470577948-470630526/499617324,52579,52579,72.89475000288803,73.00375000340864,30.67899999950896,103.72866700345185,True,
1,34,5,reused-client,1,large_aoi_392x288px,zstd_256,ZSTD,256,38,5,1677,453523840,453731243,207404,206,bytes 453523840-453731243/490384277,207404,207404,74.05941700199037,74.17400000122143,166.82629199931398,241.02695799956564,True,
1,34,5,reused-client,1,large_aoi_392x288px,zstd_256,ZSTD,256,38,6,1678,453731252,453940035,208784,206,bytes 453731252-453940035/490384277,208784,208784,65.35991599957924,65.4805829981342,100.82354200130794,166.32966700126417,True,
1,34,5,reused-client,1,large_aoi_392x288px,zstd_256,ZSTD,256,39,5,1721,462295419,462498944,203526,206,bytes 462295419-462498944/490384277,203526,203526,82.56341699961922,82.63016699856962,244.64316599915037,327.31124999918393,True,
1,34,5,reused-client,1,large_aoi_392x288px,zstd_256,ZSTD,256,39,6,1722,462498953,462705745,206793,206,bytes 462498953-462705745/490384277,206793,206793,40.70874999888474,40.784458000416635,337.40799999941373,378.21966699993936,True,
1,35,1,reused-client,1,small_24x18px,zstd_128,ZSTD,128,78,12,6876,463540753,463592563,51811,206,bytes 463540753-463592563/492119117,51811,51811,245.89237499822048,245.97541699768044,6.186999999044929,252.18779199713026,True,
1,36,4,reused-client,1,large_aoi_392x288px,lzw_256,LZW,256,38,5,1677,611308756,611588074,279319,206,bytes 611308756-611588074/661012853,279319,279319,241.52412500188802,241.6248750014347,519.5382920028351,761.1947090008471,True,
1,36,4,reused-client,1,large_aoi_392x288px,lzw_256,LZW,256,38,6,1678,611588083,611870179,282097,206,bytes 611588083-611870179/661012853,282097,282097,44.38645800109953,44.49145800026599,997.0583760004956,1041.580626002542,True,
1,36,4,reused-client,1,large_aoi_392x288px,lzw_256,LZW,256,39,5,1721,623137353,623410197,272845,206,bytes 623137353-623410197/661012853,272845,272845,453.8527089971467,453.92200000060257,537.1269169991137,991.0842089993821,True,
1,36,4,reused-client,1,large_aoi_392x288px,lzw_256,LZW,256,39,6,1722,623410206,623687723,277518,206,bytes 623410206-623687723/661012853,277518,277518,74.97633299863082,75.04104200052097,748.3591669988527,823.4327919999487,True,
1,37,1,reused-client,1,tiny_12x9px,lzw_128,LZW,128,78,12,6876,622814425,622884075,69651,206,bytes 622814425-622884075/661264391,69651,69651,74.24075000017183,74.3036670028232,44.45804200076964,118.78966700169258,True,
1,38,1,reused-client,1,tiny_12x9px,lzw_256,LZW,256,39,6,1722,623410206,623687723,277518,206,bytes 623410206-623687723/661012853,277518,277518,80.96358300099382,81.02379199772258,172.60308400000213,253.6504169984255,True,
1,39,3,reused-client,1,large_aoi_392x288px,zstd_256,ZSTD,256,38,5,1677,453523840,453731243,207404,206,bytes 453523840-453731243/490384277,207404,207404,71.89474999904633,71.9729170014034,117.055665999942,189.05316699965624,True,
1,39,3,reused-client,1,large_aoi_392x288px,zstd_256,ZSTD,256,38,6,1678,453731252,453940035,208784,206,bytes 453731252-453940035/490384277,208784,208784,46.0989579987654,46.158416000253055,161.59916700053145,207.80016600110685,True,
1,39,3,reused-client,1,large_aoi_392x288px,zstd_256,ZSTD,256,39,5,1721,462295419,462498944,203526,206,bytes 462295419-462498944/490384277,203526,203526,148.1593749995227,148.32104099696153,75.66649999716901,224.0181669985759,True,
1,39,3,reused-client,1,large_aoi_392x288px,zstd_256,ZSTD,256,39,6,1722,462498953,462705745,206793,206,bytes 462498953-462705745/490384277,206793,206793,38.178167000296526,38.268000000243774,165.7723749995057,204.07554200210143,True,
1,40,1,reused-client,1,viewport_98x72px,zstd_512,ZSTD,512,19,3,421,454757753,455587037,829285,206,bytes 454757753-455587037/490194415,829285,829285,74.28220799920382,74.34416600153781,698.180916999263,772.5785000002361,True,
1,41,3,reused-client,1,viewport_98x72px,deflate_128,DEFLATE,128,77,12,6788,466101002,466152431,51430,206,bytes 466101002-466152431/499617324,51430,51430,54.8362499976065,54.94008299865527,37.853208003070904,92.84220799963805,True,
1,41,3,reused-client,1,viewport_98x72px,deflate_128,DEFLATE,128,78,12,6876,470577948,470630526,52579,206,bytes 470577948-470630526/499617324,52579,52579,49.629207998805214,49.700125000526896,54.95220800003153,104.67379200053983,True,
1,42,3,reused-client,1,viewport_196x144px,zstd_128,ZSTD,128,77,11,6787,459074583,459126136,51554,206,bytes 459074583-459126136/492119117,51554,51554,68.07704200036824,68.13270799830207,62.459374999889405,130.61595799808856,True,
1,42,3,reused-client,1,viewport_196x144px,zstd_128,ZSTD,128,77,12,6788,459126145,459177002,50858,206,bytes 459126145-459177002/492119117,50858,50858,81.79695899889339,81.86408399706124,101.81604099852848,183.70570899787708,True,
1,42,3,reused-client,1,viewport_196x144px,zstd_128,ZSTD,128,77,13,6789,459177011,459229715,52705,206,bytes 459177011-459229715/492119117,52705,52705,36.11004200138268,36.1717919986404,94.0295000000333,130.25670799834188,True,
1,42,3,reused-client,1,viewport_196x144px,zstd_128,ZSTD,128,78,11,6875,463490010,463540744,50735,206,bytes 463490010-463540744/492119117,50735,50735,57.7749580006639,57.88837499858346,70.13991700296174,128.1031250000524,True,
1,42,3,reused-client,1,viewport_196x144px,zstd_128,ZSTD,128,78,12,6876,463540753,463592563,51811,206,bytes 463540753-463592563/492119117,51811,51811,86.99324999906821,87.10354199865833,72.809834000509,159.97608399993624,True,
1,42,3,reused-client,1,viewport_196x144px,zstd_128,ZSTD,128,78,13,6877,463592572,463646112,53541,206,bytes 463592572-463646112/492119117,53541,53541,114.39441599941347,114.48329099948751,108.92975000024308,223.4523330007505,True,
1,43,2,reused-client,1,small_24x18px,deflate_128,DEFLATE,128,78,12,6876,470577948,470630526,52579,206,bytes 470577948-470630526/499617324,52579,52579,87.15945799849578,87.23833299882244,47.45829199964646,134.74391699855914,True,
1,44,3,reused-client,1,viewport_196x144px,deflate_512,DEFLATE,512,19,2,420,462155354,462985856,830503,206,bytes 462155354-462985856/499024403,830503,830503,54.18308400112437,54.368084001907846,1316.4101660004235,1370.824834000814,True,
1,44,3,reused-client,1,viewport_196x144px,deflate_512,DEFLATE,512,19,3,421,462985865,463831501,845637,206,bytes 462985865-463831501/499024403,845637,845637,49.11545800132444,49.20433300139848,755.6493340016459,804.9264590008534,True,
1,45,1,reused-client,1,viewport_196x144px,deflate_512,DEFLATE,512,19,2,420,462155354,462985856,830503,206,bytes 462155354-462985856/499024403,830503,830503,60.36058300014702,60.47712500003399,909.6052089989826,970.1507499994477,True,
1,45,1,reused-client,1,viewport_196x144px,deflate_512,DEFLATE,512,19,3,421,462985865,463831501,845637,206,bytes 462985865-463831501/499024403,845637,845637,64.28583299930324,64.42383300236543,1121.9614180008648,1186.407708999468,True,
1,46,1,reused-client,1,large_aoi_392x288px,zstd_256,ZSTD,256,38,5,1677,453523840,453731243,207404,206,bytes 453523840-453731243/490384277,207404,207404,58.31479100015713,58.36545800048043,227.12358299759217,285.51012499883655,True,
1,46,1,reused-client,1,large_aoi_392x288px,zstd_256,ZSTD,256,38,6,1678,453731252,453940035,208784,206,bytes 453731252-453940035/490384277,208784,208784,38.42387600161601,38.485208999190945,198.46404200143297,236.9702510004572,True,
1,46,1,reused-client,1,large_aoi_392x288px,zstd_256,ZSTD,256,39,5,1721,462295419,462498944,203526,206,bytes 462295419-462498944/490384277,203526,203526,41.418415999942226,41.4804579995689,201.2772079979186,242.77820800125482,True,
1,46,1,reused-client,1,large_aoi_392x288px,zstd_256,ZSTD,256,39,6,1722,462498953,462705745,206793,206,bytes 462498953-462705745/490384277,206793,206793,42.833166000491474,42.89558300297358,112.63562500244007,155.5598330014618,True,
1,47,3,reused-client,1,large_aoi_392x288px,lzw_128,LZW,128,77,10,6786,616734150,616804263,70114,206,bytes 616734150-616804263/661264391,70114,70114,43.89670900127385,44.05104200122878,35.69979199892259,79.77441700131749,True,
1,47,3,reused-client,1,large_aoi_392x288px,lzw_128,LZW,128,77,11,6787,616804272,616873511,69240,206,bytes 616804272-616873511/661264391,69240,69240,38.98879199914518,39.03995899963775,54.02937499820837,93.09212600055616,True,
1,47,3,reused-client,1,large_aoi_392x288px,lzw_128,LZW,128,77,12,6788,616873520,616941718,68199,206,bytes 616873520-616941718/661264391,68199,68199,46.32399999900372,46.38058300042758,31.786916999408277,78.2247909992293,True,
1,47,3,reused-client,1,large_aoi_392x288px,lzw_128,LZW,128,77,13,6789,616941727,617013200,71474,206,bytes 616941727-617013200/661264391,71474,71474,52.83108299772721,52.89587500010384,33.98870900127804,86.91929099950357,True,
1,47,3,reused-client,1,large_aoi_392x288px,lzw_128,LZW,128,78,10,6874,622678072,622747024,68953,206,bytes 622678072-622747024/661264391,68953,68953,72.26037500004168,72.3463329995866,27.409166999859735,99.79245799695491,True,
1,47,3,reused-client,1,large_aoi_392x288px,lzw_128,LZW,128,78,11,6875,622747033,622814416,67384,206,bytes 622747033-622814416/661264391,67384,67384,51.97441600103048,52.05120800019358,13.808083000185434,65.88612500127056,True,
1,47,3,reused-client,1,large_aoi_392x288px,lzw_128,LZW,128,78,12,6876,622814425,622884075,69651,206,bytes 622814425-622884075/661264391,69651,69651,42.33300000123563,42.60795899972436,31.211582998366794,73.84645899946918,True,
1,47,3,reused-client,1,large_aoi_392x288px,lzw_128,LZW,128,78,13,6877,622884084,622955954,71871,206,bytes 622884084-622955954/661264391,71871,71871,44.084499997552484,44.13987499719951,308.85979199956637,353.02429199873586,True,
1,47,3,reused-client,1,large_aoi_392x288px,lzw_128,LZW,128,79,10,6962,628465466,628533314,67849,206,bytes 628465466-628533314/661264391,67849,67849,90.0972500021453,90.19366700158571,27.859124998940388,118.0760419993021,True,
1,47,3,reused-client,1,large_aoi_392x288px,lzw_128,LZW,128,79,11,6963,628533323,628602043,68721,206,bytes 628533323-628602043/661264391,68721,68721,54.7317499986093,54.82691699944553,23.514332999184262,78.36341700021876,True,
1,47,3,reused-client,1,large_aoi_392x288px,lzw_128,LZW,128,79,12,6964,628602052,628673096,71045,206,bytes 628602052-628673096/661264391,71045,71045,46.58029199708835,46.66712499965797,30.04233300089254,76.7482499977632,True,
1,47,3,reused-client,1,large_aoi_392x288px,lzw_128,LZW,128,79,13,6965,628673105,628737744,64640,206,bytes 628673105-628737744/661264391,64640,64640,46.06841599888867,46.14570800185902,21.115708001161693,67.29654100126936,True,
1,48,5,reused-client,1,large_aoi_392x288px,deflate_512,DEFLATE,512,19,2,420,462155354,462985856,830503,206,bytes 462155354-462985856/499024403,830503,830503,54.459917002532165,54.52145900198957,826.9081250000454,881.4440839996678,True,
1,48,5,reused-client,1,large_aoi_392x288px,deflate_512,DEFLATE,512,19,3,421,462985865,463831501,845637,206,bytes 462985865-463831501/499024403,845637,845637,55.600374998903135,55.664583000179846,877.3816249995434,933.0735000003187,True,
1,49,3,reused-client,1,viewport_98x72px,deflate_256,DEFLATE,256,38,6,1678,461178014,461389907,211894,206,bytes 461178014-461389907/498427477,211894,211894,66.81620800009114,66.88824999946519,124.08116699953098,191.00641699697007,True,
1,49,3,reused-client,1,viewport_98x72px,deflate_256,DEFLATE,256,39,6,1722,470066901,470277493,210593,206,bytes 470066901-470277493/498427477,210593,210593,35.654665996844415,35.73199999664212,132.7957499997865,168.56616599761765,True,
1,50,2,reused-client,1,tiny_12x9px,zstd_128,ZSTD,128,78,12,6876,463540753,463592563,51811,206,bytes 463540753-463592563/492119117,51811,51811,48.82254200128955,48.99312500128872,21.649916998285335,70.68387500112294,True,
1,51,1,reused-client,1,tiny_12x9px,deflate_512,DEFLATE,512,19,3,421,462985865,463831501,845637,206,bytes 462985865-463831501/499024403,845637,845637,64.8998329997994,64.97145799949067,618.8939590028895,683.9055419986835,True,
1,52,5,reused-client,1,viewport_98x72px,deflate_128,DEFLATE,128,77,12,6788,466101002,466152431,51430,206,bytes 466101002-466152431/499617324,51430,51430,91.30666700002621,91.41558400006033,35.49270800067461,126.93995900190203,True,
1,52,5,reused-client,1,viewport_98x72px,deflate_128,DEFLATE,128,78,12,6876,470577948,470630526,52579,206,bytes 470577948-470630526/499617324,52579,52579,50.907959001051495,50.97987500266754,36.57637500145938,87.58233400294557,True,
1,53,4,reused-client,1,small_24x18px,zstd_512,ZSTD,512,19,3,421,454757753,455587037,829285,206,bytes 454757753-455587037/490194415,829285,829285,72.34041600167984,72.4061660002917,759.6115000014834,832.0564999994531,True,
1,54,4,reused-client,1,tiny_12x9px,lzw_128,LZW,128,78,12,6876,622814425,622884075,69651,206,bytes 622814425-622884075/661264391,69651,69651,51.8667500000447,51.934249997430015,72.18570899931365,124.15991599846166,True,
1,55,4,reused-client,1,viewport_196x144px,zstd_128,ZSTD,128,77,11,6787,459074583,459126136,51554,206,bytes 459074583-459126136/492119117,51554,51554,236.13854100040044,236.233749998064,12.050000001181616,248.31229099800112,True,
1,55,4,reused-client,1,viewport_196x144px,zstd_128,ZSTD,128,77,12,6788,459126145,459177002,50858,206,bytes 459126145-459177002/492119117,50858,50858,67.98866700046347,68.05729199913912,14.316083001176594,82.41333399928408,True,
1,55,4,reused-client,1,viewport_196x144px,zstd_128,ZSTD,128,77,13,6789,459177011,459229715,52705,206,bytes 459177011-459229715/492119117,52705,52705,63.018999997439096,63.07958299657912,62.81266700170818,125.9198749976349,True,
1,55,4,reused-client,1,viewport_196x144px,zstd_128,ZSTD,128,78,11,6875,463490010,463540744,50735,206,bytes 463490010-463540744/492119117,50735,50735,50.09441699803574,50.16041699855123,36.65312500015716,86.8397919985,True,
1,55,4,reused-client,1,viewport_196x144px,zstd_128,ZSTD,128,78,12,6876,463540753,463592563,51811,206,bytes 463540753-463592563/492119117,51811,51811,146.83045899801073,146.90470899950014,39.73908300031326,186.6846250013623,True,
1,55,4,reused-client,1,viewport_196x144px,zstd_128,ZSTD,128,78,13,6877,463592572,463646112,53541,206,bytes 463592572-463646112/492119117,53541,53541,58.86495900267619,58.94070900103543,36.42075000243494,95.38837500076625,True,
1,56,2,reused-client,1,tiny_12x9px,deflate_256,DEFLATE,256,39,6,1722,470066901,470277493,210593,206,bytes 470066901-470277493/498427477,210593,210593,63.064207999559585,63.13595800020266,273.058624999976,336.25004200075637,True,
1,57,4,reused-client,1,tiny_12x9px,deflate_256,DEFLATE,256,39,6,1722,470066901,470277493,210593,206,bytes 470066901-470277493/498427477,210593,210593,61.75462499959394,61.831416001950856,535.9314169982099,597.7854580014537,True,
1,58,1,reused-client,1,viewport_196x144px,zstd_512,ZSTD,512,19,2,420,453940732,454757744,817013,206,bytes 453940732-454757744/490194415,817013,817013,89.42537500115577,89.47883300061221,1973.9687090004736,2063.538876001985,True,
1,58,1,reused-client,1,viewport_196x144px,zstd_512,ZSTD,512,19,3,421,454757753,455587037,829285,206,bytes 454757753-455587037/490194415,829285,829285,51.688749997993,51.82941599923652,2129.005626000435,2180.9002089976275,True,
1,59,4,reused-client,1,viewport_196x144px,lzw_128,LZW,128,77,11,6787,616804272,616873511,69240,206,bytes 616804272-616873511/661264391,69240,69240,46.74950000116951,46.83550000117975,754.5439589994203,801.4192500013451,True,
1,59,4,reused-client,1,viewport_196x144px,lzw_128,LZW,128,77,12,6788,616873520,616941718,68199,206,bytes 616873520-616941718/661264391,68199,68199,222.36466600224958,222.50733300097636,100.70316700148396,323.2229160021234,True,
1,59,4,reused-client,1,viewport_196x144px,lzw_128,LZW,128,77,13,6789,616941727,617013200,71474,206,bytes 616941727-617013200/661264391,71474,71474,36.37420800077962,36.39783299877308,89.16283399958047,125.57712499983609,True,
1,59,4,reused-client,1,viewport_196x144px,lzw_128,LZW,128,78,11,6875,622747033,622814416,67384,206,bytes 622747033-622814416/661264391,67384,67384,60.118959001556505,60.18408399904729,78.31620900105918,138.53266699879896,True,
1,59,4,reused-client,1,viewport_196x144px,lzw_128,LZW,128,78,12,6876,622814425,622884075,69651,206,bytes 622814425-622884075/661264391,69651,69651,53.52387499806355,53.584875000524335,141.02866699977312,194.70020799781196,True,
1,59,4,reused-client,1,viewport_196x144px,lzw_128,LZW,128,78,13,6877,622884084,622955954,71871,206,bytes 622884084-622955954/661264391,71871,71871,55.784332998882746,55.90324999866425,100.04066699912073,156.02424999815412,True,
1,60,5,reused-client,1,tiny_12x9px,lzw_512,LZW,512,19,3,421,613302768,614420752,1117985,206,bytes 613302768-614420752/661107776,1117985,1117985,91.34616600204026,91.45533300034003,3420.8598770019307,3512.3637100005,True,
1,61,3,reused-client,1,large_aoi_392x288px,zstd_512,ZSTD,512,19,2,420,453940732,454757744,817013,206,bytes 453940732-454757744/490194415,817013,817013,79.39241699932609,79.45837499937625,1362.5541260007594,1442.078333999234,True,
1,61,3,reused-client,1,large_aoi_392x288px,zstd_512,ZSTD,512,19,3,421,454757753,455587037,829285,206,bytes 454757753-455587037/490194415,829285,829285,54.76875000022119,54.88129099830985,1218.422625999665,1273.370792001515,True,
1,62,1,reused-client,1,reference_49x36px,deflate_256,DEFLATE,256,38,6,1678,461178014,461389907,211894,206,bytes 461178014-461389907/498427477,211894,211894,41.58183400068083,41.64820900041377,141.34516600097413,183.05120900186012,True,
1,62,1,reused-client,1,reference_49x36px,deflate_256,DEFLATE,256,39,6,1722,470066901,470277493,210593,206,bytes 470066901-470277493/498427477,210593,210593,47.48658400058048,47.63062499841908,147.62862600036897,195.3135840012692,True,
1,63,2,reused-client,1,small_24x18px,deflate_512,DEFLATE,512,19,3,421,462985865,463831501,845637,206,bytes 462985865-463831501/499024403,845637,845637,68.46174999736832,68.58350000038627,693.7671670020791,762.3984579986427,True,
1,64,3,reused-client,1,small_24x18px,zstd_128,ZSTD,128,78,12,6876,463540753,463592563,51811,206,bytes 463540753-463592563/492119117,51811,51811,68.51820800147834,68.63783299922943,5.790667000837857,74.46233299924643,True,
1,65,3,reused-client,1,viewport_98x72px,lzw_256,LZW,256,38,6,1678,611588083,611870179,282097,206,bytes 611588083-611870179/661012853,282097,282097,54.364499999792315,54.572833996644476,315.2260419992672,369.8262089965283,True,
1,65,3,reused-client,1,viewport_98x72px,lzw_256,LZW,256,39,6,1722,623410206,623687723,277518,206,bytes 623410206-623687723/661012853,277518,277518,74.56529100090847,74.65645800039056,237.1753749976051,311.89191700104857,True,
1,66,2,reused-client,1,viewport_196x144px,lzw_512,LZW,512,19,2,420,612205443,613302759,1097317,206,bytes 612205443-613302759/661107776,1097317,1097317,57.35262500093086,57.53316700065625,925.6826250020822,983.2784999998694,True,
1,66,2,reused-client,1,viewport_196x144px,lzw_512,LZW,512,19,3,421,613302768,614420752,1117985,206,bytes 613302768-614420752/661107776,1117985,1117985,134.00800000090385,134.11487499979557,1809.546208998654,1943.730875998881,True,
1,67,2,reused-client,1,viewport_98x72px,zstd_512,ZSTD,512,19,3,421,454757753,455587037,829285,206,bytes 454757753-455587037/490194415,829285,829285,149.92991699909908,150.06591699784622,2520.9478340002534,2671.07841699908,True,
1,68,2,reused-client,1,large_aoi_392x288px,deflate_128,DEFLATE,128,77,10,6786,465995630,466048722,53093,206,bytes 465995630-466048722/499617324,53093,53093,55.14612499973737,55.277457999181934,9.194832997309277,64.57454200062784,True,
1,68,2,reused-client,1,large_aoi_392x288px,deflate_128,DEFLATE,128,77,11,6787,466048731,466100993,52263,206,bytes 466048731-466100993/499617324,52263,52263,186.19554199904087,186.3183330024185,72.31304200104205,258.70162499995786,True,
1,68,2,reused-client,1,large_aoi_392x288px,deflate_128,DEFLATE,128,77,12,6788,466101002,466152431,51430,206,bytes 466101002-466152431/499617324,51430,51430,68.66420799997286,68.78970800244133,51.450249997287756,120.28008299967041,True,
1,68,2,reused-client,1,large_aoi_392x288px,deflate_128,DEFLATE,128,77,13,6789,466152440,466206025,53586,206,bytes 466152440-466206025/499617324,53586,53586,101.39116700156592,101.44983400095953,202.18220799870323,303.6560010004905,True,
1,68,2,reused-client,1,large_aoi_392x288px,deflate_128,DEFLATE,128,78,10,6874,470474183,470526343,52161,206,bytes 470474183-470526343/499617324,52161,52161,92.89820900085033,93.00379200067255,10.991416002070764,104.02150000300026,True,
1,68,2,reused-client,1,large_aoi_392x288px,deflate_128,DEFLATE,128,78,11,6875,470526352,470577939,51588,206,bytes 470526352-470577939/499617324,51588,51588,69.79037500059349,69.89095799872302,13.737625002249843,83.65429200057406,True,
1,68,2,reused-client,1,large_aoi_392x288px,deflate_128,DEFLATE,128,78,12,6876,470577948,470630526,52579,206,bytes 470577948-470630526/499617324,52579,52579,84.44437499929336,84.51104200139525,203.9977499989618,288.54662500089034,True,
1,68,2,reused-client,1,large_aoi_392x288px,deflate_128,DEFLATE,128,78,13,6877,470630535,470685000,54466,206,bytes 470630535-470685000/499617324,54466,54466,91.5032919983787,91.60516699921573,143.4011669989559,235.05987499811454,True,
1,68,2,reused-client,1,large_aoi_392x288px,deflate_128,DEFLATE,128,79,10,6962,474844867,474896322,51456,206,bytes 474844867-474896322/499617324,51456,51456,100.29366600065259,100.42249999969499,39.16762500011828,139.66641600200091,True,
1,68,2,reused-client,1,large_aoi_392x288px,deflate_128,DEFLATE,128,79,11,6963,474896331,474948466,52136,206,bytes 474896331-474948466/499617324,52136,52136,57.6505420031026,57.769167000515154,9.076500002265675,66.88129200119874,True,
1,68,2,reused-client,1,large_aoi_392x288px,deflate_128,DEFLATE,128,79,12,6964,474948475,475002211,53737,206,bytes 474948475-475002211/499617324,53737,53737,80.19558299929486,80.36970800094423,8.10954200278502,88.51304099880508,True,
1,68,2,reused-client,1,large_aoi_392x288px,deflate_128,DEFLATE,128,79,13,6965,475002220,475052147,49928,206,bytes 475002220-475052147/499617324,49928,49928,37.382167000032496,37.45012499712175,8.94325000263052,46.42574999888893,True,
1,69,2,reused-client,1,tiny_12x9px,lzw_512,LZW,512,19,3,421,613302768,614420752,1117985,206,bytes 613302768-614420752/661107776,1117985,1117985,134.24291699993773,134.39075099813635,1480.1107499988575,1614.5780429978913,True,
1,70,3,reused-client,1,small_24x18px,deflate_256,DEFLATE,256,39,6,1722,470066901,470277493,210593,206,bytes 470066901-470277493/498427477,210593,210593,52.42870800066157,52.53662500035716,121.65266599913593,174.25216699848534,True,
1,71,4,reused-client,1,viewport_196x144px,lzw_256,LZW,256,38,5,1677,611308756,611588074,279319,206,bytes 611308756-611588074/661012853,279319,279319,62.42529200244462,62.54829200042877,318.16395900023053,380.75654200292774,True,
1,71,4,reused-client,1,viewport_196x144px,lzw_256,LZW,256,38,6,1678,611588083,611870179,282097,206,bytes 611588083-611870179/661012853,282097,282097,39.36404199703247,39.41629199835006,144.57216699884157,184.01354199886555,True,
1,71,4,reused-client,1,viewport_196x144px,lzw_256,LZW,256,39,5,1721,623137353,623410197,272845,206,bytes 623137353-623410197/661012853,272845,272845,41.21049999957904,41.2697499996284,495.06612500044866,536.3730419994681,True,
1,71,4,reused-client,1,viewport_196x144px,lzw_256,LZW,256,39,6,1722,623410206,623687723,277518,206,bytes 623410206-623687723/661012853,277518,277518,58.62925000110408,58.74062500151922,164.31858400028432,223.09516699897358,True,
1,72,5,reused-client,1,viewport_196x144px,deflate_256,DEFLATE,256,38,5,1677,460967157,461178005,210849,206,bytes 460967157-461178005/498427477,210849,210849,61.6706670007261,61.83091699858778,162.11841699987417,223.98458300085622,True,
1,72,5,reused-client,1,viewport_196x144px,deflate_256,DEFLATE,256,38,6,1678,461178014,461389907,211894,206,bytes 461178014-461389907/498427477,211894,211894,44.175541999720735,44.236999998247484,298.67600000216044,342.9874590001418,True,
1,72,5,reused-client,1,viewport_196x144px,deflate_256,DEFLATE,256,39,5,1721,469859936,470066892,206957,206,bytes 469859936-470066892/498427477,206957,206957,273.2594170010998,273.3205420008744,1099.6847500027798,1373.0787930035149,True,
1,72,5,reused-client,1,viewport_196x144px,deflate_256,DEFLATE,256,39,6,1722,470066901,470277493,210593,206,bytes 470066901-470277493/498427477,210593,210593,96.08145899983356,96.15829199901782,2088.219625999045,2184.3984599981923,True,
1,73,3,reused-client,1,viewport_98x72px,lzw_128,LZW,128,77,12,6788,616873520,616941718,68199,206,bytes 616873520-616941718/661264391,68199,68199,46.24633400089806,46.31491700274637,101.57099999923958,147.93104200361995,True,
1,73,3,reused-client,1,viewport_98x72px,lzw_128,LZW,128,78,12,6876,622814425,622884075,69651,206,bytes 622814425-622884075/661264391,69651,69651,42.71879200314288,42.82012500334531,204.9357500000042,247.78212500314112,True,
1,74,4,reused-client,1,tiny_12x9px,zstd_512,ZSTD,512,19,3,421,454757753,455587037,829285,206,bytes 454757753-455587037/490194415,829285,829285,47.82333399998606,47.887667002214584,1189.5516260010481,1237.4634590014466,True,
1,75,4,reused-client,1,viewport_196x144px,zstd_256,ZSTD,256,38,5,1677,453523840,453731243,207404,206,bytes 453523840-453731243/490384277,207404,207404,69.71687500117696,69.81366699983482,196.86612500299816,266.7039170009957,True,
1,75,4,reused-client,1,viewport_196x144px,zstd_256,ZSTD,256,38,6,1678,453731252,453940035,208784,206,bytes 453731252-453940035/490384277,208784,208784,70.34937500066007,70.4078330018092,486.66679199959617,557.0875000012165,True,
1,75,4,reused-client,1,viewport_196x144px,zstd_256,ZSTD,256,39,5,1721,462295419,462498944,203526,206,bytes 462295419-462498944/490384277,203526,203526,321.183749998454,321.2438749978901,184.71950000093784,505.98658400122076,True,
1,75,4,reused-client,1,viewport_196x144px,zstd_256,ZSTD,256,39,6,1722,462498953,462705745,206793,206,bytes 462498953-462705745/490384277,206793,206793,56.68650000006892,56.76945799859823,124.09883300279034,180.90695800128742,True,
1,76,5,reused-client,1,reference_49x36px,lzw_128,LZW,128,77,12,6788,616873520,616941718,68199,206,bytes 616873520-616941718/661264391,68199,68199,60.774582998419646,60.84908299817471,67.87925000026007,128.75258299754933,True,
1,76,5,reused-client,1,reference_49x36px,lzw_128,LZW,128,78,12,6876,622814425,622884075,69651,206,bytes 622814425-622884075/661264391,69651,69651,45.931126001960365,46.01366700080689,27.184792001207825,73.22958399890922,True,
1,77,2,reused-client,1,small_24x18px,zstd_512,ZSTD,512,19,3,421,454757753,455587037,829285,206,bytes 454757753-455587037/490194415,829285,829285,61.81704200207605,61.89004200132331,679.7268340014853,741.6630420011643,True,
1,78,4,reused-client,1,reference_49x36px,zstd_512,ZSTD,512,19,3,421,454757753,455587037,829285,206,bytes 454757753-455587037/490194415,829285,829285,42.49237500334857,42.57858300115913,904.0814590007358,946.6967920016032,True,
1,79,1,reused-client,1,small_24x18px,lzw_512,LZW,512,19,3,421,613302768,614420752,1117985,206,bytes 613302768-614420752/661107776,1117985,1117985,52.1085000000312,52.191541999491164,1131.4917090021481,1183.738417999848,True,
1,80,2,reused-client,1,large_aoi_392x288px,lzw_512,LZW,512,19,2,420,612205443,613302759,1097317,206,bytes 612205443-613302759/661107776,1097317,1097317,52.65966599836247,52.805708000960294,4167.489960000239,4220.3345429988985,True,
1,80,2,reused-client,1,large_aoi_392x288px,lzw_512,LZW,512,19,3,421,613302768,614420752,1117985,206,bytes 613302768-614420752/661107776,1117985,1117985,46.60208299901569,46.66212499796529,1074.0098750029574,1120.7898339998792,True,
1,81,1,reused-client,1,tiny_12x9px,lzw_512,LZW,512,19,3,421,613302768,614420752,1117985,206,bytes 613302768-614420752/661107776,1117985,1117985,64.89166699975613,65.02425000144285,986.942376002844,1051.9925840017095,True,
1,82,1,reused-client,1,small_24x18px,lzw_256,LZW,256,39,6,1722,623410206,623687723,277518,206,bytes 623410206-623687723/661012853,277518,277518,46.49158299798728,46.55462499795249,271.5657079970697,318.1467909998901,True,
1,83,4,reused-client,1,large_aoi_392x288px,deflate_512,DEFLATE,512,19,2,420,462155354,462985856,830503,206,bytes 462155354-462985856/499024403,830503,830503,47.8550420011743,47.93791699921712,1036.1803759988106,1084.1850010001508,True,
1,83,4,reused-client,1,large_aoi_392x288px,deflate_512,DEFLATE,512,19,3,421,462985865,463831501,845637,206,bytes 462985865-463831501/499024403,845637,845637,45.00295799880405,45.15454200009117,2528.863084000477,2574.1854589978175,True,
1,84,4,reused-client,1,viewport_196x144px,zstd_512,ZSTD,512,19,2,420,453940732,454757744,817013,206,bytes 453940732-454757744/490194415,817013,817013,44.27974999998696,44.33249999783584,814.9591669971414,859.3533339990245,True,
1,84,4,reused-client,1,viewport_196x144px,zstd_512,ZSTD,512,19,3,421,454757753,455587037,829285,206,bytes 454757753-455587037/490194415,829285,829285,82.40008299981127,82.52845800234354,679.1336669994052,761.6946250018373,True,
1,85,1,reused-client,1,viewport_98x72px,lzw_256,LZW,256,38,6,1678,611588083,611870179,282097,206,bytes 611588083-611870179/661012853,282097,282097,102.64912499769707,102.71841699795914,361.7926249971788,464.53445899896906,True,
1,85,1,reused-client,1,viewport_98x72px,lzw_256,LZW,256,39,6,1722,623410206,623687723,277518,206,bytes 623410206-623687723/661012853,277518,277518,64.32183300057659,64.38875000094413,216.81587499915622,281.2277080010972,True,
1,86,1,reused-client,1,viewport_98x72px,deflate_512,DEFLATE,512,19,3,421,462985865,463831501,845637,206,bytes 462985865-463831501/499024403,845637,845637,83.22541600136901,83.35045800049556,1899.68191799926,1983.0746250008815,True,
1,87,5,reused-client,1,tiny_12x9px,lzw_128,LZW,128,78,12,6876,622814425,622884075,69651,206,bytes 622814425-622884075/661264391,69651,69651,56.786958000884624,56.85629100116785,48.48133300038171,105.38520800037077,True,
1,88,3,reused-client,1,tiny_12x9px,deflate_128,DEFLATE,128,78,12,6876,470577948,470630526,52579,206,bytes 470577948-470630526/499617324,52579,52579,48.7745829996129,48.85583299983409,8.477874998789048,57.361082999705104,True,
1,89,1,reused-client,1,reference_49x36px,lzw_128,LZW,128,77,12,6788,616873520,616941718,68199,206,bytes 616873520-616941718/661264391,68199,68199,82.35166600206867,82.46566600064398,29.875707998144208,112.38437500287546,True,
1,89,1,reused-client,1,reference_49x36px,lzw_128,LZW,128,78,12,6876,622814425,622884075,69651,206,bytes 622814425-622884075/661264391,69651,69651,42.465333001018735,42.57233300086227,137.26437500008615,179.86104100054945,True,
1,90,2,reused-client,1,large_aoi_392x288px,lzw_128,LZW,128,77,10,6786,616734150,616804263,70114,206,bytes 616734150-616804263/661264391,70114,70114,136.25654200222925,136.33866700183717,14.238625000871252,150.60287500091363,True,
1,90,2,reused-client,1,large_aoi_392x288px,lzw_128,LZW,128,77,11,6787,616804272,616873511,69240,206,bytes 616804272-616873511/661264391,69240,69240,61.910374999570195,61.97908299873234,107.43474999981117,169.439915996918,True,
1,90,2,reused-client,1,large_aoi_392x288px,lzw_128,LZW,128,77,12,6788,616873520,616941718,68199,206,bytes 616873520-616941718/661264391,68199,68199,55.170499999803724,55.245042000024114,14.948874999390682,70.21933299984084,True,
1,90,2,reused-client,1,large_aoi_392x288px,lzw_128,LZW,128,77,13,6789,616941727,617013200,71474,206,bytes 616941727-617013200/661264391,71474,71474,52.24362499939161,52.37733299873071,41.42570800104295,93.83020799941733,True,
1,90,2,reused-client,1,large_aoi_392x288px,lzw_128,LZW,128,78,10,6874,622678072,622747024,68953,206,bytes 622678072-622747024/661264391,68953,68953,79.43437499852735,79.50049999999464,147.49454199773027,227.01758299808716,True,
1,90,2,reused-client,1,large_aoi_392x288px,lzw_128,LZW,128,78,11,6875,622747033,622814416,67384,206,bytes 622747033-622814416/661264391,67384,67384,67.75433399889152,67.81175099968095,587.6592090025952,655.5598759987333,True,
1,90,2,reused-client,1,large_aoi_392x288px,lzw_128,LZW,128,78,12,6876,622814425,622884075,69651,206,bytes 622814425-622884075/661264391,69651,69651,277.0165000001725,277.15645900025265,40.752625001914566,317.97191700024996,True,
1,90,2,reused-client,1,large_aoi_392x288px,lzw_128,LZW,128,78,13,6877,622884084,622955954,71871,206,bytes 622884084-622955954/661264391,71871,71871,88.93666600124561,89.061541002593,63.904374997946434,153.03354100251454,True,
1,90,2,reused-client,1,large_aoi_392x288px,lzw_128,LZW,128,79,10,6962,628465466,628533314,67849,206,bytes 628465466-628533314/661264391,67849,67849,48.87770799905411,48.99808299887809,48.1469170008495,97.19545799816842,True,
1,90,2,reused-client,1,large_aoi_392x288px,lzw_128,LZW,128,79,11,6963,628533323,628602043,68721,206,bytes 628533323-628602043/661264391,68721,68721,56.502999999793246,56.86283300019568,35.37583299839753,92.27791699959198,True,
1,90,2,reused-client,1,large_aoi_392x288px,lzw_128,LZW,128,79,12,6964,628602052,628673096,71045,206,bytes 628602052-628673096/661264391,71045,71045,69.10058300127275,69.17154199982178,50.73516699849279,119.93633400197723,True,
1,90,2,reused-client,1,large_aoi_392x288px,lzw_128,LZW,128,79,13,6965,628673105,628737744,64640,206,bytes 628673105-628737744/661264391,64640,64640,177.05441699945368,177.10525000074995,74.39449999947101,251.52437499855296,True,
1,91,2,reused-client,1,tiny_12x9px,zstd_512,ZSTD,512,19,3,421,454757753,455587037,829285,206,bytes 454757753-455587037/490194415,829285,829285,55.06612500175834,55.14804099948378,2508.8112100020226,2564.0372510024463,True,
1,92,2,reused-client,1,viewport_196x144px,lzw_256,LZW,256,38,5,1677,611308756,611588074,279319,206,bytes 611308756-611588074/661012853,279319,279319,74.95366700095474,75.0804999988759,707.7557510019687,782.8651669988176,True,
1,92,2,reused-client,1,viewport_196x144px,lzw_256,LZW,256,38,6,1678,611588083,611870179,282097,206,bytes 611588083-611870179/661012853,282097,282097,125.60266700165812,125.66100000185543,336.7619590026152,462.45025000098394,True,
1,92,2,reused-client,1,viewport_196x144px,lzw_256,LZW,256,39,5,1721,623137353,623410197,272845,206,bytes 623137353-623410197/661012853,272845,272845,44.976166002015816,45.03333300090162,347.73983400009456,392.79829199949745,True,
1,92,2,reused-client,1,viewport_196x144px,lzw_256,LZW,256,39,6,1722,623410206,623687723,277518,206,bytes 623410206-623687723/661012853,277518,277518,57.96908300180803,58.067250000021886,241.21541699787485,299.3095420024474,True,
1,93,3,reused-client,1,reference_49x36px,lzw_512,LZW,512,19,3,421,613302768,614420752,1117985,206,bytes 613302768-614420752/661107776,1117985,1117985,82.65000000028522,82.71508300094865,2107.816460000322,2190.5564180015062,True,
1,94,1,reused-client,1,tiny_12x9px,deflate_256,DEFLATE,256,39,6,1722,470066901,470277493,210593,206,bytes 470066901-470277493/498427477,210593,210593,63.91579200135311,64.01687499965192,139.97237500007031,204.03854200048954,True,
1,95,2,reused-client,1,reference_49x36px,deflate_512,DEFLATE,512,19,3,421,462985865,463831501,845637,206,bytes 462985865-463831501/499024403,845637,845637,131.5794170004665,131.63687500127708,913.3842090013786,1045.0524170009885,True,
1,96,5,reused-client,1,large_aoi_392x288px,lzw_512,LZW,512,19,2,420,612205443,613302759,1097317,206,bytes 612205443-613302759/661107776,1097317,1097317,64.18612500056042,64.30620799801545,2646.5064179974434,2710.8381260004535,True,
1,96,5,reused-client,1,large_aoi_392x288px,lzw_512,LZW,512,19,3,421,613302768,614420752,1117985,206,bytes 613302768-614420752/661107776,1117985,1117985,60.20837499818299,60.284208000666695,931.7614169995068,992.0712919993093,True,
1,97,2,reused-client,1,viewport_98x72px,lzw_256,LZW,256,38,6,1678,611588083,611870179,282097,206,bytes 611588083-611870179/661012853,282097,282097,164.7360419992765,164.79837499718997,131.72308300272562,296.5460419982264,True,
1,97,2,reused-client,1,viewport_98x72px,lzw_256,LZW,256,39,6,1722,623410206,623687723,277518,206,bytes 623410206-623687723/661012853,277518,277518,45.53229100201861,45.598374999826774,261.1885420010367,306.8102080032986,True,
1,98,4,reused-client,1,viewport_98x72px,lzw_128,LZW,128,77,12,6788,616873520,616941718,68199,206,bytes 616873520-616941718/661264391,68199,68199,44.33024999889312,44.3993330009107,133.41891700110864,177.8499579995696,True,
1,98,4,reused-client,1,viewport_98x72px,lzw_128,LZW,128,78,12,6876,622814425,622884075,69651,206,bytes 622814425-622884075/661264391,69651,69651,52.18500000046333,52.28729100053897,39.61770800015074,91.93133300141199,True,
1,99,5,reused-client,1,large_aoi_392x288px,zstd_512,ZSTD,512,19,2,420,453940732,454757744,817013,206,bytes 453940732-454757744/490194415,817013,817013,42.12874999939231,42.24745800092933,762.9962510000041,805.2845829988655,True,
1,99,5,reused-client,1,large_aoi_392x288px,zstd_512,ZSTD,512,19,3,421,454757753,455587037,829285,206,bytes 454757753-455587037/490194415,829285,829285,148.07979100078228,148.1519160006428,663.941333998082,812.1186249991297,True,
1,100,4,reused-client,1,small_24x18px,deflate_512,DEFLATE,512,19,3,421,462985865,463831501,845637,206,bytes 462985865-463831501/499024403,845637,845637,64.74149999849033,64.83204100004514,723.8976250009728,788.7682500004303,True,
1,101,5,reused-client,1,large_aoi_392x288px,deflate_128,DEFLATE,128,77,10,6786,465995630,466048722,53093,206,bytes 465995630-466048722/499617324,53093,53093,56.22037500143051,56.28475000048638,22.034584002540214,78.34129199909512,True,
1,101,5,reused-client,1,large_aoi_392x288px,deflate_128,DEFLATE,128,77,11,6787,466048731,466100993,52263,206,bytes 466048731-466100993/499617324,52263,52263,80.00033400094253,80.06466699953307,34.54379200047697,114.64379199969699,True,
1,101,5,reused-client,1,large_aoi_392x288px,deflate_128,DEFLATE,128,77,12,6788,466101002,466152431,51430,206,bytes 466101002-466152431/499617324,51430,51430,60.630333002336556,60.84391699914704,27.71908299837378,88.60520800226368,True,
1,101,5,reused-client,1,large_aoi_392x288px,deflate_128,DEFLATE,128,77,13,6789,466152440,466206025,53586,206,bytes 466152440-466206025/499617324,53586,53586,216.70150000136346,216.84150000146474,19.178499998815823,236.05212500115158,True,
1,101,5,reused-client,1,large_aoi_392x288px,deflate_128,DEFLATE,128,78,10,6874,470474183,470526343,52161,206,bytes 470474183-470526343/499617324,52161,52161,126.77424999856157,126.84179099960602,232.6874169993971,359.56933299894445,True,
1,101,5,reused-client,1,large_aoi_392x288px,deflate_128,DEFLATE,128,78,11,6875,470526352,470577939,51588,206,bytes 470526352-470577939/499617324,51588,51588,38.23408400057815,38.304959001834504,39.83129100015503,78.17283400072483,True,
1,101,5,reused-client,1,large_aoi_392x288px,deflate_128,DEFLATE,128,78,12,6876,470577948,470630526,52579,206,bytes 470577948-470630526/499617324,52579,52579,117.90174999987357,117.96462499842164,48.43208300007973,166.4465840003686,True,
1,101,5,reused-client,1,large_aoi_392x288px,deflate_128,DEFLATE,128,78,13,6877,470630535,470685000,54466,206,bytes 470630535-470685000/499617324,54466,54466,98.15400000297814,98.23412500190898,54.774250002083136,153.04187500078115,True,
1,101,5,reused-client,1,large_aoi_392x288px,deflate_128,DEFLATE,128,79,10,6962,474844867,474896322,51456,206,bytes 474844867-474896322/499617324,51456,51456,51.05345800257055,51.13458300183993,114.85237500164658,166.01337500105728,True,
1,101,5,reused-client,1,large_aoi_392x288px,deflate_128,DEFLATE,128,79,11,6963,474896331,474948466,52136,206,bytes 474896331-474948466/499617324,52136,52136,122.80883399944287,122.86854199919617,200.41333400149597,323.3163759978197,True,
1,101,5,reused-client,1,large_aoi_392x288px,deflate_128,DEFLATE,128,79,12,6964,474948475,475002211,53737,206,bytes 474948475-475002211/499617324,53737,53737,63.88841700027115,64.0019590027805,769.7117499992601,833.7551670010726,True,
1,101,5,reused-client,1,large_aoi_392x288px,deflate_128,DEFLATE,128,79,13,6965,475002220,475052147,49928,206,bytes 475002220-475052147/499617324,49928,49928,155.07954200074892,155.1456250017509,34.38008300145157,189.54958299946156,True,
1,102,5,reused-client,1,tiny_12x9px,deflate_512,DEFLATE,512,19,3,421,462985865,463831501,845637,206,bytes 462985865-463831501/499024403,845637,845637,78.68812500237254,78.79633300035493,1242.0378339993476,1320.8602090016939,True,
1,103,1,reused-client,1,reference_49x36px,zstd_128,ZSTD,128,77,12,6788,459126145,459177002,50858,206,bytes 459126145-459177002/492119117,50858,50858,60.98720799855073,61.098792000848334,107.47904099844163,168.67391699997825,True,
1,103,1,reused-client,1,reference_49x36px,zstd_128,ZSTD,128,78,12,6876,463540753,463592563,51811,206,bytes 463540753-463592563/492119117,51811,51811,98.63074999884702,98.71249999923748,121.54337500032852,220.29141699749744,True,
1,104,3,reused-client,1,reference_49x36px,deflate_128,DEFLATE,128,77,12,6788,466101002,466152431,51430,206,bytes 466101002-466152431/499617324,51430,51430,132.47062499794993,132.8596249986731,23.009459000604693,155.91308399962145,True,
1,104,3,reused-client,1,reference_49x36px,deflate_128,DEFLATE,128,78,12,6876,470577948,470630526,52579,206,bytes 470577948-470630526/499617324,52579,52579,81.15212499978952,81.3161250007397,138.45095800206764,219.83862499837414,True,
1,105,1,reused-client,1,reference_49x36px,zstd_256,ZSTD,256,38,6,1678,453731252,453940035,208784,206,bytes 453731252-453940035/490384277,208784,208784,162.47620800277218,162.60912500001723,326.4926669980923,489.12808400200447,True,
1,105,1,reused-client,1,reference_49x36px,zstd_256,ZSTD,256,39,6,1722,462498953,462705745,206793,206,bytes 462498953-462705745/490384277,206793,206793,94.42937499989057,94.49829200093518,855.438624999806,949.9734589990112,True,
1,106,4,reused-client,1,large_aoi_392x288px,zstd_256,ZSTD,256,38,5,1677,453523840,453731243,207404,206,bytes 453523840-453731243/490384277,207404,207404,59.812084000441246,60.228583999560215,700.7462920009857,761.0011260003375,True,
1,106,4,reused-client,1,large_aoi_392x288px,zstd_256,ZSTD,256,38,6,1678,453731252,453940035,208784,206,bytes 453731252-453940035/490384277,208784,208784,63.94216599801439,64.03312499969616,283.559958999831,347.6202079982613,True,
1,106,4,reused-client,1,large_aoi_392x288px,zstd_256,ZSTD,256,39,5,1721,462295419,462498944,203526,206,bytes 462295419-462498944/490384277,203526,203526,43.56529200231307,43.718084001739044,159.1525419971731,202.89633400170715,True,
1,106,4,reused-client,1,large_aoi_392x288px,zstd_256,ZSTD,256,39,6,1722,462498953,462705745,206793,206,bytes 462498953-462705745/490384277,206793,206793,46.81524999978137,46.893457998521626,211.337000997446,258.25437499952386,True,
1,107,4,reused-client,1,viewport_98x72px,lzw_512,LZW,512,19,3,421,613302768,614420752,1117985,206,bytes 613302768-614420752/661107776,1117985,1117985,150.21608299866784,150.48374999969383,1184.6057920010935,1335.119916999247,True,
1,108,3,reused-client,1,viewport_196x144px,lzw_256,LZW,256,38,5,1677,611308756,611588074,279319,206,bytes 611308756-611588074/661012853,279319,279319,54.84308300219709,54.91941700165626,132.17720800093957,187.12129200139316,True,
1,108,3,reused-client,1,viewport_196x144px,lzw_256,LZW,256,38,6,1678,611588083,611870179,282097,206,bytes 611588083-611870179/661012853,282097,282097,42.775624999194406,42.88129199994728,277.0814590003283,319.9897919985233,True,
1,108,3,reused-client,1,viewport_196x144px,lzw_256,LZW,256,39,5,1721,623137353,623410197,272845,206,bytes 623137353-623410197/661012853,272845,272845,84.21137500045006,84.28937500139,307.5048760001664,391.8246249995718,True,
1,108,3,reused-client,1,viewport_196x144px,lzw_256,LZW,256,39,6,1722,623410206,623687723,277518,206,bytes 623410206-623687723/661012853,277518,277518,133.49775000096997,134.17320799999288,271.2153339998622,405.4204160020163,True,
1,109,2,reused-client,1,viewport_98x72px,lzw_128,LZW,128,77,12,6788,616873520,616941718,68199,206,bytes 616873520-616941718/661264391,68199,68199,103.9675840002019,104.14383399984217,81.72099999865168,185.89104200145812,True,
1,109,2,reused-client,1,viewport_98x72px,lzw_128,LZW,128,78,12,6876,622814425,622884075,69651,206,bytes 622814425-622884075/661264391,69651,69651,68.08604099933291,68.17483299892046,52.30899999878602,120.50745799933793,True,
1,110,5,reused-client,1,viewport_98x72px,zstd_256,ZSTD,256,38,6,1678,453731252,453940035,208784,206,bytes 453731252-453940035/490384277,208784,208784,44.66191699975752,44.73520900137373,304.2950419985573,349.0594169998076,True,
1,110,5,reused-client,1,viewport_98x72px,zstd_256,ZSTD,256,39,6,1722,462498953,462705745,206793,206,bytes 462498953-462705745/490384277,206793,206793,80.25925000038114,80.31779100201675,1001.2442499973986,1081.6166250006063,True,
1,111,4,reused-client,1,small_24x18px,lzw_256,LZW,256,39,6,1722,623410206,623687723,277518,206,bytes 623410206-623687723/661012853,277518,277518,78.63108300080057,78.75179100301466,407.5833339993551,486.38620800193166,True,
1,112,4,reused-client,1,tiny_12x9px,zstd_128,ZSTD,128,78,12,6876,463540753,463592563,51811,206,bytes 463540753-463592563/492119117,51811,51811,46.77083399656112,46.85183399851667,135.95291700039525,182.82920899946475,True,
1,113,4,reused-client,1,large_aoi_392x288px,deflate_128,DEFLATE,128,77,10,6786,465995630,466048722,53093,206,bytes 465995630-466048722/499617324,53093,53093,39.86875000191503,39.931999999680556,81.72087499769987,121.68329199994332,True,
1,113,4,reused-client,1,large_aoi_392x288px,deflate_128,DEFLATE,128,77,11,6787,466048731,466100993,52263,206,bytes 466048731-466100993/499617324,52263,52263,40.93070900125895,41.03795899936813,133.18316700315336,174.25708399969153,True,
1,113,4,reused-client,1,large_aoi_392x288px,deflate_128,DEFLATE,128,77,12,6788,466101002,466152431,51430,206,bytes 466101002-466152431/499617324,51430,51430,69.78870900275069,69.86129200231517,36.11520799677237,106.02087500228663,True,
1,113,4,reused-client,1,large_aoi_392x288px,deflate_128,DEFLATE,128,77,13,6789,466152440,466206025,53586,206,bytes 466152440-466206025/499617324,53586,53586,48.95970900179236,49.01600000084727,79.64358299796004,128.68433400217327,True,
1,113,4,reused-client,1,large_aoi_392x288px,deflate_128,DEFLATE,128,78,10,6874,470474183,470526343,52161,206,bytes 470474183-470526343/499617324,52161,52161,48.60516700136941,48.66599999877508,33.8497919983638,82.53966700067394,True,
1,113,4,reused-client,1,large_aoi_392x288px,deflate_128,DEFLATE,128,78,11,6875,470526352,470577939,51588,206,bytes 470526352-470577939/499617324,51588,51588,65.29462500111549,65.36545900235069,33.154583998111775,98.59187500114786,True,
1,113,4,reused-client,1,large_aoi_392x288px,deflate_128,DEFLATE,128,78,12,6876,470577948,470630526,52579,206,bytes 470577948-470630526/499617324,52579,52579,48.927666000963654,49.01816599885933,24.068750000878936,73.11083300010068,True,
1,113,4,reused-client,1,large_aoi_392x288px,deflate_128,DEFLATE,128,78,13,6877,470630535,470685000,54466,206,bytes 470630535-470685000/499617324,54466,54466,104.70816700035357,104.81729200182599,28.552208001201507,133.3946670019941,True,
1,113,4,reused-client,1,large_aoi_392x288px,deflate_128,DEFLATE,128,79,10,6962,474844867,474896322,51456,206,bytes 474844867-474896322/499617324,51456,51456,50.93837499953224,51.01145899971016,16.544041001907317,67.57904199912446,True,
1,113,4,reused-client,1,large_aoi_392x288px,deflate_128,DEFLATE,128,79,11,6963,474896331,474948466,52136,206,bytes 474896331-474948466/499617324,52136,52136,88.21583299868507,88.27304099759203,96.8059170008928,185.12004099829937,True,
1,113,4,reused-client,1,large_aoi_392x288px,deflate_128,DEFLATE,128,79,12,6964,474948475,475002211,53737,206,bytes 474948475-475002211/499617324,53737,53737,56.59599999853526,56.6590839989658,14.929707998817321,71.61650000125519,True,
1,113,4,reused-client,1,large_aoi_392x288px,deflate_128,DEFLATE,128,79,13,6965,475002220,475052147,49928,206,bytes 475002220-475052147/499617324,49928,49928,144.43699999901582,144.50395799940452,8.639249997941079,153.1677499988291,True,
1,114,3,reused-client,1,viewport_196x144px,zstd_256,ZSTD,256,38,5,1677,453523840,453731243,207404,206,bytes 453523840-453731243/490384277,207404,207404,69.65991600009147,69.7468750004191,154.92304100189358,224.70208300001104,True,
1,114,3,reused-client,1,viewport_196x144px,zstd_256,ZSTD,256,38,6,1678,453731252,453940035,208784,206,bytes 453731252-453940035/490384277,208784,208784,82.30737499980023,82.39537500048755,71.8851249985164,154.30537499923958,True,
1,114,3,reused-client,1,viewport_196x144px,zstd_256,ZSTD,256,39,5,1721,462295419,462498944,203526,206,bytes 462295419-462498944/490384277,203526,203526,67.0683749995078,67.13349999699858,215.4236669994134,282.5855419978325,True,
1,114,3,reused-client,1,viewport_196x144px,zstd_256,ZSTD,256,39,6,1722,462498953,462705745,206793,206,bytes 462498953-462705745/490384277,206793,206793,88.18112500011921,88.30604200193193,71.09379200119292,159.42408399860142,True,
1,115,2,reused-client,1,viewport_98x72px,zstd_256,ZSTD,256,38,6,1678,453731252,453940035,208784,206,bytes 453731252-453940035/490384277,208784,208784,56.55895800009603,56.6186670002935,246.9740839987935,303.63000000215834,True,
1,115,2,reused-client,1,viewport_98x72px,zstd_256,ZSTD,256,39,6,1722,462498953,462705745,206793,206,bytes 462498953-462705745/490384277,206793,206793,92.07879200039315,92.15454199875239,101.95220799869276,194.13012500081095,True,
1,116,3,reused-client,1,large_aoi_392x288px,deflate_128,DEFLATE,128,77,10,6786,465995630,466048722,53093,206,bytes 465995630-466048722/499617324,53093,53093,87.67545899900142,87.75091699862969,18.954541003040504,106.72841699852142,True,
1,116,3,reused-client,1,large_aoi_392x288px,deflate_128,DEFLATE,128,77,11,6787,466048731,466100993,52263,206,bytes 466048731-466100993/499617324,52263,52263,190.63124999956926,190.70783400093205,160.92145799848367,351.6714170000341,True,
1,116,3,reused-client,1,large_aoi_392x288px,deflate_128,DEFLATE,128,77,12,6788,466101002,466152431,51430,206,bytes 466101002-466152431/499617324,51430,51430,65.6488749991695,65.71700000131386,11.452041999291396,77.25629099877551,True,
1,116,3,reused-client,1,large_aoi_392x288px,deflate_128,DEFLATE,128,77,13,6789,466152440,466206025,53586,206,bytes 466152440-466206025/499617324,53586,53586,58.002083002065774,58.113250001042616,27.868666002177633,86.04170800026623,True,
1,116,3,reused-client,1,large_aoi_392x288px,deflate_128,DEFLATE,128,78,10,6874,470474183,470526343,52161,206,bytes 470474183-470526343/499617324,52161,52161,189.55329100208473,189.68166600097902,37.703500001953216,227.44508300093003,True,
1,116,3,reused-client,1,large_aoi_392x288px,deflate_128,DEFLATE,128,78,11,6875,470526352,470577939,51588,206,bytes 470526352-470577939/499617324,51588,51588,68.52475000050617,68.6732079993817,13.33120900017093,82.05358300256194,True,
1,116,3,reused-client,1,large_aoi_392x288px,deflate_128,DEFLATE,128,78,12,6876,470577948,470630526,52579,206,bytes 470577948-470630526/499617324,52579,52579,64.94345900136977,65.07370899998932,140.08795900008408,205.1906670021708,True,
1,116,3,reused-client,1,large_aoi_392x288px,deflate_128,DEFLATE,128,78,13,6877,470630535,470685000,54466,206,bytes 470630535-470685000/499617324,54466,54466,146.34674999979325,146.41808300075354,116.37816599977668,262.81783300146344,True,
1,116,3,reused-client,1,large_aoi_392x288px,deflate_128,DEFLATE,128,79,10,6962,474844867,474896322,51456,206,bytes 474844867-474896322/499617324,51456,51456,44.570958001713734,44.63500000201748,48.98141599915107,93.64104099950055,True,
1,116,3,reused-client,1,large_aoi_392x288px,deflate_128,DEFLATE,128,79,11,6963,474896331,474948466,52136,206,bytes 474896331-474948466/499617324,52136,52136,93.06683400063775,93.12962500189315,64.99962499947287,158.1632500019623,True,
1,116,3,reused-client,1,large_aoi_392x288px,deflate_128,DEFLATE,128,79,12,6964,474948475,475002211,53737,206,bytes 474948475-475002211/499617324,53737,53737,159.93133400115767,160.0015420008276,14.907666001818143,174.93725000167615,True,
1,116,3,reused-client,1,large_aoi_392x288px,deflate_128,DEFLATE,128,79,13,6965,475002220,475052147,49928,206,bytes 475002220-475052147/499617324,49928,49928,39.13358399950084,39.194000000861706,47.495999999227934,86.71266700184788,True,
1,117,1,reused-client,1,large_aoi_392x288px,zstd_128,ZSTD,128,77,10,6786,459022256,459074574,52319,206,bytes 459022256-459074574/492119117,52319,52319,79.73787499940954,79.79841699852841,55.9945829991193,135.8211249971646,True,
1,117,1,reused-client,1,large_aoi_392x288px,zstd_128,ZSTD,128,77,11,6787,459074583,459126136,51554,206,bytes 459074583-459126136/492119117,51554,51554,69.12520900004893,69.18395899992902,17.323125000984874,86.5284999999858,True,
1,117,1,reused-client,1,large_aoi_392x288px,zstd_128,ZSTD,128,77,12,6788,459126145,459177002,50858,206,bytes 459126145-459177002/492119117,50858,50858,81.12891699784086,81.20270899962634,41.83433300204342,123.05937500059372,True,
1,117,1,reused-client,1,large_aoi_392x288px,zstd_128,ZSTD,128,77,13,6789,459177011,459229715,52705,206,bytes 459177011-459229715/492119117,52705,52705,127.02066700148862,127.10266700014472,55.950458998268005,183.09100000260514,True,
1,117,1,reused-client,1,large_aoi_392x288px,zstd_128,ZSTD,128,78,10,6874,463438439,463490001,51563,206,bytes 463438439-463490001/492119117,51563,51563,84.74837499670684,84.959166997578,25.661957999545848,110.65920900000492,True,
1,117,1,reused-client,1,large_aoi_392x288px,zstd_128,ZSTD,128,78,11,6875,463490010,463540744,50735,206,bytes 463490010-463540744/492119117,50735,50735,60.20287499995902,60.393208001187304,260.22691700200085,320.65779200274847,True,
1,117,1,reused-client,1,large_aoi_392x288px,zstd_128,ZSTD,128,78,12,6876,463540753,463592563,51811,206,bytes 463540753-463592563/492119117,51811,51811,78.71420799710904,78.77408299827948,57.76641700140317,136.58033299725503,True,
1,117,1,reused-client,1,large_aoi_392x288px,zstd_128,ZSTD,128,78,13,6877,463592572,463646112,53541,206,bytes 463592572-463646112/492119117,53541,53541,39.2618340010813,39.328292001300724,17.24720800120849,56.6013749994454,True,
1,117,1,reused-client,1,large_aoi_392x288px,zstd_128,ZSTD,128,79,10,6962,467744704,467795492,50789,206,bytes 467744704-467795492/492119117,50789,50789,57.61591599730309,57.67429099796573,25.2857910018065,82.98399999694084,True,
1,117,1,reused-client,1,large_aoi_392x288px,zstd_128,ZSTD,128,79,11,6963,467795501,467846880,51380,206,bytes 467795501-467846880/492119117,51380,51380,55.39962500188267,55.522250000649365,37.25300000223797,92.80162499999278,True,
1,117,1,reused-client,1,large_aoi_392x288px,zstd_128,ZSTD,128,79,12,6964,467846889,467899652,52764,206,bytes 467846889-467899652/492119117,52764,52764,53.96645799919497,54.055125001468696,38.82087499732734,92.90183299890487,True,
1,117,1,reused-client,1,large_aoi_392x288px,zstd_128,ZSTD,128,79,13,6965,467899661,467948544,48884,206,bytes 467899661-467948544/492119117,48884,48884,121.03466700136778,121.10825100171496,28.66024999821093,149.79320900238235,True,
1,118,3,reused-client,1,reference_49x36px,deflate_512,DEFLATE,512,19,3,421,462985865,463831501,845637,206,bytes 462985865-463831501/499024403,845637,845637,70.22829199922853,70.3063340006338,780.2337919965794,850.5643759999657,True,
1,119,1,reused-client,1,large_aoi_392x288px,lzw_256,LZW,256,38,5,1677,611308756,611588074,279319,206,bytes 611308756-611588074/661012853,279319,279319,62.742583999352064,63.21495899828733,206.939458999841,270.19804199881037,True,
1,119,1,reused-client,1,large_aoi_392x288px,lzw_256,LZW,256,38,6,1678,611588083,611870179,282097,206,bytes 611588083-611870179/661012853,282097,282097,55.65533399931155,55.72958400080097,287.65520800152444,343.45191700049327,True,
1,119,1,reused-client,1,large_aoi_392x288px,lzw_256,LZW,256,39,5,1721,623137353,623410197,272845,206,bytes 623137353-623410197/661012853,272845,272845,51.320833001227584,51.457875000778586,176.6857920010807,228.21412499979488,True,
1,119,1,reused-client,1,large_aoi_392x288px,lzw_256,LZW,256,39,6,1722,623410206,623687723,277518,206,bytes 623410206-623687723/661012853,277518,277518,45.045292001304915,45.14400000334717,134.20029199915007,179.39495900282054,True,
1,120,2,reused-client,1,viewport_98x72px,zstd_128,ZSTD,128,77,12,6788,459126145,459177002,50858,206,bytes 459126145-459177002/492119117,50858,50858,55.40729199856287,55.489209000370465,115.11854199852678,170.63550099919667,True,
1,120,2,reused-client,1,viewport_98x72px,zstd_128,ZSTD,128,78,12,6876,463540753,463592563,51811,206,bytes 463540753-463592563/492119117,51811,51811,40.387458000623155,40.5712499996298,15.419416002259823,56.036499998299405,True,
1,121,1,reused-client,1,viewport_196x144px,zstd_128,ZSTD,128,77,11,6787,459074583,459126136,51554,206,bytes 459074583-459126136/492119117,51554,51554,52.7393749980547,52.87391700039734,15.41137499953038,68.33658299728995,True,
1,121,1,reused-client,1,viewport_196x144px,zstd_128,ZSTD,128,77,12,6788,459126145,459177002,50858,206,bytes 459126145-459177002/492119117,50858,50858,55.95987500055344,56.05650000143214,9.247250000044005,65.33237500116229,True,
1,121,1,reused-client,1,viewport_196x144px,zstd_128,ZSTD,128,77,13,6789,459177011,459229715,52705,206,bytes 459177011-459229715/492119117,52705,52705,68.07929100250476,68.21320800008834,8.02487500186544,76.26445799905923,True,
1,121,1,reused-client,1,viewport_196x144px,zstd_128,ZSTD,128,78,11,6875,463490010,463540744,50735,206,bytes 463490010-463540744/492119117,50735,50735,47.85579099916504,48.009750000346685,18.25266599917086,66.29445799990208,True,
1,121,1,reused-client,1,viewport_196x144px,zstd_128,ZSTD,128,78,12,6876,463540753,463592563,51811,206,bytes 463540753-463592563/492119117,51811,51811,138.1058339975425,138.22074999916367,24.34562499911408,162.59654199893703,True,
1,121,1,reused-client,1,viewport_196x144px,zstd_128,ZSTD,128,78,13,6877,463592572,463646112,53541,206,bytes 463592572-463646112/492119117,53541,53541,80.69683299981989,80.8043329998327,9.968457998184022,90.84533299756004,True,
1,122,5,reused-client,1,large_aoi_392x288px,lzw_256,LZW,256,38,5,1677,611308756,611588074,279319,206,bytes 611308756-611588074/661012853,279319,279319,80.43941700088908,80.60883399957675,236.98479100130498,317.6687920022232,True,
1,122,5,reused-client,1,large_aoi_392x288px,lzw_256,LZW,256,38,6,1678,611588083,611870179,282097,206,bytes 611588083-611870179/661012853,282097,282097,79.21062499735854,79.3494589997863,375.0976260016614,454.4863759983855,True,
1,122,5,reused-client,1,large_aoi_392x288px,lzw_256,LZW,256,39,5,1721,623137353,623410197,272845,206,bytes 623137353-623410197/661012853,272845,272845,191.4677919994574,191.56508399828454,631.2125829972501,822.8325009986293,True,
1,122,5,reused-client,1,large_aoi_392x288px,lzw_256,LZW,256,39,6,1722,623410206,623687723,277518,206,bytes 623410206-623687723/661012853,277518,277518,105.47337499883724,105.57274999882793,1292.8599589977239,1398.4564169986697,True,
1,123,4,reused-client,1,viewport_196x144px,deflate_512,DEFLATE,512,19,2,420,462155354,462985856,830503,206,bytes 462155354-462985856/499024403,830503,830503,40.70995800066157,40.78208300052211,812.6190420007333,853.4711669999524,True,
1,123,4,reused-client,1,viewport_196x144px,deflate_512,DEFLATE,512,19,3,421,462985865,463831501,845637,206,bytes 462985865-463831501/499024403,845637,845637,66.36229200012167,66.52829200174892,549.5778340009565,616.1560420005117,True,
1,124,1,reused-client,1,reference_49x36px,lzw_512,LZW,512,19,3,421,613302768,614420752,1117985,206,bytes 613302768-614420752/661107776,1117985,1117985,46.52604200236965,46.65795900291414,791.5092920011375,838.1976670025324,True,
1,125,5,reused-client,1,small_24x18px,deflate_256,DEFLATE,256,39,6,1722,470066901,470277493,210593,206,bytes 470066901-470277493/498427477,210593,210593,52.726666999660665,52.91716699866811,100.94920900155557,153.9185000001453,True,
1,126,4,reused-client,1,viewport_196x144px,lzw_512,LZW,512,19,2,420,612205443,613302759,1097317,206,bytes 612205443-613302759/661107776,1097317,1097317,46.03366700030165,46.15387499870849,1031.6557500009367,1077.87716799794,True,
1,126,4,reused-client,1,viewport_196x144px,lzw_512,LZW,512,19,3,421,613302768,614420752,1117985,206,bytes 613302768-614420752/661107776,1117985,1117985,49.6726250021311,49.87312500088592,824.1682090010727,874.077333999594,True,
1,127,2,reused-client,1,viewport_98x72px,deflate_256,DEFLATE,256,38,6,1678,461178014,461389907,211894,206,bytes 461178014-461389907/498427477,211894,211894,55.7911249998142,55.91904199900455,147.2740410026745,203.24079199781409,True,
1,127,2,reused-client,1,viewport_98x72px,deflate_256,DEFLATE,256,39,6,1722,470066901,470277493,210593,206,bytes 470066901-470277493/498427477,210593,210593,48.94908300047973,49.203832997591235,117.767959000048,167.029124997498,True,
1,128,4,reused-client,1,viewport_98x72px,zstd_512,ZSTD,512,19,3,421,454757753,455587037,829285,206,bytes 454757753-455587037/490194415,829285,829285,45.152250000683125,45.294625000678934,538.885832997039,584.2415420011093,True,
1,129,1,reused-client,1,small_24x18px,lzw_128,LZW,128,78,12,6876,622814425,622884075,69651,206,bytes 622814425-622884075/661264391,69651,69651,109.49579199950676,109.62270899835858,32.77266700024484,142.46141699914006,True,
1,130,4,reused-client,1,viewport_196x144px,deflate_256,DEFLATE,256,38,5,1677,460967157,461178005,210849,206,bytes 460967157-461178005/498427477,210849,210849,60.47129199941992,60.54904200209421,77.19820800048183,137.80604199928348,True,
1,130,4,reused-client,1,viewport_196x144px,deflate_256,DEFLATE,256,38,6,1678,461178014,461389907,211894,206,bytes 461178014-461389907/498427477,211894,211894,81.95687500119675,82.05074999932549,177.53220799932024,259.6359579983982,True,
1,130,4,reused-client,1,viewport_196x144px,deflate_256,DEFLATE,256,39,5,1721,469859936,470066892,206957,206,bytes 469859936-470066892/498427477,206957,206957,56.14366699956008,56.254958999488736,156.32316600022023,212.6538749980682,True,
1,130,4,reused-client,1,viewport_196x144px,deflate_256,DEFLATE,256,39,6,1722,470066901,470277493,210593,206,bytes 470066901-470277493/498427477,210593,210593,56.26466700050514,56.33283399947686,227.99908300294192,284.39012599847047,True,
1,131,4,reused-client,1,large_aoi_392x288px,lzw_512,LZW,512,19,2,420,612205443,613302759,1097317,206,bytes 612205443-613302759/661107776,1097317,1097317,52.74591600027634,52.896000001055654,972.514291999687,1025.4646249995858,True,
1,131,4,reused-client,1,large_aoi_392x288px,lzw_512,LZW,512,19,3,421,613302768,614420752,1117985,206,bytes 613302768-614420752/661107776,1117985,1117985,48.33304199928534,48.43866699957289,711.6773759989883,760.1839589988231,True,
1,132,1,reused-client,1,viewport_196x144px,lzw_256,LZW,256,38,5,1677,611308756,611588074,279319,206,bytes 611308756-611588074/661012853,279319,279319,42.78466699906858,42.90641699844855,212.50358299948857,255.47350099805044,True,
1,132,1,reused-client,1,viewport_196x144px,lzw_256,LZW,256,38,6,1678,611588083,611870179,282097,206,bytes 611588083-611870179/661012853,282097,282097,49.431916002504295,49.50124999959371,140.5393750028452,190.08537500121747,True,
1,132,1,reused-client,1,viewport_196x144px,lzw_256,LZW,256,39,5,1721,623137353,623410197,272845,206,bytes 623137353-623410197/661012853,272845,272845,47.54345800029114,47.621790999983205,180.14270799903898,227.81737500190502,True,
1,132,1,reused-client,1,viewport_196x144px,lzw_256,LZW,256,39,6,1722,623410206,623687723,277518,206,bytes 623410206-623687723/661012853,277518,277518,37.93299999961164,38.02004200042575,188.73291699856054,226.80987499916228,True,
1,133,5,reused-client,1,large_aoi_392x288px,zstd_128,ZSTD,128,77,10,6786,459022256,459074574,52319,206,bytes 459022256-459074574/492119117,52319,52319,56.29100000078324,56.37737500001094,33.794625000155065,90.21249999932479,True,
1,133,5,reused-client,1,large_aoi_392x288px,zstd_128,ZSTD,128,77,11,6787,459074583,459126136,51554,206,bytes 459074583-459126136/492119117,51554,51554,43.027625000831904,43.12674999891897,15.903084000456147,59.059416998934466,True,
1,133,5,reused-client,1,large_aoi_392x288px,zstd_128,ZSTD,128,77,12,6788,459126145,459177002,50858,206,bytes 459126145-459177002/492119117,50858,50858,58.431041998119326,58.55420899752062,16.187833000003593,74.78420899860794,True,
1,133,5,reused-client,1,large_aoi_392x288px,zstd_128,ZSTD,128,77,13,6789,459177011,459229715,52705,206,bytes 459177011-459229715/492119117,52705,52705,128.51825000325334,128.59600000228966,14.688208000734448,143.31316700190655,True,
1,133,5,reused-client,1,large_aoi_392x288px,zstd_128,ZSTD,128,78,10,6874,463438439,463490001,51563,206,bytes 463438439-463490001/492119117,51563,51563,48.19879199931165,48.31579199890257,37.00458399907802,85.35995800048113,True,
1,133,5,reused-client,1,large_aoi_392x288px,zstd_128,ZSTD,128,78,11,6875,463490010,463540744,50735,206,bytes 463490010-463540744/492119117,50735,50735,38.1883750014822,38.276666000456316,88.05687600033707,126.39583300187951,True,
1,133,5,reused-client,1,large_aoi_392x288px,zstd_128,ZSTD,128,78,12,6876,463540753,463592563,51811,206,bytes 463540753-463592563/492119117,51811,51811,54.992124998534564,55.10858300112886,33.72941699853982,88.88437499990687,True,
1,133,5,reused-client,1,large_aoi_392x288px,zstd_128,ZSTD,128,78,13,6877,463592572,463646112,53541,206,bytes 463592572-463646112/492119117,53541,53541,41.45737499857205,41.59712500040769,62.214415997004835,103.88920799960033,True,
1,133,5,reused-client,1,large_aoi_392x288px,zstd_128,ZSTD,128,79,10,6962,467744704,467795492,50789,206,bytes 467744704-467795492/492119117,50789,50789,51.29516700253589,51.427209000394214,33.64941700056079,85.13720900009503,True,
1,133,5,reused-client,1,large_aoi_392x288px,zstd_128,ZSTD,128,79,11,6963,467795501,467846880,51380,206,bytes 467795501-467846880/492119117,51380,51380,66.77333300103783,66.90345800234354,32.04049999840208,98.9895830025489,True,
1,133,5,reused-client,1,large_aoi_392x288px,zstd_128,ZSTD,128,79,12,6964,467846889,467899652,52764,206,bytes 467846889-467899652/492119117,52764,52764,37.10854100063443,37.17870800028322,33.39520800000173,70.64133300082176,True,
1,133,5,reused-client,1,large_aoi_392x288px,zstd_128,ZSTD,128,79,13,6965,467899661,467948544,48884,206,bytes 467899661-467948544/492119117,48884,48884,40.334458000870654,40.41641600269941,69.1716670007736,109.61320800197427,True,
1,134,5,reused-client,1,viewport_196x144px,zstd_128,ZSTD,128,77,11,6787,459074583,459126136,51554,206,bytes 459074583-459126136/492119117,51554,51554,43.76254200178664,43.82524999891757,37.011374999565305,80.86683299916331,True,
1,134,5,reused-client,1,viewport_196x144px,zstd_128,ZSTD,128,77,12,6788,459126145,459177002,50858,206,bytes 459126145-459177002/492119117,50858,50858,45.26304200044251,45.318666998355184,131.249874997593,176.65554199993494,True,
1,134,5,reused-client,1,viewport_196x144px,zstd_128,ZSTD,128,77,13,6789,459177011,459229715,52705,206,bytes 459177011-459229715/492119117,52705,52705,56.2427500008198,56.35329099823139,49.50954199739499,105.91062499952386,True,
1,134,5,reused-client,1,viewport_196x144px,zstd_128,ZSTD,128,78,11,6875,463490010,463540744,50735,206,bytes 463490010-463540744/492119117,50735,50735,209.7253330030071,209.8427500022808,28.14349999971455,238.02487500142888,True,
1,134,5,reused-client,1,viewport_196x144px,zstd_128,ZSTD,128,78,12,6876,463540753,463592563,51811,206,bytes 463540753-463592563/492119117,51811,51811,56.43558299925644,56.56825000187382,34.22583299834514,90.82108300208347,True,
1,134,5,reused-client,1,viewport_196x144px,zstd_128,ZSTD,128,78,13,6877,463592572,463646112,53541,206,bytes 463592572-463646112/492119117,53541,53541,47.589665999112185,47.65645800216589,57.83375100145349,105.56695800187299,True,
1,135,3,reused-client,1,tiny_12x9px,deflate_512,DEFLATE,512,19,3,421,462985865,463831501,845637,206,bytes 462985865-463831501/499024403,845637,845637,56.44000000029337,56.6345419974823,809.7357509977883,866.4238339988515,True,
1,136,5,reused-client,1,reference_49x36px,deflate_512,DEFLATE,512,19,3,421,462985865,463831501,845637,206,bytes 462985865-463831501/499024403,845637,845637,66.44404100006795,66.51366599908215,431.77374999868334,498.3589160001429,True,
1,137,1,reused-client,1,large_aoi_392x288px,zstd_512,ZSTD,512,19,2,420,453940732,454757744,817013,206,bytes 453940732-454757744/490194415,817013,817013,71.23433399829082,72.65337499848101,439.5026249985676,512.1950419998029,True,
1,137,1,reused-client,1,large_aoi_392x288px,zstd_512,ZSTD,512,19,3,421,454757753,455587037,829285,206,bytes 454757753-455587037/490194415,829285,829285,85.46520800155122,85.54787500179373,506.3294589999714,591.9017499982147,True,
1,138,2,reused-client,1,viewport_196x144px,deflate_128,DEFLATE,128,77,11,6787,466048731,466100993,52263,206,bytes 466048731-466100993/499617324,52263,52263,290.5839160011965,290.70362499987823,248.1131250024191,538.8507499992556,True,
1,138,2,reused-client,1,viewport_196x144px,deflate_128,DEFLATE,128,77,12,6788,466101002,466152431,51430,206,bytes 466101002-466152431/499617324,51430,51430,374.77545799993095,374.83629200141877,69.81962499776273,444.7031669988064,True,
1,138,2,reused-client,1,viewport_196x144px,deflate_128,DEFLATE,128,77,13,6789,466152440,466206025,53586,206,bytes 466152440-466206025/499617324,53586,53586,86.83170900258119,86.95387500119978,210.8254160011711,297.822417000134,True,
1,138,2,reused-client,1,viewport_196x144px,deflate_128,DEFLATE,128,78,11,6875,470526352,470577939,51588,206,bytes 470526352-470577939/499617324,51588,51588,152.5767499988433,152.65179199923296,52.32391599929542,205.0178749996121,True,
1,138,2,reused-client,1,viewport_196x144px,deflate_128,DEFLATE,128,78,12,6876,470577948,470630526,52579,206,bytes 470577948-470630526/499617324,52579,52579,254.29300099858665,254.3727089978347,10.516332997212885,264.92837600017083,True,
1,138,2,reused-client,1,viewport_196x144px,deflate_128,DEFLATE,128,78,13,6877,470630535,470685000,54466,206,bytes 470630535-470685000/499617324,54466,54466,167.57000000143307,167.71233400140773,78.24429200263694,245.9936250015744,True,
1,139,3,reused-client,1,large_aoi_392x288px,deflate_512,DEFLATE,512,19,2,420,462155354,462985856,830503,206,bytes 462155354-462985856/499024403,830503,830503,292.286249998142,292.7887079968059,1256.4835420016607,1549.3043749993376,True,
1,139,3,reused-client,1,large_aoi_392x288px,deflate_512,DEFLATE,512,19,3,421,462985865,463831501,845637,206,bytes 462985865-463831501/499024403,845637,845637,58.72745800297707,58.78945800213842,641.7903340006887,700.6195000030857,True,
1,140,1,reused-client,1,viewport_98x72px,zstd_256,ZSTD,256,38,6,1678,453731252,453940035,208784,206,bytes 453731252-453940035/490384277,208784,208784,133.83195899950806,133.89687499875436,127.68900100127212,261.6227090002212,True,
1,140,1,reused-client,1,viewport_98x72px,zstd_256,ZSTD,256,39,6,1722,462498953,462705745,206793,206,bytes 462498953-462705745/490384277,206793,206793,172.62858299727668,172.70787499728613,186.52004199975636,359.25120799947763,True,
1,141,5,reused-client,1,reference_49x36px,zstd_512,ZSTD,512,19,3,421,454757753,455587037,829285,206,bytes 454757753-455587037/490194415,829285,829285,146.07854200221482,146.19516700258828,982.5510839982599,1128.7750840019726,True,
1,142,3,reused-client,1,small_24x18px,lzw_512,LZW,512,19,3,421,613302768,614420752,1117985,206,bytes 613302768-614420752/661107776,1117985,1117985,123.56437500056927,123.63862500205869,863.9851670013741,987.6367500000924,True,
1,143,5,reused-client,1,viewport_98x72px,deflate_256,DEFLATE,256,38,6,1678,461178014,461389907,211894,206,bytes 461178014-461389907/498427477,211894,211894,112.09787500047241,112.18558299879078,86.10104099716409,198.30841599832638,True,
1,143,5,reused-client,1,viewport_98x72px,deflate_256,DEFLATE,256,39,6,1722,470066901,470277493,210593,206,bytes 470066901-470277493/498427477,210593,210593,99.86162599670934,99.94025099877035,70.72633300049347,170.68791699784924,True,
1,144,4,reused-client,1,viewport_98x72px,deflate_512,DEFLATE,512,19,3,421,462985865,463831501,845637,206,bytes 462985865-463831501/499024403,845637,845637,118.58987500090734,118.67941599848564,467.5728750007693,586.2766249993001,True,
1,145,2,reused-client,1,reference_49x36px,lzw_512,LZW,512,19,3,421,613302768,614420752,1117985,206,bytes 613302768-614420752/661107776,1117985,1117985,77.42829200287815,77.53829200009932,1566.0025420002057,1643.5789590032073,True,
1,146,3,reused-client,1,small_24x18px,zstd_512,ZSTD,512,19,3,421,454757753,455587037,829285,206,bytes 454757753-455587037/490194415,829285,829285,53.14595800155075,53.21645799995167,532.9310419983813,586.1737919985899,True,
1,147,2,reused-client,1,large_aoi_392x288px,zstd_256,ZSTD,256,38,5,1677,453523840,453731243,207404,206,bytes 453523840-453731243/490384277,207404,207404,60.091207997174934,60.3191659974982,84.25541699762107,144.61245799975586,True,
1,147,2,reused-client,1,large_aoi_392x288px,zstd_256,ZSTD,256,38,6,1678,453731252,453940035,208784,206,bytes 453731252-453940035/490384277,208784,208784,54.091458001494175,54.169292001461145,274.97904100164305,329.177042000083,True,
1,147,2,reused-client,1,large_aoi_392x288px,zstd_256,ZSTD,256,39,5,1721,462295419,462498944,203526,206,bytes 462295419-462498944/490384277,203526,203526,97.64500000164844,97.72495899960632,111.78433399982168,209.53291700061527,True,
1,147,2,reused-client,1,large_aoi_392x288px,zstd_256,ZSTD,256,39,6,1722,462498953,462705745,206793,206,bytes 462498953-462705745/490384277,206793,206793,43.88250000192784,43.942584001342766,114.23099999956321,158.19824999925913,True,
1,148,1,reused-client,1,small_24x18px,deflate_512,DEFLATE,512,19,3,421,462985865,463831501,845637,206,bytes 462985865-463831501/499024403,845637,845637,101.40291599964257,101.51170800236287,414.18616699957056,515.7371669993154,True,
1,149,5,reused-client,1,small_24x18px,lzw_512,LZW,512,19,3,421,613302768,614420752,1117985,206,bytes 613302768-614420752/661107776,1117985,1117985,165.65212500063353,165.73295899797813,788.6850419999973,954.4566670010681,True,
1,150,2,reused-client,1,viewport_98x72px,deflate_512,DEFLATE,512,19,3,421,462985865,463831501,845637,206,bytes 462985865-463831501/499024403,845637,845637,139.7899170005985,139.87162500052364,609.9935419988469,749.9085840026964,True,
1,151,5,reused-client,1,viewport_196x144px,lzw_128,LZW,128,77,11,6787,616804272,616873511,69240,206,bytes 616804272-616873511/661264391,69240,69240,100.71754200180294,100.79345900157932,137.2107919996779,238.0529590009246,True,
1,151,5,reused-client,1,viewport_196x144px,lzw_128,LZW,128,77,12,6788,616873520,616941718,68199,206,bytes 616873520-616941718/661264391,68199,68199,50.872666000941535,50.97566599943093,75.42916700185742,126.42899999991641,True,
1,151,5,reused-client,1,viewport_196x144px,lzw_128,LZW,128,77,13,6789,616941727,617013200,71474,206,bytes 616941727-617013200/661264391,71474,71474,47.126582998316735,47.19899999690824,136.86158299969975,184.09866699948907,True,
1,151,5,reused-client,1,viewport_196x144px,lzw_128,LZW,128,78,11,6875,622747033,622814416,67384,206,bytes 622747033-622814416/661264391,67384,67384,56.44637500154204,56.53341699871817,41.73816700131283,98.29562500090105,True,
1,151,5,reused-client,1,viewport_196x144px,lzw_128,LZW,128,78,12,6876,622814425,622884075,69651,206,bytes 622814425-622884075/661264391,69651,69651,53.29308300133562,53.37679199874401,34.36508300001151,87.76483299880056,True,
1,151,5,reused-client,1,viewport_196x144px,lzw_128,LZW,128,78,13,6877,622884084,622955954,71871,206,bytes 622884084-622955954/661264391,71871,71871,75.57870799791999,75.63654099794803,42.330000000220025,118.00312499690335,True,
1,152,3,reused-client,1,viewport_196x144px,lzw_128,LZW,128,77,11,6787,616804272,616873511,69240,206,bytes 616804272-616873511/661264391,69240,69240,60.44462499994552,60.72354199932306,76.80791699749534,137.5807080003142,True,
1,152,3,reused-client,1,viewport_196x144px,lzw_128,LZW,128,77,12,6788,616873520,616941718,68199,206,bytes 616873520-616941718/661264391,68199,68199,65.87199999921722,66.13574999937555,40.998542001034366,107.2002920009254,True,
1,152,3,reused-client,1,viewport_196x144px,lzw_128,LZW,128,77,13,6789,616941727,617013200,71474,206,bytes 616941727-617013200/661264391,71474,71474,98.26104199964902,98.39262499735923,37.91770799944061,136.36241699714446,True,
1,152,3,reused-client,1,viewport_196x144px,lzw_128,LZW,128,78,11,6875,622747033,622814416,67384,206,bytes 622747033-622814416/661264391,67384,67384,43.55266700076754,43.62037499959115,88.16933400157723,131.86083400069037,True,
1,152,3,reused-client,1,viewport_196x144px,lzw_128,LZW,128,78,12,6876,622814425,622884075,69651,206,bytes 622814425-622884075/661264391,69651,69651,72.2591250014375,72.36312500026543,149.12249999906635,221.53225000147359,True,
1,152,3,reused-client,1,viewport_196x144px,lzw_128,LZW,128,78,13,6877,622884084,622955954,71871,206,bytes 622884084-622955954/661264391,71871,71871,83.19904200106976,83.31704200099921,18.726333997619804,102.09800000302494,True,
1,153,5,reused-client,1,tiny_12x9px,zstd_256,ZSTD,256,39,6,1722,462498953,462705745,206793,206,bytes 462498953-462705745/490384277,206793,206793,45.31170900008874,45.433374998538056,113.23608399834484,158.72474999923725,True,
1,154,4,reused-client,1,tiny_12x9px,deflate_512,DEFLATE,512,19,3,421,462985865,463831501,845637,206,bytes 462985865-463831501/499024403,845637,845637,75.35962499969173,75.42845900024986,460.76291700228467,536.2437920011871,True,
1,155,5,reused-client,1,viewport_196x144px,deflate_128,DEFLATE,128,77,11,6787,466048731,466100993,52263,206,bytes 466048731-466100993/499617324,52263,52263,56.50662500192993,56.62112500067451,11.663749999570427,68.33712500156253,True,
1,155,5,reused-client,1,viewport_196x144px,deflate_128,DEFLATE,128,77,12,6788,466101002,466152431,51430,206,bytes 466101002-466152431/499617324,51430,51430,196.47912500295206,196.6121250006836,5.8285420018364675,202.5035000006028,True,
1,155,5,reused-client,1,viewport_196x144px,deflate_128,DEFLATE,128,77,13,6789,466152440,466206025,53586,206,bytes 466152440-466206025/499617324,53586,53586,62.19812500057742,62.30837500334019,12.640917000680929,75.04270900244592,True,
1,155,5,reused-client,1,viewport_196x144px,deflate_128,DEFLATE,128,78,11,6875,470526352,470577939,51588,206,bytes 470526352-470577939/499617324,51588,51588,104.49966600208427,104.63575000176206,8.635874997708015,113.31829100163304,True,
1,155,5,reused-client,1,viewport_196x144px,deflate_128,DEFLATE,128,78,12,6876,470577948,470630526,52579,206,bytes 470577948-470630526/499617324,52579,52579,66.96274999922025,67.07029099925421,20.969625002180692,88.1072909978684,True,
1,155,5,reused-client,1,viewport_196x144px,deflate_128,DEFLATE,128,78,13,6877,470630535,470685000,54466,206,bytes 470630535-470685000/499617324,54466,54466,92.37837500040769,93.1633750005858,11.781957997300196,105.03458300081547,True,
1,156,4,reused-client,1,small_24x18px,zstd_256,ZSTD,256,39,6,1722,462498953,462705745,206793,206,bytes 462498953-462705745/490384277,206793,206793,70.11295800111839,70.22487499853014,76.23104199956288,146.50875000006636,True,
1,157,2,reused-client,1,large_aoi_392x288px,zstd_128,ZSTD,128,77,10,6786,459022256,459074574,52319,206,bytes 459022256-459074574/492119117,52319,52319,71.88579200010281,71.99974999821279,17.44137499917997,89.49399999983143,True,
1,157,2,reused-client,1,large_aoi_392x288px,zstd_128,ZSTD,128,77,11,6787,459074583,459126136,51554,206,bytes 459074583-459126136/492119117,51554,51554,61.06312499832711,61.164582999481354,19.34491700012586,80.55933299692697,True,
1,157,2,reused-client,1,large_aoi_392x288px,zstd_128,ZSTD,128,77,12,6788,459126145,459177002,50858,206,bytes 459126145-459177002/492119117,50858,50858,211.73524999903748,211.86104099979275,123.0939999986731,334.99504100109334,True,
1,157,2,reused-client,1,large_aoi_392x288px,zstd_128,ZSTD,128,77,13,6789,459177011,459229715,52705,206,bytes 459177011-459229715/492119117,52705,52705,63.36354200175265,63.49541700183181,21.159792002436006,84.7141250014829,True,
1,157,2,reused-client,1,large_aoi_392x288px,zstd_128,ZSTD,128,78,10,6874,463438439,463490001,51563,206,bytes 463438439-463490001/492119117,51563,51563,45.16183400119189,45.28008399938699,16.305499997542938,61.63666700012982,True,
1,157,2,reused-client,1,large_aoi_392x288px,zstd_128,ZSTD,128,78,11,6875,463490010,463540744,50735,206,bytes 463490010-463540744/492119117,50735,50735,66.6592089983169,66.91441699877032,30.14262500073528,97.12266700080363,True,
1,157,2,reused-client,1,large_aoi_392x288px,zstd_128,ZSTD,128,78,12,6876,463540753,463592563,51811,206,bytes 463540753-463592563/492119117,51811,51811,50.31087499810383,50.424082997778896,16.738666003220715,67.21579100121744,True,
1,157,2,reused-client,1,large_aoi_392x288px,zstd_128,ZSTD,128,78,13,6877,463592572,463646112,53541,206,bytes 463592572-463646112/492119117,53541,53541,50.691332999122096,50.81308300214005,26.77604199925554,77.64820800002781,True,
1,157,2,reused-client,1,large_aoi_392x288px,zstd_128,ZSTD,128,79,10,6962,467744704,467795492,50789,206,bytes 467744704-467795492/492119117,50789,50789,58.282915997551754,58.40474999786238,41.9300830035354,100.38100000019767,True,
1,157,2,reused-client,1,large_aoi_392x288px,zstd_128,ZSTD,128,79,11,6963,467795501,467846880,51380,206,bytes 467795501-467846880/492119117,51380,51380,56.02287500005332,56.15866699736216,9.005457999592181,65.21662500017555,True,
1,157,2,reused-client,1,large_aoi_392x288px,zstd_128,ZSTD,128,79,12,6964,467846889,467899652,52764,206,bytes 467846889-467899652/492119117,52764,52764,44.3053749986575,44.51849999895785,22.965416999795707,67.52166599835618,True,
1,157,2,reused-client,1,large_aoi_392x288px,zstd_128,ZSTD,128,79,13,6965,467899661,467948544,48884,206,bytes 467899661-467948544/492119117,48884,48884,68.50866700187908,68.65575000119861,14.325582997116726,83.03141700162087,True,
1,158,3,reused-client,1,large_aoi_392x288px,deflate_256,DEFLATE,256,38,5,1677,460967157,461178005,210849,206,bytes 460967157-461178005/498427477,210849,210849,38.72916699765483,38.90624999985448,89.23520800090046,128.2046669984993,True,
1,158,3,reused-client,1,large_aoi_392x288px,deflate_256,DEFLATE,256,38,6,1678,461178014,461389907,211894,206,bytes 461178014-461389907/498427477,211894,211894,60.968249999859836,61.05333300001803,163.6885420011822,224.81662499922095,True,
1,158,3,reused-client,1,large_aoi_392x288px,deflate_256,DEFLATE,256,39,5,1721,469859936,470066892,206957,206,bytes 469859936-470066892/498427477,206957,206957,58.11850000100094,58.19520800287137,136.61512500038953,194.84670800011372,True,
1,158,3,reused-client,1,large_aoi_392x288px,deflate_256,DEFLATE,256,39,6,1722,470066901,470277493,210593,206,bytes 470066901-470277493/498427477,210593,210593,56.11233400122728,56.21166700075264,344.6036260029359,400.8703340005013,True,
1,159,5,reused-client,1,tiny_12x9px,deflate_256,DEFLATE,256,39,6,1722,470066901,470277493,210593,206,bytes 470066901-470277493/498427477,210593,210593,75.07745899783913,75.30512499943143,154.46633299870882,229.83629199734423,True,
1,160,2,reused-client,1,large_aoi_392x288px,deflate_256,DEFLATE,256,38,5,1677,460967157,461178005,210849,206,bytes 460967157-461178005/498427477,210849,210849,54.264833001070656,54.35270800080616,244.7970829998667,299.189875000593,True,
1,160,2,reused-client,1,large_aoi_392x288px,deflate_256,DEFLATE,256,38,6,1678,461178014,461389907,211894,206,bytes 461178014-461389907/498427477,211894,211894,52.1614999997837,52.235209001082694,159.80812500129105,212.06591699956334,True,
1,160,2,reused-client,1,large_aoi_392x288px,deflate_256,DEFLATE,256,39,5,1721,469859936,470066892,206957,206,bytes 469859936-470066892/498427477,206957,206957,49.566499998036306,49.62650000015856,146.48520900300355,196.13537499753875,True,
1,160,2,reused-client,1,large_aoi_392x288px,deflate_256,DEFLATE,256,39,6,1722,470066901,470277493,210593,206,bytes 470066901-470277493/498427477,210593,210593,86.20087500094087,86.27458299815771,178.0207080009859,264.30845799768576,True,
1,161,2,reused-client,1,tiny_12x9px,deflate_128,DEFLATE,128,78,12,6876,470577948,470630526,52579,206,bytes 470577948-470630526/499617324,52579,52579,57.59025100269355,57.619958999566734,14.382875000592321,72.01362600244465,True,
1,162,4,reused-client,1,large_aoi_392x288px,zstd_512,ZSTD,512,19,2,420,453940732,454757744,817013,206,bytes 453940732-454757744/490194415,817013,817013,61.73608300014166,61.77104100061115,664.1070000005129,725.9253750016796,True,
1,162,4,reused-client,1,large_aoi_392x288px,zstd_512,ZSTD,512,19,3,421,454757753,455587037,829285,206,bytes 454757753-455587037/490194415,829285,829285,237.11924999952316,237.1833750003134,880.4697919986211,1117.6972079992993,True,
1,163,3,reused-client,1,viewport_98x72px,zstd_128,ZSTD,128,77,12,6788,459126145,459177002,50858,206,bytes 459126145-459177002/492119117,50858,50858,44.46745799941709,44.547124998643994,25.549292000505375,70.13370799904806,True,
1,163,3,reused-client,1,viewport_98x72px,zstd_128,ZSTD,128,78,12,6876,463540753,463592563,51811,206,bytes 463540753-463592563/492119117,51811,51811,80.61979099875316,80.68258300045272,31.89958300208673,112.60666599991964,True,
1,164,3,reused-client,1,tiny_12x9px,lzw_256,LZW,256,39,6,1722,623410206,623687723,277518,206,bytes 623410206-623687723/661012853,277518,277518,82.80383400051505,82.86675099952845,219.10316700086696,302.0077510009287,True,
1,165,1,reused-client,1,viewport_196x144px,lzw_128,LZW,128,77,11,6787,616804272,616873511,69240,206,bytes 616804272-616873511/661264391,69240,69240,60.160499997437,60.22162499721162,112.40916699898662,172.66779199781013,True,
1,165,1,reused-client,1,viewport_196x144px,lzw_128,LZW,128,77,12,6788,616873520,616941718,68199,206,bytes 616873520-616941718/661264391,68199,68199,96.1181669990765,96.20058400105336,42.46662500008824,138.72737500059884,True,
1,165,1,reused-client,1,viewport_196x144px,lzw_128,LZW,128,77,13,6789,616941727,617013200,71474,206,bytes 616941727-617013200/661264391,71474,71474,49.954917001741705,50.015417000395246,64.37483300032909,114.41133300104411,True,
1,165,1,reused-client,1,viewport_196x144px,lzw_128,LZW,128,78,11,6875,622747033,622814416,67384,206,bytes 622747033-622814416/661264391,67384,67384,65.45058399933623,65.53466699915589,179.5539579979959,245.11770900062402,True,
1,165,1,reused-client,1,viewport_196x144px,lzw_128,LZW,128,78,12,6876,622814425,622884075,69651,206,bytes 622814425-622884075/661264391,69651,69651,83.95137499974226,84.01416699780384,121.65625000125146,205.69862499905867,True,
1,165,1,reused-client,1,viewport_196x144px,lzw_128,LZW,128,78,13,6877,622884084,622955954,71871,206,bytes 622884084-622955954/661264391,71871,71871,213.5169590001169,213.59562500219909,420.40733300018474,634.0355009997438,True,
1,166,3,reused-client,1,tiny_12x9px,zstd_128,ZSTD,128,78,12,6876,463540753,463592563,51811,206,bytes 463540753-463592563/492119117,51811,51811,83.03595799952745,83.10429199991631,648.8483749999432,731.9792500020412,True,
1,167,3,reused-client,1,large_aoi_392x288px,lzw_512,LZW,512,19,2,420,612205443,613302759,1097317,206,bytes 612205443-613302759/661107776,1097317,1097317,49.69570799948997,49.758624998503365,1538.98449999906,1588.7903340008052,True,
1,167,3,reused-client,1,large_aoi_392x288px,lzw_512,LZW,512,19,3,421,613302768,614420752,1117985,206,bytes 613302768-614420752/661107776,1117985,1117985,90.66024999992806,90.77199999956065,992.0688339989283,1082.9044169986446,True,
1,168,3,reused-client,1,large_aoi_392x288px,zstd_128,ZSTD,128,77,10,6786,459022256,459074574,52319,206,bytes 459022256-459074574/492119117,52319,52319,78.15670800118824,78.49849999911385,0.6871670011605602,79.21183299913537,True,
1,168,3,reused-client,1,large_aoi_392x288px,zstd_128,ZSTD,128,77,11,6787,459074583,459126136,51554,206,bytes 459074583-459126136/492119117,51554,51554,52.17862499921466,52.27991699939594,9.979709000617731,62.301916997967055,True,
1,168,3,reused-client,1,large_aoi_392x288px,zstd_128,ZSTD,128,77,12,6788,459126145,459177002,50858,206,bytes 459126145-459177002/492119117,50858,50858,157.10050000052433,157.23483299734653,35.657167001772905,192.9344999989553,True,
1,168,3,reused-client,1,large_aoi_392x288px,zstd_128,ZSTD,128,77,13,6789,459177011,459229715,52705,206,bytes 459177011-459229715/492119117,52705,52705,50.00112500056275,50.08874999839463,30.12137500263634,80.23791600135155,True,
1,168,3,reused-client,1,large_aoi_392x288px,zstd_128,ZSTD,128,78,10,6874,463438439,463490001,51563,206,bytes 463438439-463490001/492119117,51563,51563,66.0947500000475,66.1811249992752,6.314375001238659,72.52566700117313,True,
1,168,3,reused-client,1,large_aoi_392x288px,zstd_128,ZSTD,128,78,11,6875,463490010,463540744,50735,206,bytes 463490010-463540744/492119117,50735,50735,61.579666999023175,61.72658300056355,20.802125000045635,82.56329199866741,True,
1,168,3,reused-client,1,large_aoi_392x288px,zstd_128,ZSTD,128,78,12,6876,463540753,463592563,51811,206,bytes 463540753-463592563/492119117,51811,51811,104.0389999980107,104.15279199878569,28.10562499871594,132.2981669982255,True,
1,168,3,reused-client,1,large_aoi_392x288px,zstd_128,ZSTD,128,78,13,6877,463592572,463646112,53541,206,bytes 463592572-463646112/492119117,53541,53541,82.75370800038218,82.8576250023616,22.28024999931222,105.18479199890862,True,
1,168,3,reused-client,1,large_aoi_392x288px,zstd_128,ZSTD,128,79,10,6962,467744704,467795492,50789,206,bytes 467744704-467795492/492119117,50789,50789,73.37637499949778,73.44858400028897,15.764125000714557,89.24362499965355,True,
1,168,3,reused-client,1,large_aoi_392x288px,zstd_128,ZSTD,128,79,11,6963,467795501,467846880,51380,206,bytes 467795501-467846880/492119117,51380,51380,41.57137500078534,41.67675000280724,253.7118760010344,295.46220900010667,True,
1,168,3,reused-client,1,large_aoi_392x288px,zstd_128,ZSTD,128,79,12,6964,467846889,467899652,52764,206,bytes 467846889-467899652/492119117,52764,52764,212.32162500018603,212.49470800103154,4.044207998958882,216.57204200164415,True,
1,168,3,reused-client,1,large_aoi_392x288px,zstd_128,ZSTD,128,79,13,6965,467899661,467948544,48884,206,bytes 467899661-467948544/492119117,48884,48884,73.38329200138105,73.49995800177567,21.787624998978572,95.3275419997226,True,
1,169,2,reused-client,1,small_24x18px,zstd_256,ZSTD,256,39,6,1722,462498953,462705745,206793,206,bytes 462498953-462705745/490384277,206793,206793,163.6549169998034,163.81620899846894,373.6609170009615,537.5329169983161,True,
1,170,2,reused-client,1,small_24x18px,lzw_512,LZW,512,19,3,421,613302768,614420752,1117985,206,bytes 613302768-614420752/661107776,1117985,1117985,49.89250000289758,50.00187500263564,989.5969589997549,1039.6720000026107,True,
1,171,5,reused-client,1,viewport_98x72px,lzw_512,LZW,512,19,3,421,613302768,614420752,1117985,206,bytes 613302768-614420752/661107776,1117985,1117985,81.14474999820231,81.46783299889648,702.9788760009978,784.482625000237,True,
1,172,5,reused-client,1,reference_49x36px,lzw_256,LZW,256,38,6,1678,611588083,611870179,282097,206,bytes 611588083-611870179/661012853,282097,282097,72.92016700012027,72.9807499992603,115.81741600093665,188.8704589982808,True,
1,172,5,reused-client,1,reference_49x36px,lzw_256,LZW,256,39,6,1722,623410206,623687723,277518,206,bytes 623410206-623687723/661012853,277518,277518,79.01179200052866,79.0869170014048,53.27391700120643,132.43529200190096,True,
1,173,3,reused-client,1,reference_49x36px,lzw_128,LZW,128,77,12,6788,616873520,616941718,68199,206,bytes 616873520-616941718/661264391,68199,68199,65.03354100277647,65.55625000328291,0.47858300240477547,66.11937500201748,True,
1,173,3,reused-client,1,reference_49x36px,lzw_128,LZW,128,78,12,6876,622814425,622884075,69651,206,bytes 622814425-622884075/661264391,69651,69651,40.89045799992164,41.038625000510365,8.690667000337271,49.75833299977239,True,
1,174,2,reused-client,1,viewport_196x144px,deflate_256,DEFLATE,256,38,5,1677,460967157,461178005,210849,206,bytes 460967157-461178005/498427477,210849,210849,37.71191700070631,37.806291999004316,46.255250003014226,84.09016700170469,True,
1,174,2,reused-client,1,viewport_196x144px,deflate_256,DEFLATE,256,38,6,1678,461178014,461389907,211894,206,bytes 461178014-461389907/498427477,211894,211894,149.31158299805247,149.4261669977277,71.73995899938745,221.2015419972886,True,
1,174,2,reused-client,1,viewport_196x144px,deflate_256,DEFLATE,256,39,5,1721,469859936,470066892,206957,206,bytes 469859936-470066892/498427477,206957,206957,69.09666699721129,69.1577919969859,331.46354199925554,400.7614999973157,True,
1,174,2,reused-client,1,viewport_196x144px,deflate_256,DEFLATE,256,39,6,1722,470066901,470277493,210593,206,bytes 470066901-470277493/498427477,210593,210593,51.58408300121664,51.70324999926379,87.86779200090677,139.61658300104318,True,
1,175,4,reused-client,1,reference_49x36px,lzw_256,LZW,256,38,6,1678,611588083,611870179,282097,206,bytes 611588083-611870179/661012853,282097,282097,51.934208000602666,52.02379200272844,66.42199999987497,118.48620800083154,True,
1,175,4,reused-client,1,reference_49x36px,lzw_256,LZW,256,39,6,1722,623410206,623687723,277518,206,bytes 623410206-623687723/661012853,277518,277518,113.46404199866811,113.58595899946522,234.99558399998932,348.63975099870004,True,
1,176,2,reused-client,1,reference_49x36px,deflate_256,DEFLATE,256,38,6,1678,461178014,461389907,211894,206,bytes 461178014-461389907/498427477,211894,211894,54.77291599891032,54.89691600087099,74.39591699949233,129.41879099889775,True,
1,176,2,reused-client,1,reference_49x36px,deflate_256,DEFLATE,256,39,6,1722,470066901,470277493,210593,206,bytes 470066901-470277493/498427477,210593,210593,58.26408299981267,58.34258300092188,125.97599999935483,184.37862500286428,True,
1,177,1,reused-client,1,tiny_12x9px,zstd_128,ZSTD,128,78,12,6876,463540753,463592563,51811,206,bytes 463540753-463592563/492119117,51811,51811,153.3757910001441,153.4855409990996,135.67779100048938,289.300208001805,True,
1,178,1,reused-client,1,tiny_12x9px,deflate_128,DEFLATE,128,78,12,6876,470577948,470630526,52579,206,bytes 470577948-470630526/499617324,52579,52579,127.68183300067903,127.80399999974179,7.251041999552399,135.0835420016665,True,
1,179,4,reused-client,1,viewport_98x72px,zstd_128,ZSTD,128,77,12,6788,459126145,459177002,50858,206,bytes 459126145-459177002/492119117,50858,50858,46.77095900115091,46.84479199931957,32.69887500209734,79.58616700125276,True,
1,179,4,reused-client,1,viewport_98x72px,zstd_128,ZSTD,128,78,12,6876,463540753,463592563,51811,206,bytes 463540753-463592563/492119117,51811,51811,174.42970799675095,174.511999997776,87.74258300036308,262.29762499860954,True,
1,180,3,reused-client,1,small_24x18px,lzw_256,LZW,256,39,6,1722,623410206,623687723,277518,206,bytes 623410206-623687723/661012853,277518,277518,184.74637499821256,184.88158299805946,523.7446669998462,708.6767500004498,True,
1,181,5,reused-client,1,reference_49x36px,deflate_256,DEFLATE,256,38,6,1678,461178014,461389907,211894,206,bytes 461178014-461389907/498427477,211894,211894,115.61408299894538,115.76379200050724,162.62554199784063,278.4495829982916,True,
1,181,5,reused-client,1,reference_49x36px,deflate_256,DEFLATE,256,39,6,1722,470066901,470277493,210593,206,bytes 470066901-470277493/498427477,210593,210593,54.30599999817787,54.421291999460664,104.91354199984926,159.43624999999884,True,
1,182,2,reused-client,1,viewport_196x144px,deflate_512,DEFLATE,512,19,2,420,462155354,462985856,830503,206,bytes 462155354-462985856/499024403,830503,830503,83.41245799965691,83.5396660004335,606.8556260033802,690.4703330001212,True,
1,182,2,reused-client,1,viewport_196x144px,deflate_512,DEFLATE,512,19,3,421,462985865,463831501,845637,206,bytes 462985865-463831501/499024403,845637,845637,149.6387910010526,149.77612499933457,751.2029169993184,901.0347500006901,True,
1,183,1,reused-client,1,viewport_98x72px,lzw_128,LZW,128,77,12,6788,616873520,616941718,68199,206,bytes 616873520-616941718/661264391,68199,68199,56.67695899683167,56.80891699739732,27.644457997666905,84.52241699706065,True,
1,183,1,reused-client,1,viewport_98x72px,lzw_128,LZW,128,78,12,6876,622814425,622884075,69651,206,bytes 622814425-622884075/661264391,69651,69651,47.801541000808356,47.96308300137753,53.79212499974528,101.8139580010029,True,
1,184,4,reused-client,1,viewport_98x72px,lzw_256,LZW,256,38,6,1678,611588083,611870179,282097,206,bytes 611588083-611870179/661012853,282097,282097,150.41700000074343,150.55391600253643,187.54262500078767,338.1639580002229,True,
1,184,4,reused-client,1,viewport_98x72px,lzw_256,LZW,256,39,6,1722,623410206,623687723,277518,206,bytes 623410206-623687723/661012853,277518,277518,60.97079100072733,61.100458002329106,187.3092079986236,248.4744169996702,True,
1,185,5,reused-client,1,tiny_12x9px,deflate_128,DEFLATE,128,78,12,6876,470577948,470630526,52579,206,bytes 470577948-470630526/499617324,52579,52579,59.92933399829781,60.0667920007254,9.807166999962647,69.90879200020572,True,
1,186,2,reused-client,1,reference_49x36px,zstd_128,ZSTD,128,77,12,6788,459126145,459177002,50858,206,bytes 459126145-459177002/492119117,50858,50858,68.53662499997881,68.66749999971944,26.46808300050907,95.19258300133515,True,
1,186,2,reused-client,1,reference_49x36px,zstd_128,ZSTD,128,78,12,6876,463540753,463592563,51811,206,bytes 463540753-463592563/492119117,51811,51811,57.45250000109081,57.54745900048874,13.605124997411622,71.17704200209118,True,
1,187,3,reused-client,1,tiny_12x9px,deflate_256,DEFLATE,256,39,6,1722,470066901,470277493,210593,206,bytes 470066901-470277493/498427477,210593,210593,63.43370800095727,63.57129100069869,80.97845799784409,144.63679100299487,True,
1,188,3,reused-client,1,tiny_12x9px,lzw_128,LZW,128,78,12,6876,622814425,622884075,69651,206,bytes 622814425-622884075/661264391,69651,69651,67.83066699790652,67.97412499872735,22.866082999826176,90.88708399940515,True,
1,189,2,reused-client,1,reference_49x36px,zstd_512,ZSTD,512,19,3,421,454757753,455587037,829285,206,bytes 454757753-455587037/490194415,829285,829285,142.91129099729005,143.03812499929336,740.2049590018578,883.2972919990425,True,
1,190,2,reused-client,1,tiny_12x9px,lzw_128,LZW,128,78,12,6876,622814425,622884075,69651,206,bytes 622814425-622884075/661264391,69651,69651,63.992457999120234,64.09241599976667,64.23870800063014,128.38462499712477,True,
1,191,4,reused-client,1,small_24x18px,lzw_512,LZW,512,19,3,421,613302768,614420752,1117985,206,bytes 613302768-614420752/661107776,1117985,1117985,132.9891250024957,133.06154200108722,670.640624997759,803.8193760003196,True,
1,192,3,reused-client,1,small_24x18px,zstd_256,ZSTD,256,39,6,1722,462498953,462705745,206793,206,bytes 462498953-462705745/490384277,206793,206793,70.5809169994609,70.70633300099871,124.157207999815,194.92479200198431,True,
1,193,2,reused-client,1,large_aoi_392x288px,deflate_512,DEFLATE,512,19,2,420,462155354,462985856,830503,206,bytes 462155354-462985856/499024403,830503,830503,63.58441600241349,63.71087500156136,485.77204200046253,549.5180420002725,True,
1,193,2,reused-client,1,large_aoi_392x288px,deflate_512,DEFLATE,512,19,3,421,462985865,463831501,845637,206,bytes 462985865-463831501/499024403,845637,845637,66.99174999812385,67.05170799978077,792.0693749983911,859.1720839976915,True,
1,194,4,reused-client,1,reference_49x36px,lzw_128,LZW,128,77,12,6788,616873520,616941718,68199,206,bytes 616873520-616941718/661264391,68199,68199,100.56908299884526,100.70512499805773,60.546167002030415,161.3092079969647,True,
1,194,4,reused-client,1,reference_49x36px,lzw_128,LZW,128,78,12,6876,622814425,622884075,69651,206,bytes 622814425-622884075/661264391,69651,69651,125.13658299940289,125.24629200197523,54.59295800028485,179.87999999968451,True,
1,195,5,reused-client,1,small_24x18px,deflate_512,DEFLATE,512,19,3,421,462985865,463831501,845637,206,bytes 462985865-463831501/499024403,845637,845637,111.80541700014146,111.87854200034053,592.6559590006946,704.5712920007645,True,
1,196,1,reused-client,1,tiny_12x9px,zstd_512,ZSTD,512,19,3,421,454757753,455587037,829285,206,bytes 454757753-455587037/490194415,829285,829285,49.775457999203354,49.835957997856895,470.16749999966123,520.0256249991071,True,
1,197,4,reused-client,1,small_24x18px,deflate_256,DEFLATE,256,39,6,1722,470066901,470277493,210593,206,bytes 470066901-470277493/498427477,210593,210593,56.1084579967428,56.26358299923595,111.88183400008711,168.2255419982539,True,
1,198,1,reused-client,1,viewport_196x144px,deflate_128,DEFLATE,128,77,11,6787,466048731,466100993,52263,206,bytes 466048731-466100993/499617324,52263,52263,189.4857500010403,189.56841600083862,17.527083000459243,207.12645800085738,True,
1,198,1,reused-client,1,viewport_196x144px,deflate_128,DEFLATE,128,77,12,6788,466101002,466152431,51430,206,bytes 466101002-466152431/499617324,51430,51430,83.93404099842883,84.00658299797215,4.443375000846572,88.46679099951871,True,
1,198,1,reused-client,1,viewport_196x144px,deflate_128,DEFLATE,128,77,13,6789,466152440,466206025,53586,206,bytes 466152440-466206025/499617324,53586,53586,87.0451669979957,87.17312500084518,21.563374997640494,108.80604200065136,True,
1,198,1,reused-client,1,viewport_196x144px,deflate_128,DEFLATE,128,78,11,6875,470526352,470577939,51588,206,bytes 470526352-470577939/499617324,51588,51588,43.17079200336593,43.27870800261735,12.242124998010695,55.57670800044434,True,
1,198,1,reused-client,1,viewport_196x144px,deflate_128,DEFLATE,128,78,12,6876,470577948,470630526,52579,206,bytes 470577948-470630526/499617324,52579,52579,58.8610000013432,58.949959002347896,54.111875000671716,113.13204200268956,True,
1,198,1,reused-client,1,viewport_196x144px,deflate_128,DEFLATE,128,78,13,6877,470630535,470685000,54466,206,bytes 470630535-470685000/499617324,54466,54466,90.64891700109001,90.75050000319607,17.681292003544513,108.46145899995463,True,
1,199,5,reused-client,1,small_24x18px,lzw_128,LZW,128,78,12,6876,622814425,622884075,69651,206,bytes 622814425-622884075/661264391,69651,69651,83.41550000113784,83.47920800224529,172.05824999837205,255.62391600033152,True,
1,200,5,reused-client,1,viewport_98x72px,zstd_128,ZSTD,128,77,12,6788,459126145,459177002,50858,206,bytes 459126145-459177002/492119117,50858,50858,55.828165997809265,55.931874998350395,19.96158299880335,75.91908299946226,True,
1,200,5,reused-client,1,viewport_98x72px,zstd_128,ZSTD,128,78,12,6876,463540753,463592563,51811,206,bytes 463540753-463592563/492119117,51811,51811,76.6979590007395,76.73733400224592,20.817583001189632,97.58350000265636,True,
1,201,2,reused-client,1,small_24x18px,deflate_256,DEFLATE,256,39,6,1722,470066901,470277493,210593,206,bytes 470066901-470277493/498427477,210593,210593,122.95124999945983,123.03454100037925,204.13945900145336,327.2378750007192,True,
1,202,1,reused-client,1,viewport_98x72px,lzw_512,LZW,512,19,3,421,613302768,614420752,1117985,206,bytes 613302768-614420752/661107776,1117985,1117985,88.63062499949592,88.69349999804399,892.9817919997731,981.7434169999615,True,
1,203,2,reused-client,1,viewport_196x144px,zstd_128,ZSTD,128,77,11,6787,459074583,459126136,51554,206,bytes 459074583-459126136/492119117,51554,51554,53.32958299914026,53.480291997402674,11.293499999737833,64.8172919973149,True,
1,203,2,reused-client,1,viewport_196x144px,zstd_128,ZSTD,128,77,12,6788,459126145,459177002,50858,206,bytes 459126145-459177002/492119117,50858,50858,78.85229100065771,78.92795800216845,43.427124997833744,122.37195800116751,True,
1,203,2,reused-client,1,viewport_196x144px,zstd_128,ZSTD,128,77,13,6789,459177011,459229715,52705,206,bytes 459177011-459229715/492119117,52705,52705,54.133875000843545,54.16729200078407,23.29824999833363,77.47779200144578,True,
1,203,2,reused-client,1,viewport_196x144px,zstd_128,ZSTD,128,78,11,6875,463490010,463540744,50735,206,bytes 463490010-463540744/492119117,50735,50735,77.12908400208107,77.19112600170774,19.25933299935423,96.47220900296816,True,
1,203,2,reused-client,1,viewport_196x144px,zstd_128,ZSTD,128,78,12,6876,463540753,463592563,51811,206,bytes 463540753-463592563/492119117,51811,51811,58.328749997599516,58.396874999743886,24.50045899968245,82.93154199782293,True,
1,203,2,reused-client,1,viewport_196x144px,zstd_128,ZSTD,128,78,13,6877,463592572,463646112,53541,206,bytes 463592572-463646112/492119117,53541,53541,88.52754100007587,88.59270800166996,14.076124996790895,102.72700000132318,True,
1,204,5,reused-client,1,tiny_12x9px,zstd_512,ZSTD,512,19,3,421,454757753,455587037,829285,206,bytes 454757753-455587037/490194415,829285,829285,93.222749997949,93.31191700039199,901.0146669970709,994.354916998418,True,
1,205,1,reused-client,1,small_24x18px,deflate_256,DEFLATE,256,39,6,1722,470066901,470277493,210593,206,bytes 470066901-470277493/498427477,210593,210593,41.89212500205031,41.95054199954029,234.46458400212578,276.4544170022418,True,
1,206,3,reused-client,1,viewport_196x144px,deflate_256,DEFLATE,256,38,5,1677,460967157,461178005,210849,206,bytes 460967157-461178005/498427477,210849,210849,144.7617080011696,144.85483300086344,183.27591599881998,328.16879200254334,True,
1,206,3,reused-client,1,viewport_196x144px,deflate_256,DEFLATE,256,38,6,1678,461178014,461389907,211894,206,bytes 461178014-461389907/498427477,211894,211894,40.869583001040155,40.943957999843406,166.98225000072853,207.9702080009156,True,
1,206,3,reused-client,1,viewport_196x144px,deflate_256,DEFLATE,256,39,5,1721,469859936,470066892,206957,206,bytes 469859936-470066892/498427477,206957,206957,45.02808400138747,45.15395899943542,140.95779200215475,186.15979199967114,True,
1,206,3,reused-client,1,viewport_196x144px,deflate_256,DEFLATE,256,39,6,1722,470066901,470277493,210593,206,bytes 470066901-470277493/498427477,210593,210593,97.31645899955765,97.4536249996163,150.82833300039056,248.35349999921164,True,
1,207,2,reused-client,1,large_aoi_392x288px,zstd_512,ZSTD,512,19,2,420,453940732,454757744,817013,206,bytes 453940732-454757744/490194415,817013,817013,66.56320900219725,66.66870900153299,1083.3483759997762,1150.0772930012317,True,
1,207,2,reused-client,1,large_aoi_392x288px,zstd_512,ZSTD,512,19,3,421,454757753,455587037,829285,206,bytes 454757753-455587037/490194415,829285,829285,174.56912499983446,174.67491700153914,482.3683760005224,657.1115010010544,True,
1,208,1,reused-client,1,large_aoi_392x288px,lzw_512,LZW,512,19,2,420,612205443,613302759,1097317,206,bytes 612205443-613302759/661107776,1097317,1097317,46.47516600016388,46.57624999890686,480.7511250000971,527.5200830001268,True,
1,208,1,reused-client,1,large_aoi_392x288px,lzw_512,LZW,512,19,3,421,613302768,614420752,1117985,206,bytes 613302768-614420752/661107776,1117985,1117985,38.7981670028239,38.893542001460446,488.41866700240644,527.4068340004305,True,
1,209,4,reused-client,1,small_24x18px,lzw_128,LZW,128,78,12,6876,622814425,622884075,69651,206,bytes 622814425-622884075/661264391,69651,69651,54.895417000807356,55.04754199864692,9.184291000565281,64.26312500116182,True,
1,210,2,reused-client,1,viewport_196x144px,zstd_256,ZSTD,256,38,5,1677,453523840,453731243,207404,206,bytes 453523840-453731243/490384277,207404,207404,58.901625001453795,59.0052920015296,99.77700000308687,158.85116700155777,True,
1,210,2,reused-client,1,viewport_196x144px,zstd_256,ZSTD,256,38,6,1678,453731252,453940035,208784,206,bytes 453731252-453940035/490384277,208784,208784,62.65416700261994,62.77741700250772,245.98899999909918,308.8255000002391,True,
1,210,2,reused-client,1,viewport_196x144px,zstd_256,ZSTD,256,39,5,1721,462295419,462498944,203526,206,bytes 462295419-462498944/490384277,203526,203526,52.61325000174111,52.728665999893565,273.0402499983029,325.7914579990029,True,
1,210,2,reused-client,1,viewport_196x144px,zstd_256,ZSTD,256,39,6,1722,462498953,462705745,206793,206,bytes 462498953-462705745/490384277,206793,206793,55.48116700083483,55.531292000523536,214.39837500292924,269.9512920007692,True,
1,211,4,reused-client,1,large_aoi_392x288px,zstd_128,ZSTD,128,77,10,6786,459022256,459074574,52319,206,bytes 459022256-459074574/492119117,52319,52319,69.09487500161049,69.18641599986586,32.91716599778738,102.12787500131526,True,
1,211,4,reused-client,1,large_aoi_392x288px,zstd_128,ZSTD,128,77,11,6787,459074583,459126136,51554,206,bytes 459074583-459126136/492119117,51554,51554,50.31474999850616,50.397749997500796,31.307042001571972,81.7399999978079,True,
1,211,4,reused-client,1,large_aoi_392x288px,zstd_128,ZSTD,128,77,12,6788,459126145,459177002,50858,206,bytes 459126145-459177002/492119117,50858,50858,55.970416997297434,56.128958000044804,30.24345800076844,86.42941699872608,True,
1,211,4,reused-client,1,large_aoi_392x288px,zstd_128,ZSTD,128,77,13,6789,459177011,459229715,52705,206,bytes 459177011-459229715/492119117,52705,52705,56.02029099827632,56.12779099828913,115.11308400076814,171.275249998871,True,
1,211,4,reused-client,1,large_aoi_392x288px,zstd_128,ZSTD,128,78,10,6874,463438439,463490001,51563,206,bytes 463438439-463490001/492119117,51563,51563,52.30383299931418,52.38979199930327,98.53404200111981,150.95116700103972,True,
1,211,4,reused-client,1,large_aoi_392x288px,zstd_128,ZSTD,128,78,11,6875,463490010,463540744,50735,206,bytes 463490010-463540744/492119117,50735,50735,54.49899999803165,54.61516699870117,71.49516600111383,126.15666700003203,True,
1,211,4,reused-client,1,large_aoi_392x288px,zstd_128,ZSTD,128,78,12,6876,463540753,463592563,51811,206,bytes 463540753-463592563/492119117,51811,51811,70.46191599874874,70.56591600121465,86.06395899914787,156.6930000008142,True,
1,211,4,reused-client,1,large_aoi_392x288px,zstd_128,ZSTD,128,78,13,6877,463592572,463646112,53541,206,bytes 463592572-463646112/492119117,53541,53541,100.95483300028718,101.03429199807579,144.6052499995858,245.6861669998034,True,
1,211,4,reused-client,1,large_aoi_392x288px,zstd_128,ZSTD,128,79,10,6962,467744704,467795492,50789,206,bytes 467744704-467795492/492119117,50789,50789,158.61429199867416,158.89483399951132,28.85391699965112,187.7779999995255,True,
1,211,4,reused-client,1,large_aoi_392x288px,zstd_128,ZSTD,128,79,11,6963,467795501,467846880,51380,206,bytes 467795501-467846880/492119117,51380,51380,161.62408299715025,161.74629099987214,108.95162500310107,270.75649999824236,True,
1,211,4,reused-client,1,large_aoi_392x288px,zstd_128,ZSTD,128,79,12,6964,467846889,467899652,52764,206,bytes 467846889-467899652/492119117,52764,52764,121.48041700129397,121.5764170010516,105.21987500032992,226.83395900094183,True,
1,211,4,reused-client,1,large_aoi_392x288px,zstd_128,ZSTD,128,79,13,6965,467899661,467948544,48884,206,bytes 467899661-467948544/492119117,48884,48884,119.94329200024367,120.0297089999367,10.978832997352583,131.05983399873367,True,
1,212,3,reused-client,1,tiny_12x9px,lzw_512,LZW,512,19,3,421,613302768,614420752,1117985,206,bytes 613302768-614420752/661107776,1117985,1117985,69.65937499990105,69.78016699940781,1461.9099590017868,1531.71466799904,True,
1,213,3,reused-client,1,viewport_196x144px,lzw_512,LZW,512,19,2,420,612205443,613302759,1097317,206,bytes 612205443-613302759/661107776,1097317,1097317,203.4321670034842,203.55020800343482,856.4647079983843,1060.0882500002626,True,
1,213,3,reused-client,1,viewport_196x144px,lzw_512,LZW,512,19,3,421,613302768,614420752,1117985,206,bytes 613302768-614420752/661107776,1117985,1117985,131.06545800110325,131.19062500118162,530.6224999985716,661.8370830001368,True,
1,214,1,reused-client,1,viewport_196x144px,zstd_256,ZSTD,256,38,5,1677,453523840,453731243,207404,206,bytes 453523840-453731243/490384277,207404,207404,62.59833299918682,62.68166700101574,265.6465840009332,328.40191700233845,True,
1,214,1,reused-client,1,viewport_196x144px,zstd_256,ZSTD,256,38,6,1678,453731252,453940035,208784,206,bytes 453731252-453940035/490384277,208784,208784,159.67391700178268,159.74466700208723,129.61058300061268,289.4068750028964,True,
1,214,1,reused-client,1,viewport_196x144px,zstd_256,ZSTD,256,39,5,1721,462295419,462498944,203526,206,bytes 462295419-462498944/490384277,203526,203526,50.44270800135564,50.548999999591615,130.7706670013431,181.3628330019128,True,
1,214,1,reused-client,1,viewport_196x144px,zstd_256,ZSTD,256,39,6,1722,462498953,462705745,206793,206,bytes 462498953-462705745/490384277,206793,206793,81.58112499950221,81.88050000171643,109.53387600238784,191.503083002317,True,
1,215,1,reused-client,1,large_aoi_392x288px,deflate_256,DEFLATE,256,38,5,1677,460967157,461178005,210849,206,bytes 460967157-461178005/498427477,210849,210849,76.33129199894029,76.40045899825054,105.35245799837867,181.79312499705702,True,
1,215,1,reused-client,1,large_aoi_392x288px,deflate_256,DEFLATE,256,38,6,1678,461178014,461389907,211894,206,bytes 461178014-461389907/498427477,211894,211894,105.12554099841509,105.20891600026516,103.52745800264529,208.760915997118,True,
1,215,1,reused-client,1,large_aoi_392x288px,deflate_256,DEFLATE,256,39,5,1721,469859936,470066892,206957,206,bytes 469859936-470066892/498427477,206957,206957,188.39766600285657,188.45950000104494,96.53037499811035,285.0182500005758,True,
1,215,1,reused-client,1,large_aoi_392x288px,deflate_256,DEFLATE,256,39,6,1722,470066901,470277493,210593,206,bytes 470066901-470277493/498427477,210593,210593,86.22608299992862,86.2904579989845,74.84133300022222,161.15549999813084,True,
1,216,3,reused-client,1,reference_49x36px,deflate_256,DEFLATE,256,38,6,1678,461178014,461389907,211894,206,bytes 461178014-461389907/498427477,211894,211894,95.54791700065834,95.67704200162552,73.80724999893573,169.54483299923595,True,
1,216,3,reused-client,1,reference_49x36px,deflate_256,DEFLATE,256,39,6,1722,470066901,470277493,210593,206,bytes 470066901-470277493/498427477,210593,210593,85.34962499834364,85.4179589987325,86.32466699782526,171.80883399851155,True,
1,217,5,reused-client,1,small_24x18px,zstd_128,ZSTD,128,78,12,6876,463540753,463592563,51811,206,bytes 463540753-463592563/492119117,51811,51811,84.15070800037938,84.23683299770346,11.075292000896297,95.34933299801196,True,
1,218,3,reused-client,1,reference_49x36px,zstd_256,ZSTD,256,38,6,1678,453731252,453940035,208784,206,bytes 453731252-453940035/490384277,208784,208784,62.244708999060094,62.32275100046536,75.33574999979464,137.71187599922996,True,
1,218,3,reused-client,1,reference_49x36px,zstd_256,ZSTD,256,39,6,1722,462498953,462705745,206793,206,bytes 462498953-462705745/490384277,206793,206793,83.62874999875203,83.75408299980336,206.17624999795225,290.06037499857484,True,
1,219,2,reused-client,1,small_24x18px,lzw_128,LZW,128,78,12,6876,622814425,622884075,69651,206,bytes 622814425-622884075/661264391,69651,69651,86.5112079991377,86.64225000029546,17.665999999735504,104.34999999779393,True,
1,220,1,reused-client,1,viewport_196x144px,deflate_256,DEFLATE,256,38,5,1677,460967157,461178005,210849,206,bytes 460967157-461178005/498427477,210849,210849,53.41466699974262,53.546541999821784,116.74670899810735,170.35329200007254,True,
1,220,1,reused-client,1,viewport_196x144px,deflate_256,DEFLATE,256,38,6,1678,461178014,461389907,211894,206,bytes 461178014-461389907/498427477,211894,211894,95.2778329992725,95.4402499992284,91.12787499907427,186.60791699949186,True,
1,220,1,reused-client,1,viewport_196x144px,deflate_256,DEFLATE,256,39,5,1721,469859936,470066892,206957,206,bytes 469859936-470066892/498427477,206957,206957,53.86212500161491,53.93166600333643,154.8304999996617,208.8253750007425,True,
1,220,1,reused-client,1,viewport_196x144px,deflate_256,DEFLATE,256,39,6,1722,470066901,470277493,210593,206,bytes 470066901-470277493/498427477,210593,210593,84.40887500182725,84.50375000029453,64.32549999954063,148.8634160014044,True,
1,221,5,reused-client,1,viewport_196x144px,lzw_256,LZW,256,38,5,1677,611308756,611588074,279319,206,bytes 611308756-611588074/661012853,279319,279319,238.70841700045276,238.9093759993557,269.855833001202,508.79954199990607,True,
1,221,5,reused-client,1,viewport_196x144px,lzw_256,LZW,256,38,6,1678,611588083,611870179,282097,206,bytes 611588083-611870179/661012853,282097,282097,52.48216600011801,52.537666000716854,867.7160840015858,920.3152500012948,True,
1,221,5,reused-client,1,viewport_196x144px,lzw_256,LZW,256,39,5,1721,623137353,623410197,272845,206,bytes 623137353-623410197/661012853,272845,272845,54.24449999918579,54.35304200000246,385.3253749985015,439.7280419980234,True,
1,221,5,reused-client,1,viewport_196x144px,lzw_256,LZW,256,39,6,1722,623410206,623687723,277518,206,bytes 623410206-623687723/661012853,277518,277518,75.23433299866156,75.36612500189221,390.1097079979081,465.5417909998505,True,
1,222,2,reused-client,1,reference_49x36px,deflate_128,DEFLATE,128,77,12,6788,466101002,466152431,51430,206,bytes 466101002-466152431/499617324,51430,51430,93.41774999847985,93.52500000022701,11.33954200122389,104.91774999900372,True,
1,222,2,reused-client,1,reference_49x36px,deflate_128,DEFLATE,128,78,12,6876,470577948,470630526,52579,206,bytes 470577948-470630526/499617324,52579,52579,70.88287500300794,70.98462500289315,56.65858300199034,127.72841700279969,True,
1,223,1,reused-client,1,reference_49x36px,zstd_512,ZSTD,512,19,3,421,454757753,455587037,829285,206,bytes 454757753-455587037/490194415,829285,829285,62.24474999908125,62.30800000048475,641.1021249987243,703.4785840005497,True,
1,224,5,reused-client,1,tiny_12x9px,zstd_128,ZSTD,128,78,12,6876,463540753,463592563,51811,206,bytes 463540753-463592563/492119117,51811,51811,61.18395900193718,61.26191700241179,18.446540998411365,79.74283400108106,True,
1,225,5,reused-client,1,viewport_98x72px,lzw_256,LZW,256,38,6,1678,611588083,611870179,282097,206,bytes 611588083-611870179/661012853,282097,282097,73.85500000236789,73.99441600136925,278.2600419996015,352.322541999456,True,
1,225,5,reused-client,1,viewport_98x72px,lzw_256,LZW,256,39,6,1722,623410206,623687723,277518,206,bytes 623410206-623687723/661012853,277518,277518,53.54195799736772,53.63379199843621,246.5112499994575,300.21820799811394,True,
1,226,3,reused-client,1,viewport_98x72px,deflate_512,DEFLATE,512,19,3,421,462985865,463831501,845637,206,bytes 462985865-463831501/499024403,845637,845637,64.33304199890699,64.44924999959767,893.3523750019958,957.9211669988581,True,
1,227,3,reused-client,1,reference_49x36px,zstd_512,ZSTD,512,19,3,421,454757753,455587037,829285,206,bytes 454757753-455587037/490194415,829285,829285,68.5122089998913,68.60612500167917,949.7068749988102,1018.3734170022944,True,
1,228,3,reused-client,1,small_24x18px,lzw_128,LZW,128,78,12,6876,622814425,622884075,69651,206,bytes 622814425-622884075/661264391,69651,69651,70.18029200116871,70.28508399889688,108.43233299965505,178.77045899876975,True,
1,229,4,reused-client,1,large_aoi_392x288px,deflate_256,DEFLATE,256,38,5,1677,460967157,461178005,210849,206,bytes 460967157-461178005/498427477,210849,210849,102.46341699894401,102.59362499709823,364.7487510024803,467.40499999941676,True,
1,229,4,reused-client,1,large_aoi_392x288px,deflate_256,DEFLATE,256,38,6,1678,461178014,461389907,211894,206,bytes 461178014-461389907/498427477,211894,211894,44.41554200093378,44.486582999525126,203.23545900100726,247.7816669997992,True,
1,229,4,reused-client,1,large_aoi_392x288px,deflate_256,DEFLATE,256,39,5,1721,469859936,470066892,206957,206,bytes 469859936-470066892/498427477,206957,206957,92.16483300042455,92.2632080000767,502.1372510018409,594.4551249995129,True,
1,229,4,reused-client,1,large_aoi_392x288px,deflate_256,DEFLATE,256,39,6,1722,470066901,470277493,210593,206,bytes 470066901-470277493/498427477,210593,210593,138.053917002253,138.13133300209302,227.97441700095078,366.1538340020343,True,
1,230,3,reused-client,1,viewport_196x144px,zstd_512,ZSTD,512,19,2,420,453940732,454757744,817013,206,bytes 453940732-454757744/490194415,817013,817013,68.40445800116868,68.4899170009885,1414.7587930019654,1483.2772510017094,True,
1,230,3,reused-client,1,viewport_196x144px,zstd_512,ZSTD,512,19,3,421,454757753,455587037,829285,206,bytes 454757753-455587037/490194415,829285,829285,54.07000000195694,54.19466700186604,965.7993340006215,1020.0686249991122,True,
1,231,2,reused-client,1,viewport_196x144px,lzw_128,LZW,128,77,11,6787,616804272,616873511,69240,206,bytes 616804272-616873511/661264391,69240,69240,71.58725000044797,71.6729169980681,27.815290999569697,99.56524999870453,True,
1,231,2,reused-client,1,viewport_196x144px,lzw_128,LZW,128,77,12,6788,616873520,616941718,68199,206,bytes 616873520-616941718/661264391,68199,68199,147.02341700103716,147.15341700139106,51.44645899781608,198.65220900101122,True,
1,231,2,reused-client,1,viewport_196x144px,lzw_128,LZW,128,77,13,6789,616941727,617013200,71474,206,bytes 616941727-617013200/661264391,71474,71474,68.71358299758867,68.82412499908241,35.877209000318544,104.74179199809441,True,
1,231,2,reused-client,1,viewport_196x144px,lzw_128,LZW,128,78,11,6875,622747033,622814416,67384,206,bytes 622747033-622814416/661264391,67384,67384,176.5205830015475,176.59624999942025,31.507791998592438,208.13883300070302,True,
1,231,2,reused-client,1,viewport_196x144px,lzw_128,LZW,128,78,12,6876,622814425,622884075,69651,206,bytes 622814425-622884075/661264391,69651,69651,85.65179200013517,85.80358399922261,61.40570800198475,147.26241700191167,True,
1,231,2,reused-client,1,viewport_196x144px,lzw_128,LZW,128,78,13,6877,622884084,622955954,71871,206,bytes 622884084-622955954/661264391,71871,71871,96.65133299859008,96.75708299982944,112.26650000025984,209.0804580002441,True,
1,232,3,reused-client,1,viewport_98x72px,zstd_512,ZSTD,512,19,3,421,454757753,455587037,829285,206,bytes 454757753-455587037/490194415,829285,829285,86.27491700099199,86.35166699968977,707.7367919991957,794.1291249990172,True,
1,233,1,reused-client,1,tiny_12x9px,zstd_256,ZSTD,256,39,6,1722,462498953,462705745,206793,206,bytes 462498953-462705745/490384277,206793,206793,78.07266600138973,78.22566599861602,122.17816699921968,200.46062500114203,True,
1,234,1,reused-client,1,small_24x18px,zstd_512,ZSTD,512,19,3,421,454757753,455587037,829285,206,bytes 454757753-455587037/490194415,829285,829285,90.57587499773945,90.69074999933946,518.0687499996566,608.8238329975866,True,
1,235,2,reused-client,1,viewport_196x144px,zstd_512,ZSTD,512,19,2,420,453940732,454757744,817013,206,bytes 453940732-454757744/490194415,817013,817013,49.33037500086357,49.414332999731414,390.5388329985726,440.020457997889,True,
1,235,2,reused-client,1,viewport_196x144px,zstd_512,ZSTD,512,19,3,421,454757753,455587037,829285,206,bytes 454757753-455587037/490194415,829285,829285,53.59525000312715,53.68525000085356,476.80591699827346,530.5339580008877,True,
1,236,3,reused-client,1,large_aoi_392x288px,lzw_256,LZW,256,38,5,1677,611308756,611588074,279319,206,bytes 611308756-611588074/661012853,279319,279319,103.71920800025691,103.83245800039731,245.75083399759023,349.62191699742107,True,
1,236,3,reused-client,1,large_aoi_392x288px,lzw_256,LZW,256,38,6,1678,611588083,611870179,282097,206,bytes 611588083-611870179/661012853,282097,282097,68.182250000973,68.24691699875984,214.83170799911022,283.1276249999064,True,
1,236,3,reused-client,1,large_aoi_392x288px,lzw_256,LZW,256,39,5,1721,623137353,623410197,272845,206,bytes 623137353-623410197/661012853,272845,272845,59.218916001555044,59.41354099923046,328.0807500013907,387.5647499990009,True,
1,236,3,reused-client,1,large_aoi_392x288px,lzw_256,LZW,256,39,6,1722,623410206,623687723,277518,206,bytes 623410206-623687723/661012853,277518,277518,43.80704199866159,43.939750001300126,378.59970800127485,422.59883299993817,True,
1,237,3,reused-client,1,viewport_196x144px,deflate_128,DEFLATE,128,77,11,6787,466048731,466100993,52263,206,bytes 466048731-466100993/499617324,52263,52263,50.12512499888544,50.42670900002122,28.98329200252192,79.46020899908035,True,
1,237,3,reused-client,1,viewport_196x144px,deflate_128,DEFLATE,128,77,12,6788,466101002,466152431,51430,206,bytes 466101002-466152431/499617324,51430,51430,50.47887500040815,50.59712500224123,28.5202080012823,79.15641699946718,True,
1,237,3,reused-client,1,viewport_196x144px,deflate_128,DEFLATE,128,77,13,6789,466152440,466206025,53586,206,bytes 466152440-466206025/499617324,53586,53586,72.0665420012665,72.17837500138558,45.806374997482635,118.10154200065881,True,
1,237,3,reused-client,1,viewport_196x144px,deflate_128,DEFLATE,128,78,11,6875,470526352,470577939,51588,206,bytes 470526352-470577939/499617324,51588,51588,76.82333299817401,76.89045799997984,32.07225000005565,108.98724999788101,True,
1,237,3,reused-client,1,viewport_196x144px,deflate_128,DEFLATE,128,78,12,6876,470577948,470630526,52579,206,bytes 470577948-470630526/499617324,52579,52579,117.07462499907706,117.13437499929569,45.12612499820534,162.28516699993634,True,
1,237,3,reused-client,1,viewport_196x144px,deflate_128,DEFLATE,128,78,13,6877,470630535,470685000,54466,206,bytes 470630535-470685000/499617324,54466,54466,38.54462500021327,38.63545900094323,154.74954199817148,193.41470900326385,True,
1,238,5,reused-client,1,tiny_12x9px,lzw_256,LZW,256,39,6,1722,623410206,623687723,277518,206,bytes 623410206-623687723/661012853,277518,277518,58.54724999881,58.60620900057256,337.3894590004056,396.0585839995474,True,
1,239,5,reused-client,1,reference_49x36px,lzw_512,LZW,512,19,3,421,613302768,614420752,1117985,206,bytes 613302768-614420752/661107776,1117985,1117985,78.39299999977811,78.48720800029696,1071.0585000015271,1149.5677510029054,True,
1,240,1,reused-client,1,viewport_98x72px,deflate_128,DEFLATE,128,77,12,6788,466101002,466152431,51430,206,bytes 466101002-466152431/499617324,51430,51430,67.0008749984845,67.0557919984276,15.160415998252574,82.24587499717018,True,
1,240,1,reused-client,1,viewport_98x72px,deflate_128,DEFLATE,128,78,12,6876,470577948,470630526,52579,206,bytes 470577948-470630526/499617324,52579,52579,99.92208399853553,99.98541700042551,16.91658399795415,116.92475000018021,True,
1,241,4,reused-client,1,small_24x18px,zstd_128,ZSTD,128,78,12,6876,463540753,463592563,51811,206,bytes 463540753-463592563/492119117,51811,51811,114.84341699906508,114.90725000112434,7.136500000342494,122.07070799922803,True,
1,242,3,reused-client,1,viewport_98x72px,lzw_512,LZW,512,19,3,421,613302768,614420752,1117985,206,bytes 613302768-614420752/661107776,1117985,1117985,67.1123339998303,67.17658400157234,742.8147499995248,810.0324170009117,True,
1,243,5,reused-client,1,viewport_98x72px,deflate_512,DEFLATE,512,19,3,421,462985865,463831501,845637,206,bytes 462985865-463831501/499024403,845637,845637,41.24741600026027,41.356249999807915,563.3837499990477,604.8807499973918,True,
1,244,2,reused-client,1,small_24x18px,zstd_128,ZSTD,128,78,12,6876,463540753,463592563,51811,206,bytes 463540753-463592563/492119117,51811,51811,72.55962500130408,72.69479200112983,7.500708998122718,80.2435420009715,True,
1,245,4,reused-client,1,small_24x18px,deflate_128,DEFLATE,128,78,12,6876,470577948,470630526,52579,206,bytes 470577948-470630526/499617324,52579,52579,52.77154199939105,52.88404200109653,4.236208002112107,57.15129199961666,True,
1,246,1,reused-client,1,viewport_98x72px,zstd_128,ZSTD,128,77,12,6788,459126145,459177002,50858,206,bytes 459126145-459177002/492119117,50858,50858,35.54504199928488,35.62999999849126,9.495041998889064,45.15854199780733,True,
1,246,1,reused-client,1,viewport_98x72px,zstd_128,ZSTD,128,78,12,6876,463540753,463592563,51811,206,bytes 463540753-463592563/492119117,51811,51811,41.26233300121385,41.40912500224658,29.6048329983023,71.05854200199246,True,
1,247,5,reused-client,1,viewport_196x144px,deflate_512,DEFLATE,512,19,2,420,462155354,462985856,830503,206,bytes 462155354-462985856/499024403,830503,830503,53.318875001423294,53.41079199934029,530.9162920020754,584.3638340011239,True,
1,247,5,reused-client,1,viewport_196x144px,deflate_512,DEFLATE,512,19,3,421,462985865,463831501,845637,206,bytes 462985865-463831501/499024403,845637,845637,69.14645800134167,69.27495800118777,436.18000100104837,505.49633400078164,True,
1,248,2,reused-client,1,large_aoi_392x288px,lzw_256,LZW,256,38,5,1677,611308756,611588074,279319,206,bytes 611308756-611588074/661012853,279319,279319,66.95358399883844,68.26470899977721,453.5057510001934,521.8330009993224,True,
1,248,2,reused-client,1,large_aoi_392x288px,lzw_256,LZW,256,38,6,1678,611588083,611870179,282097,206,bytes 611588083-611870179/661012853,282097,282097,76.38420800140011,76.61787499819184,339.8859170010837,416.58020799877704,True,
1,248,2,reused-client,1,large_aoi_392x288px,lzw_256,LZW,256,39,5,1721,623137353,623410197,272845,206,bytes 623137353-623410197/661012853,272845,272845,84.42745800130069,84.51841600253829,143.0309169991233,227.61291700226138,True,
1,248,2,reused-client,1,large_aoi_392x288px,lzw_256,LZW,256,39,6,1722,623410206,623687723,277518,206,bytes 623410206-623687723/661012853,277518,277518,48.29270799746155,48.406707999674836,235.624832999747,284.11674999733805,True,
1,249,2,reused-client,1,reference_49x36px,lzw_256,LZW,256,38,6,1678,611588083,611870179,282097,206,bytes 611588083-611870179/661012853,282097,282097,52.95283300074516,53.03079199802596,165.3272500007006,218.43558299951837,True,
1,249,2,reused-client,1,reference_49x36px,lzw_256,LZW,256,39,6,1722,623410206,623687723,277518,206,bytes 623410206-623687723/661012853,277518,277518,43.71454200008884,43.82387499936158,175.52562600030797,219.40899999754038,True,
1,250,1,reused-client,1,small_24x18px,zstd_256,ZSTD,256,39,6,1722,462498953,462705745,206793,206,bytes 462498953-462705745/490384277,206793,206793,66.94945900017046,67.06862500141142,82.67637500102865,149.80895899861935,True,
1,251,3,reused-client,1,reference_49x36px,zstd_128,ZSTD,128,77,12,6788,459126145,459177002,50858,206,bytes 459126145-459177002/492119117,50858,50858,56.65591700017103,56.76379199940129,17.36891699692933,74.18166700153961,True,
1,251,3,reused-client,1,reference_49x36px,zstd_128,ZSTD,128,78,12,6876,463540753,463592563,51811,206,bytes 463540753-463592563/492119117,51811,51811,55.981166999117704,56.052083000395214,9.20787499853759,65.28387499929522,True,
1,252,1,reused-client,1,large_aoi_392x288px,deflate_128,DEFLATE,128,77,10,6786,465995630,466048722,53093,206,bytes 465995630-466048722/499617324,53093,53093,67.66874999811989,67.73895799778984,16.77429100163863,84.5496669971908,True,
1,252,1,reused-client,1,large_aoi_392x288px,deflate_128,DEFLATE,128,77,11,6787,466048731,466100993,52263,206,bytes 466048731-466100993/499617324,52263,52263,321.4845830007107,321.5392080019228,175.72691600071266,497.3030420005671,True,
1,252,1,reused-client,1,large_aoi_392x288px,deflate_128,DEFLATE,128,77,12,6788,466101002,466152431,51430,206,bytes 466101002-466152431/499617324,51430,51430,57.50650000118185,57.55641700307024,29.288874997291714,86.8815000030736,True,
1,252,1,reused-client,1,large_aoi_392x288px,deflate_128,DEFLATE,128,77,13,6789,466152440,466206025,53586,206,bytes 466152440-466206025/499617324,53586,53586,38.70341600122629,38.76954099905561,10.16108399926452,48.959499999909895,True,
1,252,1,reused-client,1,large_aoi_392x288px,deflate_128,DEFLATE,128,78,10,6874,470474183,470526343,52161,206,bytes 470474183-470526343/499617324,52161,52161,39.505875000031665,39.57633399841143,15.86450000104378,55.46250000043074,True,
1,252,1,reused-client,1,large_aoi_392x288px,deflate_128,DEFLATE,128,78,11,6875,470526352,470577939,51588,206,bytes 470526352-470577939/499617324,51588,51588,57.4655000018538,57.534625000698725,31.036334003147203,88.59391599980881,True,
1,252,1,reused-client,1,large_aoi_392x288px,deflate_128,DEFLATE,128,78,12,6876,470577948,470630526,52579,206,bytes 470577948-470630526/499617324,52579,52579,56.93541599976015,57.001665998541284,9.730750000016997,66.75741599974572,True,
1,252,1,reused-client,1,large_aoi_392x288px,deflate_128,DEFLATE,128,78,13,6877,470630535,470685000,54466,206,bytes 470630535-470685000/499617324,54466,54466,53.21579100200324,53.29770800017286,10.784541998873465,64.10404100097367,True,
1,252,1,reused-client,1,large_aoi_392x288px,deflate_128,DEFLATE,128,79,10,6962,474844867,474896322,51456,206,bytes 474844867-474896322/499617324,51456,51456,71.39954200101783,71.4814170023601,24.091540999506833,95.60645900273812,True,
1,252,1,reused-client,1,large_aoi_392x288px,deflate_128,DEFLATE,128,79,11,6963,474896331,474948466,52136,206,bytes 474896331-474948466/499617324,52136,52136,47.370457999932114,47.43262499687262,88.13491699766018,135.60608299667365,True,
1,252,1,reused-client,1,large_aoi_392x288px,deflate_128,DEFLATE,128,79,12,6964,474948475,475002211,53737,206,bytes 474948475-475002211/499617324,53737,53737,151.93079199889326,152.02945800047019,24.130041001626523,176.18579199915985,True,
1,252,1,reused-client,1,large_aoi_392x288px,deflate_128,DEFLATE,128,79,13,6965,475002220,475052147,49928,206,bytes 475002220-475052147/499617324,49928,49928,77.90412499889499,77.98270899729687,23.046209000312956,101.05779199875542,True,
1,253,3,reused-client,1,viewport_98x72px,zstd_256,ZSTD,256,38,6,1678,453731252,453940035,208784,206,bytes 453731252-453940035/490384277,208784,208784,53.20750000100816,53.27025000224239,120.54149999676156,173.86454200095613,True,
1,253,3,reused-client,1,viewport_98x72px,zstd_256,ZSTD,256,39,6,1722,462498953,462705745,206793,206,bytes 462498953-462705745/490384277,206793,206793,74.64895799785154,74.71704199997475,96.4142080010788,171.15949999788427,True,
1,254,4,reused-client,1,viewport_98x72px,zstd_256,ZSTD,256,38,6,1678,453731252,453940035,208784,206,bytes 453731252-453940035/490384277,208784,208784,69.89995799813187,70.04199999937555,80.45345799837378,150.52537500014296,True,
1,254,4,reused-client,1,viewport_98x72px,zstd_256,ZSTD,256,39,6,1722,462498953,462705745,206793,206,bytes 462498953-462705745/490384277,206793,206793,54.164082997886,54.23429199800012,77.31054100077017,131.58841699987534,True,
1,255,4,reused-client,1,viewport_98x72px,deflate_256,DEFLATE,256,38,6,1678,461178014,461389907,211894,206,bytes 461178014-461389907/498427477,211894,211894,75.12166699962108,75.31358399864985,85.7594999979483,161.15116699802456,True,
1,255,4,reused-client,1,viewport_98x72px,deflate_256,DEFLATE,256,39,6,1722,470066901,470277493,210593,206,bytes 470066901-470277493/498427477,210593,210593,125.91649999740184,126.0180829995079,80.99133400173741,207.05904199712677,True,
1,256,4,reused-client,1,reference_49x36px,lzw_512,LZW,512,19,3,421,613302768,614420752,1117985,206,bytes 613302768-614420752/661107776,1117985,1117985,65.94645800214494,66.05558299997938,694.1710840001178,760.2975420013536,True,
1,257,3,reused-client,1,tiny_12x9px,zstd_512,ZSTD,512,19,3,421,454757753,455587037,829285,206,bytes 454757753-455587037/490194415,829285,829285,82.12912499948288,82.22816700072144,1187.7587089984445,1270.0293340021744,True,
1,258,5,reused-client,1,viewport_98x72px,lzw_128,LZW,128,77,12,6788,616873520,616941718,68199,206,bytes 616873520-616941718/661264391,68199,68199,47.35708299995167,47.44525000205613,38.864874997670995,86.36300000216579,True,
1,258,5,reused-client,1,viewport_98x72px,lzw_128,LZW,128,78,12,6876,622814425,622884075,69651,206,bytes 622814425-622884075/661264391,69651,69651,53.04983400128549,53.133125002204906,14.732874999026535,67.90183400153182,True,
1,259,4,reused-client,1,tiny_12x9px,zstd_256,ZSTD,256,39,6,1722,462498953,462705745,206793,206,bytes 462498953-462705745/490384277,206793,206793,70.32770899968455,70.55754199973308,86.70408300167765,157.44783399713924,True,
1,260,4,reused-client,1,tiny_12x9px,lzw_256,LZW,256,39,6,1722,623410206,623687723,277518,206,bytes 623410206-623687723/661012853,277518,277518,66.39237499985029,66.46520800131839,73.71441700161085,140.24433300073724,True,
1,261,2,reused-client,1,tiny_12x9px,deflate_512,DEFLATE,512,19,3,421,462985865,463831501,845637,206,bytes 462985865-463831501/499024403,845637,845637,88.1626669979596,88.28149999681045,469.2500419987482,557.6028339964978,True,
1,262,1,reused-client,1,viewport_196x144px,lzw_512,LZW,512,19,2,420,612205443,613302759,1097317,206,bytes 612205443-613302759/661107776,1097317,1097317,48.57900000206428,48.69979200157104,1231.5577510016738,1280.294126001536,True,
1,262,1,reused-client,1,viewport_196x144px,lzw_512,LZW,512,19,3,421,613302768,614420752,1117985,206,bytes 613302768-614420752/661107776,1117985,1117985,55.996874998527346,56.09591599932173,512.5722080010746,568.6903329988127,True,
1,263,4,reused-client,1,large_aoi_392x288px,lzw_128,LZW,128,77,10,6786,616734150,616804263,70114,206,bytes 616734150-616804263/661264391,70114,70114,79.91270800266648,79.9865420012793,22.9023749998305,102.91300000244519,True,
1,263,4,reused-client,1,large_aoi_392x288px,lzw_128,LZW,128,77,11,6787,616804272,616873511,69240,206,bytes 616804272-616873511/661264391,69240,69240,149.7685829999682,149.83387499887613,28.830582999944454,178.70124999899417,True,
1,263,4,reused-client,1,large_aoi_392x288px,lzw_128,LZW,128,77,12,6788,616873520,616941718,68199,206,bytes 616873520-616941718/661264391,68199,68199,57.72566700034076,57.803125000646105,26.916750000964385,84.74191699860967,True,
1,263,4,reused-client,1,large_aoi_392x288px,lzw_128,LZW,128,77,13,6789,616941727,617013200,71474,206,bytes 616941727-617013200/661264391,71474,71474,102.33979199983878,102.39483300028951,18.70029100246029,121.11999999979162,True,
1,263,4,reused-client,1,large_aoi_392x288px,lzw_128,LZW,128,78,10,6874,622678072,622747024,68953,206,bytes 622678072-622747024/661264391,68953,68953,156.87029200125835,156.9600420007191,31.280792001780355,188.29091700172285,True,
1,263,4,reused-client,1,large_aoi_392x288px,lzw_128,LZW,128,78,11,6875,622747033,622814416,67384,206,bytes 622747033-622814416/661264391,67384,67384,39.81504200055497,39.954332998604514,31.157333000010112,71.13916700109257,True,
1,263,4,reused-client,1,large_aoi_392x288px,lzw_128,LZW,128,78,12,6876,622814425,622884075,69651,206,bytes 622814425-622884075/661264391,69651,69651,65.8187499975611,65.92770899806055,319.13608399918303,385.1369590011018,True,
1,263,4,reused-client,1,large_aoi_392x288px,lzw_128,LZW,128,78,13,6877,622884084,622955954,71871,206,bytes 622884084-622955954/661264391,71871,71871,195.12587600183906,195.24287600142998,30.772958998568356,226.05508400010876,True,
1,263,4,reused-client,1,large_aoi_392x288px,lzw_128,LZW,128,79,10,6962,628465466,628533314,67849,206,bytes 628465466-628533314/661264391,67849,67849,119.05433400170295,119.17025000002468,44.12204100299277,163.35299999991548,True,
1,263,4,reused-client,1,large_aoi_392x288px,lzw_128,LZW,128,79,11,6963,628533323,628602043,68721,206,bytes 628533323-628602043/661264391,68721,68721,58.610790998500306,58.76320799870882,26.376791000075173,85.18445799927576,True,
1,263,4,reused-client,1,large_aoi_392x288px,lzw_128,LZW,128,79,12,6964,628602052,628673096,71045,206,bytes 628602052-628673096/661264391,71045,71045,53.742665997560835,53.88241599939647,23.686583001108374,77.62208299755002,True,
1,263,4,reused-client,1,large_aoi_392x288px,lzw_128,LZW,128,79,13,6965,628673105,628737744,64640,206,bytes 628673105-628737744/661264391,64640,64640,98.55816599883838,98.664416000247,18.967625001096167,117.68841599769075,True,
1,264,4,reused-client,1,reference_49x36px,zstd_128,ZSTD,128,77,12,6788,459126145,459177002,50858,206,bytes 459126145-459177002/492119117,50858,50858,73.03762499941513,73.14649999898393,17.189833997690585,90.38087500084657,True,
1,264,4,reused-client,1,reference_49x36px,zstd_128,ZSTD,128,78,12,6876,463540753,463592563,51811,206,bytes 463540753-463592563/492119117,51811,51811,81.37004200034426,81.47379200090654,5.707707998226397,87.20329199786647,True,
1,265,4,reused-client,1,tiny_12x9px,lzw_512,LZW,512,19,3,421,613302768,614420752,1117985,206,bytes 613302768-614420752/661107776,1117985,1117985,80.31258399932995,80.42912500241073,705.4687500021828,785.9655009997368,True,
1,266,4,reused-client,1,reference_49x36px,deflate_256,DEFLATE,256,38,6,1678,461178014,461389907,211894,206,bytes 461178014-461389907/498427477,211894,211894,116.27762500211247,116.38479199973517,75.48033399871201,191.93395900219912,True,
1,266,4,reused-client,1,reference_49x36px,deflate_256,DEFLATE,256,39,6,1722,470066901,470277493,210593,206,bytes 470066901-470277493/498427477,210593,210593,47.25795800186461,47.35808300029021,142.22204099860392,189.657333001378,True,
1,267,5,reused-client,1,viewport_98x72px,zstd_512,ZSTD,512,19,3,421,454757753,455587037,829285,206,bytes 454757753-455587037/490194415,829285,829285,49.35666700112051,49.45787500037113,470.2447919989936,519.7731260013825,True,
1,268,1,reused-client,1,viewport_98x72px,deflate_256,DEFLATE,256,38,6,1678,461178014,461389907,211894,206,bytes 461178014-461389907/498427477,211894,211894,124.95424999724491,125.08445799903711,88.20483399904333,213.34008299891138,True,
1,268,1,reused-client,1,viewport_98x72px,deflate_256,DEFLATE,256,39,6,1722,470066901,470277493,210593,206,bytes 470066901-470277493/498427477,210593,210593,107.34391699952539,107.43920800086926,121.09883399898536,228.5716250007681,True,
1,269,5,reused-client,1,small_24x18px,deflate_128,DEFLATE,128,78,12,6876,470577948,470630526,52579,206,bytes 470577948-470630526/499617324,52579,52579,54.331457999069244,54.4000000008964,30.969458999607014,85.40254200124764,True,
1,270,5,reused-client,1,viewport_196x144px,zstd_256,ZSTD,256,38,5,1677,453523840,453731243,207404,206,bytes 453523840-453731243/490384277,207404,207404,76.37533399974927,76.47008400090272,189.63237500065588,266.133124998305,True,
1,270,5,reused-client,1,viewport_196x144px,zstd_256,ZSTD,256,38,6,1678,453731252,453940035,208784,206,bytes 453731252-453940035/490384277,208784,208784,71.21816699873307,71.30541699734749,98.37575000346988,169.71033399750013,True,
1,270,5,reused-client,1,viewport_196x144px,zstd_256,ZSTD,256,39,5,1721,462295419,462498944,203526,206,bytes 462295419-462498944/490384277,203526,203526,107.18441700009862,107.24883299917565,93.161875000078,200.5634170018311,True,
1,270,5,reused-client,1,viewport_196x144px,zstd_256,ZSTD,256,39,6,1722,462498953,462705745,206793,206,bytes 462498953-462705745/490384277,206793,206793,60.3428750000603,60.44104200191214,100.83487500014598,161.29929200178594,True,
2,1,5,reused-client,1,viewport_196x144px,zstd_128,ZSTD,128,77,11,6787,459074583,459126136,51554,206,bytes 459074583-459126136/492119117,51554,51554,48.778458000015235,48.9065829970059,17.316749999736203,66.32358299975749,True,
2,1,5,reused-client,1,viewport_196x144px,zstd_128,ZSTD,128,77,12,6788,459126145,459177002,50858,206,bytes 459126145-459177002/492119117,50858,50858,40.67324999778066,40.78937499798485,19.004916000994854,59.815083997818874,True,
2,1,5,reused-client,1,viewport_196x144px,zstd_128,ZSTD,128,77,13,6789,459177011,459229715,52705,206,bytes 459177011-459229715/492119117,52705,52705,45.73720899861655,45.83533400000306,15.825708000193117,61.684584001341136,True,
2,1,5,reused-client,1,viewport_196x144px,zstd_128,ZSTD,128,78,11,6875,463490010,463540744,50735,206,bytes 463490010-463540744/492119117,50735,50735,56.988249998539686,57.084959000349045,19.316166999487905,76.42666699757683,True,
2,1,5,reused-client,1,viewport_196x144px,zstd_128,ZSTD,128,78,12,6876,463540753,463592563,51811,206,bytes 463540753-463592563/492119117,51811,51811,71.41658299951814,71.51770799828228,31.932791996950982,103.4916249991511,True,
2,1,5,reused-client,1,viewport_196x144px,zstd_128,ZSTD,128,78,13,6877,463592572,463646112,53541,206,bytes 463592572-463646112/492119117,53541,53541,55.21966699961922,55.32783300077426,175.71629200028838,231.0951670006034,True,
2,2,5,reused-client,1,small_24x18px,zstd_128,ZSTD,128,78,12,6876,463540753,463592563,51811,206,bytes 463540753-463592563/492119117,51811,51811,92.37587499956135,92.47804199912935,50.48433300180477,143.01024999804213,True,
2,3,3,reused-client,1,viewport_98x72px,lzw_256,LZW,256,38,6,1678,611588083,611870179,282097,206,bytes 611588083-611870179/661012853,282097,282097,41.946584002289455,42.07966700050747,660.5709999967075,702.7130010028486,True,
2,3,3,reused-client,1,viewport_98x72px,lzw_256,LZW,256,39,6,1722,623410206,623687723,277518,206,bytes 623410206-623687723/661012853,277518,277518,168.73850100091659,168.8663759996416,202.45929200245882,371.3804170001822,True,
2,4,2,reused-client,1,reference_49x36px,lzw_256,LZW,256,38,6,1678,611588083,611870179,282097,206,bytes 611588083-611870179/661012853,282097,282097,87.32679199965787,87.44600000136415,271.83658400099375,359.35329199855914,True,
2,4,2,reused-client,1,reference_49x36px,lzw_256,LZW,256,39,6,1722,623410206,623687723,277518,206,bytes 623410206-623687723/661012853,277518,277518,75.65091699871118,75.75341700066929,243.0120410026575,318.8340419983433,True,
2,5,1,reused-client,1,large_aoi_392x288px,zstd_128,ZSTD,128,77,10,6786,459022256,459074574,52319,206,bytes 459022256-459074574/492119117,52319,52319,46.853541000018595,46.97295799996937,140.12350000120932,187.15366600008565,True,
2,5,1,reused-client,1,large_aoi_392x288px,zstd_128,ZSTD,128,77,11,6787,459074583,459126136,51554,206,bytes 459074583-459126136/492119117,51554,51554,47.964375000447035,48.07720800090465,36.47058400019887,84.60112499960815,True,
2,5,1,reused-client,1,large_aoi_392x288px,zstd_128,ZSTD,128,77,12,6788,459126145,459177002,50858,206,bytes 459126145-459177002/492119117,50858,50858,68.6228749982547,68.74774999960209,365.3268750022107,434.1338749982242,True,
2,5,1,reused-client,1,large_aoi_392x288px,zstd_128,ZSTD,128,77,13,6789,459177011,459229715,52705,206,bytes 459177011-459229715/492119117,52705,52705,74.3474580012844,74.46075000189012,93.86862500105053,168.38708300201688,True,
2,5,1,reused-client,1,large_aoi_392x288px,zstd_128,ZSTD,128,78,10,6874,463438439,463490001,51563,206,bytes 463438439-463490001/492119117,51563,51563,100.15462500086869,100.30729199934285,91.49033299763687,191.8467920004332,True,
2,5,1,reused-client,1,large_aoi_392x288px,zstd_128,ZSTD,128,78,11,6875,463490010,463540744,50735,206,bytes 463490010-463540744/492119117,50735,50735,150.3747079987079,150.46787499886705,148.009666998405,298.5043329972541,True,
2,5,1,reused-client,1,large_aoi_392x288px,zstd_128,ZSTD,128,78,12,6876,463540753,463592563,51811,206,bytes 463540753-463592563/492119117,51811,51811,59.01349999840022,59.08341699978337,113.82620899894391,172.98462499820744,True,
2,5,1,reused-client,1,large_aoi_392x288px,zstd_128,ZSTD,128,78,13,6877,463592572,463646112,53541,206,bytes 463592572-463646112/492119117,53541,53541,49.52079199938453,49.64583399851108,35.112333000142826,84.80770899768686,True,
2,5,1,reused-client,1,large_aoi_392x288px,zstd_128,ZSTD,128,79,10,6962,467744704,467795492,50789,206,bytes 467744704-467795492/492119117,50789,50789,52.31137499868055,52.4545419975766,36.77608399812016,89.27237499665353,True,
2,5,1,reused-client,1,large_aoi_392x288px,zstd_128,ZSTD,128,79,11,6963,467795501,467846880,51380,206,bytes 467795501-467846880/492119117,51380,51380,69.28008300019428,69.44708299852209,98.54812500270782,168.0650419984886,True,
2,5,1,reused-client,1,large_aoi_392x288px,zstd_128,ZSTD,128,79,12,6964,467846889,467899652,52764,206,bytes 467846889-467899652/492119117,52764,52764,75.93083300162107,76.02316600241465,76.30533300107345,152.39179100171896,True,
2,5,1,reused-client,1,large_aoi_392x288px,zstd_128,ZSTD,128,79,13,6965,467899661,467948544,48884,206,bytes 467899661-467948544/492119117,48884,48884,80.47783399888431,80.65041699956055,145.5922079985612,226.3024999992922,True,
2,6,3,reused-client,1,small_24x18px,lzw_512,LZW,512,19,3,421,613302768,614420752,1117985,206,bytes 613302768-614420752/661107776,1117985,1117985,83.90787499956787,84.06533300149022,781.707792000816,865.835791999416,True,
2,7,5,reused-client,1,large_aoi_392x288px,deflate_512,DEFLATE,512,19,2,420,462155354,462985856,830503,206,bytes 462155354-462985856/499024403,830503,830503,81.02325000072597,81.18720900165499,960.3668339987053,1041.6052090004086,True,
2,7,5,reused-client,1,large_aoi_392x288px,deflate_512,DEFLATE,512,19,3,421,462985865,463831501,845637,206,bytes 462985865-463831501/499024403,845637,845637,84.93120799903409,85.0519580017135,1002.537250999012,1087.6496669989137,True,
2,8,5,reused-client,1,tiny_12x9px,deflate_512,DEFLATE,512,19,3,421,462985865,463831501,845637,206,bytes 462985865-463831501/499024403,845637,845637,54.711291999410605,54.82829199900152,1152.436584001407,1207.3420839988103,True,
2,9,2,reused-client,1,viewport_196x144px,zstd_256,ZSTD,256,38,5,1677,453523840,453731243,207404,206,bytes 453523840-453731243/490384277,207404,207404,120.2863750004326,120.40404200160992,511.48187500075437,631.9620840004063,True,
2,9,2,reused-client,1,viewport_196x144px,zstd_256,ZSTD,256,38,6,1678,453731252,453940035,208784,206,bytes 453731252-453940035/490384277,208784,208784,52.01262500122539,52.12200000096345,263.64133400056744,315.8312500017928,True,
2,9,2,reused-client,1,viewport_196x144px,zstd_256,ZSTD,256,39,5,1721,462295419,462498944,203526,206,bytes 462295419-462498944/490384277,203526,203526,133.856876000209,133.99329200183274,430.3968749991327,564.4417090006755,True,
2,9,2,reused-client,1,viewport_196x144px,zstd_256,ZSTD,256,39,6,1722,462498953,462705745,206793,206,bytes 462498953-462705745/490384277,206793,206793,118.23649999860208,118.34462499973597,290.95500000039465,409.3170009982714,True,
2,10,3,reused-client,1,tiny_12x9px,zstd_128,ZSTD,128,78,12,6876,463540753,463592563,51811,206,bytes 463540753-463592563/492119117,51811,51811,44.183041998621775,44.24595899763517,120.5984999978682,164.8868339980254,True,
2,11,3,reused-client,1,tiny_12x9px,deflate_256,DEFLATE,256,39,6,1722,470066901,470277493,210593,206,bytes 470066901-470277493/498427477,210593,210593,60.42729199907626,60.52679200001876,122.00895799833233,182.5850419991184,True,
2,12,1,reused-client,1,reference_49x36px,zstd_512,ZSTD,512,19,3,421,454757753,455587037,829285,206,bytes 454757753-455587037/490194415,829285,829285,82.72462499735411,82.83595799730392,604.1677089997393,687.2411669974099,True,
2,13,2,reused-client,1,reference_49x36px,zstd_512,ZSTD,512,19,3,421,454757753,455587037,829285,206,bytes 454757753-455587037/490194415,829285,829285,69.98595800178009,70.0721249995695,1568.2400839978072,1638.3397509998758,True,
2,14,4,reused-client,1,small_24x18px,deflate_128,DEFLATE,128,78,12,6876,470577948,470630526,52579,206,bytes 470577948-470630526/499617324,52579,52579,87.34116699997685,87.45941700180992,88.34624999872176,175.86958299943944,True,
2,15,1,reused-client,1,reference_49x36px,lzw_256,LZW,256,38,6,1678,611588083,611870179,282097,206,bytes 611588083-611870179/661012853,282097,282097,107.93362500044168,108.03879100058111,412.70825099854846,520.812124999793,True,
2,15,1,reused-client,1,reference_49x36px,lzw_256,LZW,256,39,6,1722,623410206,623687723,277518,206,bytes 623410206-623687723/661012853,277518,277518,73.06266600062372,73.19450000068173,204.6714999996766,277.91775000150665,True,
2,16,4,reused-client,1,viewport_98x72px,lzw_256,LZW,256,38,6,1678,611588083,611870179,282097,206,bytes 611588083-611870179/661012853,282097,282097,48.3684999999241,48.467832999449456,230.98495800149976,279.48204199856264,True,
2,16,4,reused-client,1,viewport_98x72px,lzw_256,LZW,256,39,6,1722,623410206,623687723,277518,206,bytes 623410206-623687723/661012853,277518,277518,43.616208000457846,43.73337499782792,163.97070799939684,207.72245799889788,True,
2,17,5,reused-client,1,viewport_196x144px,lzw_256,LZW,256,38,5,1677,611308756,611588074,279319,206,bytes 611308756-611588074/661012853,279319,279319,85.44220799740287,85.53662499980419,338.2881670004281,423.86983299729764,True,
2,17,5,reused-client,1,viewport_196x144px,lzw_256,LZW,256,38,6,1678,611588083,611870179,282097,206,bytes 611588083-611870179/661012853,282097,282097,44.13104099876364,44.22687500118627,133.4179170007701,177.74125000141794,True,
2,17,5,reused-client,1,viewport_196x144px,lzw_256,LZW,256,39,5,1721,623137353,623410197,272845,206,bytes 623137353-623410197/661012853,272845,272845,50.85720799979754,50.97100000057253,109.86004199730814,160.9347500016156,True,
2,17,5,reused-client,1,viewport_196x144px,lzw_256,LZW,256,39,6,1722,623410206,623687723,277518,206,bytes 623410206-623687723/661012853,277518,277518,72.42779199805227,72.55662500028848,103.3943750007893,176.01004199968884,True,
2,18,4,reused-client,1,large_aoi_392x288px,zstd_256,ZSTD,256,38,5,1677,453523840,453731243,207404,206,bytes 453523840-453731243/490384277,207404,207404,79.05787500203587,79.18475000042235,72.58645800175145,151.8266670027515,True,
2,18,4,reused-client,1,large_aoi_392x288px,zstd_256,ZSTD,256,38,6,1678,453731252,453940035,208784,206,bytes 453731252-453940035/490384277,208784,208784,43.461875000502914,43.594833001407096,210.67470900015905,254.30483400123194,True,
2,18,4,reused-client,1,large_aoi_392x288px,zstd_256,ZSTD,256,39,5,1721,462295419,462498944,203526,206,bytes 462295419-462498944/490384277,203526,203526,72.87137499952223,72.94399999955203,123.49595799969393,196.50245799857657,True,
2,18,4,reused-client,1,large_aoi_392x288px,zstd_256,ZSTD,256,39,6,1722,462498953,462705745,206793,206,bytes 462498953-462705745/490384277,206793,206793,50.53616700024577,50.675334001425654,88.56833400204778,139.296249999461,True,
2,19,4,reused-client,1,viewport_196x144px,zstd_512,ZSTD,512,19,2,420,453940732,454757744,817013,206,bytes 453940732-454757744/490194415,817013,817013,69.40162499813596,69.52970899874344,380.31537600181764,449.9215420000837,True,
2,19,4,reused-client,1,viewport_196x144px,zstd_512,ZSTD,512,19,3,421,454757753,455587037,829285,206,bytes 454757753-455587037/490194415,829285,829285,105.85554099816363,105.96504099885351,961.9596669981547,1067.9623750002065,True,
2,20,4,reused-client,1,large_aoi_392x288px,lzw_512,LZW,512,19,2,420,612205443,613302759,1097317,206,bytes 612205443-613302759/661107776,1097317,1097317,285.19770899947616,285.3199169985601,586.1980000008771,871.5706260009028,True,
2,20,4,reused-client,1,large_aoi_392x288px,lzw_512,LZW,512,19,3,421,613302768,614420752,1117985,206,bytes 613302768-614420752/661107776,1117985,1117985,101.83133300233749,101.96241599987843,1331.0718749999069,1433.0952080017596,True,
2,21,3,reused-client,1,large_aoi_392x288px,lzw_512,LZW,512,19,2,420,612205443,613302759,1097317,206,bytes 612205443-613302759/661107776,1097317,1097317,160.05408299679402,160.16483299972606,927.4463760011713,1087.684124999214,True,
2,21,3,reused-client,1,large_aoi_392x288px,lzw_512,LZW,512,19,3,421,613302768,614420752,1117985,206,bytes 613302768-614420752/661107776,1117985,1117985,87.06016600262956,87.18041600150173,738.2220840008813,825.4694580027717,True,
2,22,5,reused-client,1,large_aoi_392x288px,deflate_256,DEFLATE,256,38,5,1677,460967157,461178005,210849,206,bytes 460967157-461178005/498427477,210849,210849,163.36525099904975,163.4760009983438,114.86175000027288,278.4005839966994,True,
2,22,5,reused-client,1,large_aoi_392x288px,deflate_256,DEFLATE,256,38,6,1678,461178014,461389907,211894,206,bytes 461178014-461389907/498427477,211894,211894,81.81116599735105,81.96879100069054,205.4499579971889,287.48658299809904,True,
2,22,5,reused-client,1,large_aoi_392x288px,deflate_256,DEFLATE,256,39,5,1721,469859936,470066892,206957,206,bytes 469859936-470066892/498427477,206957,206957,60.35820900069666,60.44770900189178,186.89974999870174,247.39804199998616,True,
2,22,5,reused-client,1,large_aoi_392x288px,deflate_256,DEFLATE,256,39,6,1722,470066901,470277493,210593,206,bytes 470066901-470277493/498427477,210593,210593,72.12066699867137,72.21566700172843,136.68520899955183,208.9746669989836,True,
2,23,2,reused-client,1,viewport_98x72px,zstd_128,ZSTD,128,77,12,6788,459126145,459177002,50858,206,bytes 459126145-459177002/492119117,50858,50858,54.585166999459034,55.01833299786085,12.796040999091929,67.86599999759346,True,
2,23,2,reused-client,1,viewport_98x72px,zstd_128,ZSTD,128,78,12,6876,463540753,463592563,51811,206,bytes 463540753-463592563/492119117,51811,51811,136.1445830007142,136.22537500123144,14.730416998645524,150.985167001636,True,
2,24,3,reused-client,1,large_aoi_392x288px,deflate_256,DEFLATE,256,38,5,1677,460967157,461178005,210849,206,bytes 460967157-461178005/498427477,210849,210849,67.31558300089091,67.38737499836134,122.99220899876673,190.43491699994775,True,
2,24,3,reused-client,1,large_aoi_392x288px,deflate_256,DEFLATE,256,38,6,1678,461178014,461389907,211894,206,bytes 461178014-461389907/498427477,211894,211894,96.11870899971109,96.26820900302846,235.96699999689008,332.30887500030803,True,
2,24,3,reused-client,1,large_aoi_392x288px,deflate_256,DEFLATE,256,39,5,1721,469859936,470066892,206957,206,bytes 469859936-470066892/498427477,206957,206957,55.52883299969835,55.64283300191164,215.32362500147428,271.0705829995277,True,
2,24,3,reused-client,1,large_aoi_392x288px,deflate_256,DEFLATE,256,39,6,1722,470066901,470277493,210593,206,bytes 470066901-470277493/498427477,210593,210593,254.51370899827452,254.6412089977821,633.3560839993879,888.0632929976855,True,
2,25,2,reused-client,1,reference_49x36px,lzw_128,LZW,128,77,12,6788,616873520,616941718,68199,206,bytes 616873520-616941718/661264391,68199,68199,80.24429199940641,80.40266700118082,73.94908299829694,154.4304170020041,True,
2,25,2,reused-client,1,reference_49x36px,lzw_128,LZW,128,78,12,6876,622814425,622884075,69651,206,bytes 622814425-622884075/661264391,69651,69651,59.89162500191014,60.04320800275309,190.24287499996717,250.34108300314983,True,
2,26,2,reused-client,1,reference_49x36px,deflate_512,DEFLATE,512,19,3,421,462985865,463831501,845637,206,bytes 462985865-463831501/499024403,845637,845637,120.79645899939351,120.86733400064986,756.8866670007992,877.8091259991925,True,
2,27,1,reused-client,1,viewport_98x72px,deflate_256,DEFLATE,256,38,6,1678,461178014,461389907,211894,206,bytes 461178014-461389907/498427477,211894,211894,138.18433300184552,138.2897920011601,134.41054199938662,272.77350000076694,True,
2,27,1,reused-client,1,viewport_98x72px,deflate_256,DEFLATE,256,39,6,1722,470066901,470277493,210593,206,bytes 470066901-470277493/498427477,210593,210593,57.86916700162692,57.967208998888964,118.24420799894142,176.28041699936148,True,
2,28,1,reused-client,1,viewport_196x144px,deflate_128,DEFLATE,128,77,11,6787,466048731,466100993,52263,206,bytes 466048731-466100993/499617324,52263,52263,72.81187500120723,72.94516700130771,64.08762499995646,137.09566699981224,True,
2,28,1,reused-client,1,viewport_196x144px,deflate_128,DEFLATE,128,77,12,6788,466101002,466152431,51430,206,bytes 466101002-466152431/499617324,51430,51430,91.2283750003553,91.3530420002644,16.765374999522464,108.15158400146174,True,
2,28,1,reused-client,1,viewport_196x144px,deflate_128,DEFLATE,128,77,13,6789,466152440,466206025,53586,206,bytes 466152440-466206025/499617324,53586,53586,147.25491700301063,147.32491700124228,32.43291699982365,179.77862500265473,True,
2,28,1,reused-client,1,viewport_196x144px,deflate_128,DEFLATE,128,78,11,6875,470526352,470577939,51588,206,bytes 470526352-470577939/499617324,51588,51588,362.63679200055776,362.7212920000602,61.413708001055056,424.18125000040163,True,
2,28,1,reused-client,1,viewport_196x144px,deflate_128,DEFLATE,128,78,12,6876,470577948,470630526,52579,206,bytes 470577948-470630526/499617324,52579,52579,55.122750000009546,55.21054199925857,36.283333000028506,91.53870799855213,True,
2,28,1,reused-client,1,viewport_196x144px,deflate_128,DEFLATE,128,78,13,6877,470630535,470685000,54466,206,bytes 470630535-470685000/499617324,54466,54466,55.58675099746324,55.70512600024813,27.910209002584452,83.7297510006465,True,
2,29,2,reused-client,1,large_aoi_392x288px,lzw_512,LZW,512,19,2,420,612205443,613302759,1097317,206,bytes 612205443-613302759/661107776,1097317,1097317,44.67495900098584,44.83645900108968,1187.8358339999977,1232.8603339992696,True,
2,29,2,reused-client,1,large_aoi_392x288px,lzw_512,LZW,512,19,3,421,613302768,614420752,1117985,206,bytes 613302768-614420752/661107776,1117985,1117985,137.43079200139618,137.56258400098886,2147.1270010006265,2284.7684180014767,True,
2,30,5,reused-client,1,viewport_98x72px,zstd_512,ZSTD,512,19,3,421,454757753,455587037,829285,206,bytes 454757753-455587037/490194415,829285,829285,64.24970800071605,64.31016600254225,1000.848125997436,1065.271292001853,True,
2,31,5,reused-client,1,reference_49x36px,deflate_256,DEFLATE,256,38,6,1678,461178014,461389907,211894,206,bytes 461178014-461389907/498427477,211894,211894,67.60770799883176,67.69662499937112,511.3217500002065,579.0565419993072,True,
2,31,5,reused-client,1,reference_49x36px,deflate_256,DEFLATE,256,39,6,1722,470066901,470277493,210593,206,bytes 470066901-470277493/498427477,210593,210593,146.38808400195558,146.5052090024983,506.531333001476,653.1071259996679,True,
2,32,1,reused-client,1,large_aoi_392x288px,deflate_256,DEFLATE,256,38,5,1677,460967157,461178005,210849,206,bytes 460967157-461178005/498427477,210849,210849,44.13320800085785,44.2512080007873,536.328666999907,580.6191670017142,True,
2,32,1,reused-client,1,large_aoi_392x288px,deflate_256,DEFLATE,256,38,6,1678,461178014,461389907,211894,206,bytes 461178014-461389907/498427477,211894,211894,86.71070800119196,86.7761250010517,285.21645799992257,372.04270800066297,True,
2,32,1,reused-client,1,large_aoi_392x288px,deflate_256,DEFLATE,256,39,5,1721,469859936,470066892,206957,206,bytes 469859936-470066892/498427477,206957,206957,95.38629099915852,95.50854099870776,449.0574170013133,544.6686670002236,True,
2,32,1,reused-client,1,large_aoi_392x288px,deflate_256,DEFLATE,256,39,6,1722,470066901,470277493,210593,206,bytes 470066901-470277493/498427477,210593,210593,68.7847920016793,68.91075000021374,311.3427920034155,380.3267090006557,True,
2,33,4,reused-client,1,large_aoi_392x288px,zstd_512,ZSTD,512,19,2,420,453940732,454757744,817013,206,bytes 453940732-454757744/490194415,817013,817013,142.82912500129896,142.93570800145972,941.2245839994284,1084.2016669994337,True,
2,33,4,reused-client,1,large_aoi_392x288px,zstd_512,ZSTD,512,19,3,421,454757753,455587037,829285,206,bytes 454757753-455587037/490194415,829285,829285,171.15737499989336,171.24075000174344,3146.1633770013577,3317.4164600022777,True,
2,34,3,reused-client,1,viewport_196x144px,zstd_256,ZSTD,256,38,5,1677,453523840,453731243,207404,206,bytes 453523840-453731243/490384277,207404,207404,66.213666999829,66.27387499975157,235.80487499930314,302.1255419989757,True,
2,34,3,reused-client,1,viewport_196x144px,zstd_256,ZSTD,256,38,6,1678,453731252,453940035,208784,206,bytes 453731252-453940035/490384277,208784,208784,76.51533399985055,76.59229199998663,135.05775000157882,211.71950099960668,True,
2,34,3,reused-client,1,viewport_196x144px,zstd_256,ZSTD,256,39,5,1721,462295419,462498944,203526,206,bytes 462295419-462498944/490384277,203526,203526,69.5264159985527,69.62491599915666,118.28579099892522,187.97670799904154,True,
2,34,3,reused-client,1,viewport_196x144px,zstd_256,ZSTD,256,39,6,1722,462498953,462705745,206793,206,bytes 462498953-462705745/490384277,206793,206793,47.21354199864436,47.30908399869804,107.58891599834897,154.94499999840627,True,
2,35,1,reused-client,1,tiny_12x9px,lzw_256,LZW,256,39,6,1722,623410206,623687723,277518,206,bytes 623410206-623687723/661012853,277518,277518,83.21354199870257,83.32204199905391,188.68229200234055,272.0545009979105,True,
2,36,3,reused-client,1,viewport_196x144px,deflate_512,DEFLATE,512,19,2,420,462155354,462985856,830503,206,bytes 462155354-462985856/499024403,830503,830503,124.60641700090491,124.72424999941722,666.5825010022672,791.3560010019864,True,
2,36,3,reused-client,1,viewport_196x144px,deflate_512,DEFLATE,512,19,3,421,462985865,463831501,845637,206,bytes 462985865-463831501/499024403,845637,845637,103.24929200214683,103.34462500031805,2824.9412100012705,2928.3315430002403,True,
2,37,5,reused-client,1,reference_49x36px,lzw_512,LZW,512,19,3,421,613302768,614420752,1117985,206,bytes 613302768-614420752/661107776,1117985,1117985,174.99954199956846,175.10029199911514,2369.987043002766,2545.15450100007,True,
2,38,1,reused-client,1,reference_49x36px,lzw_128,LZW,128,77,12,6788,616873520,616941718,68199,206,bytes 616873520-616941718/661264391,68199,68199,142.015834000631,142.12479200068628,109.68683299870463,251.8912920022558,True,
2,38,1,reused-client,1,reference_49x36px,lzw_128,LZW,128,78,12,6876,622814425,622884075,69651,206,bytes 622814425-622884075/661264391,69651,69651,78.43291600147495,78.54725000288454,89.86612499938929,168.4693330025766,True,
2,39,1,reused-client,1,small_24x18px,zstd_512,ZSTD,512,19,3,421,454757753,455587037,829285,206,bytes 454757753-455587037/490194415,829285,829285,58.0978750003851,58.22362499748124,862.49670899997,920.7621259993175,True,
2,40,5,reused-client,1,viewport_196x144px,lzw_512,LZW,512,19,2,420,612205443,613302759,1097317,206,bytes 612205443-613302759/661107776,1097317,1097317,68.67862499711919,68.749874997593,1029.2303759997594,1098.0185419975896,True,
2,40,5,reused-client,1,viewport_196x144px,lzw_512,LZW,512,19,3,421,613302768,614420752,1117985,206,bytes 613302768-614420752/661107776,1117985,1117985,66.06216699947254,66.1229170000297,890.5625000006694,956.7287919999217,True,
2,41,1,reused-client,1,large_aoi_392x288px,zstd_256,ZSTD,256,38,5,1677,453523840,453731243,207404,206,bytes 453523840-453731243/490384277,207404,207404,94.2189170018537,94.29541700228583,130.87279200044577,225.22595900227316,True,
2,41,1,reused-client,1,large_aoi_392x288px,zstd_256,ZSTD,256,38,6,1678,453731252,453940035,208784,206,bytes 453731252-453940035/490384277,208784,208784,129.61516699942877,129.7377500013681,115.56995900173206,245.36962500133086,True,
2,41,1,reused-client,1,large_aoi_392x288px,zstd_256,ZSTD,256,39,5,1721,462295419,462498944,203526,206,bytes 462295419-462498944/490384277,203526,203526,58.036583999637514,58.14341699806391,100.93287500058068,159.11004199733725,True,
2,41,1,reused-client,1,large_aoi_392x288px,zstd_256,ZSTD,256,39,6,1722,462498953,462705745,206793,206,bytes 462498953-462705745/490384277,206793,206793,79.9533750032424,80.07187500334112,88.88316700176802,169.01050000160467,True,
2,42,4,reused-client,1,viewport_98x72px,zstd_128,ZSTD,128,77,12,6788,459126145,459177002,50858,206,bytes 459126145-459177002/492119117,50858,50858,185.10470899855136,185.21483400036232,80.36895899931551,265.61900000160676,True,
2,42,4,reused-client,1,viewport_98x72px,zstd_128,ZSTD,128,78,12,6876,463540753,463592563,51811,206,bytes 463540753-463592563/492119117,51811,51811,78.81691700094962,78.89525000064168,17.302084001130424,96.22541700082365,True,
2,43,4,reused-client,1,tiny_12x9px,lzw_128,LZW,128,78,12,6876,622814425,622884075,69651,206,bytes 622814425-622884075/661264391,69651,69651,93.55179100020905,93.67550000024494,24.996250002004672,118.72604100062745,True,
2,44,2,reused-client,1,viewport_196x144px,zstd_128,ZSTD,128,77,11,6787,459074583,459126136,51554,206,bytes 459074583-459126136/492119117,51554,51554,67.20333300108905,67.31241600209614,26.728417000413174,94.0929580028751,True,
2,44,2,reused-client,1,viewport_196x144px,zstd_128,ZSTD,128,77,12,6788,459126145,459177002,50858,206,bytes 459126145-459177002/492119117,50858,50858,104.64129199681338,104.74908399919514,17.905958000483224,122.69087499953457,True,
2,44,2,reused-client,1,viewport_196x144px,zstd_128,ZSTD,128,77,13,6789,459177011,459229715,52705,206,bytes 459177011-459229715/492119117,52705,52705,162.452000000485,162.54633299831767,42.36999999920954,204.95479099918157,True,
2,44,2,reused-client,1,viewport_196x144px,zstd_128,ZSTD,128,78,11,6875,463490010,463540744,50735,206,bytes 463490010-463540744/492119117,50735,50735,145.5480410004384,145.6181249996007,48.07854099999531,193.73183299830998,True,
2,44,2,reused-client,1,viewport_196x144px,zstd_128,ZSTD,128,78,12,6876,463540753,463592563,51811,206,bytes 463540753-463592563/492119117,51811,51811,695.3596250023111,695.4625840007793,83.22808400043868,778.7256670017086,True,
2,44,2,reused-client,1,viewport_196x144px,zstd_128,ZSTD,128,78,13,6877,463592572,463646112,53541,206,bytes 463592572-463646112/492119117,53541,53541,83.61016699927859,83.6658330008504,69.79495800260338,153.49112500189221,True,
2,45,2,reused-client,1,small_24x18px,zstd_256,ZSTD,256,39,6,1722,462498953,462705745,206793,206,bytes 462498953-462705745/490384277,206793,206793,68.9439579982718,69.05141699826345,878.9950840000529,948.1007499998668,True,
2,46,2,reused-client,1,viewport_98x72px,zstd_256,ZSTD,256,38,6,1678,453731252,453940035,208784,206,bytes 453731252-453940035/490384277,208784,208784,214.31095899970387,214.37850000074832,330.843374998949,545.2448760006519,True,
2,46,2,reused-client,1,viewport_98x72px,zstd_256,ZSTD,256,39,6,1722,462498953,462705745,206793,206,bytes 462498953-462705745/490384277,206793,206793,216.3075829994341,216.4060420000169,592.9649579993566,809.4004169979598,True,
2,47,1,reused-client,1,tiny_12x9px,deflate_512,DEFLATE,512,19,3,421,462985865,463831501,845637,206,bytes 462985865-463831501/499024403,845637,845637,101.7182089999551,101.7910420014232,668.7865009989764,770.6372510001529,True,
2,48,1,reused-client,1,reference_49x36px,zstd_128,ZSTD,128,77,12,6788,459126145,459177002,50858,206,bytes 459126145-459177002/492119117,50858,50858,72.4564170013764,72.52345899905777,484.7670419985661,557.336251000379,True,
2,48,1,reused-client,1,reference_49x36px,zstd_128,ZSTD,128,78,12,6876,463540753,463592563,51811,206,bytes 463540753-463592563/492119117,51811,51811,111.92041600224911,111.99237500113668,38.70891699989443,150.73179099999834,True,
2,49,2,reused-client,1,viewport_98x72px,deflate_128,DEFLATE,128,77,12,6788,466101002,466152431,51430,206,bytes 466101002-466152431/499617324,51430,51430,68.40170899886289,68.47074999677716,45.666166002774844,114.16320899661514,True,
2,49,2,reused-client,1,viewport_98x72px,deflate_128,DEFLATE,128,78,12,6876,470577948,470630526,52579,206,bytes 470577948-470630526/499617324,52579,52579,49.658667001494905,49.739292000595015,45.00108299907879,94.77383400007966,True,
2,50,1,reused-client,1,large_aoi_392x288px,lzw_512,LZW,512,19,2,420,612205443,613302759,1097317,206,bytes 612205443-613302759/661107776,1097317,1097317,75.36966699990444,75.48716699966462,3038.344960001268,3113.8573349999206,True,
2,50,1,reused-client,1,large_aoi_392x288px,lzw_512,LZW,512,19,3,421,613302768,614420752,1117985,206,bytes 613302768-614420752/661107776,1117985,1117985,37.12858399740071,37.18937499797903,1061.971959003131,1099.1848339981516,True,
2,51,3,reused-client,1,reference_49x36px,lzw_128,LZW,128,77,12,6788,616873520,616941718,68199,206,bytes 616873520-616941718/661264391,68199,68199,102.35133400055929,102.45616699830862,37.57454200240318,140.05733399972087,True,
2,51,3,reused-client,1,reference_49x36px,lzw_128,LZW,128,78,12,6876,622814425,622884075,69651,206,bytes 622814425-622884075/661264391,69651,69651,103.45358300037333,103.54258300139918,27.70141700239037,131.28320800024085,True,
2,52,5,reused-client,1,tiny_12x9px,zstd_512,ZSTD,512,19,3,421,454757753,455587037,829285,206,bytes 454757753-455587037/490194415,829285,829285,185.07104099990102,185.1740409983904,550.3756670004805,735.6582920001529,True,
2,53,2,reused-client,1,tiny_12x9px,lzw_128,LZW,128,78,12,6876,622814425,622884075,69651,206,bytes 622814425-622884075/661264391,69651,69651,109.16754199934076,109.269000000495,388.6257080012001,497.9324590021861,True,
2,54,2,reused-client,1,small_24x18px,deflate_256,DEFLATE,256,39,6,1722,470066901,470277493,210593,206,bytes 470066901-470277493/498427477,210593,210593,70.26520799990976,70.4129580008157,130.05825100117363,200.53399999960675,True,
2,55,5,reused-client,1,large_aoi_392x288px,lzw_512,LZW,512,19,2,420,612205443,613302759,1097317,206,bytes 612205443-613302759/661107776,1097317,1097317,91.86458399926778,91.99050000097486,1886.242417000176,1978.2974180016026,True,
2,55,5,reused-client,1,large_aoi_392x288px,lzw_512,LZW,512,19,3,421,613302768,614420752,1117985,206,bytes 613302768-614420752/661107776,1117985,1117985,81.675916997483,81.78675099770771,2283.6696679987654,2365.52062699775,True,
2,56,1,reused-client,1,small_24x18px,lzw_256,LZW,256,39,6,1722,623410206,623687723,277518,206,bytes 623410206-623687723/661012853,277518,277518,57.39054100195062,57.51283300196519,256.1445419996744,313.70316600077786,True,
2,57,4,reused-client,1,tiny_12x9px,zstd_256,ZSTD,256,39,6,1722,462498953,462705745,206793,206,bytes 462498953-462705745/490384277,206793,206793,54.86662499970407,54.97445899891318,338.0162090033991,393.04866699967533,True,
2,58,3,reused-client,1,tiny_12x9px,zstd_256,ZSTD,256,39,6,1722,462498953,462705745,206793,206,bytes 462498953-462705745/490384277,206793,206793,43.513333999726456,43.64216699832468,143.99883399892133,187.69104199964204,True,
2,59,5,reused-client,1,large_aoi_392x288px,zstd_512,ZSTD,512,19,2,420,453940732,454757744,817013,206,bytes 453940732-454757744/490194415,817013,817013,72.73520799935795,72.86904200009303,791.7000420020486,864.6407920023194,True,
2,59,5,reused-client,1,large_aoi_392x288px,zstd_512,ZSTD,512,19,3,421,454757753,455587037,829285,206,bytes 454757753-455587037/490194415,829285,829285,57.697124997503124,57.88033299904782,655.3767920013343,713.3384589978959,True,
2,60,2,reused-client,1,tiny_12x9px,lzw_256,LZW,256,39,6,1722,623410206,623687723,277518,206,bytes 623410206-623687723/661012853,277518,277518,38.995375001832144,39.1139999992447,95.02787500241539,134.17170899992925,True,
2,61,4,reused-client,1,viewport_98x72px,zstd_256,ZSTD,256,38,6,1678,453731252,453940035,208784,206,bytes 453731252-453940035/490384277,208784,208784,160.83104200151865,160.89949999877717,129.3811249997816,290.3173330014397,True,
2,61,4,reused-client,1,viewport_98x72px,zstd_256,ZSTD,256,39,6,1722,462498953,462705745,206793,206,bytes 462498953-462705745/490384277,206793,206793,55.62012500013225,55.697499999951106,189.20150000121794,244.92791699958616,True,
2,62,4,reused-client,1,viewport_196x144px,lzw_128,LZW,128,77,11,6787,616804272,616873511,69240,206,bytes 616804272-616873511/661264391,69240,69240,41.48825000083889,41.5838340013579,20.555416998831788,62.20770900108619,True,
2,62,4,reused-client,1,viewport_196x144px,lzw_128,LZW,128,77,12,6788,616873520,616941718,68199,206,bytes 616873520-616941718/661264391,68199,68199,39.42583300158731,39.48733300057938,38.910541999939596,78.42183300090255,True,
2,62,4,reused-client,1,viewport_196x144px,lzw_128,LZW,128,77,13,6789,616941727,617013200,71474,206,bytes 616941727-617013200/661264391,71474,71474,97.00100000191014,97.07779200107325,37.559125001280336,134.6640000010666,True,
2,62,4,reused-client,1,viewport_196x144px,lzw_128,LZW,128,78,11,6875,622747033,622814416,67384,206,bytes 622747033-622814416/661264391,67384,67384,67.01545900068595,67.07558400012203,26.374875000328757,93.47987500223098,True,
2,62,4,reused-client,1,viewport_196x144px,lzw_128,LZW,128,78,12,6876,622814425,622884075,69651,206,bytes 622814425-622884075/661264391,69651,69651,64.7443750021921,64.82850000247709,23.770916999637848,88.62437500283704,True,
2,62,4,reused-client,1,viewport_196x144px,lzw_128,LZW,128,78,13,6877,622884084,622955954,71871,206,bytes 622884084-622955954/661264391,71871,71871,54.85704199963948,54.93729199952213,123.98312500226893,178.95258399948943,True,
2,63,5,reused-client,1,tiny_12x9px,lzw_128,LZW,128,78,12,6876,622814425,622884075,69651,206,bytes 622814425-622884075/661264391,69651,69651,63.592790997063275,63.6685409990605,26.761417000670917,90.4937079976662,True,
2,64,3,reused-client,1,small_24x18px,deflate_512,DEFLATE,512,19,3,421,462985865,463831501,845637,206,bytes 462985865-463831501/499024403,845637,845637,268.83550000275136,268.93541699973866,787.1326669992413,1056.1703759994998,True,
2,65,2,reused-client,1,large_aoi_392x288px,deflate_256,DEFLATE,256,38,5,1677,460967157,461178005,210849,206,bytes 460967157-461178005/498427477,210849,210849,125.5267089982226,125.66154199885204,175.981625001441,301.6801249978016,True,
2,65,2,reused-client,1,large_aoi_392x288px,deflate_256,DEFLATE,256,38,6,1678,461178014,461389907,211894,206,bytes 461178014-461389907/498427477,211894,211894,74.57179199991515,74.66912499876344,166.55729199919733,241.31691699949442,True,
2,65,2,reused-client,1,large_aoi_392x288px,deflate_256,DEFLATE,256,39,5,1721,469859936,470066892,206957,206,bytes 469859936-470066892/498427477,206957,206957,47.9566670001077,48.019458998169284,155.98400000089896,204.03749999968568,True,
2,65,2,reused-client,1,large_aoi_392x288px,deflate_256,DEFLATE,256,39,6,1722,470066901,470277493,210593,206,bytes 470066901-470277493/498427477,210593,210593,196.34087499798625,196.40708299994003,140.48312499653548,336.91820799867855,True,
2,66,5,reused-client,1,viewport_98x72px,lzw_256,LZW,256,38,6,1678,611588083,611870179,282097,206,bytes 611588083-611870179/661012853,282097,282097,46.43374999795924,46.58154199933051,129.8943750007311,176.5485420000914,True,
2,66,5,reused-client,1,viewport_98x72px,lzw_256,LZW,256,39,6,1722,623410206,623687723,277518,206,bytes 623410206-623687723/661012853,277518,277518,73.78116700056125,73.89558300201315,228.8637910023681,302.82433300089906,True,
2,67,2,reused-client,1,tiny_12x9px,deflate_256,DEFLATE,256,39,6,1722,470066901,470277493,210593,206,bytes 470066901-470277493/498427477,210593,210593,38.44508299880545,38.58799999943585,94.72983300292981,133.3688329978031,True,
2,68,4,reused-client,1,viewport_98x72px,lzw_128,LZW,128,77,12,6788,616873520,616941718,68199,206,bytes 616873520-616941718/661264391,68199,68199,43.4889589996601,43.68279199843528,47.34791600276367,91.11391699843807,True,
2,68,4,reused-client,1,viewport_98x72px,lzw_128,LZW,128,78,12,6876,622814425,622884075,69651,206,bytes 622814425-622884075/661264391,69651,69651,51.99666699991212,52.08620900157257,38.952833998337155,91.06462500130874,True,
2,69,2,reused-client,1,small_24x18px,lzw_128,LZW,128,78,12,6876,622814425,622884075,69651,206,bytes 622814425-622884075/661264391,69651,69651,142.23033400048735,142.3021670016169,48.76654200052144,191.10537500091596,True,
2,70,3,reused-client,1,large_aoi_392x288px,zstd_128,ZSTD,128,77,10,6786,459022256,459074574,52319,206,bytes 459022256-459074574/492119117,52319,52319,99.86812499846565,99.93120799845201,31.120957999519305,131.0773330005759,True,
2,70,3,reused-client,1,large_aoi_392x288px,zstd_128,ZSTD,128,77,11,6787,459074583,459126136,51554,206,bytes 459074583-459126136/492119117,51554,51554,86.17879200028256,86.2364169988723,40.181334003136726,126.48750000153086,True,
2,70,3,reused-client,1,large_aoi_392x288px,zstd_128,ZSTD,128,77,12,6788,459126145,459177002,50858,206,bytes 459126145-459177002/492119117,50858,50858,50.79483400186291,50.85983400203986,12.551291998533998,63.462459002039395,True,
2,70,3,reused-client,1,large_aoi_392x288px,zstd_128,ZSTD,128,77,13,6789,459177011,459229715,52705,206,bytes 459177011-459229715/492119117,52705,52705,143.30975000120816,143.37766700191423,112.02187500020955,255.4331249993993,True,
2,70,3,reused-client,1,large_aoi_392x288px,zstd_128,ZSTD,128,78,10,6874,463438439,463490001,51563,206,bytes 463438439-463490001/492119117,51563,51563,102.92129199660849,103.00208299668157,307.35166700105765,410.3828329971293,True,
2,70,3,reused-client,1,large_aoi_392x288px,zstd_128,ZSTD,128,78,11,6875,463490010,463540744,50735,206,bytes 463490010-463540744/492119117,50735,50735,125.98000000070897,126.04274999830523,15.822500001377193,141.89574999909382,True,
2,70,3,reused-client,1,large_aoi_392x288px,zstd_128,ZSTD,128,78,12,6876,463540753,463592563,51811,206,bytes 463540753-463592563/492119117,51811,51811,43.63891699904343,43.705751002562465,21.82083300067461,65.56220900165499,True,
2,70,3,reused-client,1,large_aoi_392x288px,zstd_128,ZSTD,128,78,13,6877,463592572,463646112,53541,206,bytes 463592572-463646112/492119117,53541,53541,52.396708000742365,52.472166000370635,24.027290997764794,76.53779099928215,True,
2,70,3,reused-client,1,large_aoi_392x288px,zstd_128,ZSTD,128,79,10,6962,467744704,467795492,50789,206,bytes 467744704-467795492/492119117,50789,50789,296.2012499992852,296.26441700020223,94.08979100044235,390.3890420006064,True,
2,70,3,reused-client,1,large_aoi_392x288px,zstd_128,ZSTD,128,79,11,6963,467795501,467846880,51380,206,bytes 467795501-467846880/492119117,51380,51380,63.75362499966286,63.846166001894744,35.207666998758214,99.08391600038158,True,
2,70,3,reused-client,1,large_aoi_392x288px,zstd_128,ZSTD,128,79,12,6964,467846889,467899652,52764,206,bytes 467846889-467899652/492119117,52764,52764,73.27204100147355,73.32574999963981,58.018334002554184,131.37304200063227,True,
2,70,3,reused-client,1,large_aoi_392x288px,zstd_128,ZSTD,128,79,13,6965,467899661,467948544,48884,206,bytes 467899661-467948544/492119117,48884,48884,126.86849999954575,126.92704200162552,9.803458997339476,136.753624999983,True,
2,71,5,reused-client,1,large_aoi_392x288px,deflate_128,DEFLATE,128,77,10,6786,465995630,466048722,53093,206,bytes 465995630-466048722/499617324,53093,53093,94.88945900011458,94.94345900020562,63.425500000448665,158.40600000228733,True,
2,71,5,reused-client,1,large_aoi_392x288px,deflate_128,DEFLATE,128,77,11,6787,466048731,466100993,52263,206,bytes 466048731-466100993/499617324,52263,52263,76.3141670031473,76.37824999983422,34.48220900099841,110.88458400263335,True,
2,71,5,reused-client,1,large_aoi_392x288px,deflate_128,DEFLATE,128,77,12,6788,466101002,466152431,51430,206,bytes 466101002-466152431/499617324,51430,51430,47.162415998172946,47.216666000167606,17.961750003451016,65.20229099987773,True,
2,71,5,reused-client,1,large_aoi_392x288px,deflate_128,DEFLATE,128,77,13,6789,466152440,466206025,53586,206,bytes 466152440-466206025/499617324,53586,53586,106.89554099735687,106.97645799882594,27.914999998756684,134.91420799982734,True,
2,71,5,reused-client,1,large_aoi_392x288px,deflate_128,DEFLATE,128,78,10,6874,470474183,470526343,52161,206,bytes 470474183-470526343/499617324,52161,52161,54.28270799893653,54.34916699960013,8.825875000184169,63.20333300027414,True,
2,71,5,reused-client,1,large_aoi_392x288px,deflate_128,DEFLATE,128,78,11,6875,470526352,470577939,51588,206,bytes 470526352-470577939/499617324,51588,51588,35.5215829986264,35.59158299685805,7.179041000199504,42.79383299945039,True,
2,71,5,reused-client,1,large_aoi_392x288px,deflate_128,DEFLATE,128,78,12,6876,470577948,470630526,52579,206,bytes 470577948-470630526/499617324,52579,52579,41.203917000530055,41.27495899956557,29.409040998871205,70.70862500040676,True,
2,71,5,reused-client,1,large_aoi_392x288px,deflate_128,DEFLATE,128,78,13,6877,470630535,470685000,54466,206,bytes 470630535-470685000/499617324,54466,54466,61.148832999606384,61.22400000094785,13.519875003112247,74.76891599799274,True,
2,71,5,reused-client,1,large_aoi_392x288px,deflate_128,DEFLATE,128,79,10,6962,474844867,474896322,51456,206,bytes 474844867-474896322/499617324,51456,51456,59.030874999734806,59.10829200001899,23.54133400149294,82.67570799944224,True,
2,71,5,reused-client,1,large_aoi_392x288px,deflate_128,DEFLATE,128,79,11,6963,474896331,474948466,52136,206,bytes 474896331-474948466/499617324,52136,52136,62.122916999214794,62.780292002571514,32.454291998874396,95.26262500003213,True,
2,71,5,reused-client,1,large_aoi_392x288px,deflate_128,DEFLATE,128,79,12,6964,474948475,475002211,53737,206,bytes 474948475-475002211/499617324,53737,53737,164.6881669985305,164.7692080005072,20.91462500175112,185.7154579993221,True,
2,71,5,reused-client,1,large_aoi_392x288px,deflate_128,DEFLATE,128,79,13,6965,475002220,475052147,49928,206,bytes 475002220-475052147/499617324,49928,49928,55.53279100058717,55.6339159993513,23.202750002383254,78.87579099769937,True,
2,72,4,reused-client,1,viewport_196x144px,zstd_256,ZSTD,256,38,5,1677,453523840,453731243,207404,206,bytes 453523840-453731243/490384277,207404,207404,48.728291996667394,48.79254199840943,146.59395800117636,195.44820899682236,True,
2,72,4,reused-client,1,viewport_196x144px,zstd_256,ZSTD,256,38,6,1678,453731252,453940035,208784,206,bytes 453731252-453940035/490384277,208784,208784,48.1662080019305,48.268416001519654,119.41208400094183,167.72416599997086,True,
2,72,4,reused-client,1,viewport_196x144px,zstd_256,ZSTD,256,39,5,1721,462295419,462498944,203526,206,bytes 462295419-462498944/490384277,203526,203526,61.39062500005821,61.51895799848717,77.66662499852828,139.23224999962258,True,
2,72,4,reused-client,1,viewport_196x144px,zstd_256,ZSTD,256,39,6,1722,462498953,462705745,206793,206,bytes 462498953-462705745/490384277,206793,206793,53.36516699753702,53.50874999930966,398.0286670011992,451.5815839986317,True,
2,73,5,reused-client,1,reference_49x36px,lzw_128,LZW,128,77,12,6788,616873520,616941718,68199,206,bytes 616873520-616941718/661264391,68199,68199,49.146792000101414,49.278833001153544,148.7225419987226,198.05745800113073,True,
2,73,5,reused-client,1,reference_49x36px,lzw_128,LZW,128,78,12,6876,622814425,622884075,69651,206,bytes 622814425-622884075/661264391,69651,69651,98.65925000121933,98.78641700197477,47.53516699929605,146.39291700223112,True,
2,74,2,reused-client,1,large_aoi_392x288px,zstd_128,ZSTD,128,77,10,6786,459022256,459074574,52319,206,bytes 459022256-459074574/492119117,52319,52319,96.41004200238967,96.51591700094286,21.054875000118045,117.63300000166055,True,
2,74,2,reused-client,1,large_aoi_392x288px,zstd_128,ZSTD,128,77,11,6787,459074583,459126136,51554,206,bytes 459074583-459126136/492119117,51554,51554,63.69312500100932,63.8205420000304,48.775207997096004,112.6612500011106,True,
2,74,2,reused-client,1,large_aoi_392x288px,zstd_128,ZSTD,128,77,12,6788,459126145,459177002,50858,206,bytes 459126145-459177002/492119117,50858,50858,48.61408400029177,48.732334002124844,31.95866700116312,80.76295900173136,True,
2,74,2,reused-client,1,large_aoi_392x288px,zstd_128,ZSTD,128,77,13,6789,459177011,459229715,52705,206,bytes 459177011-459229715/492119117,52705,52705,57.17229099900578,57.29595800221432,20.055041000887286,77.40004100196529,True,
2,74,2,reused-client,1,large_aoi_392x288px,zstd_128,ZSTD,128,78,10,6874,463438439,463490001,51563,206,bytes 463438439-463490001/492119117,51563,51563,64.8931249997986,64.99624999923981,21.182874999794876,86.24591600164422,True,
2,74,2,reused-client,1,large_aoi_392x288px,zstd_128,ZSTD,128,78,11,6875,463490010,463540744,50735,206,bytes 463490010-463540744/492119117,50735,50735,48.604791998513974,48.71466699842131,55.96516600053292,104.74008299934212,True,
2,74,2,reused-client,1,large_aoi_392x288px,zstd_128,ZSTD,128,78,12,6876,463540753,463592563,51811,206,bytes 463540753-463592563/492119117,51811,51811,124.44487500033574,124.54920800155378,16.666999999870313,141.2422079993121,True,
2,74,2,reused-client,1,large_aoi_392x288px,zstd_128,ZSTD,128,78,13,6877,463592572,463646112,53541,206,bytes 463592572-463646112/492119117,53541,53541,43.80045799916843,43.8747920015885,24.948040998424403,68.8743329992576,True,
2,74,2,reused-client,1,large_aoi_392x288px,zstd_128,ZSTD,128,79,10,6962,467744704,467795492,50789,206,bytes 467744704-467795492/492119117,50789,50789,60.079000002588145,60.15312500312575,22.94212500055437,83.13483300298685,True,
2,74,2,reused-client,1,large_aoi_392x288px,zstd_128,ZSTD,128,79,11,6963,467795501,467846880,51380,206,bytes 467795501-467846880/492119117,51380,51380,40.32395900139818,40.43787500268081,13.432833002298139,53.90462500145077,True,
2,74,2,reused-client,1,large_aoi_392x288px,zstd_128,ZSTD,128,79,12,6964,467846889,467899652,52764,206,bytes 467846889-467899652/492119117,52764,52764,44.257583998842165,44.363749999320135,21.354666001570877,65.75245899875881,True,
2,74,2,reused-client,1,large_aoi_392x288px,zstd_128,ZSTD,128,79,13,6965,467899661,467948544,48884,206,bytes 467899661-467948544/492119117,48884,48884,40.15558299943223,40.30208300173399,37.90279199893121,78.24587499999325,True,
2,75,5,reused-client,1,small_24x18px,deflate_256,DEFLATE,256,39,6,1722,470066901,470277493,210593,206,bytes 470066901-470277493/498427477,210593,210593,51.8342079994909,51.917417000368005,159.23866699813516,211.184374998993,True,
2,76,1,reused-client,1,viewport_98x72px,deflate_128,DEFLATE,128,77,12,6788,466101002,466152431,51430,206,bytes 466101002-466152431/499617324,51430,51430,72.90662499872269,73.01395899776253,38.43112499816925,111.49662499883561,True,
2,76,1,reused-client,1,viewport_98x72px,deflate_128,DEFLATE,128,78,12,6876,470577948,470630526,52579,206,bytes 470577948-470630526/499617324,52579,52579,59.360832998208934,59.45854200035683,33.744917000149144,93.24933300013072,True,
2,77,4,reused-client,1,viewport_196x144px,deflate_256,DEFLATE,256,38,5,1677,460967157,461178005,210849,206,bytes 460967157-461178005/498427477,210849,210849,72.8071670018835,72.9392920002283,207.94504200239317,280.9328330004064,True,
2,77,4,reused-client,1,viewport_196x144px,deflate_256,DEFLATE,256,38,6,1678,461178014,461389907,211894,206,bytes 461178014-461389907/498427477,211894,211894,63.14091699823621,63.21799999932409,131.9506250001723,195.22937500005355,True,
2,77,4,reused-client,1,viewport_196x144px,deflate_256,DEFLATE,256,39,5,1721,469859936,470066892,206957,206,bytes 469859936-470066892/498427477,206957,206957,52.911750000930624,53.11191700093332,85.26983299816493,138.4116669978539,True,
2,77,4,reused-client,1,viewport_196x144px,deflate_256,DEFLATE,256,39,6,1722,470066901,470277493,210593,206,bytes 470066901-470277493/498427477,210593,210593,65.82204199730768,65.88829199972679,133.05883399880258,199.0019589975418,True,
2,78,3,reused-client,1,viewport_196x144px,zstd_512,ZSTD,512,19,2,420,453940732,454757744,817013,206,bytes 453940732-454757744/490194415,817013,817013,65.13791700126603,65.36712500019348,457.3517909993825,522.7594169991789,True,
2,78,3,reused-client,1,viewport_196x144px,zstd_512,ZSTD,512,19,3,421,454757753,455587037,829285,206,bytes 454757753-455587037/490194415,829285,829285,61.274333002074854,61.327333001827355,351.2347919968306,412.61650000160444,True,
2,79,1,reused-client,1,viewport_196x144px,deflate_512,DEFLATE,512,19,2,420,462155354,462985856,830503,206,bytes 462155354-462985856/499024403,830503,830503,81.98566699866205,82.01979200021015,358.7829589996545,440.8517089977977,True,
2,79,1,reused-client,1,viewport_196x144px,deflate_512,DEFLATE,512,19,3,421,462985865,463831501,845637,206,bytes 462985865-463831501/499024403,845637,845637,40.322290999029065,40.4225000020233,436.9756670021161,477.45900000154506,True,
2,80,3,reused-client,1,viewport_98x72px,zstd_512,ZSTD,512,19,3,421,454757753,455587037,829285,206,bytes 454757753-455587037/490194415,829285,829285,68.65720900168526,68.76383400231134,462.9412089998368,531.745416999911,True,
2,81,3,reused-client,1,viewport_196x144px,lzw_512,LZW,512,19,2,420,612205443,613302759,1097317,206,bytes 612205443-613302759/661107776,1097317,1097317,80.7669169989822,80.87574999808567,511.4178340008948,592.3422509986267,True,
2,81,3,reused-client,1,viewport_196x144px,lzw_512,LZW,512,19,3,421,613302768,614420752,1117985,206,bytes 613302768-614420752/661107776,1117985,1117985,62.202707998949336,62.406542001554044,711.1488339978678,773.6075419998087,True,
2,82,1,reused-client,1,reference_49x36px,deflate_512,DEFLATE,512,19,3,421,462985865,463831501,845637,206,bytes 462985865-463831501/499024403,845637,845637,45.50625000047148,45.612249999976484,651.2849170030677,696.9322920012928,True,
2,83,3,reused-client,1,large_aoi_392x288px,lzw_128,LZW,128,77,10,6786,616734150,616804263,70114,206,bytes 616734150-616804263/661264391,70114,70114,56.944791998830624,57.01716700059478,30.084250000072643,87.13595800145413,True,
2,83,3,reused-client,1,large_aoi_392x288px,lzw_128,LZW,128,77,11,6787,616804272,616873511,69240,206,bytes 616804272-616873511/661264391,69240,69240,123.0205419997219,123.12262500199722,13.627332999021746,136.7725000018254,True,
2,83,3,reused-client,1,large_aoi_392x288px,lzw_128,LZW,128,77,12,6788,616873520,616941718,68199,206,bytes 616873520-616941718/661264391,68199,68199,59.17829199825064,59.28445799872861,76.01304200215964,135.43870899957255,True,
2,83,3,reused-client,1,large_aoi_392x288px,lzw_128,LZW,128,77,13,6789,616941727,617013200,71474,206,bytes 616941727-617013200/661264391,71474,71474,94.42850000050385,94.5376670024416,22.095208998507587,116.68741700123064,True,
2,83,3,reused-client,1,large_aoi_392x288px,lzw_128,LZW,128,78,10,6874,622678072,622747024,68953,206,bytes 622678072-622747024/661264391,68953,68953,49.23470899666427,49.34591699930024,16.445083001599414,65.83449999743607,True,
2,83,3,reused-client,1,large_aoi_392x288px,lzw_128,LZW,128,78,11,6875,622747033,622814416,67384,206,bytes 622747033-622814416/661264391,67384,67384,49.55454200171516,49.6908329987491,56.1939170002006,105.92445799920824,True,
2,83,3,reused-client,1,large_aoi_392x288px,lzw_128,LZW,128,78,12,6876,622814425,622884075,69651,206,bytes 622814425-622884075/661264391,69651,69651,154.72745800070697,154.83058300014818,65.53604199871188,220.41704100047355,True,
2,83,3,reused-client,1,large_aoi_392x288px,lzw_128,LZW,128,78,13,6877,622884084,622955954,71871,206,bytes 622884084-622955954/661264391,71871,71871,71.99895799931255,72.07837500027381,43.5837500008347,115.71850000109407,True,
2,83,3,reused-client,1,large_aoi_392x288px,lzw_128,LZW,128,79,10,6962,628465466,628533314,67849,206,bytes 628465466-628533314/661264391,67849,67849,90.18429199932143,90.3132919993368,33.86099999988801,124.22262499967474,True,
2,83,3,reused-client,1,large_aoi_392x288px,lzw_128,LZW,128,79,11,6963,628533323,628602043,68721,206,bytes 628533323-628602043/661264391,68721,68721,58.64879100045073,58.81358300030115,137.94204199803062,196.78116599970963,True,
2,83,3,reused-client,1,large_aoi_392x288px,lzw_128,LZW,128,79,12,6964,628602052,628673096,71045,206,bytes 628602052-628673096/661264391,71045,71045,590.0815419990977,590.1974169973982,1064.5183750020806,1654.7564169995894,True,
2,83,3,reused-client,1,large_aoi_392x288px,lzw_128,LZW,128,79,13,6965,628673105,628737744,64640,206,bytes 628673105-628737744/661264391,64640,64640,84.46637499946519,84.5803749980405,20.959124998626066,105.59149999971851,True,
2,84,2,reused-client,1,viewport_98x72px,lzw_256,LZW,256,38,6,1678,611588083,611870179,282097,206,bytes 611588083-611870179/661012853,282097,282097,117.4364170001354,117.4997500020254,605.9282079986588,723.4765000030166,True,
2,84,2,reused-client,1,viewport_98x72px,lzw_256,LZW,256,39,6,1722,623410206,623687723,277518,206,bytes 623410206-623687723/661012853,277518,277518,64.56762500238256,64.68425000275602,409.81433400156675,474.5303750023595,True,
2,85,3,reused-client,1,large_aoi_392x288px,zstd_256,ZSTD,256,38,5,1677,453523840,453731243,207404,206,bytes 453523840-453731243/490384277,207404,207404,144.51574999839067,144.67262499965727,365.96362500131363,510.6840829976136,True,
2,85,3,reused-client,1,large_aoi_392x288px,zstd_256,ZSTD,256,38,6,1678,453731252,453940035,208784,206,bytes 453731252-453940035/490384277,208784,208784,100.57391699956497,100.67645799790625,248.3099580022099,349.0166249976028,True,
2,85,3,reused-client,1,large_aoi_392x288px,zstd_256,ZSTD,256,39,5,1721,462295419,462498944,203526,206,bytes 462295419-462498944/490384277,203526,203526,73.72045800002525,73.81175000045914,156.228250998538,230.0925420022395,True,
2,85,3,reused-client,1,large_aoi_392x288px,zstd_256,ZSTD,256,39,6,1722,462498953,462705745,206793,206,bytes 462498953-462705745/490384277,206793,206793,186.43983400033903,186.5799170009268,205.19270899967523,391.8114170010085,True,
2,86,3,reused-client,1,viewport_196x144px,lzw_256,LZW,256,38,5,1677,611308756,611588074,279319,206,bytes 611308756-611588074/661012853,279319,279319,37.369040997873526,37.43374999976368,577.8486250019341,615.3469169985328,True,
2,86,3,reused-client,1,viewport_196x144px,lzw_256,LZW,256,38,6,1678,611588083,611870179,282097,206,bytes 611588083-611870179/661012853,282097,282097,43.15012500228477,43.26491699976032,343.16845800276496,386.4959170023212,True,
2,86,3,reused-client,1,viewport_196x144px,lzw_256,LZW,256,39,5,1721,623137353,623410197,272845,206,bytes 623137353-623410197/661012853,272845,272845,61.094083001080435,61.213665998366196,175.81883299862966,237.05920800057356,True,
2,86,3,reused-client,1,viewport_196x144px,lzw_256,LZW,256,39,6,1722,623410206,623687723,277518,206,bytes 623410206-623687723/661012853,277518,277518,85.00791699771071,85.11208399795578,166.53574999872944,251.6953749982349,True,
2,87,5,reused-client,1,small_24x18px,deflate_512,DEFLATE,512,19,3,421,462985865,463831501,845637,206,bytes 462985865-463831501/499024403,845637,845637,72.47674999962328,72.54804200056242,638.3126260006975,710.9125839997432,True,
2,88,3,reused-client,1,reference_49x36px,zstd_256,ZSTD,256,38,6,1678,453731252,453940035,208784,206,bytes 453731252-453940035/490384277,208784,208784,60.934124998311745,61.0400830009894,103.5647919998155,164.64895799799706,True,
2,88,3,reused-client,1,reference_49x36px,zstd_256,ZSTD,256,39,6,1722,462498953,462705745,206793,206,bytes 462498953-462705745/490384277,206793,206793,60.26262500017765,60.39670800237218,77.62200000070152,138.06737500271993,True,
2,89,3,reused-client,1,small_24x18px,zstd_256,ZSTD,256,39,6,1722,462498953,462705745,206793,206,bytes 462498953-462705745/490384277,206793,206793,70.7551669984241,70.86020799761172,65.40383299943642,136.31337499828078,True,
2,90,5,reused-client,1,viewport_98x72px,lzw_128,LZW,128,77,12,6788,616873520,616941718,68199,206,bytes 616873520-616941718/661264391,68199,68199,52.221207999537,52.32724999950733,157.198957997025,209.5553330000257,True,
2,90,5,reused-client,1,viewport_98x72px,lzw_128,LZW,128,78,12,6876,622814425,622884075,69651,206,bytes 622814425-622884075/661264391,69651,69651,52.361291000124766,52.49062499933643,38.18366699852049,90.72466600264306,True,
2,91,3,reused-client,1,tiny_12x9px,deflate_128,DEFLATE,128,78,12,6876,470577948,470630526,52579,206,bytes 470577948-470630526/499617324,52579,52579,55.633417003264185,55.74654200245277,21.888958999625174,77.69533300233888,True,
2,92,3,reused-client,1,viewport_196x144px,deflate_256,DEFLATE,256,38,5,1677,460967157,461178005,210849,206,bytes 460967157-461178005/498427477,210849,210849,52.5927499984391,52.70037499940372,100.68225000213715,153.42733299985412,True,
2,92,3,reused-client,1,viewport_196x144px,deflate_256,DEFLATE,256,38,6,1678,461178014,461389907,211894,206,bytes 461178014-461389907/498427477,211894,211894,106.17466700205114,106.3779579999391,94.71145799761871,201.11329200153705,True,
2,92,3,reused-client,1,viewport_196x144px,deflate_256,DEFLATE,256,39,5,1721,469859936,470066892,206957,206,bytes 469859936-470066892/498427477,206957,206957,48.8811249997525,48.97604100187891,104.83187499994528,153.85616600178764,True,
2,92,3,reused-client,1,viewport_196x144px,deflate_256,DEFLATE,256,39,6,1722,470066901,470277493,210593,206,bytes 470066901-470277493/498427477,210593,210593,53.0194590028259,53.122584002267104,403.2515839971893,456.40462600204046,True,
2,93,1,reused-client,1,tiny_12x9px,zstd_256,ZSTD,256,39,6,1722,462498953,462705745,206793,206,bytes 462498953-462705745/490384277,206793,206793,92.04954199958593,92.15758299978916,124.56100000053993,216.77249999993364,True,
2,94,4,reused-client,1,small_24x18px,deflate_256,DEFLATE,256,39,6,1722,470066901,470277493,210593,206,bytes 470066901-470277493/498427477,210593,210593,53.36604100011755,53.537625000899425,215.16875000088476,268.7642919991049,True,
2,95,5,reused-client,1,viewport_196x144px,deflate_256,DEFLATE,256,38,5,1677,460967157,461178005,210849,206,bytes 460967157-461178005/498427477,210849,210849,50.25516699970467,50.39295799724641,353.8766250021581,404.5465419985703,True,
2,95,5,reused-client,1,viewport_196x144px,deflate_256,DEFLATE,256,38,6,1678,461178014,461389907,211894,206,bytes 461178014-461389907/498427477,211894,211894,132.20587500109104,132.276083000761,78.72320800015586,211.0355000004347,True,
2,95,5,reused-client,1,viewport_196x144px,deflate_256,DEFLATE,256,39,5,1721,469859936,470066892,206957,206,bytes 469859936-470066892/498427477,206957,206957,41.893416997481836,41.96441699969,192.8804589988431,234.8809169998276,True,
2,95,5,reused-client,1,viewport_196x144px,deflate_256,DEFLATE,256,39,6,1722,470066901,470277493,210593,206,bytes 470066901-470277493/498427477,210593,210593,48.74312500032829,48.80749999938416,140.88379199893097,189.71637499998906,True,
2,96,4,reused-client,1,small_24x18px,zstd_256,ZSTD,256,39,6,1722,462498953,462705745,206793,206,bytes 462498953-462705745/490384277,206793,206793,53.90866699963226,53.96483399817953,126.21158399997512,180.30316699878313,True,
2,97,2,reused-client,1,viewport_196x144px,lzw_128,LZW,128,77,11,6787,616804272,616873511,69240,206,bytes 616804272-616873511/661264391,69240,69240,94.40449999965494,94.46829199805507,29.088499999488704,123.58341700019082,True,
2,97,2,reused-client,1,viewport_196x144px,lzw_128,LZW,128,77,12,6788,616873520,616941718,68199,206,bytes 616873520-616941718/661264391,68199,68199,45.627791001606965,45.816166002623504,155.64475000064704,201.49475000289385,True,
2,97,2,reused-client,1,viewport_196x144px,lzw_128,LZW,128,77,13,6789,616941727,617013200,71474,206,bytes 616941727-617013200/661264391,71474,71474,64.99095899926033,65.13737500063144,79.37508300165064,144.57270899947616,True,
2,97,2,reused-client,1,viewport_196x144px,lzw_128,LZW,128,78,11,6875,622747033,622814416,67384,206,bytes 622747033-622814416/661264391,67384,67384,61.581208999996306,61.66708399905474,9.205250000377418,70.90975000028266,True,
2,97,2,reused-client,1,viewport_196x144px,lzw_128,LZW,128,78,12,6876,622814425,622884075,69651,206,bytes 622814425-622884075/661264391,69651,69651,179.4737910022377,179.55775000154972,15.307666999433422,194.92341600198415,True,
2,97,2,reused-client,1,viewport_196x144px,lzw_128,LZW,128,78,13,6877,622884084,622955954,71871,206,bytes 622884084-622955954/661264391,71871,71871,77.9713330011873,78.06250000066939,53.190208000160055,131.3056670005608,True,
2,98,5,reused-client,1,viewport_196x144px,deflate_512,DEFLATE,512,19,2,420,462155354,462985856,830503,206,bytes 462155354-462985856/499024403,830503,830503,196.09549999950104,196.21708400154603,893.0180830029713,1089.2528760014102,True,
2,98,5,reused-client,1,viewport_196x144px,deflate_512,DEFLATE,512,19,3,421,462985865,463831501,845637,206,bytes 462985865-463831501/499024403,845637,845637,73.33333299902733,73.38545799939311,1705.3793339982803,1778.7871670007007,True,
2,99,1,reused-client,1,tiny_12x9px,lzw_512,LZW,512,19,3,421,613302768,614420752,1117985,206,bytes 613302768-614420752/661107776,1117985,1117985,42.05608300253516,42.126500000449596,1321.15454200175,1363.3364170018467,True,
2,100,3,reused-client,1,viewport_98x72px,zstd_256,ZSTD,256,38,6,1678,453731252,453940035,208784,206,bytes 453731252-453940035/490384277,208784,208784,79.28804199764272,79.41212500008987,136.2672079994809,215.72637499775738,True,
2,100,3,reused-client,1,viewport_98x72px,zstd_256,ZSTD,256,39,6,1722,462498953,462705745,206793,206,bytes 462498953-462705745/490384277,206793,206793,43.057541999587556,43.168749998585554,280.8765419977135,324.1061249973427,True,
2,101,4,reused-client,1,tiny_12x9px,deflate_512,DEFLATE,512,19,3,421,462985865,463831501,845637,206,bytes 462985865-463831501/499024403,845637,845637,61.84233399835648,61.97670899928198,689.1062920003606,751.2750839996443,True,
2,102,2,reused-client,1,reference_49x36px,deflate_256,DEFLATE,256,38,6,1678,461178014,461389907,211894,206,bytes 461178014-461389907/498427477,211894,211894,211.53162499831524,211.6450840003381,1065.2404170032241,1276.944208999339,True,
2,102,2,reused-client,1,reference_49x36px,deflate_256,DEFLATE,256,39,6,1722,470066901,470277493,210593,206,bytes 470066901-470277493/498427477,210593,210593,65.9616669981915,66.05916699845693,546.1367919997429,612.3582090003765,True,
2,103,4,reused-client,1,viewport_196x144px,deflate_512,DEFLATE,512,19,2,420,462155354,462985856,830503,206,bytes 462155354-462985856/499024403,830503,830503,83.76366700031213,83.85879200068302,1147.9269589981413,1231.822542998998,True,
2,103,4,reused-client,1,viewport_196x144px,deflate_512,DEFLATE,512,19,3,421,462985865,463831501,845637,206,bytes 462985865-463831501/499024403,845637,845637,56.486165998649085,56.689958000788465,1624.2360840005858,1680.987791998632,True,
2,104,1,reused-client,1,viewport_196x144px,lzw_256,LZW,256,38,5,1677,611308756,611588074,279319,206,bytes 611308756-611588074/661012853,279319,279319,99.9722920023487,100.13437500310829,2035.8056660006696,2136.0114170020097,True,
2,104,1,reused-client,1,viewport_196x144px,lzw_256,LZW,256,38,6,1678,611588083,611870179,282097,206,bytes 611588083-611870179/661012853,282097,282097,142.37745899663423,142.5032499973895,350.7144579998567,493.2937919984397,True,
2,104,1,reused-client,1,viewport_196x144px,lzw_256,LZW,256,39,5,1721,623137353,623410197,272845,206,bytes 623137353-623410197/661012853,272845,272845,121.68670800019754,121.80529199758894,271.40000099825556,393.2834589977574,True,
2,104,1,reused-client,1,viewport_196x144px,lzw_256,LZW,256,39,6,1722,623410206,623687723,277518,206,bytes 623410206-623687723/661012853,277518,277518,44.06008399746497,44.21558399917558,170.48291600076482,214.74258399757673,True,
2,105,4,reused-client,1,viewport_196x144px,lzw_256,LZW,256,38,5,1677,611308756,611588074,279319,206,bytes 611308756-611588074/661012853,279319,279319,48.31091600135551,48.47979100304656,1244.8718760024349,1293.4371670016844,True,
2,105,4,reused-client,1,viewport_196x144px,lzw_256,LZW,256,38,6,1678,611588083,611870179,282097,206,bytes 611588083-611870179/661012853,282097,282097,75.52075000057812,75.56945900068968,279.5202920024167,355.15304200089304,True,
2,105,4,reused-client,1,viewport_196x144px,lzw_256,LZW,256,39,5,1721,623137353,623410197,272845,206,bytes 623137353-623410197/661012853,272845,272845,42.636250000214204,42.74516700024833,225.1384590017551,267.923208000866,True,
2,105,4,reused-client,1,viewport_196x144px,lzw_256,LZW,256,39,6,1722,623410206,623687723,277518,206,bytes 623410206-623687723/661012853,277518,277518,125.4636669982574,125.59708299886552,158.07158299867297,283.7251249984547,True,
2,106,2,reused-client,1,viewport_196x144px,lzw_512,LZW,512,19,2,420,612205443,613302759,1097317,206,bytes 612205443-613302759/661107776,1097317,1097317,53.32016699685482,53.45912499979022,1216.3919170016015,1269.9067929970624,True,
2,106,2,reused-client,1,viewport_196x144px,lzw_512,LZW,512,19,3,421,613302768,614420752,1117985,206,bytes 613302768-614420752/661107776,1117985,1117985,128.2091249995574,128.3276249996561,708.8967919989955,837.2491670015734,True,
2,107,4,reused-client,1,reference_49x36px,lzw_512,LZW,512,19,3,421,613302768,614420752,1117985,206,bytes 613302768-614420752/661107776,1117985,1117985,88.67687500242027,88.79616700141924,706.9198339995637,795.773834001011,True,
2,108,1,reused-client,1,reference_49x36px,deflate_128,DEFLATE,128,77,12,6788,466101002,466152431,51430,206,bytes 466101002-466152431/499617324,51430,51430,104.03995900196605,104.19466700113844,20.80545799981337,125.05441699977382,True,
2,108,1,reused-client,1,reference_49x36px,deflate_128,DEFLATE,128,78,12,6876,470577948,470630526,52579,206,bytes 470577948-470630526/499617324,52579,52579,42.72570799730602,42.82699999748729,22.949250000237953,65.83408299775328,True,
2,109,2,reused-client,1,small_24x18px,zstd_128,ZSTD,128,78,12,6876,463540753,463592563,51811,206,bytes 463540753-463592563/492119117,51811,51811,61.693167001067195,61.818374997528736,63.835708002443425,125.6917919999978,True,
2,110,2,reused-client,1,reference_49x36px,deflate_128,DEFLATE,128,77,12,6788,466101002,466152431,51430,206,bytes 466101002-466152431/499617324,51430,51430,44.23904199938988,44.31724999813014,9.30333399810479,53.64641699998174,True,
2,110,2,reused-client,1,reference_49x36px,deflate_128,DEFLATE,128,78,12,6876,470577948,470630526,52579,206,bytes 470577948-470630526/499617324,52579,52579,44.11170899766148,44.17745899991132,10.378124999988358,54.584499997872626,True,
2,111,1,reused-client,1,viewport_98x72px,deflate_512,DEFLATE,512,19,3,421,462985865,463831501,845637,206,bytes 462985865-463831501/499024403,845637,845637,37.532624999585096,37.74537500066799,1290.8603760006372,1328.6690839995572,True,
2,112,4,reused-client,1,large_aoi_392x288px,deflate_256,DEFLATE,256,38,5,1677,460967157,461178005,210849,206,bytes 460967157-461178005/498427477,210849,210849,53.73229199904017,53.85299999761628,179.06937500083586,232.97841699968558,True,
2,112,4,reused-client,1,large_aoi_392x288px,deflate_256,DEFLATE,256,38,6,1678,461178014,461389907,211894,206,bytes 461178014-461389907/498427477,211894,211894,49.704042001394555,49.89916700287722,166.0824999999022,216.05370900215348,True,
2,112,4,reused-client,1,large_aoi_392x288px,deflate_256,DEFLATE,256,39,5,1721,469859936,470066892,206957,206,bytes 469859936-470066892/498427477,206957,206957,51.319707999937236,51.43320800198126,227.8335840019281,279.307125001651,True,
2,112,4,reused-client,1,large_aoi_392x288px,deflate_256,DEFLATE,256,39,6,1722,470066901,470277493,210593,206,bytes 470066901-470277493/498427477,210593,210593,58.70549999963259,58.76695799815934,389.756500000658,448.5852920006437,True,
2,113,4,reused-client,1,viewport_98x72px,deflate_512,DEFLATE,512,19,3,421,462985865,463831501,845637,206,bytes 462985865-463831501/499024403,845637,845637,44.05179099921952,44.31924999880721,2082.9150850004226,2127.2768339986214,True,
2,114,2,reused-client,1,viewport_98x72px,zstd_512,ZSTD,512,19,3,421,454757753,455587037,829285,206,bytes 454757753-455587037/490194415,829285,829285,63.62012499812408,63.71133299762732,899.6511669975007,963.3956670004409,True,
2,115,4,reused-client,1,tiny_12x9px,zstd_128,ZSTD,128,78,12,6876,463540753,463592563,51811,206,bytes 463540753-463592563/492119117,51811,51811,45.565166998130735,45.63837499881629,4.56800000029034,50.230124998051906,True,
2,116,3,reused-client,1,small_24x18px,lzw_256,LZW,256,39,6,1722,623410206,623687723,277518,206,bytes 623410206-623687723/661012853,277518,277518,60.257249999267515,60.35862499993527,161.13345799749368,221.54349999982514,True,
2,117,5,reused-client,1,large_aoi_392x288px,zstd_256,ZSTD,256,38,5,1677,453523840,453731243,207404,206,bytes 453523840-453731243/490384277,207404,207404,56.6248329996597,56.732707998889964,145.62887500142097,202.4191249984142,True,
2,117,5,reused-client,1,large_aoi_392x288px,zstd_256,ZSTD,256,38,6,1678,453731252,453940035,208784,206,bytes 453731252-453940035/490384277,208784,208784,165.4349579985137,165.5025830004888,463.82425100091496,629.3947499980277,True,
2,117,5,reused-client,1,large_aoi_392x288px,zstd_256,ZSTD,256,39,5,1721,462295419,462498944,203526,206,bytes 462295419-462498944/490384277,203526,203526,43.740040997363394,43.85787499995786,64.0901250008028,108.01087499930873,True,
2,117,5,reused-client,1,large_aoi_392x288px,zstd_256,ZSTD,256,39,6,1722,462498953,462705745,206793,206,bytes 462498953-462705745/490384277,206793,206793,45.156290998420445,45.252832998812664,45.30575000171666,90.67874999891501,True,
2,118,3,reused-client,1,reference_49x36px,deflate_128,DEFLATE,128,77,12,6788,466101002,466152431,51430,206,bytes 466101002-466152431/499617324,51430,51430,61.24262500088662,61.36420799884945,21.67508300044574,83.08712500002002,True,
2,118,3,reused-client,1,reference_49x36px,deflate_128,DEFLATE,128,78,12,6876,470577948,470630526,52579,206,bytes 470577948-470630526/499617324,52579,52579,238.5545409997576,238.67683299977216,10.405625002022134,249.11545800205204,True,
2,119,4,reused-client,1,large_aoi_392x288px,deflate_128,DEFLATE,128,77,10,6786,465995630,466048722,53093,206,bytes 465995630-466048722/499617324,53093,53093,74.291084001743,74.35004199942341,48.39666700354428,122.78841700026533,True,
2,119,4,reused-client,1,large_aoi_392x288px,deflate_128,DEFLATE,128,77,11,6787,466048731,466100993,52263,206,bytes 466048731-466100993/499617324,52263,52263,42.707625001639826,42.79391700038104,5.434124999737833,48.25241700018523,True,
2,119,4,reused-client,1,large_aoi_392x288px,deflate_128,DEFLATE,128,77,12,6788,466101002,466152431,51430,206,bytes 466101002-466152431/499617324,51430,51430,73.09129199711606,73.20608399822959,22.51987499766983,95.76641699823085,True,
2,119,4,reused-client,1,large_aoi_392x288px,deflate_128,DEFLATE,128,77,13,6789,466152440,466206025,53586,206,bytes 466152440-466206025/499617324,53586,53586,115.8564170000318,115.98091699852375,0.3684580005938187,116.37616699954378,True,
2,119,4,reused-client,1,large_aoi_392x288px,deflate_128,DEFLATE,128,78,10,6874,470474183,470526343,52161,206,bytes 470474183-470526343/499617324,52161,52161,39.40366599999834,39.53654100041604,21.921333001955645,61.51250000038999,True,
2,119,4,reused-client,1,large_aoi_392x288px,deflate_128,DEFLATE,128,78,11,6875,470526352,470577939,51588,206,bytes 470526352-470577939/499617324,51588,51588,72.95166599942604,73.09325000096578,1.526874999399297,74.64908300244133,True,
2,119,4,reused-client,1,large_aoi_392x288px,deflate_128,DEFLATE,128,78,12,6876,470577948,470630526,52579,206,bytes 470577948-470630526/499617324,52579,52579,104.78387499824748,104.9240419997659,40.617791997647146,145.59949999966193,True,
2,119,4,reused-client,1,large_aoi_392x288px,deflate_128,DEFLATE,128,78,13,6877,470630535,470685000,54466,206,bytes 470630535-470685000/499617324,54466,54466,206.50637600192567,206.6620840014366,33.69600000223727,240.39575100323418,True,
2,119,4,reused-client,1,large_aoi_392x288px,deflate_128,DEFLATE,128,79,10,6962,474844867,474896322,51456,206,bytes 474844867-474896322/499617324,51456,51456,276.7127500010247,276.8236669980979,13.534999998228159,290.39612500127987,True,
2,119,4,reused-client,1,large_aoi_392x288px,deflate_128,DEFLATE,128,79,11,6963,474896331,474948466,52136,206,bytes 474896331-474948466/499617324,52136,52136,67.81604200295988,67.92270799996913,38.09704200102715,106.06154200286255,True,
2,119,4,reused-client,1,large_aoi_392x288px,deflate_128,DEFLATE,128,79,12,6964,474948475,475002211,53737,206,bytes 474948475-475002211/499617324,53737,53737,454.1150420009217,454.23254200068186,53.65020800309139,507.9638330025773,True,
2,119,4,reused-client,1,large_aoi_392x288px,deflate_128,DEFLATE,128,79,13,6965,475002220,475052147,49928,206,bytes 475002220-475052147/499617324,49928,49928,53.03200000344077,53.135333000682294,5.7580410029913764,58.932042000378715,True,
2,120,2,reused-client,1,large_aoi_392x288px,deflate_128,DEFLATE,128,77,10,6786,465995630,466048722,53093,206,bytes 465995630-466048722/499617324,53093,53093,46.10116700132494,46.26658400229644,14.583208001567982,60.88654199993471,True,
2,120,2,reused-client,1,large_aoi_392x288px,deflate_128,DEFLATE,128,77,11,6787,466048731,466100993,52263,206,bytes 466048731-466100993/499617324,52263,52263,80.75087500037625,80.88245800172444,6.543457999214297,87.45950000229641,True,
2,120,2,reused-client,1,large_aoi_392x288px,deflate_128,DEFLATE,128,77,12,6788,466101002,466152431,51430,206,bytes 466101002-466152431/499617324,51430,51430,56.91133300206275,57.07254099979764,400.39654200154473,457.48250000178814,True,
2,120,2,reused-client,1,large_aoi_392x288px,deflate_128,DEFLATE,128,77,13,6789,466152440,466206025,53586,206,bytes 466152440-466206025/499617324,53586,53586,74.44541600125376,74.47258300089743,288.8208750009653,363.4185000009893,True,
2,120,2,reused-client,1,large_aoi_392x288px,deflate_128,DEFLATE,128,78,10,6874,470474183,470526343,52161,206,bytes 470474183-470526343/499617324,52161,52161,55.952624999918044,56.043042000965215,20.190709001326468,76.27179200062528,True,
2,120,2,reused-client,1,large_aoi_392x288px,deflate_128,DEFLATE,128,78,11,6875,470526352,470577939,51588,206,bytes 470526352-470577939/499617324,51588,51588,54.21249999926658,54.30891699870699,90.950249999878,145.30612499947893,True,
2,120,2,reused-client,1,large_aoi_392x288px,deflate_128,DEFLATE,128,78,12,6876,470577948,470630526,52579,206,bytes 470577948-470630526/499617324,52579,52579,107.58854199957568,107.68379200089839,17.548749998240964,125.27220899937674,True,
2,120,2,reused-client,1,large_aoi_392x288px,deflate_128,DEFLATE,128,78,13,6877,470630535,470685000,54466,206,bytes 470630535-470685000/499617324,54466,54466,132.69020899679163,132.794583998475,417.46120800235076,550.3161259985063,True,
2,120,2,reused-client,1,large_aoi_392x288px,deflate_128,DEFLATE,128,79,10,6962,474844867,474896322,51456,206,bytes 474844867-474896322/499617324,51456,51456,61.65358299767831,61.77495799784083,24.483834000420757,86.29895799822407,True,
2,120,2,reused-client,1,large_aoi_392x288px,deflate_128,DEFLATE,128,79,11,6963,474896331,474948466,52136,206,bytes 474896331-474948466/499617324,52136,52136,101.0317500004021,101.14674999931594,29.352582998399157,130.55220800015377,True,
2,120,2,reused-client,1,large_aoi_392x288px,deflate_128,DEFLATE,128,79,12,6964,474948475,475002211,53737,206,bytes 474948475-475002211/499617324,53737,53737,72.78695800050627,72.8917909982556,12.22533300096984,85.15791600075318,True,
2,120,2,reused-client,1,large_aoi_392x288px,deflate_128,DEFLATE,128,79,13,6965,475002220,475052147,49928,206,bytes 475002220-475052147/499617324,49928,49928,65.00916700315429,65.11254200086114,25.314416001492646,90.46912499979953,True,
2,121,3,reused-client,1,small_24x18px,zstd_128,ZSTD,128,78,12,6876,463540753,463592563,51811,206,bytes 463540753-463592563/492119117,51811,51811,79.66020799722173,79.78000000002794,24.568332999479026,104.3897499985178,True,
2,122,3,reused-client,1,tiny_12x9px,deflate_512,DEFLATE,512,19,3,421,462985865,463831501,845637,206,bytes 462985865-463831501/499024403,845637,845637,107.8683749983611,107.99408299862989,2007.3784170017461,2115.448001000914,True,
2,123,5,reused-client,1,tiny_12x9px,deflate_256,DEFLATE,256,39,6,1722,470066901,470277493,210593,206,bytes 470066901-470277493/498427477,210593,210593,52.28062499736552,52.3916249985632,126.91670800268184,179.38341699846205,True,
2,124,4,reused-client,1,small_24x18px,lzw_256,LZW,256,39,6,1722,623410206,623687723,277518,206,bytes 623410206-623687723/661012853,277518,277518,139.1825830032758,139.29470800212584,166.68762499830336,306.04412500179023,True,
2,125,1,reused-client,1,viewport_196x144px,zstd_128,ZSTD,128,77,11,6787,459074583,459126136,51554,206,bytes 459074583-459126136/492119117,51554,51554,54.48791700109723,54.609792001429014,8.68895900202915,63.330542001494905,True,
2,125,1,reused-client,1,viewport_196x144px,zstd_128,ZSTD,128,77,12,6788,459126145,459177002,50858,206,bytes 459126145-459177002/492119117,50858,50858,48.014750002039364,48.198708002018975,11.115166998934,59.3437499992433,True,
2,125,1,reused-client,1,viewport_196x144px,zstd_128,ZSTD,128,77,13,6789,459177011,459229715,52705,206,bytes 459177011-459229715/492119117,52705,52705,53.26250000143773,53.39974999878905,13.820749998558313,67.25383400043938,True,
2,125,1,reused-client,1,viewport_196x144px,zstd_128,ZSTD,128,78,11,6875,463490010,463540744,50735,206,bytes 463490010-463540744/492119117,50735,50735,52.537208001012914,52.717416001542006,44.20762500012643,96.98554200076615,True,
2,125,1,reused-client,1,viewport_196x144px,zstd_128,ZSTD,128,78,12,6876,463540753,463592563,51811,206,bytes 463540753-463592563/492119117,51811,51811,81.03020800263039,81.15516700127046,33.884125001350185,115.07654200249817,True,
2,125,1,reused-client,1,viewport_196x144px,zstd_128,ZSTD,128,78,13,6877,463592572,463646112,53541,206,bytes 463592572-463646112/492119117,53541,53541,64.73133300096379,64.86737500017625,54.3731249999837,119.29795800097054,True,
2,126,2,reused-client,1,small_24x18px,lzw_256,LZW,256,39,6,1722,623410206,623687723,277518,206,bytes 623410206-623687723/661012853,277518,277518,55.96062499898835,56.07837500065216,114.49058299695025,170.64562499945168,True,
2,127,4,reused-client,1,large_aoi_392x288px,lzw_128,LZW,128,77,10,6786,616734150,616804263,70114,206,bytes 616734150-616804263/661264391,70114,70114,50.00524999923073,50.08812500091153,36.34854100164375,86.48366600027657,True,
2,127,4,reused-client,1,large_aoi_392x288px,lzw_128,LZW,128,77,11,6787,616804272,616873511,69240,206,bytes 616804272-616873511/661264391,69240,69240,161.83045800062246,161.95587499896646,33.61304200006998,195.63091700183577,True,
2,127,4,reused-client,1,large_aoi_392x288px,lzw_128,LZW,128,77,12,6788,616873520,616941718,68199,206,bytes 616873520-616941718/661264391,68199,68199,89.03420800197637,89.15433299989672,50.02358400088269,139.23487500142073,True,
2,127,4,reused-client,1,large_aoi_392x288px,lzw_128,LZW,128,77,13,6789,616941727,617013200,71474,206,bytes 616941727-617013200/661264391,71474,71474,75.82037500105798,75.94954200249049,26.488874998904066,102.4848330016539,True,
2,127,4,reused-client,1,large_aoi_392x288px,lzw_128,LZW,128,78,10,6874,622678072,622747024,68953,206,bytes 622678072-622747024/661264391,68953,68953,60.27620799795841,60.373707998223836,172.90679200232262,233.34454100040602,True,
2,127,4,reused-client,1,large_aoi_392x288px,lzw_128,LZW,128,78,11,6875,622747033,622814416,67384,206,bytes 622747033-622814416/661264391,67384,67384,121.31195799884154,121.43149999974412,55.704249996779254,177.18304099980742,True,
2,127,4,reused-client,1,large_aoi_392x288px,lzw_128,LZW,128,78,12,6876,622814425,622884075,69651,206,bytes 622814425-622884075/661264391,69651,69651,85.3070419980213,85.42204199693515,37.60579099980532,123.07766699814238,True,
2,127,4,reused-client,1,large_aoi_392x288px,lzw_128,LZW,128,78,13,6877,622884084,622955954,71871,206,bytes 622884084-622955954/661264391,71871,71871,52.624207997723715,52.744917000381975,29.755499999737367,82.54595799735398,True,
2,127,4,reused-client,1,large_aoi_392x288px,lzw_128,LZW,128,79,10,6962,628465466,628533314,67849,206,bytes 628465466-628533314/661264391,67849,67849,144.56220800275332,144.675958003063,76.73937499930616,221.47166700233356,True,
2,127,4,reused-client,1,large_aoi_392x288px,lzw_128,LZW,128,79,11,6963,628533323,628602043,68721,206,bytes 628533323-628602043/661264391,68721,68721,56.00037499971222,56.12379199737916,379.2780420008057,435.4600009974092,True,
2,127,4,reused-client,1,large_aoi_392x288px,lzw_128,LZW,128,79,12,6964,628602052,628673096,71045,206,bytes 628602052-628673096/661264391,71045,71045,309.33354099761345,309.45179099944653,39.728083997033536,349.24383299949113,True,
2,127,4,reused-client,1,large_aoi_392x288px,lzw_128,LZW,128,79,13,6965,628673105,628737744,64640,206,bytes 628673105-628737744/661264391,64640,64640,136.41945799827226,136.5782909997506,57.861749999574386,194.4900409980619,True,
2,128,5,reused-client,1,small_24x18px,deflate_128,DEFLATE,128,78,12,6876,470577948,470630526,52579,206,bytes 470577948-470630526/499617324,52579,52579,71.72854200325673,71.86879200162366,53.693875001044944,125.6730420027452,True,
2,129,3,reused-client,1,viewport_196x144px,deflate_128,DEFLATE,128,77,11,6787,466048731,466100993,52263,206,bytes 466048731-466100993/499617324,52263,52263,99.33850000015809,99.5005000004312,34.27366700270795,133.81529199978104,True,
2,129,3,reused-client,1,viewport_196x144px,deflate_128,DEFLATE,128,77,12,6788,466101002,466152431,51430,206,bytes 466101002-466152431/499617324,51430,51430,77.8077499999199,77.91716599967913,31.831709002290154,109.84945800009882,True,
2,129,3,reused-client,1,viewport_196x144px,deflate_128,DEFLATE,128,77,13,6789,466152440,466206025,53586,206,bytes 466152440-466206025/499617324,53586,53586,65.59033400117187,65.70354200084694,17.537083997012815,83.27975000065635,True,
2,129,3,reused-client,1,viewport_196x144px,deflate_128,DEFLATE,128,78,11,6875,470526352,470577939,51588,206,bytes 470526352-470577939/499617324,51588,51588,58.55587499900139,58.665249998739455,25.19416700306465,83.90650000001187,True,
2,129,3,reused-client,1,viewport_196x144px,deflate_128,DEFLATE,128,78,12,6876,470577948,470630526,52579,206,bytes 470577948-470630526/499617324,52579,52579,72.11341699803597,72.2343749985157,9.272874998714542,81.53579200006789,True,
2,129,3,reused-client,1,viewport_196x144px,deflate_128,DEFLATE,128,78,13,6877,470630535,470685000,54466,206,bytes 470630535-470685000/499617324,54466,54466,47.763250000571134,47.88283399830107,11.00866699925973,58.92037499870639,True,
2,130,3,reused-client,1,small_24x18px,zstd_512,ZSTD,512,19,3,421,454757753,455587037,829285,206,bytes 454757753-455587037/490194415,829285,829285,46.97704199861619,47.09016700144275,666.3718330019037,713.5316249987227,True,
2,131,4,reused-client,1,reference_49x36px,deflate_256,DEFLATE,256,38,6,1678,461178014,461389907,211894,206,bytes 461178014-461389907/498427477,211894,211894,282.0414999987406,282.13474999938626,172.94870799742057,455.1234589998785,True,
2,131,4,reused-client,1,reference_49x36px,deflate_256,DEFLATE,256,39,6,1722,470066901,470277493,210593,206,bytes 470066901-470277493/498427477,210593,210593,66.04587499896297,66.14724999963073,194.17779200011864,260.40254200052004,True,
2,132,2,reused-client,1,small_24x18px,zstd_512,ZSTD,512,19,3,421,454757753,455587037,829285,206,bytes 454757753-455587037/490194415,829285,829285,128.23574999856646,128.38933400053065,425.4982500024198,553.9641670002311,True,
2,133,2,reused-client,1,viewport_98x72px,deflate_512,DEFLATE,512,19,3,421,462985865,463831501,845637,206,bytes 462985865-463831501/499024403,845637,845637,57.57662500036531,57.698500000697095,563.7969999988854,621.5719170031662,True,
2,134,2,reused-client,1,tiny_12x9px,zstd_128,ZSTD,128,78,12,6876,463540753,463592563,51811,206,bytes 463540753-463592563/492119117,51811,51811,60.38079099744209,60.532625000632834,25.506999998469837,86.16804099801811,True,
2,135,4,reused-client,1,tiny_12x9px,zstd_512,ZSTD,512,19,3,421,454757753,455587037,829285,206,bytes 454757753-455587037/490194415,829285,829285,94.79729200029396,94.90841699880548,397.218417001568,492.205541999283,True,
2,136,4,reused-client,1,small_24x18px,zstd_128,ZSTD,128,78,12,6876,463540753,463592563,51811,206,bytes 463540753-463592563/492119117,51811,51811,61.93479200010188,62.05187500017928,20.28733299812302,82.3900830000639,True,
2,137,4,reused-client,1,small_24x18px,lzw_512,LZW,512,19,3,421,613302768,614420752,1117985,206,bytes 613302768-614420752/661107776,1117985,1117985,62.700333997781854,62.86766699849977,2285.869667000952,2348.8053339970065,True,
2,138,4,reused-client,1,reference_49x36px,lzw_128,LZW,128,77,12,6788,616873520,616941718,68199,206,bytes 616873520-616941718/661264391,68199,68199,45.12066600000253,45.22262499813223,37.88587500093854,83.18074999988312,True,
2,138,4,reused-client,1,reference_49x36px,lzw_128,LZW,128,78,12,6876,622814425,622884075,69651,206,bytes 622814425-622884075/661264391,69651,69651,89.31445800044457,89.45849999872735,250.72374999945168,340.2992080009426,True,
2,139,5,reused-client,1,small_24x18px,lzw_256,LZW,256,39,6,1722,623410206,623687723,277518,206,bytes 623410206-623687723/661012853,277518,277518,125.95687500288477,126.0471250025148,486.88316700281575,612.9925839995849,True,
2,140,1,reused-client,1,tiny_12x9px,lzw_128,LZW,128,78,12,6876,622814425,622884075,69651,206,bytes 622814425-622884075/661264391,69651,69651,67.17083400144475,67.31591700008721,12.457415999961086,79.80900000256952,True,
2,141,1,reused-client,1,tiny_12x9px,deflate_256,DEFLATE,256,39,6,1722,470066901,470277493,210593,206,bytes 470066901-470277493/498427477,210593,210593,90.41262499886216,90.52733299904503,130.7540420020814,221.34279199963203,True,
2,142,5,reused-client,1,large_aoi_392x288px,zstd_128,ZSTD,128,77,10,6786,459022256,459074574,52319,206,bytes 459022256-459074574/492119117,52319,52319,62.00133300080779,62.11158299993258,13.631915997393662,75.78766699953121,True,
2,142,5,reused-client,1,large_aoi_392x288px,zstd_128,ZSTD,128,77,11,6787,459074583,459126136,51554,206,bytes 459074583-459126136/492119117,51554,51554,42.4090000014985,42.533499999990454,20.91508400189923,63.490166001429316,True,
2,142,5,reused-client,1,large_aoi_392x288px,zstd_128,ZSTD,128,77,12,6788,459126145,459177002,50858,206,bytes 459126145-459177002/492119117,50858,50858,61.10079199788743,61.213999997562496,27.53258300072048,88.79987500040443,True,
2,142,5,reused-client,1,large_aoi_392x288px,zstd_128,ZSTD,128,77,13,6789,459177011,459229715,52705,206,bytes 459177011-459229715/492119117,52705,52705,46.94695899888757,47.05933399964124,12.441708000551444,59.57458400007454,True,
2,142,5,reused-client,1,large_aoi_392x288px,zstd_128,ZSTD,128,78,10,6874,463438439,463490001,51563,206,bytes 463438439-463490001/492119117,51563,51563,85.15516600164119,85.26120800161152,23.9079170023615,109.2177080026886,True,
2,142,5,reused-client,1,large_aoi_392x288px,zstd_128,ZSTD,128,78,11,6875,463490010,463540744,50735,206,bytes 463490010-463540744/492119117,50735,50735,111.90795799848274,112.00729199845227,47.54720799974166,159.680707998632,True,
2,142,5,reused-client,1,large_aoi_392x288px,zstd_128,ZSTD,128,78,12,6876,463540753,463592563,51811,206,bytes 463540753-463592563/492119117,51811,51811,148.60583400150063,148.75712499997462,14.535292000800837,163.3257510002295,True,
2,142,5,reused-client,1,large_aoi_392x288px,zstd_128,ZSTD,128,78,13,6877,463592572,463646112,53541,206,bytes 463592572-463646112/492119117,53541,53541,110.82537499896716,110.93383399929735,25.471916997048538,136.4391249990149,True,
2,142,5,reused-client,1,large_aoi_392x288px,zstd_128,ZSTD,128,79,10,6962,467744704,467795492,50789,206,bytes 467744704-467795492/492119117,50789,50789,49.680791002174374,49.76183300095727,78.25933300046017,128.05970800036448,True,
2,142,5,reused-client,1,large_aoi_392x288px,zstd_128,ZSTD,128,79,11,6963,467795501,467846880,51380,206,bytes 467795501-467846880/492119117,51380,51380,80.18187500056229,80.32337500117137,23.732417001156136,104.10170800241758,True,
2,142,5,reused-client,1,large_aoi_392x288px,zstd_128,ZSTD,128,79,12,6964,467846889,467899652,52764,206,bytes 467846889-467899652/492119117,52764,52764,209.2199590006203,209.34370900067734,268.8021670001035,478.17787600070005,True,
2,142,5,reused-client,1,large_aoi_392x288px,zstd_128,ZSTD,128,79,13,6965,467899661,467948544,48884,206,bytes 467899661-467948544/492119117,48884,48884,71.26658400011365,71.34812500225962,137.36679200155777,208.76425000096788,True,
2,143,5,reused-client,1,viewport_196x144px,zstd_256,ZSTD,256,38,5,1677,453523840,453731243,207404,206,bytes 453523840-453731243/490384277,207404,207404,63.43474999812315,63.560208000126295,122.39912500081118,186.01966699861805,True,
2,143,5,reused-client,1,viewport_196x144px,zstd_256,ZSTD,256,38,6,1678,453731252,453940035,208784,206,bytes 453731252-453940035/490384277,208784,208784,61.310332999710226,61.467375002393965,75.31612499951734,136.85708300181432,True,
2,143,5,reused-client,1,viewport_196x144px,zstd_256,ZSTD,256,39,5,1721,462295419,462498944,203526,206,bytes 462295419-462498944/490384277,203526,203526,63.21287500031758,63.33495800208766,659.0272920002462,722.4204590020236,True,
2,143,5,reused-client,1,viewport_196x144px,zstd_256,ZSTD,256,39,6,1722,462498953,462705745,206793,206,bytes 462498953-462705745/490384277,206793,206793,64.990791001037,65.09970800107112,101.72129200145719,166.8441250003525,True,
2,144,3,reused-client,1,large_aoi_392x288px,lzw_256,LZW,256,38,5,1677,611308756,611588074,279319,206,bytes 611308756-611588074/661012853,279319,279319,97.61508399969898,97.73295899867662,139.6199999981036,237.40724999879603,True,
2,144,3,reused-client,1,large_aoi_392x288px,lzw_256,LZW,256,38,6,1678,611588083,611870179,282097,206,bytes 611588083-611870179/661012853,282097,282097,57.066874996962724,57.186749996617436,175.556250000227,232.7957499983313,True,
2,144,3,reused-client,1,large_aoi_392x288px,lzw_256,LZW,256,39,5,1721,623137353,623410197,272845,206,bytes 623137353-623410197/661012853,272845,272845,62.05629200121621,62.09462500191876,149.88466600334505,212.0037919994502,True,
2,144,3,reused-client,1,large_aoi_392x288px,lzw_256,LZW,256,39,6,1722,623410206,623687723,277518,206,bytes 623410206-623687723/661012853,277518,277518,75.07237499885377,75.1367909979308,216.32499999759602,291.4867500003311,True,
2,145,3,reused-client,1,reference_49x36px,zstd_128,ZSTD,128,77,12,6788,459126145,459177002,50858,206,bytes 459126145-459177002/492119117,50858,50858,45.668333001231076,45.768625001073815,22.002749999955995,67.80720800088602,True,
2,145,3,reused-client,1,reference_49x36px,zstd_128,ZSTD,128,78,12,6876,463540753,463592563,51811,206,bytes 463540753-463592563/492119117,51811,51811,63.878166998620145,63.95041699943249,30.696500001795357,94.73399999842513,True,
2,146,2,reused-client,1,large_aoi_392x288px,lzw_256,LZW,256,38,5,1677,611308756,611588074,279319,206,bytes 611308756-611588074/661012853,279319,279319,83.81129199915449,83.89195800191374,160.83575000084238,244.81616699995357,True,
2,146,2,reused-client,1,large_aoi_392x288px,lzw_256,LZW,256,38,6,1678,611588083,611870179,282097,206,bytes 611588083-611870179/661012853,282097,282097,63.19266699938453,63.326958999823546,108.50287499852129,171.96450000119512,True,
2,146,2,reused-client,1,large_aoi_392x288px,lzw_256,LZW,256,39,5,1721,623137353,623410197,272845,206,bytes 623137353-623410197/661012853,272845,272845,69.56025000181398,69.67525000072783,137.0290409977315,206.82829200086417,True,
2,146,2,reused-client,1,large_aoi_392x288px,lzw_256,LZW,256,39,6,1722,623410206,623687723,277518,206,bytes 623410206-623687723/661012853,277518,277518,145.33374999882653,145.43583300110186,114.31295899819816,259.79716700021527,True,
2,147,3,reused-client,1,viewport_196x144px,zstd_128,ZSTD,128,77,11,6787,459074583,459126136,51554,206,bytes 459074583-459126136/492119117,51554,51554,44.566749998921296,44.86375000124099,152.75095900142333,197.63816699924064,True,
2,147,3,reused-client,1,viewport_196x144px,zstd_128,ZSTD,128,77,12,6788,459126145,459177002,50858,206,bytes 459126145-459177002/492119117,50858,50858,39.74383300010231,39.79966599945328,62.48733300162712,102.30979100015247,True,
2,147,3,reused-client,1,viewport_196x144px,zstd_128,ZSTD,128,77,13,6789,459177011,459229715,52705,206,bytes 459177011-459229715/492119117,52705,52705,93.24183400167385,93.30858400062425,20.891834003123222,114.22575000324287,True,
2,147,3,reused-client,1,viewport_196x144px,zstd_128,ZSTD,128,78,11,6875,463490010,463540744,50735,206,bytes 463490010-463540744/492119117,50735,50735,60.46499999865773,60.58483399829129,8.246958001109306,68.85399999737274,True,
2,147,3,reused-client,1,viewport_196x144px,zstd_128,ZSTD,128,78,12,6876,463540753,463592563,51811,206,bytes 463540753-463592563/492119117,51811,51811,71.31674999982351,71.44016700112843,7.447874999343185,78.91875000132131,True,
2,147,3,reused-client,1,viewport_196x144px,zstd_128,ZSTD,128,78,13,6877,463592572,463646112,53541,206,bytes 463592572-463646112/492119117,53541,53541,87.94758300064132,88.093458001822,15.12150000053225,103.25929200189421,True,
2,148,5,reused-client,1,small_24x18px,lzw_512,LZW,512,19,3,421,613302768,614420752,1117985,206,bytes 613302768-614420752/661107776,1117985,1117985,82.61345799837727,82.67120799791883,1059.4115419989976,1142.1086669979559,True,
2,149,1,reused-client,1,small_24x18px,lzw_128,LZW,128,78,12,6876,622814425,622884075,69651,206,bytes 622814425-622884075/661264391,69651,69651,216.60358300141525,216.72291700087953,18.23345799857634,235.0060829994618,True,
2,150,3,reused-client,1,tiny_12x9px,lzw_256,LZW,256,39,6,1722,623410206,623687723,277518,206,bytes 623410206-623687723/661012853,277518,277518,202.44766700125183,202.56904200141435,178.79595800332027,381.43337500150665,True,
2,151,2,reused-client,1,tiny_12x9px,zstd_512,ZSTD,512,19,3,421,454757753,455587037,829285,206,bytes 454757753-455587037/490194415,829285,829285,66.61808300123084,66.73783299993374,535.3479169971251,602.1153330002562,True,
2,152,3,reused-client,1,small_24x18px,deflate_256,DEFLATE,256,39,6,1722,470066901,470277493,210593,206,bytes 470066901-470277493/498427477,210593,210593,127.85200000143959,127.96495800284902,182.09983300039312,310.1218330011761,True,
2,153,1,reused-client,1,small_24x18px,zstd_256,ZSTD,256,39,6,1722,462498953,462705745,206793,206,bytes 462498953-462705745/490384277,206793,206793,91.79295899957651,91.90512600252987,132.6932920019317,224.6672090004722,True,
2,154,2,reused-client,1,viewport_196x144px,deflate_128,DEFLATE,128,77,11,6787,466048731,466100993,52263,206,bytes 466048731-466100993/499617324,52263,52263,70.74220899812644,70.86266699843691,28.070625001419103,98.96300000036717,True,
2,154,2,reused-client,1,viewport_196x144px,deflate_128,DEFLATE,128,77,12,6788,466101002,466152431,51430,206,bytes 466101002-466152431/499617324,51430,51430,56.46366700239014,56.56466700020246,20.744458000990562,77.34454200181062,True,
2,154,2,reused-client,1,viewport_196x144px,deflate_128,DEFLATE,128,77,13,6789,466152440,466206025,53586,206,bytes 466152440-466206025/499617324,53586,53586,55.95495799934724,56.63145799917402,6.491457999800332,63.16374999732943,True,
2,154,2,reused-client,1,viewport_196x144px,deflate_128,DEFLATE,128,78,11,6875,470526352,470577939,51588,206,bytes 470526352-470577939/499617324,51588,51588,53.761208000651095,53.84350000167615,17.616291999729583,71.48975000018254,True,
2,154,2,reused-client,1,viewport_196x144px,deflate_128,DEFLATE,128,78,12,6876,470577948,470630526,52579,206,bytes 470577948-470630526/499617324,52579,52579,101.73300000315066,101.80704200320179,12.336583000433166,114.17849999997998,True,
2,154,2,reused-client,1,viewport_196x144px,deflate_128,DEFLATE,128,78,13,6877,470630535,470685000,54466,206,bytes 470630535-470685000/499617324,54466,54466,181.87737499829382,181.98616699737613,18.33641700068256,200.37766699897475,True,
2,155,3,reused-client,1,tiny_12x9px,lzw_128,LZW,128,78,12,6876,622814425,622884075,69651,206,bytes 622814425-622884075/661264391,69651,69651,110.35116699713399,110.47108399725403,36.00991599887493,146.64916699985042,True,
2,156,3,reused-client,1,small_24x18px,lzw_128,LZW,128,78,12,6876,622814425,622884075,69651,206,bytes 622814425-622884075/661264391,69651,69651,45.08179099866538,45.19787499884842,15.797833999386057,61.04708299972117,True,
2,157,1,reused-client,1,viewport_98x72px,zstd_256,ZSTD,256,38,6,1678,453731252,453940035,208784,206,bytes 453731252-453940035/490384277,208784,208784,72.75612499870476,72.8385000002163,99.84245799932978,172.71333399912692,True,
2,157,1,reused-client,1,viewport_98x72px,zstd_256,ZSTD,256,39,6,1722,462498953,462705745,206793,206,bytes 462498953-462705745/490384277,206793,206793,70.39612500011572,70.45758399908664,106.13254200143274,176.61937500088243,True,
2,158,3,reused-client,1,viewport_98x72px,deflate_512,DEFLATE,512,19,3,421,462985865,463831501,845637,206,bytes 462985865-463831501/499024403,845637,845637,102.06145899792318,102.23516699988977,463.7540000003355,566.0284589976072,True,
2,159,3,reused-client,1,tiny_12x9px,zstd_512,ZSTD,512,19,3,421,454757753,455587037,829285,206,bytes 454757753-455587037/490194415,829285,829285,124.62220800080104,124.69370799954049,466.8324999984179,591.594833000272,True,
2,160,5,reused-client,1,small_24x18px,lzw_128,LZW,128,78,12,6876,622814425,622884075,69651,206,bytes 622814425-622884075/661264391,69651,69651,82.03433399830828,82.22291700076312,22.122624999610707,104.39791699900525,True,
2,161,3,reused-client,1,small_24x18px,deflate_128,DEFLATE,128,78,12,6876,470577948,470630526,52579,206,bytes 470577948-470630526/499617324,52579,52579,169.76108300150372,169.87941700062947,26.97625099972356,196.92487500287825,True,
2,162,3,reused-client,1,viewport_98x72px,lzw_512,LZW,512,19,3,421,613302768,614420752,1117985,206,bytes 613302768-614420752/661107776,1117985,1117985,297.33083300016006,297.4161250022007,2103.3316259999992,2400.8023339993088,True,
2,163,1,reused-client,1,small_24x18px,deflate_512,DEFLATE,512,19,3,421,462985865,463831501,845637,206,bytes 462985865-463831501/499024403,845637,845637,45.04349999842816,45.466750001651235,785.6041669983824,831.1715419986285,True,
2,164,1,reused-client,1,tiny_12x9px,zstd_128,ZSTD,128,78,12,6876,463540753,463592563,51811,206,bytes 463540753-463592563/492119117,51811,51811,126.69770799766411,126.82691599911777,25.61362499909592,152.5022079986229,True,
2,165,3,reused-client,1,reference_49x36px,zstd_512,ZSTD,512,19,3,421,454757753,455587037,829285,206,bytes 454757753-455587037/490194415,829285,829285,81.82004099944606,81.94041599927004,431.72687500191387,513.7431670009391,True,
2,166,5,reused-client,1,tiny_12x9px,zstd_128,ZSTD,128,78,12,6876,463540753,463592563,51811,206,bytes 463540753-463592563/492119117,51811,51811,128.18362499820068,128.29033299931325,143.0634589996771,271.40474999760045,True,
2,167,4,reused-client,1,viewport_98x72px,deflate_128,DEFLATE,128,77,12,6788,466101002,466152431,51430,206,bytes 466101002-466152431/499617324,51430,51430,85.18808300141245,85.28662499884376,33.54158300135168,118.88666700178874,True,
2,167,4,reused-client,1,viewport_98x72px,deflate_128,DEFLATE,128,78,12,6876,470577948,470630526,52579,206,bytes 470577948-470630526/499617324,52579,52579,57.89095799991628,58.07916600315366,27.934666999499314,86.07529100117972,True,
2,168,1,reused-client,1,viewport_98x72px,lzw_512,LZW,512,19,3,421,613302768,614420752,1117985,206,bytes 613302768-614420752/661107776,1117985,1117985,75.14749999972992,75.24049999847193,1093.8952500000596,1169.2036669992376,True,
2,169,2,reused-client,1,viewport_98x72px,lzw_512,LZW,512,19,3,421,613302768,614420752,1117985,206,bytes 613302768-614420752/661107776,1117985,1117985,151.4056670021091,151.511333999224,751.3978330025566,903.0243340021116,True,
2,170,4,reused-client,1,tiny_12x9px,deflate_256,DEFLATE,256,39,6,1722,470066901,470277493,210593,206,bytes 470066901-470277493/498427477,210593,210593,85.98104200063972,86.08020900283009,86.8131249990256,173.00320900176303,True,
2,171,1,reused-client,1,small_24x18px,zstd_128,ZSTD,128,78,12,6876,463540753,463592563,51811,206,bytes 463540753-463592563/492119117,51811,51811,78.07145900005708,78.1669169991801,22.738832998584257,100.95799999908195,True,
2,172,2,reused-client,1,reference_49x36px,zstd_256,ZSTD,256,38,6,1678,453731252,453940035,208784,206,bytes 453731252-453940035/490384277,208784,208784,55.47370800195495,55.553541002154816,125.0859580031829,180.70150000130525,True,
2,172,2,reused-client,1,reference_49x36px,zstd_256,ZSTD,256,39,6,1722,462498953,462705745,206793,206,bytes 462498953-462705745/490384277,206793,206793,76.47362499847077,76.58262499899138,146.94091599812964,223.5980000004929,True,
2,173,4,reused-client,1,viewport_98x72px,deflate_256,DEFLATE,256,38,6,1678,461178014,461389907,211894,206,bytes 461178014-461389907/498427477,211894,211894,77.45108300150605,77.55600000018603,295.0756249992992,372.7005000000645,True,
2,173,4,reused-client,1,viewport_98x72px,deflate_256,DEFLATE,256,39,6,1722,470066901,470277493,210593,206,bytes 470066901-470277493/498427477,210593,210593,88.31304199702572,88.43841699854238,1139.3287920000148,1227.8032089998305,True,
2,174,5,reused-client,1,tiny_12x9px,lzw_256,LZW,256,39,6,1722,623410206,623687723,277518,206,bytes 623410206-623687723/661012853,277518,277518,50.2429590014799,50.33191700204043,89.64033400116023,140.04183400174952,True,
2,175,5,reused-client,1,reference_49x36px,zstd_128,ZSTD,128,77,12,6788,459126145,459177002,50858,206,bytes 459126145-459177002/492119117,50858,50858,41.96541700002854,42.08570799892186,14.357874999404885,56.484624998120125,True,
2,175,5,reused-client,1,reference_49x36px,zstd_128,ZSTD,128,78,12,6876,463540753,463592563,51811,206,bytes 463540753-463592563/492119117,51811,51811,39.438834002794465,39.550334000523435,19.148499999573687,58.75058400124544,True,
2,176,1,reused-client,1,viewport_98x72px,zstd_512,ZSTD,512,19,3,421,454757753,455587037,829285,206,bytes 454757753-455587037/490194415,829285,829285,45.21925000153715,45.32762500093668,509.23283399970387,554.6380010018765,True,
2,177,4,reused-client,1,small_24x18px,zstd_512,ZSTD,512,19,3,421,454757753,455587037,829285,206,bytes 454757753-455587037/490194415,829285,829285,78.06808399982401,78.17883400275605,495.91125100050704,574.1612090023409,True,
2,178,1,reused-client,1,small_24x18px,deflate_128,DEFLATE,128,78,12,6876,470577948,470630526,52579,206,bytes 470577948-470630526/499617324,52579,52579,191.54625000010128,191.6483339991828,146.24862500204472,337.96620900102425,True,
2,179,4,reused-client,1,reference_49x36px,lzw_256,LZW,256,38,6,1678,611588083,611870179,282097,206,bytes 611588083-611870179/661012853,282097,282097,56.69879199922434,56.822041999112116,166.55004200219992,223.44887500003097,True,
2,179,4,reused-client,1,reference_49x36px,lzw_256,LZW,256,39,6,1722,623410206,623687723,277518,206,bytes 623410206-623687723/661012853,277518,277518,67.43045899929712,67.5740839978971,171.46216699984507,239.09262500092154,True,
2,180,1,reused-client,1,reference_49x36px,zstd_256,ZSTD,256,38,6,1678,453731252,453940035,208784,206,bytes 453731252-453940035/490384277,208784,208784,66.07749999966472,66.18504200014286,118.41058299978613,184.67587499981164,True,
2,180,1,reused-client,1,reference_49x36px,zstd_256,ZSTD,256,39,6,1722,462498953,462705745,206793,206,bytes 462498953-462705745/490384277,206793,206793,159.71595899827662,159.9488760002714,108.37629199886578,268.45862600021064,True,
2,181,1,reused-client,1,large_aoi_392x288px,deflate_128,DEFLATE,128,77,10,6786,465995630,466048722,53093,206,bytes 465995630-466048722/499617324,53093,53093,193.7526669971703,193.8552499996149,28.1444169995666,222.05625000060536,True,
2,181,1,reused-client,1,large_aoi_392x288px,deflate_128,DEFLATE,128,77,11,6787,466048731,466100993,52263,206,bytes 466048731-466100993/499617324,52263,52263,108.62333300246974,108.75866700007464,857.5279590004357,966.3653339994198,True,
2,181,1,reused-client,1,large_aoi_392x288px,deflate_128,DEFLATE,128,77,12,6788,466101002,466152431,51430,206,bytes 466101002-466152431/499617324,51430,51430,71.98966700161691,72.15512599941576,13.068667001789436,85.25795899913646,True,
2,181,1,reused-client,1,large_aoi_392x288px,deflate_128,DEFLATE,128,77,13,6789,466152440,466206025,53586,206,bytes 466152440-466206025/499617324,53586,53586,47.48695799935376,47.61287499786704,334.60924999963026,382.2854999998526,True,
2,181,1,reused-client,1,large_aoi_392x288px,deflate_128,DEFLATE,128,78,10,6874,470474183,470526343,52161,206,bytes 470474183-470526343/499617324,52161,52161,207.71137499832548,207.8308329982974,40.833126000507036,248.71558399900096,True,
2,181,1,reused-client,1,large_aoi_392x288px,deflate_128,DEFLATE,128,78,11,6875,470526352,470577939,51588,206,bytes 470526352-470577939/499617324,51588,51588,38.40166699956171,38.466458001494175,12.611624999408377,51.10399999830406,True,
2,181,1,reused-client,1,large_aoi_392x288px,deflate_128,DEFLATE,128,78,12,6876,470577948,470630526,52579,206,bytes 470577948-470630526/499617324,52579,52579,49.48408400014159,49.57454200120992,83.126124998671,132.76716700056568,True,
2,181,1,reused-client,1,large_aoi_392x288px,deflate_128,DEFLATE,128,78,13,6877,470630535,470685000,54466,206,bytes 470630535-470685000/499617324,54466,54466,184.27958299798775,184.3934159987839,43.24741600066773,227.69958299977588,True,
2,181,1,reused-client,1,large_aoi_392x288px,deflate_128,DEFLATE,128,79,10,6962,474844867,474896322,51456,206,bytes 474844867-474896322/499617324,51456,51456,55.3267909999704,55.41220799932489,12.321499998506624,67.7765830005228,True,
2,181,1,reused-client,1,large_aoi_392x288px,deflate_128,DEFLATE,128,79,11,6963,474896331,474948466,52136,206,bytes 474896331-474948466/499617324,52136,52136,118.51862500043353,118.73933400056558,23.260250000021188,142.03208400067524,True,
2,181,1,reused-client,1,large_aoi_392x288px,deflate_128,DEFLATE,128,79,12,6964,474948475,475002211,53737,206,bytes 474948475-475002211/499617324,53737,53737,61.23137499889708,61.334541998803616,35.41358400252648,96.80620899962378,True,
2,181,1,reused-client,1,large_aoi_392x288px,deflate_128,DEFLATE,128,79,13,6965,475002220,475052147,49928,206,bytes 475002220-475052147/499617324,49928,49928,42.50825000053737,42.63808399991831,40.07258300043759,82.76579200173728,True,
2,182,2,reused-client,1,tiny_12x9px,zstd_256,ZSTD,256,39,6,1722,462498953,462705745,206793,206,bytes 462498953-462705745/490384277,206793,206793,64.92779100153712,64.95758300297894,121.66133299979265,186.68079100098112,True,
2,183,5,reused-client,1,viewport_98x72px,deflate_256,DEFLATE,256,38,6,1678,461178014,461389907,211894,206,bytes 461178014-461389907/498427477,211894,211894,51.03354200036847,51.16500000076485,106.03125000125146,157.2630830014532,True,
2,183,5,reused-client,1,viewport_98x72px,deflate_256,DEFLATE,256,39,6,1722,470066901,470277493,210593,206,bytes 470066901-470277493/498427477,210593,210593,47.91674999796669,48.02025000026333,78.90612499977578,126.98874999841792,True,
2,184,1,reused-client,1,viewport_196x144px,lzw_128,LZW,128,77,11,6787,616804272,616873511,69240,206,bytes 616804272-616873511/661264391,69240,69240,137.77041699722758,137.9059579994646,18.4282499976689,156.37387499737088,True,
2,184,1,reused-client,1,viewport_196x144px,lzw_128,LZW,128,77,12,6788,616873520,616941718,68199,206,bytes 616873520-616941718/661264391,68199,68199,39.96674999871175,40.037250000750646,18.64945800116402,58.73575000077835,True,
2,184,1,reused-client,1,viewport_196x144px,lzw_128,LZW,128,77,13,6789,616941727,617013200,71474,206,bytes 616941727-617013200/661264391,71474,71474,52.15400000088266,52.25904100007028,24.19545800148626,76.50075000128709,True,
2,184,1,reused-client,1,viewport_196x144px,lzw_128,LZW,128,78,11,6875,622747033,622814416,67384,206,bytes 622747033-622814416/661264391,67384,67384,72.54337500125985,72.65354199989815,24.62858299986692,97.32154200173682,True,
2,184,1,reused-client,1,viewport_196x144px,lzw_128,LZW,128,78,12,6876,622814425,622884075,69651,206,bytes 622814425-622884075/661264391,69651,69651,49.39050000029965,49.49716700139106,46.74729199905414,96.30695800296962,True,
2,184,1,reused-client,1,viewport_196x144px,lzw_128,LZW,128,78,13,6877,622884084,622955954,71871,206,bytes 622884084-622955954/661264391,71871,71871,53.01666699961061,53.120958000363316,50.26791699856403,103.45512499770848,True,
2,185,4,reused-client,1,reference_49x36px,zstd_512,ZSTD,512,19,3,421,454757753,455587037,829285,206,bytes 454757753-455587037/490194415,829285,829285,67.48458299989579,67.59820799925365,655.3633759976947,723.0235419992823,True,
2,186,4,reused-client,1,tiny_12x9px,deflate_128,DEFLATE,128,78,12,6876,470577948,470630526,52579,206,bytes 470577948-470630526/499617324,52579,52579,56.11641600262374,56.34550000104355,11.397124999348307,67.78508299976238,True,
2,187,1,reused-client,1,small_24x18px,lzw_512,LZW,512,19,3,421,613302768,614420752,1117985,206,bytes 613302768-614420752/661107776,1117985,1117985,54.31154200050514,54.41866699766251,1129.3713329978345,1183.8674169994192,True,
2,188,4,reused-client,1,reference_49x36px,deflate_512,DEFLATE,512,19,3,421,462985865,463831501,845637,206,bytes 462985865-463831501/499024403,845637,845637,78.66458300122758,78.75837499886984,764.5527089989628,843.3803330008232,True,
2,189,1,reused-client,1,viewport_196x144px,zstd_512,ZSTD,512,19,2,420,453940732,454757744,817013,206,bytes 453940732-454757744/490194415,817013,817013,56.72420900009456,56.85762500070268,946.3678749998508,1003.2760840003903,True,
2,189,1,reused-client,1,viewport_196x144px,zstd_512,ZSTD,512,19,3,421,454757753,455587037,829285,206,bytes 454757753-455587037/490194415,829285,829285,53.393707999930484,53.51104200235568,504.2680830010795,557.7939590002643,True,
2,190,2,reused-client,1,viewport_98x72px,deflate_256,DEFLATE,256,38,6,1678,461178014,461389907,211894,206,bytes 461178014-461389907/498427477,211894,211894,46.01691700008814,46.086084003036376,119.03358299969113,165.15725000135717,True,
2,190,2,reused-client,1,viewport_98x72px,deflate_256,DEFLATE,256,39,6,1722,470066901,470277493,210593,206,bytes 470066901-470277493/498427477,210593,210593,84.66370899986941,84.78554200337385,191.3671250003972,276.21450000151526,True,
2,191,5,reused-client,1,reference_49x36px,deflate_512,DEFLATE,512,19,3,421,462985865,463831501,845637,206,bytes 462985865-463831501/499024403,845637,845637,78.925124998932,79.05545800167602,560.7301669988374,639.8510830003943,True,
2,192,5,reused-client,1,viewport_98x72px,zstd_128,ZSTD,128,77,12,6788,459126145,459177002,50858,206,bytes 459126145-459177002/492119117,50858,50858,50.83008400106337,50.94649999955436,49.97754100259044,100.97866700016311,True,
2,192,5,reused-client,1,viewport_98x72px,zstd_128,ZSTD,128,78,12,6876,463540753,463592563,51811,206,bytes 463540753-463592563/492119117,51811,51811,88.78712499790709,88.91091599798528,33.74170900133322,122.7012499984994,True,
2,193,5,reused-client,1,reference_49x36px,zstd_256,ZSTD,256,38,6,1678,453731252,453940035,208784,206,bytes 453731252-453940035/490384277,208784,208784,121.75850000130595,121.8574170015927,111.35037500207545,233.2719170008204,True,
2,193,5,reused-client,1,reference_49x36px,zstd_256,ZSTD,256,39,6,1722,462498953,462705745,206793,206,bytes 462498953-462705745/490384277,206793,206793,75.21366599758039,75.32220799839706,196.80454199988162,272.1879579985398,True,
2,194,1,reused-client,1,large_aoi_392x288px,lzw_128,LZW,128,77,10,6786,616734150,616804263,70114,206,bytes 616734150-616804263/661264391,70114,70114,65.24216700199759,65.33158300226205,30.005208998773014,95.39012500317767,True,
2,194,1,reused-client,1,large_aoi_392x288px,lzw_128,LZW,128,77,11,6787,616804272,616873511,69240,206,bytes 616804272-616873511/661264391,69240,69240,44.4857080001384,44.58383300152491,32.90654200100107,77.51500000085798,True,
2,194,1,reused-client,1,large_aoi_392x288px,lzw_128,LZW,128,77,12,6788,616873520,616941718,68199,206,bytes 616873520-616941718/661264391,68199,68199,177.7927510011068,177.904916999978,35.18162500040489,213.12283400038723,True,
2,194,1,reused-client,1,large_aoi_392x288px,lzw_128,LZW,128,77,13,6789,616941727,617013200,71474,206,bytes 616941727-617013200/661264391,71474,71474,57.68966699906741,57.79350000011618,60.310749999189284,118.1719999985944,True,
2,194,1,reused-client,1,large_aoi_392x288px,lzw_128,LZW,128,78,10,6874,622678072,622747024,68953,206,bytes 622678072-622747024/661264391,68953,68953,173.56241699962993,173.67291700065834,49.41029100154992,223.2033340005728,True,
2,194,1,reused-client,1,large_aoi_392x288px,lzw_128,LZW,128,78,11,6875,622747033,622814416,67384,206,bytes 622747033-622814416/661264391,67384,67384,52.185750002536224,52.31666600229801,29.586333002953324,81.94679100051872,True,
2,194,1,reused-client,1,large_aoi_392x288px,lzw_128,LZW,128,78,12,6876,622814425,622884075,69651,206,bytes 622814425-622884075/661264391,69651,69651,65.53820800036192,65.64970799809089,52.90566600160673,118.61408299955656,True,
2,194,1,reused-client,1,large_aoi_392x288px,lzw_128,LZW,128,78,13,6877,622884084,622955954,71871,206,bytes 622884084-622955954/661264391,71871,71871,66.9027920012013,66.99716699949931,45.824458000424784,112.85691699958988,True,
2,194,1,reused-client,1,large_aoi_392x288px,lzw_128,LZW,128,79,10,6962,628465466,628533314,67849,206,bytes 628465466-628533314/661264391,67849,67849,61.42587499925867,61.4842499999213,13.729166999837616,75.242499999149,True,
2,194,1,reused-client,1,large_aoi_392x288px,lzw_128,LZW,128,79,11,6963,628533323,628602043,68721,206,bytes 628533323-628602043/661264391,68721,68721,84.71741700122948,84.78487500178744,1.1172500016982667,85.9190840019437,True,
2,194,1,reused-client,1,large_aoi_392x288px,lzw_128,LZW,128,79,12,6964,628602052,628673096,71045,206,bytes 628602052-628673096/661264391,71045,71045,43.38524999911897,43.448000000353204,18.007959002716234,61.48649999886402,True,
2,194,1,reused-client,1,large_aoi_392x288px,lzw_128,LZW,128,79,13,6965,628673105,628737744,64640,206,bytes 628673105-628737744/661264391,64640,64640,71.2658750016999,71.3628340017749,131.088042002375,202.49258400144754,True,
2,195,3,reused-client,1,viewport_196x144px,lzw_128,LZW,128,77,11,6787,616804272,616873511,69240,206,bytes 616804272-616873511/661264391,69240,69240,80.96637500057113,81.07354200183181,199.11483300165855,280.2642500028014,True,
2,195,3,reused-client,1,viewport_196x144px,lzw_128,LZW,128,77,12,6788,616873520,616941718,68199,206,bytes 616873520-616941718/661264391,68199,68199,76.68441699934192,76.8044579999696,199.90312500158325,276.7715420013701,True,
2,195,3,reused-client,1,viewport_196x144px,lzw_128,LZW,128,77,13,6789,616941727,617013200,71474,206,bytes 616941727-617013200/661264391,71474,71474,51.63295799866319,51.687416998902336,45.89250000208267,97.59095800109208,True,
2,195,3,reused-client,1,viewport_196x144px,lzw_128,LZW,128,78,11,6875,622747033,622814416,67384,206,bytes 622747033-622814416/661264391,67384,67384,66.89433299834491,66.95416599905002,44.41133300133515,111.40345799867646,True,
2,195,3,reused-client,1,viewport_196x144px,lzw_128,LZW,128,78,12,6876,622814425,622884075,69651,206,bytes 622814425-622884075/661264391,69651,69651,49.576042001717724,49.639625001873355,29.866083001252264,79.55458400101634,True,
2,195,3,reused-client,1,viewport_196x144px,lzw_128,LZW,128,78,13,6877,622884084,622955954,71871,206,bytes 622884084-622955954/661264391,71871,71871,78.27612499750103,78.41329199800384,26.925958001811523,105.38104199804366,True,
2,196,1,reused-client,1,viewport_98x72px,lzw_128,LZW,128,77,12,6788,616873520,616941718,68199,206,bytes 616873520-616941718/661264391,68199,68199,52.859790997899836,52.97366599916131,25.599542001145892,78.60579099724418,True,
2,196,1,reused-client,1,viewport_98x72px,lzw_128,LZW,128,78,12,6876,622814425,622884075,69651,206,bytes 622814425-622884075/661264391,69651,69651,50.18962499889312,50.248707997525344,52.714041998115135,102.99858299913467,True,
2,197,1,reused-client,1,tiny_12x9px,deflate_128,DEFLATE,128,78,12,6876,470577948,470630526,52579,206,bytes 470577948-470630526/499617324,52579,52579,43.72970799886389,43.794416000309866,10.252249998302432,54.065415999502875,True,
2,198,3,reused-client,1,viewport_98x72px,deflate_128,DEFLATE,128,77,12,6788,466101002,466152431,51430,206,bytes 466101002-466152431/499617324,51430,51430,102.25449999779812,102.37379199679708,24.287791002279846,126.70074999914505,True,
2,198,3,reused-client,1,viewport_98x72px,deflate_128,DEFLATE,128,78,12,6876,470577948,470630526,52579,206,bytes 470577948-470630526/499617324,52579,52579,45.53174999819021,45.642042001418304,113.33795800237567,159.0501669998048,True,
2,199,5,reused-client,1,tiny_12x9px,deflate_128,DEFLATE,128,78,12,6876,470577948,470630526,52579,206,bytes 470577948-470630526/499617324,52579,52579,140.8476670003438,140.97062600194477,60.12191599802463,201.17270899936557,True,
2,200,2,reused-client,1,large_aoi_392x288px,zstd_512,ZSTD,512,19,2,420,453940732,454757744,817013,206,bytes 453940732-454757744/490194415,817013,817013,93.8802909986407,94.00024999922607,765.2530420018593,859.3334580000374,True,
2,200,2,reused-client,1,large_aoi_392x288px,zstd_512,ZSTD,512,19,3,421,454757753,455587037,829285,206,bytes 454757753-455587037/490194415,829285,829285,38.590624997596024,38.6734579988115,368.040833996929,406.78441699856194,True,
2,201,2,reused-client,1,reference_49x36px,lzw_512,LZW,512,19,3,421,613302768,614420752,1117985,206,bytes 613302768-614420752/661107776,1117985,1117985,58.16683400189504,58.23637600042275,604.7722080002131,663.0811260001792,True,
2,202,4,reused-client,1,viewport_196x144px,lzw_512,LZW,512,19,2,420,612205443,613302759,1097317,206,bytes 612205443-613302759/661107776,1097317,1097317,42.89091600003303,42.997958000341896,486.2625419991673,529.3244999993476,True,
2,202,4,reused-client,1,viewport_196x144px,lzw_512,LZW,512,19,3,421,613302768,614420752,1117985,206,bytes 613302768-614420752/661107776,1117985,1117985,87.0770840010664,87.18333399883704,1475.2769170008833,1562.5377930009563,True,
2,203,1,reused-client,1,viewport_98x72px,zstd_128,ZSTD,128,77,12,6788,459126145,459177002,50858,206,bytes 459126145-459177002/492119117,50858,50858,190.81570799971814,190.9336249991611,55.44816700057709,246.4917079996667,True,
2,203,1,reused-client,1,viewport_98x72px,zstd_128,ZSTD,128,78,12,6876,463540753,463592563,51811,206,bytes 463540753-463592563/492119117,51811,51811,83.28325000184122,83.41241700327373,33.763791998353554,117.21816700082854,True,
2,204,1,reused-client,1,large_aoi_392x288px,deflate_512,DEFLATE,512,19,2,420,462155354,462985856,830503,206,bytes 462155354-462985856/499024403,830503,830503,65.8333749997837,66.32095799795934,662.8144579990476,729.203167000378,True,
2,204,1,reused-client,1,large_aoi_392x288px,deflate_512,DEFLATE,512,19,3,421,462985865,463831501,845637,206,bytes 462985865-463831501/499024403,845637,845637,64.23291600003722,64.32508299985784,393.48200099993846,457.86537500316626,True,
2,205,3,reused-client,1,large_aoi_392x288px,deflate_128,DEFLATE,128,77,10,6786,465995630,466048722,53093,206,bytes 465995630-466048722/499617324,53093,53093,47.0503340002324,47.1797919999517,4.452791999938199,51.66362499949173,True,
2,205,3,reused-client,1,large_aoi_392x288px,deflate_128,DEFLATE,128,77,11,6787,466048731,466100993,52263,206,bytes 466048731-466100993/499617324,52263,52263,42.26929099968402,42.41974999968079,53.13187499996275,95.6170409990591,True,
2,205,3,reused-client,1,large_aoi_392x288px,deflate_128,DEFLATE,128,77,12,6788,466101002,466152431,51430,206,bytes 466101002-466152431/499617324,51430,51430,56.797541001287755,56.89620799967088,9.936624999681953,66.87299999975949,True,
2,205,3,reused-client,1,large_aoi_392x288px,deflate_128,DEFLATE,128,77,13,6789,466152440,466206025,53586,206,bytes 466152440-466206025/499617324,53586,53586,131.1809999970137,131.29512499654084,9.532959000353003,140.8604579992243,True,
2,205,3,reused-client,1,large_aoi_392x288px,deflate_128,DEFLATE,128,78,10,6874,470474183,470526343,52161,206,bytes 470474183-470526343/499617324,52161,52161,50.04708399792435,50.190083999041235,11.48204200217151,61.70545900022262,True,
2,205,3,reused-client,1,large_aoi_392x288px,deflate_128,DEFLATE,128,78,11,6875,470526352,470577939,51588,206,bytes 470526352-470577939/499617324,51588,51588,59.77400000119815,59.887374998652376,11.012292001396418,70.94237500132294,True,
2,205,3,reused-client,1,large_aoi_392x288px,deflate_128,DEFLATE,128,78,12,6876,470577948,470630526,52579,206,bytes 470577948-470630526/499617324,52579,52579,47.61254100230872,47.69104099977994,22.61295800053631,70.33741600025678,True,
2,205,3,reused-client,1,large_aoi_392x288px,deflate_128,DEFLATE,128,78,13,6877,470630535,470685000,54466,206,bytes 470630535-470685000/499617324,54466,54466,65.12141699931817,65.1969589998771,65.10116700155777,130.33070900200983,True,
2,205,3,reused-client,1,large_aoi_392x288px,deflate_128,DEFLATE,128,79,10,6962,474844867,474896322,51456,206,bytes 474844867-474896322/499617324,51456,51456,64.88158299907809,64.97270799809485,38.97225000036997,103.99437500018394,True,
2,205,3,reused-client,1,large_aoi_392x288px,deflate_128,DEFLATE,128,79,11,6963,474896331,474948466,52136,206,bytes 474896331-474948466/499617324,52136,52136,40.202208001574036,40.27079099978437,139.70633300050395,180.02866599999834,True,
2,205,3,reused-client,1,large_aoi_392x288px,deflate_128,DEFLATE,128,79,12,6964,474948475,475002211,53737,206,bytes 474948475-475002211/499617324,53737,53737,74.13716700102668,74.23041699803434,30.41566699903342,104.6945419984695,True,
2,205,3,reused-client,1,large_aoi_392x288px,deflate_128,DEFLATE,128,79,13,6965,475002220,475052147,49928,206,bytes 475002220-475052147/499617324,49928,49928,42.84399999960442,42.92958299993188,31.06070799913141,74.03587500084541,True,
2,206,4,reused-client,1,reference_49x36px,zstd_128,ZSTD,128,77,12,6788,459126145,459177002,50858,206,bytes 459126145-459177002/492119117,50858,50858,52.26358300205902,52.35129100037739,19.120416000077967,71.51312499991036,True,
2,206,4,reused-client,1,reference_49x36px,zstd_128,ZSTD,128,78,12,6876,463540753,463592563,51811,206,bytes 463540753-463592563/492119117,51811,51811,169.58445899945218,169.6978340005444,27.00879200347117,196.7508749985427,True,
2,207,4,reused-client,1,viewport_196x144px,deflate_128,DEFLATE,128,77,11,6787,466048731,466100993,52263,206,bytes 466048731-466100993/499617324,52263,52263,63.75704200036125,63.93945800300571,12.627000000065891,76.5996250011085,True,
2,207,4,reused-client,1,viewport_196x144px,deflate_128,DEFLATE,128,77,12,6788,466101002,466152431,51430,206,bytes 466101002-466152431/499617324,51430,51430,63.68687500071246,63.75304200264509,23.53070800018031,87.32320900162449,True,
2,207,4,reused-client,1,viewport_196x144px,deflate_128,DEFLATE,128,77,13,6789,466152440,466206025,53586,206,bytes 466152440-466206025/499617324,53586,53586,47.48874999859254,47.59879099947284,44.9971669986553,92.72224999949685,True,
2,207,4,reused-client,1,viewport_196x144px,deflate_128,DEFLATE,128,78,11,6875,470526352,470577939,51588,206,bytes 470526352-470577939/499617324,51588,51588,47.87787500026752,48.00354100007098,24.071583000477403,72.133790999942,True,
2,207,4,reused-client,1,viewport_196x144px,deflate_128,DEFLATE,128,78,12,6876,470577948,470630526,52579,206,bytes 470577948-470630526/499617324,52579,52579,75.43391700164648,75.54116699975566,18.98941700346768,94.61204200124484,True,
2,207,4,reused-client,1,viewport_196x144px,deflate_128,DEFLATE,128,78,13,6877,470630535,470685000,54466,206,bytes 470630535-470685000/499617324,54466,54466,93.44341600080952,93.52837500046007,15.25591700192308,108.80537500270293,True,
2,208,2,reused-client,1,small_24x18px,lzw_512,LZW,512,19,3,421,613302768,614420752,1117985,206,bytes 613302768-614420752/661107776,1117985,1117985,54.011000000173226,54.09091600085958,830.1087920008285,884.2687920005119,True,
2,209,4,reused-client,1,small_24x18px,lzw_128,LZW,128,78,12,6876,622814425,622884075,69651,206,bytes 622814425-622884075/661264391,69651,69651,91.40049999768962,91.50104199943598,82.23804199951701,173.79133400027058,True,
2,210,5,reused-client,1,reference_49x36px,lzw_256,LZW,256,38,6,1678,611588083,611870179,282097,206,bytes 611588083-611870179/661012853,282097,282097,43.70812500201282,43.81600000124308,286.02516599858063,329.910167001799,True,
2,210,5,reused-client,1,reference_49x36px,lzw_256,LZW,256,39,6,1722,623410206,623687723,277518,206,bytes 623410206-623687723/661012853,277518,277518,172.9469589990913,173.07091700058663,232.47141700267093,405.5913340016559,True,
2,211,5,reused-client,1,viewport_196x144px,zstd_512,ZSTD,512,19,2,420,453940732,454757744,817013,206,bytes 453940732-454757744/490194415,817013,817013,61.075416997482534,61.09983299757005,1275.4282930000045,1336.6406669993012,True,
2,211,5,reused-client,1,viewport_196x144px,zstd_512,ZSTD,512,19,3,421,454757753,455587037,829285,206,bytes 454757753-455587037/490194415,829285,829285,95.28845800014096,95.41087500110734,864.5452080018003,960.0295840027684,True,
2,212,4,reused-client,1,large_aoi_392x288px,lzw_256,LZW,256,38,5,1677,611308756,611588074,279319,206,bytes 611308756-611588074/661012853,279319,279319,253.89424999957555,254.01162499838392,1234.9586249983986,1489.011166999262,True,
2,212,4,reused-client,1,large_aoi_392x288px,lzw_256,LZW,256,38,6,1678,611588083,611870179,282097,206,bytes 611588083-611870179/661012853,282097,282097,153.88112599976012,153.9885009988211,415.03895899950294,569.0572509993217,True,
2,212,4,reused-client,1,large_aoi_392x288px,lzw_256,LZW,256,39,5,1721,623137353,623410197,272845,206,bytes 623137353-623410197/661012853,272845,272845,42.23012500006007,42.33212500184891,394.08266700047534,436.4756249997299,True,
2,212,4,reused-client,1,large_aoi_392x288px,lzw_256,LZW,256,39,6,1722,623410206,623687723,277518,206,bytes 623410206-623687723/661012853,277518,277518,210.40220799841336,210.50670800104854,357.0712500004447,567.5914169987664,True,
2,213,1,reused-client,1,reference_49x36px,lzw_512,LZW,512,19,3,421,613302768,614420752,1117985,206,bytes 613302768-614420752/661107776,1117985,1117985,90.584375000617,90.6425829998625,2107.886834000965,2198.5701260018686,True,
2,214,1,reused-client,1,large_aoi_392x288px,lzw_256,LZW,256,38,5,1677,611308756,611588074,279319,206,bytes 611308756-611588074/661012853,279319,279319,37.5446660000307,37.617916001181584,158.65233300064574,196.40533300116658,True,
2,214,1,reused-client,1,large_aoi_392x288px,lzw_256,LZW,256,38,6,1678,611588083,611870179,282097,206,bytes 611588083-611870179/661012853,282097,282097,42.627374998119194,42.694791998656,213.50570800132118,256.2469579970639,True,
2,214,1,reused-client,1,large_aoi_392x288px,lzw_256,LZW,256,39,5,1721,623137353,623410197,272845,206,bytes 623137353-623410197/661012853,272845,272845,152.72283399826847,152.79595899846754,90.97754200047348,243.83079199833446,True,
2,214,1,reused-client,1,large_aoi_392x288px,lzw_256,LZW,256,39,6,1722,623410206,623687723,277518,206,bytes 623410206-623687723/661012853,277518,277518,39.34487500009709,39.4781659997534,140.17866699941806,179.6878330023901,True,
2,215,2,reused-client,1,small_24x18px,deflate_512,DEFLATE,512,19,3,421,462985865,463831501,845637,206,bytes 462985865-463831501/499024403,845637,845637,72.57799999933923,72.67191700157127,854.5505420006521,927.2628750004515,True,
2,216,2,reused-client,1,tiny_12x9px,lzw_512,LZW,512,19,3,421,613302768,614420752,1117985,206,bytes 613302768-614420752/661107776,1117985,1117985,141.29120800134842,141.42837500185124,1094.6796249991166,1236.1595000002126,True,
2,217,1,reused-client,1,viewport_196x144px,deflate_256,DEFLATE,256,38,5,1677,460967157,461178005,210849,206,bytes 460967157-461178005/498427477,210849,210849,83.80729200143833,83.89816700218944,154.140541999368,238.07425000268267,True,
2,217,1,reused-client,1,viewport_196x144px,deflate_256,DEFLATE,256,38,6,1678,461178014,461389907,211894,206,bytes 461178014-461389907/498427477,211894,211894,52.04191700249794,52.10829200223088,101.51949999999488,153.6873340010061,True,
2,217,1,reused-client,1,viewport_196x144px,deflate_256,DEFLATE,256,39,5,1721,469859936,470066892,206957,206,bytes 469859936-470066892/498427477,206957,206957,58.95337499896414,59.08512499809149,56.2111660001392,115.35612499937997,True,
2,217,1,reused-client,1,viewport_196x144px,deflate_256,DEFLATE,256,39,6,1722,470066901,470277493,210593,206,bytes 470066901-470277493/498427477,210593,210593,44.823584001278505,44.951291998586385,435.3858760005096,480.39812600109144,True,
2,218,2,reused-client,1,viewport_196x144px,zstd_512,ZSTD,512,19,2,420,453940732,454757744,817013,206,bytes 453940732-454757744/490194415,817013,817013,63.04479100072058,63.16474999766797,538.7987499998417,601.9886249996489,True,
2,218,2,reused-client,1,viewport_196x144px,zstd_512,ZSTD,512,19,3,421,454757753,455587037,829285,206,bytes 454757753-455587037/490194415,829285,829285,125.43599999844446,125.55237500055227,339.72279199952027,465.34866699948907,True,
2,219,4,reused-client,1,viewport_98x72px,zstd_512,ZSTD,512,19,3,421,454757753,455587037,829285,206,bytes 454757753-455587037/490194415,829285,829285,60.67929199707578,60.779666997405,447.14754100277787,507.9933329980122,True,
2,220,3,reused-client,1,reference_49x36px,lzw_512,LZW,512,19,3,421,613302768,614420752,1117985,206,bytes 613302768-614420752/661107776,1117985,1117985,43.539709000469884,43.647874997986946,620.0853330010432,663.7766259991622,True,
2,221,5,reused-client,1,viewport_98x72px,lzw_512,LZW,512,19,3,421,613302768,614420752,1117985,206,bytes 613302768-614420752/661107776,1117985,1117985,63.94633400122984,64.05975000234321,1187.3572090007656,1251.4785010025662,True,
2,222,4,reused-client,1,viewport_98x72px,lzw_512,LZW,512,19,3,421,613302768,614420752,1117985,206,bytes 613302768-614420752/661107776,1117985,1117985,66.27000000298722,66.3207079996937,778.4291250027309,844.7760000017297,True,
2,223,5,reused-client,1,reference_49x36px,deflate_128,DEFLATE,128,77,12,6788,466101002,466152431,51430,206,bytes 466101002-466152431/499617324,51430,51430,69.81520900080795,69.91537500289269,0.44999999954598024,70.3819590016792,True,
2,223,5,reused-client,1,reference_49x36px,deflate_128,DEFLATE,128,78,12,6876,470577948,470630526,52579,206,bytes 470577948-470630526/499617324,52579,52579,44.07758399975137,44.15104199870257,3.3983749999606516,47.56979200101341,True,
2,224,2,reused-client,1,tiny_12x9px,deflate_512,DEFLATE,512,19,3,421,462985865,463831501,845637,206,bytes 462985865-463831501/499024403,845637,845637,47.686833000625484,47.80041699996218,639.570334002201,687.3833339996054,True,
2,225,5,reused-client,1,viewport_196x144px,deflate_128,DEFLATE,128,77,11,6787,466048731,466100993,52263,206,bytes 466048731-466100993/499617324,52263,52263,44.580167003005045,44.6422920031182,16.946874999121064,61.62245900122798,True,
2,225,5,reused-client,1,viewport_196x144px,deflate_128,DEFLATE,128,77,12,6788,466101002,466152431,51430,206,bytes 466101002-466152431/499617324,51430,51430,45.73879199961084,45.82591699727345,10.448959001223557,56.30349999773898,True,
2,225,5,reused-client,1,viewport_196x144px,deflate_128,DEFLATE,128,77,13,6789,466152440,466206025,53586,206,bytes 466152440-466206025/499617324,53586,53586,70.16183299856493,70.28824999724748,8.818834001431242,79.13874999940163,True,
2,225,5,reused-client,1,viewport_196x144px,deflate_128,DEFLATE,128,78,11,6875,470526352,470577939,51588,206,bytes 470526352-470577939/499617324,51588,51588,66.3128330015752,66.446332999476,17.9885000034119,84.7957910009427,True,
2,225,5,reused-client,1,viewport_196x144px,deflate_128,DEFLATE,128,78,12,6876,470577948,470630526,52579,206,bytes 470577948-470630526/499617324,52579,52579,44.48699999920791,44.58954100118717,18.5933329994441,63.23516599877621,True,
2,225,5,reused-client,1,viewport_196x144px,deflate_128,DEFLATE,128,78,13,6877,470630535,470685000,54466,206,bytes 470630535-470685000/499617324,54466,54466,44.711167000059504,44.89941700012423,16.984083002171246,61.93341700054589,True,
2,226,2,reused-client,1,small_24x18px,deflate_128,DEFLATE,128,78,12,6876,470577948,470630526,52579,206,bytes 470577948-470630526/499617324,52579,52579,83.711500003119,83.8432090022252,22.832167000160553,106.71654200268677,True,
2,227,5,reused-client,1,small_24x18px,zstd_256,ZSTD,256,39,6,1722,462498953,462705745,206793,206,bytes 462498953-462705745/490384277,206793,206793,45.94308399828151,46.163458999217255,107.5025829995866,153.72574999855715,True,
2,228,5,reused-client,1,large_aoi_392x288px,lzw_128,LZW,128,77,10,6786,616734150,616804263,70114,206,bytes 616734150-616804263/661264391,70114,70114,47.76624999794876,47.86749999766471,108.33091700260411,156.2377079972066,True,
2,228,5,reused-client,1,large_aoi_392x288px,lzw_128,LZW,128,77,11,6787,616804272,616873511,69240,206,bytes 616804272-616873511/661264391,69240,69240,48.1607499968959,48.22866699760198,26.760499997180887,75.10945799731417,True,
2,228,5,reused-client,1,large_aoi_392x288px,lzw_128,LZW,128,77,12,6788,616873520,616941718,68199,206,bytes 616873520-616941718/661264391,68199,68199,48.17320800066227,48.29458300082479,24.816249999275897,73.15283299976727,True,
2,228,5,reused-client,1,large_aoi_392x288px,lzw_128,LZW,128,77,13,6789,616941727,617013200,71474,206,bytes 616941727-617013200/661264391,71474,71474,132.36474999939674,132.4348749985802,39.05450000092969,171.53220799809787,True,
2,228,5,reused-client,1,large_aoi_392x288px,lzw_128,LZW,128,78,10,6874,622678072,622747024,68953,206,bytes 622678072-622747024/661264391,68953,68953,78.03433300068718,78.12712500162888,76.23470900216489,154.39804199922946,True,
2,228,5,reused-client,1,large_aoi_392x288px,lzw_128,LZW,128,78,11,6875,622747033,622814416,67384,206,bytes 622747033-622814416/661264391,67384,67384,73.59662499948172,73.72029199905228,40.23208400030853,114.00945799687179,True,
2,228,5,reused-client,1,large_aoi_392x288px,lzw_128,LZW,128,78,12,6876,622814425,622884075,69651,206,bytes 622814425-622884075/661264391,69651,69651,72.55408299897681,72.66529199841898,15.161625000473578,87.86862499982817,True,
2,228,5,reused-client,1,large_aoi_392x288px,lzw_128,LZW,128,78,13,6877,622884084,622955954,71871,206,bytes 622884084-622955954/661264391,71871,71871,128.84691699946416,128.932249997888,16.556707996642217,145.52924999952666,True,
2,228,5,reused-client,1,large_aoi_392x288px,lzw_128,LZW,128,79,10,6962,628465466,628533314,67849,206,bytes 628465466-628533314/661264391,67849,67849,98.27483400295023,99.0124170020863,143.94966699910583,243.00095900252927,True,
2,228,5,reused-client,1,large_aoi_392x288px,lzw_128,LZW,128,79,11,6963,628533323,628602043,68721,206,bytes 628533323-628602043/661264391,68721,68721,58.05141599921626,58.15858300047694,34.886749999714084,93.08262500053388,True,
2,228,5,reused-client,1,large_aoi_392x288px,lzw_128,LZW,128,79,12,6964,628602052,628673096,71045,206,bytes 628602052-628673096/661264391,71045,71045,72.50012500298908,72.58037500287173,17.263084002479445,89.87858300315565,True,
2,228,5,reused-client,1,large_aoi_392x288px,lzw_128,LZW,128,79,13,6965,628673105,628737744,64640,206,bytes 628673105-628737744/661264391,64640,64640,66.85674999971525,66.91558300008182,51.24575000081677,118.18529100128217,True,
2,229,2,reused-client,1,reference_49x36px,zstd_128,ZSTD,128,77,12,6788,459126145,459177002,50858,206,bytes 459126145-459177002/492119117,50858,50858,93.64354100034689,93.71579100115923,71.01887500175508,164.7719579996192,True,
2,229,2,reused-client,1,reference_49x36px,zstd_128,ZSTD,128,78,12,6876,463540753,463592563,51811,206,bytes 463540753-463592563/492119117,51811,51811,95.98383300181013,96.09058299975004,52.78783399990061,148.91445900138933,True,
2,230,5,reused-client,1,viewport_98x72px,deflate_512,DEFLATE,512,19,3,421,462985865,463831501,845637,206,bytes 462985865-463831501/499024403,845637,845637,176.470166999934,176.58983300134423,728.1935419996444,904.8075000027893,True,
2,231,4,reused-client,1,viewport_196x144px,zstd_128,ZSTD,128,77,11,6787,459074583,459126136,51554,206,bytes 459074583-459126136/492119117,51554,51554,115.83362500095973,115.90900000010151,10.59641699976055,126.53349999891361,True,
2,231,4,reused-client,1,viewport_196x144px,zstd_128,ZSTD,128,77,12,6788,459126145,459177002,50858,206,bytes 459126145-459177002/492119117,50858,50858,63.87491699933889,63.959999999497086,38.31870799695025,102.33004199835705,True,
2,231,4,reused-client,1,viewport_196x144px,zstd_128,ZSTD,128,77,13,6789,459177011,459229715,52705,206,bytes 459177011-459229715/492119117,52705,52705,56.0568750006496,56.15962500087335,66.3309580013447,122.53695800245623,True,
2,231,4,reused-client,1,viewport_196x144px,zstd_128,ZSTD,128,78,11,6875,463490010,463540744,50735,206,bytes 463490010-463540744/492119117,50735,50735,97.75895799975842,97.88183300042874,13.004125001316424,110.91758299880894,True,
2,231,4,reused-client,1,viewport_196x144px,zstd_128,ZSTD,128,78,12,6876,463540753,463592563,51811,206,bytes 463540753-463592563/492119117,51811,51811,354.57545800090884,354.63454199998523,36.981749999540625,391.6799170001468,True,
2,231,4,reused-client,1,viewport_196x144px,zstd_128,ZSTD,128,78,13,6877,463592572,463646112,53541,206,bytes 463592572-463646112/492119117,53541,53541,92.04274999865447,92.14595799858216,29.296832999534672,121.4921669998148,True,
2,232,1,reused-client,1,large_aoi_392x288px,zstd_512,ZSTD,512,19,2,420,453940732,454757744,817013,206,bytes 453940732-454757744/490194415,817013,817013,85.906457999954,85.9969170014665,1055.122334000771,1141.1729589999595,True,
2,232,1,reused-client,1,large_aoi_392x288px,zstd_512,ZSTD,512,19,3,421,454757753,455587037,829285,206,bytes 454757753-455587037/490194415,829285,829285,66.22562499978812,66.33337500170455,502.8831670024374,569.2892500010203,True,
2,233,5,reused-client,1,tiny_12x9px,lzw_512,LZW,512,19,3,421,613302768,614420752,1117985,206,bytes 613302768-614420752/661107776,1117985,1117985,66.53699999878881,66.64437499784981,825.8805830009806,892.5558759983687,True,
2,234,2,reused-client,1,large_aoi_392x288px,zstd_256,ZSTD,256,38,5,1677,453523840,453731243,207404,206,bytes 453523840-453731243/490384277,207404,207404,150.4975829993782,150.5967499979306,166.62070899838,317.24779199794284,True,
2,234,2,reused-client,1,large_aoi_392x288px,zstd_256,ZSTD,256,38,6,1678,453731252,453940035,208784,206,bytes 453731252-453940035/490384277,208784,208784,98.06504199877963,98.17225000006147,126.82983400009107,225.0640000020212,True,
2,234,2,reused-client,1,large_aoi_392x288px,zstd_256,ZSTD,256,39,5,1721,462295419,462498944,203526,206,bytes 462295419-462498944/490384277,203526,203526,56.24549999993178,56.37462500089896,106.73708299873397,163.1528329999128,True,
2,234,2,reused-client,1,large_aoi_392x288px,zstd_256,ZSTD,256,39,6,1722,462498953,462705745,206793,206,bytes 462498953-462705745/490384277,206793,206793,94.82591599953594,94.85533299812232,104.48954200182925,199.38491599896224,True,
2,235,3,reused-client,1,reference_49x36px,deflate_256,DEFLATE,256,38,6,1678,461178014,461389907,211894,206,bytes 461178014-461389907/498427477,211894,211894,137.3798330023419,137.50304200220853,239.8359589969914,377.40066700280295,True,
2,235,3,reused-client,1,reference_49x36px,deflate_256,DEFLATE,256,39,6,1722,470066901,470277493,210593,206,bytes 470066901-470277493/498427477,210593,210593,77.28883400341147,77.41929199983133,115.0075410005229,192.48787500328035,True,
2,236,3,reused-client,1,viewport_98x72px,lzw_128,LZW,128,77,12,6788,616873520,616941718,68199,206,bytes 616873520-616941718/661264391,68199,68199,118.29412500082981,118.39729200073634,37.47958299936727,155.9150419998332,True,
2,236,3,reused-client,1,viewport_98x72px,lzw_128,LZW,128,78,12,6876,622814425,622884075,69651,206,bytes 622814425-622884075/661264391,69651,69651,89.40749999965192,89.52104200216127,42.50987499835901,132.15170900002704,True,
2,237,4,reused-client,1,reference_49x36px,deflate_128,DEFLATE,128,77,12,6788,466101002,466152431,51430,206,bytes 466101002-466152431/499617324,51430,51430,67.48866699854261,67.5889999984065,31.081375000212574,98.7423749975278,True,
2,237,4,reused-client,1,reference_49x36px,deflate_128,DEFLATE,128,78,12,6876,470577948,470630526,52579,206,bytes 470577948-470630526/499617324,52579,52579,139.9859999983164,140.04074999684235,42.188082999928156,182.26591599886888,True,
2,238,1,reused-client,1,small_24x18px,deflate_256,DEFLATE,256,39,6,1722,470066901,470277493,210593,206,bytes 470066901-470277493/498427477,210593,210593,81.01475000148639,81.0795830002462,496.39154200121993,577.5050840020413,True,
2,239,4,reused-client,1,large_aoi_392x288px,deflate_512,DEFLATE,512,19,2,420,462155354,462985856,830503,206,bytes 462155354-462985856/499024403,830503,830503,135.12270800129045,135.18179099992267,1144.0195010000025,1279.237041999295,True,
2,239,4,reused-client,1,large_aoi_392x288px,deflate_512,DEFLATE,512,19,3,421,462985865,463831501,845637,206,bytes 462985865-463831501/499024403,845637,845637,48.37620800026343,48.43983300088439,676.0067089999211,724.5199169992702,True,
2,240,2,reused-client,1,tiny_12x9px,deflate_128,DEFLATE,128,78,12,6876,470577948,470630526,52579,206,bytes 470577948-470630526/499617324,52579,52579,228.89966599905165,228.98162500132457,52.49625000215019,281.51270799935446,True,
2,241,5,reused-client,1,tiny_12x9px,zstd_256,ZSTD,256,39,6,1722,462498953,462705745,206793,206,bytes 462498953-462705745/490384277,206793,206793,61.87320800017915,61.988666999241104,178.29345900099725,240.31933299920638,True,
2,242,1,reused-client,1,viewport_196x144px,lzw_512,LZW,512,19,2,420,612205443,613302759,1097317,206,bytes 612205443-613302759/661107776,1097317,1097317,56.15924999801791,56.26824999853852,947.7146259996516,1004.0401679980278,True,
2,242,1,reused-client,1,viewport_196x144px,lzw_512,LZW,512,19,3,421,613302768,614420752,1117985,206,bytes 613302768-614420752/661107776,1117985,1117985,55.41445899871178,55.5232500009879,1963.5367929986387,2019.158000999596,True,
2,243,4,reused-client,1,large_aoi_392x288px,zstd_128,ZSTD,128,77,10,6786,459022256,459074574,52319,206,bytes 459022256-459074574/492119117,52319,52319,44.55812499872991,44.682125000690576,39.12233300070511,83.85241699943435,True,
2,243,4,reused-client,1,large_aoi_392x288px,zstd_128,ZSTD,128,77,11,6787,459074583,459126136,51554,206,bytes 459074583-459126136/492119117,51554,51554,60.64741700174636,60.76483300057589,2.211792001617141,63.0105000018375,True,
2,243,4,reused-client,1,large_aoi_392x288px,zstd_128,ZSTD,128,77,12,6788,459126145,459177002,50858,206,bytes 459126145-459177002/492119117,50858,50858,43.030124998040264,43.26954099815339,8.960457998909988,52.26924999806215,True,
2,243,4,reused-client,1,large_aoi_392x288px,zstd_128,ZSTD,128,77,13,6789,459177011,459229715,52705,206,bytes 459177011-459229715/492119117,52705,52705,156.38249999756226,156.49416700034635,9.07691699831048,165.63533400039887,True,
2,243,4,reused-client,1,large_aoi_392x288px,zstd_128,ZSTD,128,78,10,6874,463438439,463490001,51563,206,bytes 463438439-463490001/492119117,51563,51563,414.548749999085,414.69079200032866,16.80829099859693,431.53458400047384,True,
2,243,4,reused-client,1,large_aoi_392x288px,zstd_128,ZSTD,128,78,11,6875,463490010,463540744,50735,206,bytes 463490010-463540744/492119117,50735,50735,95.40404200015473,95.47454200219363,213.94899999722838,309.4728750002105,True,
2,243,4,reused-client,1,large_aoi_392x288px,zstd_128,ZSTD,128,78,12,6876,463540753,463592563,51811,206,bytes 463540753-463592563/492119117,51811,51811,186.9985830016958,187.12008300281013,407.15512500173645,594.3449590013188,True,
2,243,4,reused-client,1,large_aoi_392x288px,zstd_128,ZSTD,128,78,13,6877,463592572,463646112,53541,206,bytes 463592572-463646112/492119117,53541,53541,302.05141699843807,302.1649170004821,464.6022080014518,766.8160009998246,True,
2,243,4,reused-client,1,large_aoi_392x288px,zstd_128,ZSTD,128,79,10,6962,467744704,467795492,50789,206,bytes 467744704-467795492/492119117,50789,50789,342.6080839999486,342.68258399970364,37.723165998613695,380.4394590006268,True,
2,243,4,reused-client,1,large_aoi_392x288px,zstd_128,ZSTD,128,79,11,6963,467795501,467846880,51380,206,bytes 467795501-467846880/492119117,51380,51380,77.94333299898426,77.99762499780627,10.292457998730242,88.30587500051479,True,
2,243,4,reused-client,1,large_aoi_392x288px,zstd_128,ZSTD,128,79,12,6964,467846889,467899652,52764,206,bytes 467846889-467899652/492119117,52764,52764,50.448250000044936,50.5792920012027,44.92220799875213,95.52612500192481,True,
2,243,4,reused-client,1,large_aoi_392x288px,zstd_128,ZSTD,128,79,13,6965,467899661,467948544,48884,206,bytes 467899661-467948544/492119117,48884,48884,125.46012499660719,125.53579199811793,378.00520900054835,503.5976250001113,True,
2,244,5,reused-client,1,viewport_196x144px,lzw_128,LZW,128,77,11,6787,616804272,616873511,69240,206,bytes 616804272-616873511/661264391,69240,69240,300.8354999983567,300.9679999995569,257.5552919988695,558.577374999004,True,
2,244,5,reused-client,1,viewport_196x144px,lzw_128,LZW,128,77,12,6788,616873520,616941718,68199,206,bytes 616873520-616941718/661264391,68199,68199,453.0944170001021,453.2053749971965,575.6844169991382,1028.959749997739,True,
2,244,5,reused-client,1,viewport_196x144px,lzw_128,LZW,128,77,13,6789,616941727,617013200,71474,206,bytes 616941727-617013200/661264391,71474,71474,270.8494170001359,270.97349999894504,352.9360419997829,623.9440839999588,True,
2,244,5,reused-client,1,viewport_196x144px,lzw_128,LZW,128,78,11,6875,622747033,622814416,67384,206,bytes 622747033-622814416/661264391,67384,67384,85.0715830019908,85.15487500335439,179.66079100006027,264.88425000206917,True,
2,244,5,reused-client,1,viewport_196x144px,lzw_128,LZW,128,78,12,6876,622814425,622884075,69651,206,bytes 622814425-622884075/661264391,69651,69651,55.30370800261153,55.443958000978455,133.72858399816323,189.24658300238661,True,
2,244,5,reused-client,1,viewport_196x144px,lzw_128,LZW,128,78,13,6877,622884084,622955954,71871,206,bytes 622884084-622955954/661264391,71871,71871,47.72454200065113,47.847292000369634,96.54754100120044,144.44374999948195,True,
2,245,3,reused-client,1,reference_49x36px,deflate_512,DEFLATE,512,19,3,421,462985865,463831501,845637,206,bytes 462985865-463831501/499024403,845637,845637,85.12812499975553,85.24212499833084,1634.1486669989536,1719.43904300133,True,
2,246,2,reused-client,1,large_aoi_392x288px,lzw_128,LZW,128,77,10,6786,616734150,616804263,70114,206,bytes 616734150-616804263/661264391,70114,70114,118.58570900221821,118.64637500184472,55.428833002224565,174.12987500210875,True,
2,246,2,reused-client,1,large_aoi_392x288px,lzw_128,LZW,128,77,11,6787,616804272,616873511,69240,206,bytes 616804272-616873511/661264391,69240,69240,49.83545900176978,49.89574999854085,40.21870799988392,90.13812500052154,True,
2,246,2,reused-client,1,large_aoi_392x288px,lzw_128,LZW,128,77,12,6788,616873520,616941718,68199,206,bytes 616873520-616941718/661264391,68199,68199,85.01316700130701,85.09462499932852,78.46241700099199,163.59237500000745,True,
2,246,2,reused-client,1,large_aoi_392x288px,lzw_128,LZW,128,77,13,6789,616941727,617013200,71474,206,bytes 616941727-617013200/661264391,71474,71474,70.93724999867845,70.99324999944656,29.101125001034234,100.13070800050627,True,
2,246,2,reused-client,1,large_aoi_392x288px,lzw_128,LZW,128,78,10,6874,622678072,622747024,68953,206,bytes 622678072-622747024/661264391,68953,68953,140.30920799996238,140.37466700028745,72.55812500079628,212.9812499988475,True,
2,246,2,reused-client,1,large_aoi_392x288px,lzw_128,LZW,128,78,11,6875,622747033,622814416,67384,206,bytes 622747033-622814416/661264391,67384,67384,58.41062500257976,58.53420800121967,22.868125000968575,81.44237500164309,True,
2,246,2,reused-client,1,large_aoi_392x288px,lzw_128,LZW,128,78,12,6876,622814425,622884075,69651,206,bytes 622814425-622884075/661264391,69651,69651,189.85404200066114,189.99341699964134,40.8900000002177,231.0110420003184,True,
2,246,2,reused-client,1,large_aoi_392x288px,lzw_128,LZW,128,78,13,6877,622884084,622955954,71871,206,bytes 622884084-622955954/661264391,71871,71871,52.434916000493104,52.532665999024175,55.232208000234095,107.8548330006015,True,
2,246,2,reused-client,1,large_aoi_392x288px,lzw_128,LZW,128,79,10,6962,628465466,628533314,67849,206,bytes 628465466-628533314/661264391,67849,67849,61.17529200128047,61.29720800163341,45.64362499877461,106.97533300117357,True,
2,246,2,reused-client,1,large_aoi_392x288px,lzw_128,LZW,128,79,11,6963,628533323,628602043,68721,206,bytes 628533323-628602043/661264391,68721,68721,88.44683300048928,88.5530830018979,35.535540999262594,124.13791700237198,True,
2,246,2,reused-client,1,large_aoi_392x288px,lzw_128,LZW,128,79,12,6964,628602052,628673096,71045,206,bytes 628602052-628673096/661264391,71045,71045,110.2092500004801,110.31849999926635,33.300499999313615,143.66475000133505,True,
2,246,2,reused-client,1,large_aoi_392x288px,lzw_128,LZW,128,79,13,6965,628673105,628737744,64640,206,bytes 628673105-628737744/661264391,64640,64640,189.87366700093844,190.1263330000802,9.96320899866987,200.14362499932759,True,
2,247,3,reused-client,1,viewport_98x72px,deflate_256,DEFLATE,256,38,6,1678,461178014,461389907,211894,206,bytes 461178014-461389907/498427477,211894,211894,161.21325000131037,161.33908399933716,124.90229199829628,286.3046669990581,True,
2,247,3,reused-client,1,viewport_98x72px,deflate_256,DEFLATE,256,39,6,1722,470066901,470277493,210593,206,bytes 470066901-470277493/498427477,210593,210593,43.550124999455875,43.68162500031758,106.5822919990751,150.3134169979603,True,
2,248,5,reused-client,1,reference_49x36px,zstd_512,ZSTD,512,19,3,421,454757753,455587037,829285,206,bytes 454757753-455587037/490194415,829285,829285,119.1535420002765,119.25391700060572,672.9016669996781,792.1946670030593,True,
2,249,4,reused-client,1,small_24x18px,deflate_512,DEFLATE,512,19,3,421,462985865,463831501,845637,206,bytes 462985865-463831501/499024403,845637,845637,46.105291999992914,46.22466699947836,450.3372920007678,496.59787500058883,True,
2,250,4,reused-client,1,reference_49x36px,zstd_256,ZSTD,256,38,6,1678,453731252,453940035,208784,206,bytes 453731252-453940035/490384277,208784,208784,72.9931249989022,73.0562499993539,98.81466699880548,171.90783399928478,True,
2,250,4,reused-client,1,reference_49x36px,zstd_256,ZSTD,256,39,6,1722,462498953,462705745,206793,206,bytes 462498953-462705745/490384277,206793,206793,38.33929199754493,38.42779199840152,212.66016700246837,251.10995899740374,True,
2,251,5,reused-client,1,viewport_98x72px,zstd_256,ZSTD,256,38,6,1678,453731252,453940035,208784,206,bytes 453731252-453940035/490384277,208784,208784,104.31162500026403,104.394666999724,103.66733299815678,208.09595900209388,True,
2,251,5,reused-client,1,viewport_98x72px,zstd_256,ZSTD,256,39,6,1722,462498953,462705745,206793,206,bytes 462498953-462705745/490384277,206793,206793,67.32850000116741,67.39816700064694,95.85012499883305,163.27820900187362,True,
2,252,4,reused-client,1,tiny_12x9px,lzw_256,LZW,256,39,6,1722,623410206,623687723,277518,206,bytes 623410206-623687723/661012853,277518,277518,53.80045900164987,53.86495900165755,193.96612600030494,247.89000099917757,True,
2,253,2,reused-client,1,viewport_196x144px,lzw_256,LZW,256,38,5,1677,611308756,611588074,279319,206,bytes 611308756-611588074/661012853,279319,279319,68.47462500081747,68.53733300158638,136.82604099813034,205.40087500194204,True,
2,253,2,reused-client,1,viewport_196x144px,lzw_256,LZW,256,38,6,1678,611588083,611870179,282097,206,bytes 611588083-611870179/661012853,282097,282097,52.26170800233376,52.32395799976075,203.18091699664365,255.59475000045495,True,
2,253,2,reused-client,1,viewport_196x144px,lzw_256,LZW,256,39,5,1721,623137353,623410197,272845,206,bytes 623137353-623410197/661012853,272845,272845,100.89162599979318,100.96783400149434,118.41362499762909,219.4188760004181,True,
2,253,2,reused-client,1,viewport_196x144px,lzw_256,LZW,256,39,6,1722,623410206,623687723,277518,206,bytes 623410206-623687723/661012853,277518,277518,51.771750000625616,51.824916001351085,150.61775000140187,202.468208000937,True,
2,254,3,reused-client,1,large_aoi_392x288px,zstd_512,ZSTD,512,19,2,420,453940732,454757744,817013,206,bytes 453940732-454757744/490194415,817013,817013,49.852625001221895,49.942917001317255,360.3918340013479,410.3889590005565,True,
2,254,3,reused-client,1,large_aoi_392x288px,zstd_512,ZSTD,512,19,3,421,454757753,455587037,829285,206,bytes 454757753-455587037/490194415,829285,829285,158.9819159999024,159.0966660005506,1645.2792509990104,1804.4329170006677,True,
2,255,2,reused-client,1,viewport_196x144px,deflate_512,DEFLATE,512,19,2,420,462155354,462985856,830503,206,bytes 462155354-462985856/499024403,830503,830503,117.94216600173968,118.04770800154074,560.7628760008083,678.8871249991644,True,
2,255,2,reused-client,1,viewport_196x144px,deflate_512,DEFLATE,512,19,3,421,462985865,463831501,845637,206,bytes 462985865-463831501/499024403,845637,845637,54.325667002558475,54.41712500032736,496.8557920001331,551.3432920015475,True,
2,256,2,reused-client,1,viewport_196x144px,deflate_256,DEFLATE,256,38,5,1677,460967157,461178005,210849,206,bytes 460967157-461178005/498427477,210849,210849,64.49095800053328,64.61304200274753,199.01804199980688,263.69954199981294,True,
2,256,2,reused-client,1,viewport_196x144px,deflate_256,DEFLATE,256,38,6,1678,461178014,461389907,211894,206,bytes 461178014-461389907/498427477,211894,211894,97.39437499956694,97.53724999973201,85.59962499930407,183.19116700149607,True,
2,256,2,reused-client,1,viewport_196x144px,deflate_256,DEFLATE,256,39,5,1721,469859936,470066892,206957,206,bytes 469859936-470066892/498427477,206957,206957,67.22020899906056,67.27912499991362,133.64424999963376,200.9583750004822,True,
2,256,2,reused-client,1,viewport_196x144px,deflate_256,DEFLATE,256,39,6,1722,470066901,470277493,210593,206,bytes 470066901-470277493/498427477,210593,210593,210.00154099965584,210.06195800146088,1159.2759170016507,1369.3865000022925,True,
2,257,3,reused-client,1,viewport_98x72px,zstd_128,ZSTD,128,77,12,6788,459126145,459177002,50858,206,bytes 459126145-459177002/492119117,50858,50858,108.61066700090305,109.0378340013558,36.565250000421656,145.62958399983472,True,
2,257,3,reused-client,1,viewport_98x72px,zstd_128,ZSTD,128,78,12,6876,463540753,463592563,51811,206,bytes 463540753-463592563/492119117,51811,51811,154.65537500131177,154.77000000100816,22.981291000178317,177.82166699907975,True,
2,258,1,reused-client,1,reference_49x36px,deflate_256,DEFLATE,256,38,6,1678,461178014,461389907,211894,206,bytes 461178014-461389907/498427477,211894,211894,41.05041699949652,41.19841699866811,72.46300000042538,113.72995800047647,True,
2,258,1,reused-client,1,reference_49x36px,deflate_256,DEFLATE,256,39,6,1722,470066901,470277493,210593,206,bytes 470066901-470277493/498427477,210593,210593,51.78575000172714,51.88845800148556,87.38620900112437,139.3228340020869,True,
2,259,5,reused-client,1,large_aoi_392x288px,lzw_256,LZW,256,38,5,1677,611308756,611588074,279319,206,bytes 611308756-611588074/661012853,279319,279319,302.02995799845667,302.1451659988088,331.0741249988496,633.2927919975191,True,
2,259,5,reused-client,1,large_aoi_392x288px,lzw_256,LZW,256,38,6,1678,611588083,611870179,282097,206,bytes 611588083-611870179/661012853,282097,282097,137.8524159990775,137.9631249983504,283.82300000157556,421.86041600143653,True,
2,259,5,reused-client,1,large_aoi_392x288px,lzw_256,LZW,256,39,5,1721,623137353,623410197,272845,206,bytes 623137353-623410197/661012853,272845,272845,115.58875000264379,115.71925000316696,79.29408299969509,195.0568749998638,True,
2,259,5,reused-client,1,large_aoi_392x288px,lzw_256,LZW,256,39,6,1722,623410206,623687723,277518,206,bytes 623410206-623687723/661012853,277518,277518,39.32208299738704,39.416707997588674,148.62291700046626,188.0864999984624,True,
2,260,5,reused-client,1,viewport_98x72px,deflate_128,DEFLATE,128,77,12,6788,466101002,466152431,51430,206,bytes 466101002-466152431/499617324,51430,51430,74.65016700007254,74.76629199663876,11.009500001819106,85.80733299822896,True,
2,260,5,reused-client,1,viewport_98x72px,deflate_128,DEFLATE,128,78,12,6876,470577948,470630526,52579,206,bytes 470577948-470630526/499617324,52579,52579,51.98799999925541,52.08666699763853,6.120666999777313,58.23854199843481,True,
2,261,3,reused-client,1,tiny_12x9px,lzw_512,LZW,512,19,3,421,613302768,614420752,1117985,206,bytes 613302768-614420752/661107776,1117985,1117985,65.84408299750066,65.9381659970677,1380.0285010001971,1446.0252089993446,True,
2,262,1,reused-client,1,viewport_196x144px,zstd_256,ZSTD,256,38,5,1677,453523840,453731243,207404,206,bytes 453523840-453731243/490384277,207404,207404,133.75237500076764,133.882750000339,167.5230000000738,301.4617500011809,True,
2,262,1,reused-client,1,viewport_196x144px,zstd_256,ZSTD,256,38,6,1678,453731252,453940035,208784,206,bytes 453731252-453940035/490384277,208784,208784,122.55754199941293,122.665541999595,202.22116700097104,324.93999999860534,True,
2,262,1,reused-client,1,viewport_196x144px,zstd_256,ZSTD,256,39,5,1721,462295419,462498944,203526,206,bytes 462295419-462498944/490384277,203526,203526,64.74974999946426,64.87150000248221,207.99283299857052,272.92475000285776,True,
2,262,1,reused-client,1,viewport_196x144px,zstd_256,ZSTD,256,39,6,1722,462498953,462705745,206793,206,bytes 462498953-462705745/490384277,206793,206793,39.8517499997979,39.97633299877634,128.2489999975951,168.28737499963609,True,
2,263,1,reused-client,1,tiny_12x9px,zstd_512,ZSTD,512,19,3,421,454757753,455587037,829285,206,bytes 454757753-455587037/490194415,829285,829285,63.55529199936427,63.668124999821885,475.89229100049124,539.6174999987124,True,
2,264,2,reused-client,1,viewport_98x72px,lzw_128,LZW,128,77,12,6788,616873520,616941718,68199,206,bytes 616873520-616941718/661264391,68199,68199,69.58725000004051,69.7173330008809,54.31224999847473,124.08912500177394,True,
2,264,2,reused-client,1,viewport_98x72px,lzw_128,LZW,128,78,12,6876,622814425,622884075,69651,206,bytes 622814425-622884075/661264391,69651,69651,89.05924999999115,89.18441700006952,143.766000001051,232.99633399801678,True,
2,265,2,reused-client,1,large_aoi_392x288px,deflate_512,DEFLATE,512,19,2,420,462155354,462985856,830503,206,bytes 462155354-462985856/499024403,830503,830503,54.3382500000007,54.44491700109211,1719.2115840007318,1773.696751002717,True,
2,265,2,reused-client,1,large_aoi_392x288px,deflate_512,DEFLATE,512,19,3,421,462985865,463831501,845637,206,bytes 462985865-463831501/499024403,845637,845637,200.80412500101374,200.91700000193669,736.9636250004987,937.9339170009189,True,
2,266,4,reused-client,1,tiny_12x9px,lzw_512,LZW,512,19,3,421,613302768,614420752,1117985,206,bytes 613302768-614420752/661107776,1117985,1117985,82.90370800023084,83.03599999999278,1493.6350429998129,1576.7334590018436,True,
2,267,3,reused-client,1,reference_49x36px,lzw_256,LZW,256,38,6,1678,611588083,611870179,282097,206,bytes 611588083-611870179/661012853,282097,282097,53.328832997067366,53.408499999932246,161.2851669997326,214.7339999974065,True,
2,267,3,reused-client,1,reference_49x36px,lzw_256,LZW,256,39,6,1722,623410206,623687723,277518,206,bytes 623410206-623687723/661012853,277518,277518,56.51358300019638,56.58895799933816,294.3679579984746,350.9803339984501,True,
2,268,5,reused-client,1,small_24x18px,zstd_512,ZSTD,512,19,3,421,454757753,455587037,829285,206,bytes 454757753-455587037/490194415,829285,829285,74.87158400181215,74.93533399974694,506.86654200035264,581.8308340021758,True,
2,269,1,reused-client,1,viewport_98x72px,lzw_256,LZW,256,38,6,1678,611588083,611870179,282097,206,bytes 611588083-611870179/661012853,282097,282097,84.6327500003099,84.69645800141734,150.42604100017343,235.14520800017635,True,
2,269,1,reused-client,1,viewport_98x72px,lzw_256,LZW,256,39,6,1722,623410206,623687723,277518,206,bytes 623410206-623687723/661012853,277518,277518,54.108292002638336,54.1757500031963,171.88412500036065,226.0957500002405,True,
2,270,3,reused-client,1,large_aoi_392x288px,deflate_512,DEFLATE,512,19,2,420,462155354,462985856,830503,206,bytes 462155354-462985856/499024403,830503,830503,148.4149999996589,148.49279099871637,696.0912079994159,844.6387080002751,True,
2,270,3,reused-client,1,large_aoi_392x288px,deflate_512,DEFLATE,512,19,3,421,462985865,463831501,845637,206,bytes 462985865-463831501/499024403,845637,845637,58.67729199962923,58.78208300055121,307.2820840025088,366.1105840001255,True,
3,1,4,reused-client,1,viewport_98x72px,zstd_256,ZSTD,256,38,6,1678,453731252,453940035,208784,206,bytes 453731252-453940035/490384277,208784,208784,140.963500001817,141.0659579996718,77.98270800049067,219.11920799902873,True,
3,1,4,reused-client,1,viewport_98x72px,zstd_256,ZSTD,256,39,6,1722,462498953,462705745,206793,206,bytes 462498953-462705745/490384277,206793,206793,55.353208001179155,55.469040999014396,45.93575000035344,101.45479099810473,True,
3,2,5,reused-client,1,large_aoi_392x288px,zstd_128,ZSTD,128,77,10,6786,459022256,459074574,52319,206,bytes 459022256-459074574/492119117,52319,52319,46.93158300142386,47.05866699805483,14.793749996897532,61.89358299889136,True,
3,2,5,reused-client,1,large_aoi_392x288px,zstd_128,ZSTD,128,77,11,6787,459074583,459126136,51554,206,bytes 459074583-459126136/492119117,51554,51554,37.03516599853174,37.13120799875469,21.9340839976212,59.120999998413026,True,
3,2,5,reused-client,1,large_aoi_392x288px,zstd_128,ZSTD,128,77,12,6788,459126145,459177002,50858,206,bytes 459126145-459177002/492119117,50858,50858,58.54429100145353,58.63225000211969,17.531375000544358,76.20179100194946,True,
3,2,5,reused-client,1,large_aoi_392x288px,zstd_128,ZSTD,128,77,13,6789,459177011,459229715,52705,206,bytes 459177011-459229715/492119117,52705,52705,48.8638329989044,48.97783300111769,5.098334000649629,54.105332998005906,True,
3,2,5,reused-client,1,large_aoi_392x288px,zstd_128,ZSTD,128,78,10,6874,463438439,463490001,51563,206,bytes 463438439-463490001/492119117,51563,51563,44.390250001015374,44.50629200073308,8.927708000555867,53.46608300169464,True,
3,2,5,reused-client,1,large_aoi_392x288px,zstd_128,ZSTD,128,78,11,6875,463490010,463540744,50735,206,bytes 463490010-463540744/492119117,50735,50735,72.87066700155265,73.01254200137919,16.265582999039907,89.32458400158794,True,
3,2,5,reused-client,1,large_aoi_392x288px,zstd_128,ZSTD,128,78,12,6876,463540753,463592563,51811,206,bytes 463540753-463592563/492119117,51811,51811,48.218832998827565,48.33866699846112,6.060209001589101,54.429042000265326,True,
3,2,5,reused-client,1,large_aoi_392x288px,zstd_128,ZSTD,128,78,13,6877,463592572,463646112,53541,206,bytes 463592572-463646112/492119117,53541,53541,44.01195899845334,44.116291999671375,14.141957999527222,58.293666999816196,True,
3,2,5,reused-client,1,large_aoi_392x288px,zstd_128,ZSTD,128,79,10,6962,467744704,467795492,50789,206,bytes 467744704-467795492/492119117,50789,50789,41.762457996810554,41.882499997882405,39.01212499840767,80.94208299735328,True,
3,2,5,reused-client,1,large_aoi_392x288px,zstd_128,ZSTD,128,79,11,6963,467795501,467846880,51380,206,bytes 467795501-467846880/492119117,51380,51380,52.98095900070621,53.08675000196672,6.362165997416014,59.4813339994289,True,
3,2,5,reused-client,1,large_aoi_392x288px,zstd_128,ZSTD,128,79,12,6964,467846889,467899652,52764,206,bytes 467846889-467899652/492119117,52764,52764,49.58091600201442,49.64745799952652,7.7391249978973065,57.41441600184771,True,
3,2,5,reused-client,1,large_aoi_392x288px,zstd_128,ZSTD,128,79,13,6965,467899661,467948544,48884,206,bytes 467899661-467948544/492119117,48884,48884,52.75445799998124,52.85379199995077,10.963708002236672,63.84375000197906,True,
3,3,5,reused-client,1,tiny_12x9px,lzw_256,LZW,256,39,6,1722,623410206,623687723,277518,206,bytes 623410206-623687723/661012853,277518,277518,138.8425000004645,138.9417919999687,105.581167001219,244.59120800020173,True,
3,4,2,reused-client,1,small_24x18px,lzw_128,LZW,128,78,12,6876,622814425,622884075,69651,206,bytes 622814425-622884075/661264391,69651,69651,74.29874999797903,74.37379199836869,151.41570899868384,225.84912499951315,True,
3,5,2,reused-client,1,reference_49x36px,zstd_128,ZSTD,128,77,12,6788,459126145,459177002,50858,206,bytes 459126145-459177002/492119117,50858,50858,40.65795799760963,40.79029099739273,12.13491700036684,52.95599999953993,True,
3,5,2,reused-client,1,reference_49x36px,zstd_128,ZSTD,128,78,12,6876,463540753,463592563,51811,206,bytes 463540753-463592563/492119117,51811,51811,59.3879999978526,59.52387499928591,10.916250001173466,70.4725840005267,True,
3,6,4,reused-client,1,small_24x18px,lzw_256,LZW,256,39,6,1722,623410206,623687723,277518,206,bytes 623410206-623687723/661012853,277518,277518,80.5525409996335,80.67854099863325,157.39166700222995,238.09245799930068,True,
3,7,1,reused-client,1,viewport_98x72px,lzw_512,LZW,512,19,3,421,613302768,614420752,1117985,206,bytes 613302768-614420752/661107776,1117985,1117985,76.61270799872,76.68270800058963,897.0237920002546,973.7727920000907,True,
3,8,1,reused-client,1,viewport_196x144px,zstd_128,ZSTD,128,77,11,6787,459074583,459126136,51554,206,bytes 459074583-459126136/492119117,51554,51554,120.13008299982175,120.24337500042748,25.182375000440516,145.47508299801848,True,
3,8,1,reused-client,1,viewport_196x144px,zstd_128,ZSTD,128,77,12,6788,459126145,459177002,50858,206,bytes 459126145-459177002/492119117,50858,50858,158.8201249978738,158.94895800011,142.45862499956274,301.4747079978406,True,
3,8,1,reused-client,1,viewport_196x144px,zstd_128,ZSTD,128,77,13,6789,459177011,459229715,52705,206,bytes 459177011-459229715/492119117,52705,52705,131.50366699846927,131.63700099903508,4.954583000653656,136.61850099742878,True,
3,8,1,reused-client,1,viewport_196x144px,zstd_128,ZSTD,128,78,11,6875,463490010,463540744,50735,206,bytes 463490010-463540744/492119117,50735,50735,69.69033300265437,69.8175000034098,1.7255829989153426,71.57666700004484,True,
3,8,1,reused-client,1,viewport_196x144px,zstd_128,ZSTD,128,78,12,6876,463540753,463592563,51811,206,bytes 463540753-463592563/492119117,51811,51811,58.729959000629606,58.86074999943958,9.218708000844344,68.11575000028824,True,
3,8,1,reused-client,1,viewport_196x144px,zstd_128,ZSTD,128,78,13,6877,463592572,463646112,53541,206,bytes 463592572-463646112/492119117,53541,53541,58.74154200137127,58.86616700081504,11.393958000553539,70.29624999995576,True,
3,9,5,reused-client,1,large_aoi_392x288px,deflate_128,DEFLATE,128,77,10,6786,465995630,466048722,53093,206,bytes 465995630-466048722/499617324,53093,53093,50.02066700035357,50.08462499972666,20.95854100116412,71.08754200089606,True,
3,9,5,reused-client,1,large_aoi_392x288px,deflate_128,DEFLATE,128,77,11,6787,466048731,466100993,52263,206,bytes 466048731-466100993/499617324,52263,52263,57.05529199985904,57.162125001923414,27.009540997823933,84.19487500214018,True,
3,9,5,reused-client,1,large_aoi_392x288px,deflate_128,DEFLATE,128,77,12,6788,466101002,466152431,51430,206,bytes 466101002-466152431/499617324,51430,51430,56.83529199814075,56.94345799929579,4.864957998506725,61.8270000013581,True,
3,9,5,reused-client,1,large_aoi_392x288px,deflate_128,DEFLATE,128,77,13,6789,466152440,466206025,53586,206,bytes 466152440-466206025/499617324,53586,53586,55.35637499997392,55.43458400279633,2.0098750028409995,57.46158400143031,True,
3,9,5,reused-client,1,large_aoi_392x288px,deflate_128,DEFLATE,128,78,10,6874,470474183,470526343,52161,206,bytes 470474183-470526343/499617324,52161,52161,42.38779099978274,42.523665997578064,11.071625001932262,53.62729099942953,True,
3,9,5,reused-client,1,large_aoi_392x288px,deflate_128,DEFLATE,128,78,11,6875,470526352,470577939,51588,206,bytes 470526352-470577939/499617324,51588,51588,84.35912499771803,84.48766699802945,0.37437499850057065,84.88912499888102,True,
3,9,5,reused-client,1,large_aoi_392x288px,deflate_128,DEFLATE,128,78,12,6876,470577948,470630526,52579,206,bytes 470577948-470630526/499617324,52579,52579,48.63075100001879,48.73462600153289,8.850375001202337,57.618541999545414,True,
3,9,5,reused-client,1,large_aoi_392x288px,deflate_128,DEFLATE,128,78,13,6877,470630535,470685000,54466,206,bytes 470630535-470685000/499617324,54466,54466,190.58450000011362,190.71079099740018,59.989833000145154,250.75720799941337,True,
3,9,5,reused-client,1,large_aoi_392x288px,deflate_128,DEFLATE,128,79,10,6962,474844867,474896322,51456,206,bytes 474844867-474896322/499617324,51456,51456,107.03912499957369,107.11774999799673,113.27887500010547,220.4438749977271,True,
3,9,5,reused-client,1,large_aoi_392x288px,deflate_128,DEFLATE,128,79,11,6963,474896331,474948466,52136,206,bytes 474896331-474948466/499617324,52136,52136,94.1794589998608,94.2677500024729,103.57258299700334,197.89166700138594,True,
3,9,5,reused-client,1,large_aoi_392x288px,deflate_128,DEFLATE,128,79,12,6964,474948475,475002211,53737,206,bytes 474948475-475002211/499617324,53737,53737,63.55670899938559,63.66850099948351,35.29024999807007,98.98425099891028,True,
3,9,5,reused-client,1,large_aoi_392x288px,deflate_128,DEFLATE,128,79,13,6965,475002220,475052147,49928,206,bytes 475002220-475052147/499617324,49928,49928,97.99245899921516,98.1023339991225,0.7999580011528451,98.94524999981513,True,
3,10,3,reused-client,1,viewport_196x144px,zstd_128,ZSTD,128,77,11,6787,459074583,459126136,51554,206,bytes 459074583-459126136/492119117,51554,51554,42.010332999780076,42.10333299852209,24.173207999410806,66.32766699840431,True,
3,10,3,reused-client,1,viewport_196x144px,zstd_128,ZSTD,128,77,12,6788,459126145,459177002,50858,206,bytes 459126145-459177002/492119117,50858,50858,82.84816699961084,82.929708998563,0.43370799903641455,83.38424999965355,True,
3,10,3,reused-client,1,viewport_196x144px,zstd_128,ZSTD,128,77,13,6789,459177011,459229715,52705,206,bytes 459177011-459229715/492119117,52705,52705,55.008917002851376,55.13237500053947,32.51195899792947,87.694208999892,True,
3,10,3,reused-client,1,viewport_196x144px,zstd_128,ZSTD,128,78,11,6875,463490010,463540744,50735,206,bytes 463490010-463540744/492119117,50735,50735,153.5498750017723,153.63041700038593,15.062499998748535,168.73054200186743,True,
3,10,3,reused-client,1,viewport_196x144px,zstd_128,ZSTD,128,78,12,6876,463540753,463592563,51811,206,bytes 463540753-463592563/492119117,51811,51811,58.7418750001234,58.81808300182456,203.47958400088828,262.35304200235987,True,
3,10,3,reused-client,1,viewport_196x144px,zstd_128,ZSTD,128,78,13,6877,463592572,463646112,53541,206,bytes 463592572-463646112/492119117,53541,53541,96.62720800042734,96.73641599874827,783.5287919988332,880.3019170009065,True,
3,11,1,reused-client,1,viewport_196x144px,lzw_256,LZW,256,38,5,1677,611308756,611588074,279319,206,bytes 611308756-611588074/661012853,279319,279319,158.19741599989356,158.3007080007519,539.9912489992857,698.3601659994747,True,
3,11,1,reused-client,1,viewport_196x144px,lzw_256,LZW,256,38,6,1678,611588083,611870179,282097,206,bytes 611588083-611870179/661012853,282097,282097,45.772375000524335,45.84029200123041,320.7030420016963,366.6147500007355,True,
3,11,1,reused-client,1,viewport_196x144px,lzw_256,LZW,256,39,5,1721,623137353,623410197,272845,206,bytes 623137353-623410197/661012853,272845,272845,59.73320799967041,59.848417000466725,544.541790997755,604.454332999012,True,
3,11,1,reused-client,1,viewport_196x144px,lzw_256,LZW,256,39,6,1722,623410206,623687723,277518,206,bytes 623410206-623687723/661012853,277518,277518,44.38179199860315,44.458082997152815,463.8993330008816,508.4186249987397,True,
3,12,2,reused-client,1,tiny_12x9px,zstd_256,ZSTD,256,39,6,1722,462498953,462705745,206793,206,bytes 462498953-462705745/490384277,206793,206793,94.26687499944819,94.37841699764249,184.87512499996228,279.31229200112284,True,
3,13,1,reused-client,1,small_24x18px,deflate_512,DEFLATE,512,19,3,421,462985865,463831501,845637,206,bytes 462985865-463831501/499024403,845637,845637,106.16449999724864,106.2564999992901,826.4781670004595,932.7919169991219,True,
3,14,3,reused-client,1,small_24x18px,zstd_128,ZSTD,128,78,12,6876,463540753,463592563,51811,206,bytes 463540753-463592563/492119117,51811,51811,48.212416000751546,48.28566600190243,43.537958001252264,91.86645800218685,True,
3,15,2,reused-client,1,reference_49x36px,lzw_512,LZW,512,19,3,421,613302768,614420752,1117985,206,bytes 613302768-614420752/661107776,1117985,1117985,54.37800000072457,54.5056660012051,1340.9122090015444,1395.4918340023141,True,
3,16,3,reused-client,1,viewport_196x144px,zstd_256,ZSTD,256,38,5,1677,453523840,453731243,207404,206,bytes 453523840-453731243/490384277,207404,207404,140.92962500217254,141.04291700277827,355.1219590008259,496.2131669999508,True,
3,16,3,reused-client,1,viewport_196x144px,zstd_256,ZSTD,256,38,6,1678,453731252,453940035,208784,206,bytes 453731252-453940035/490384277,208784,208784,63.270999999076594,63.389165999979014,147.03991699934704,210.48408299975563,True,
3,16,3,reused-client,1,viewport_196x144px,zstd_256,ZSTD,256,39,5,1721,462295419,462498944,203526,206,bytes 462295419-462498944/490384277,203526,203526,92.25991699713632,92.45224999904167,141.37391699841828,233.88970899759443,True,
3,16,3,reused-client,1,viewport_196x144px,zstd_256,ZSTD,256,39,6,1722,462498953,462705745,206793,206,bytes 462498953-462705745/490384277,206793,206793,69.93545899968012,70.05504200060386,127.12016699879314,197.21112600018387,True,
3,17,1,reused-client,1,viewport_196x144px,zstd_256,ZSTD,256,38,5,1677,453523840,453731243,207404,206,bytes 453523840-453731243/490384277,207404,207404,128.77991699861013,128.85058299798402,98.76029100269079,227.64679199826787,True,
3,17,1,reused-client,1,viewport_196x144px,zstd_256,ZSTD,256,38,6,1678,453731252,453940035,208784,206,bytes 453731252-453940035/490384277,208784,208784,51.86200000025565,51.92000000170083,105.01441599990358,156.97308300150326,True,
3,17,1,reused-client,1,viewport_196x144px,zstd_256,ZSTD,256,39,5,1721,462295419,462498944,203526,206,bytes 462295419-462498944/490384277,203526,203526,77.21120799760683,77.27908299784758,92.75541600072756,170.10524999932386,True,
3,17,1,reused-client,1,viewport_196x144px,zstd_256,ZSTD,256,39,6,1722,462498953,462705745,206793,206,bytes 462498953-462705745/490384277,206793,206793,51.297584002895746,51.36866700195242,117.28916699939873,168.72158400292392,True,
3,18,5,reused-client,1,small_24x18px,lzw_512,LZW,512,19,3,421,613302768,614420752,1117985,206,bytes 613302768-614420752/661107776,1117985,1117985,70.94287499785423,71.05566699829069,1449.466834001214,1520.6012509988796,True,
3,19,1,reused-client,1,large_aoi_392x288px,zstd_512,ZSTD,512,19,2,420,453940732,454757744,817013,206,bytes 453940732-454757744/490194415,817013,817013,86.18320800087531,86.26645800177357,466.0121250017255,552.3505000019213,True,
3,19,1,reused-client,1,large_aoi_392x288px,zstd_512,ZSTD,512,19,3,421,454757753,455587037,829285,206,bytes 454757753-455587037/490194415,829285,829285,44.894667000335176,44.99720899912063,543.3164589994703,588.4407090015884,True,
3,20,3,reused-client,1,reference_49x36px,deflate_128,DEFLATE,128,77,12,6788,466101002,466152431,51430,206,bytes 466101002-466152431/499617324,51430,51430,52.81400000239955,52.96375000034459,14.224665999790886,67.23116600187495,True,
3,20,3,reused-client,1,reference_49x36px,deflate_128,DEFLATE,128,78,12,6876,470577948,470630526,52579,206,bytes 470577948-470630526/499617324,52579,52579,81.1636250000447,81.25008299975889,30.70445900084451,111.99545799900079,True,
3,21,3,reused-client,1,viewport_196x144px,zstd_512,ZSTD,512,19,2,420,453940732,454757744,817013,206,bytes 453940732-454757744/490194415,817013,817013,47.81304200150771,47.919792003085604,343.2405829989875,391.2042920019303,True,
3,21,3,reused-client,1,viewport_196x144px,zstd_512,ZSTD,512,19,3,421,454757753,455587037,829285,206,bytes 454757753-455587037/490194415,829285,829285,90.74524999959976,90.86812500027008,481.44329200295033,572.342249997746,True,
3,22,4,reused-client,1,viewport_98x72px,lzw_512,LZW,512,19,3,421,613302768,614420752,1117985,206,bytes 613302768-614420752/661107776,1117985,1117985,70.978167001158,71.04854200224509,611.6086250003718,682.7150839999376,True,
3,23,3,reused-client,1,small_24x18px,lzw_128,LZW,128,78,12,6876,622814425,622884075,69651,206,bytes 622814425-622884075/661264391,69651,69651,56.74495800121804,56.84649999966496,14.858208000077866,71.73599999805447,True,
3,24,3,reused-client,1,tiny_12x9px,deflate_256,DEFLATE,256,39,6,1722,470066901,470277493,210593,206,bytes 470066901-470277493/498427477,210593,210593,131.97533300262876,132.0888330010348,266.2140840002394,398.34266700199805,True,
3,25,2,reused-client,1,large_aoi_392x288px,deflate_512,DEFLATE,512,19,2,420,462155354,462985856,830503,206,bytes 462155354-462985856/499024403,830503,830503,65.61974999931408,65.7253329991363,346.9587910003611,412.7437499992084,True,
3,25,2,reused-client,1,large_aoi_392x288px,deflate_512,DEFLATE,512,19,3,421,462985865,463831501,845637,206,bytes 462985865-463831501/499024403,845637,845637,57.65237500236253,57.78983400159632,557.1010419989761,614.9530010006856,True,
3,26,4,reused-client,1,small_24x18px,zstd_128,ZSTD,128,78,12,6876,463540753,463592563,51811,206,bytes 463540753-463592563/492119117,51811,51811,43.11487499944633,43.233457996393554,28.863832998467842,72.15837499825284,True,
3,27,2,reused-client,1,small_24x18px,lzw_512,LZW,512,19,3,421,613302768,614420752,1117985,206,bytes 613302768-614420752/661107776,1117985,1117985,51.00041599871474,51.12258300141548,2003.4194590007246,2054.589291998127,True,
3,28,3,reused-client,1,reference_49x36px,lzw_512,LZW,512,19,3,421,613302768,614420752,1117985,206,bytes 613302768-614420752/661107776,1117985,1117985,99.60724999837112,99.71945899815182,2815.4238349998195,2915.159626998502,True,
3,29,5,reused-client,1,viewport_98x72px,deflate_256,DEFLATE,256,38,6,1678,461178014,461389907,211894,206,bytes 461178014-461389907/498427477,211894,211894,64.50870799744735,64.60933299968019,177.08358299933025,241.7294579972804,True,
3,29,5,reused-client,1,viewport_98x72px,deflate_256,DEFLATE,256,39,6,1722,470066901,470277493,210593,206,bytes 470066901-470277493/498427477,210593,210593,85.08425000036368,85.21795799970278,530.9807510020619,616.2532499984081,True,
3,30,1,reused-client,1,viewport_196x144px,deflate_128,DEFLATE,128,77,11,6787,466048731,466100993,52263,206,bytes 466048731-466100993/499617324,52263,52263,155.92883299905225,156.03245799866272,126.44441600059508,282.54837499844143,True,
3,30,1,reused-client,1,viewport_196x144px,deflate_128,DEFLATE,128,77,12,6788,466101002,466152431,51430,206,bytes 466101002-466152431/499617324,51430,51430,101.35674999764888,101.48395799842547,102.50891699979547,204.04629199765623,True,
3,30,1,reused-client,1,viewport_196x144px,deflate_128,DEFLATE,128,77,13,6789,466152440,466206025,53586,206,bytes 466152440-466206025/499617324,53586,53586,63.57520799792837,63.66087499918649,23.06233299896121,86.76779199959128,True,
3,30,1,reused-client,1,viewport_196x144px,deflate_128,DEFLATE,128,78,11,6875,470526352,470577939,51588,206,bytes 470526352-470577939/499617324,51588,51588,103.71912499977043,103.81158299787785,66.14475000242237,170.01191699819174,True,
3,30,1,reused-client,1,viewport_196x144px,deflate_128,DEFLATE,128,78,12,6876,470577948,470630526,52579,206,bytes 470577948-470630526/499617324,52579,52579,85.96708299955935,86.06204100215109,22.60841599854757,108.7137079994136,True,
3,30,1,reused-client,1,viewport_196x144px,deflate_128,DEFLATE,128,78,13,6877,470630535,470685000,54466,206,bytes 470630535-470685000/499617324,54466,54466,76.95791600053781,76.99137500094366,47.20183400058886,124.20741599999019,True,
3,31,3,reused-client,1,viewport_98x72px,lzw_128,LZW,128,77,12,6788,616873520,616941718,68199,206,bytes 616873520-616941718/661264391,68199,68199,199.05333300266648,199.12483300140593,38.04683400085196,237.21241699968232,True,
3,31,3,reused-client,1,viewport_98x72px,lzw_128,LZW,128,78,12,6876,622814425,622884075,69651,206,bytes 622814425-622884075/661264391,69651,69651,59.835959000338335,59.951167000690475,58.7907080007426,118.8151669994113,True,
3,32,2,reused-client,1,large_aoi_392x288px,zstd_128,ZSTD,128,77,10,6786,459022256,459074574,52319,206,bytes 459022256-459074574/492119117,52319,52319,82.85895800145227,82.98520800235565,25.986000000557397,109.01600000215694,True,
3,32,2,reused-client,1,large_aoi_392x288px,zstd_128,ZSTD,128,77,11,6787,459074583,459126136,51554,206,bytes 459074583-459126136/492119117,51554,51554,60.88095800078008,60.96695800079033,41.50649999792222,102.50841599918203,True,
3,32,2,reused-client,1,large_aoi_392x288px,zstd_128,ZSTD,128,77,12,6788,459126145,459177002,50858,206,bytes 459126145-459177002/492119117,50858,50858,91.4529580004455,91.54229100022349,15.435625002282904,107.01308300122037,True,
3,32,2,reused-client,1,large_aoi_392x288px,zstd_128,ZSTD,128,77,13,6789,459177011,459229715,52705,206,bytes 459177011-459229715/492119117,52705,52705,47.058000000106404,47.11358399799792,2.2908329992787912,49.42312499770196,True,
3,32,2,reused-client,1,large_aoi_392x288px,zstd_128,ZSTD,128,78,10,6874,463438439,463490001,51563,206,bytes 463438439-463490001/492119117,51563,51563,119.75687499943888,119.84937499801163,19.39716700144345,139.28008299990324,True,
3,32,2,reused-client,1,large_aoi_392x288px,zstd_128,ZSTD,128,78,11,6875,463490010,463540744,50735,206,bytes 463490010-463540744/492119117,50735,50735,169.55545900054858,169.659541999863,260.1978329985286,429.90520899911644,True,
3,32,2,reused-client,1,large_aoi_392x288px,zstd_128,ZSTD,128,78,12,6876,463540753,463592563,51811,206,bytes 463540753-463592563/492119117,51811,51811,93.96045800167485,94.11020799961989,186.09662499875412,280.31095800179173,True,
3,32,2,reused-client,1,large_aoi_392x288px,zstd_128,ZSTD,128,78,13,6877,463592572,463646112,53541,206,bytes 463592572-463646112/492119117,53541,53541,108.03641699749278,108.16416699890397,18.952874997921754,127.15745799869183,True,
3,32,2,reused-client,1,large_aoi_392x288px,zstd_128,ZSTD,128,79,10,6962,467744704,467795492,50789,206,bytes 467744704-467795492/492119117,50789,50789,56.30537500110222,56.40283300090232,16.302166997775203,72.73941600215039,True,
3,32,2,reused-client,1,large_aoi_392x288px,zstd_128,ZSTD,128,79,11,6963,467795501,467846880,51380,206,bytes 467795501-467846880/492119117,51380,51380,63.25216600089334,63.385875000676606,13.10416699925554,76.53116599976784,True,
3,32,2,reused-client,1,large_aoi_392x288px,zstd_128,ZSTD,128,79,12,6964,467846889,467899652,52764,206,bytes 467846889-467899652/492119117,52764,52764,92.81362500041723,92.94116700039012,153.05054199779988,246.0719170012453,True,
3,32,2,reused-client,1,large_aoi_392x288px,zstd_128,ZSTD,128,79,13,6965,467899661,467948544,48884,206,bytes 467899661-467948544/492119117,48884,48884,220.6612909976684,220.78412499831757,22.285708000708837,243.11304099683184,True,
3,33,1,reused-client,1,tiny_12x9px,zstd_256,ZSTD,256,39,6,1722,462498953,462705745,206793,206,bytes 462498953-462705745/490384277,206793,206793,116.00720900241868,116.12629199953517,120.5363330009277,236.72766700110515,True,
3,34,4,reused-client,1,reference_49x36px,deflate_256,DEFLATE,256,38,6,1678,461178014,461389907,211894,206,bytes 461178014-461389907/498427477,211894,211894,76.88404099826585,77.10870799928671,136.06533300117007,213.24395800183993,True,
3,34,4,reused-client,1,reference_49x36px,deflate_256,DEFLATE,256,39,6,1722,470066901,470277493,210593,206,bytes 470066901-470277493/498427477,210593,210593,194.10954200066044,194.37612500041723,157.0437500013213,351.49954200096545,True,
3,35,1,reused-client,1,tiny_12x9px,zstd_128,ZSTD,128,78,12,6876,463540753,463592563,51811,206,bytes 463540753-463592563/492119117,51811,51811,43.348957999114646,43.45820800153888,153.47724999810453,197.00949999969453,True,
3,36,1,reused-client,1,viewport_98x72px,lzw_128,LZW,128,77,12,6788,616873520,616941718,68199,206,bytes 616873520-616941718/661264391,68199,68199,76.3177499975427,76.46012499753851,14.014791002409765,90.51170800012187,True,
3,36,1,reused-client,1,viewport_98x72px,lzw_128,LZW,128,78,12,6876,622814425,622884075,69651,206,bytes 622814425-622884075/661264391,69651,69651,69.31645800068509,69.35829099893454,66.6624170007708,136.03800000055344,True,
3,37,2,reused-client,1,viewport_196x144px,zstd_256,ZSTD,256,38,5,1677,453523840,453731243,207404,206,bytes 453523840-453731243/490384277,207404,207404,55.75445800059242,55.840458000602666,226.99787499732338,282.90225000091596,True,
3,37,2,reused-client,1,viewport_196x144px,zstd_256,ZSTD,256,38,6,1678,453731252,453940035,208784,206,bytes 453731252-453940035/490384277,208784,208784,45.5700419988716,45.69749999791384,377.71525000061956,423.48145799769554,True,
3,37,2,reused-client,1,viewport_196x144px,zstd_256,ZSTD,256,39,5,1721,462295419,462498944,203526,206,bytes 462295419-462498944/490384277,203526,203526,154.6927500021411,154.78933300255449,262.0800420008891,416.9130420013971,True,
3,37,2,reused-client,1,viewport_196x144px,zstd_256,ZSTD,256,39,6,1722,462498953,462705745,206793,206,bytes 462498953-462705745/490384277,206793,206793,79.01216599930194,79.18262499879347,216.1412499990547,295.3743750003923,True,
3,38,2,reused-client,1,small_24x18px,zstd_256,ZSTD,256,39,6,1722,462498953,462705745,206793,206,bytes 462498953-462705745/490384277,206793,206793,77.89224999942235,77.9493750014808,246.86787600148818,324.87966700136894,True,
3,39,1,reused-client,1,viewport_196x144px,deflate_256,DEFLATE,256,38,5,1677,460967157,461178005,210849,206,bytes 460967157-461178005/498427477,210849,210849,150.20262499820092,150.3164169989759,201.44462499956717,351.8184169988672,True,
3,39,1,reused-client,1,viewport_196x144px,deflate_256,DEFLATE,256,38,6,1678,461178014,461389907,211894,206,bytes 461178014-461389907/498427477,211894,211894,55.706082999677164,55.8072079984413,117.11750000176835,172.9819999964093,True,
3,39,1,reused-client,1,viewport_196x144px,deflate_256,DEFLATE,256,39,5,1721,469859936,470066892,206957,206,bytes 469859936-470066892/498427477,206957,206957,47.52766700039501,47.657541999797104,121.35833299907972,169.06212500180118,True,
3,39,1,reused-client,1,viewport_196x144px,deflate_256,DEFLATE,256,39,6,1722,470066901,470277493,210593,206,bytes 470066901-470277493/498427477,210593,210593,67.70612499894924,67.80616700052633,100.72712499822956,168.57658400112996,True,
3,40,4,reused-client,1,tiny_12x9px,zstd_512,ZSTD,512,19,3,421,454757753,455587037,829285,206,bytes 454757753-455587037/490194415,829285,829285,52.58312500154716,52.68558399984613,496.2840420012071,549.0281259990297,True,
3,41,1,reused-client,1,viewport_196x144px,lzw_512,LZW,512,19,2,420,612205443,613302759,1097317,206,bytes 612205443-613302759/661107776,1097317,1097317,64.59474999792292,64.72574999861536,1044.2952500015963,1109.0886249985488,True,
3,41,1,reused-client,1,viewport_196x144px,lzw_512,LZW,512,19,3,421,613302768,614420752,1117985,206,bytes 613302768-614420752/661107776,1117985,1117985,62.440207999316044,62.53629200000432,1470.623250999779,1533.2362509980157,True,
3,42,5,reused-client,1,viewport_98x72px,lzw_512,LZW,512,19,3,421,613302768,614420752,1117985,206,bytes 613302768-614420752/661107776,1117985,1117985,77.88712500041584,78.01008300157264,1332.5330000006943,1410.5997080005181,True,
3,43,4,reused-client,1,small_24x18px,lzw_128,LZW,128,78,12,6876,622814425,622884075,69651,206,bytes 622814425-622884075/661264391,69651,69651,83.69187499920372,83.77104099781718,17.59120799761149,101.4071249992412,True,
3,44,5,reused-client,1,small_24x18px,deflate_128,DEFLATE,128,78,12,6876,470577948,470630526,52579,206,bytes 470577948-470630526/499617324,52579,52579,82.48112500223215,82.60454199989908,29.245334000734147,111.8942920002155,True,
3,45,3,reused-client,1,small_24x18px,lzw_256,LZW,256,39,6,1722,623410206,623687723,277518,206,bytes 623410206-623687723/661012853,277518,277518,65.42391599941766,65.51708299957681,203.86091700129327,269.41987499958486,True,
3,46,1,reused-client,1,viewport_98x72px,zstd_512,ZSTD,512,19,3,421,454757753,455587037,829285,206,bytes 454757753-455587037/490194415,829285,829285,48.69045799932792,48.784249996970175,816.5696670002944,865.4190839988587,True,
3,47,1,reused-client,1,viewport_98x72px,zstd_128,ZSTD,128,77,12,6788,459126145,459177002,50858,206,bytes 459126145-459177002/492119117,50858,50858,79.24199999979464,79.32799999980489,3.846875002636807,83.20741599891335,True,
3,47,1,reused-client,1,viewport_98x72px,zstd_128,ZSTD,128,78,12,6876,463540753,463592563,51811,206,bytes 463540753-463592563/492119117,51811,51811,62.55891599721508,62.671290997968754,19.030999999813503,81.74620799763943,True,
3,48,2,reused-client,1,tiny_12x9px,lzw_128,LZW,128,78,12,6876,622814425,622884075,69651,206,bytes 622814425-622884075/661264391,69651,69651,57.15954199695261,57.23879200013471,64.12020800053142,121.45812499875319,True,
3,49,5,reused-client,1,reference_49x36px,zstd_512,ZSTD,512,19,3,421,454757753,455587037,829285,206,bytes 454757753-455587037/490194415,829285,829285,115.75866699786275,115.87187499753782,736.8150840011367,852.7961260006123,True,
3,50,5,reused-client,1,large_aoi_392x288px,deflate_512,DEFLATE,512,19,2,420,462155354,462985856,830503,206,bytes 462155354-462985856/499024403,830503,830503,82.87500000005821,83.132542000385,813.1159170006867,896.3345840020338,True,
3,50,5,reused-client,1,large_aoi_392x288px,deflate_512,DEFLATE,512,19,3,421,462985865,463831501,845637,206,bytes 462985865-463831501/499024403,845637,845637,53.364583996881265,53.47716699907323,631.9924999988871,685.5443749991537,True,
3,51,2,reused-client,1,reference_49x36px,deflate_512,DEFLATE,512,19,3,421,462985865,463831501,845637,206,bytes 462985865-463831501/499024403,845637,845637,65.49141699724714,65.60220899700653,621.2209170007554,686.888458996691,True,
3,52,2,reused-client,1,reference_49x36px,lzw_256,LZW,256,38,6,1678,611588083,611870179,282097,206,bytes 611588083-611870179/661012853,282097,282097,50.770916997862514,50.953499998286134,156.32137500142562,207.35008399788057,True,
3,52,2,reused-client,1,reference_49x36px,lzw_256,LZW,256,39,6,1722,623410206,623687723,277518,206,bytes 623410206-623687723/661012853,277518,277518,43.5810830022092,43.68345800321549,260.2011669987405,303.9351250008622,True,
3,53,4,reused-client,1,viewport_196x144px,lzw_128,LZW,128,77,11,6787,616804272,616873511,69240,206,bytes 616804272-616873511/661264391,69240,69240,79.08566700280062,79.20408300196868,36.841708002611995,116.1006250003993,True,
3,53,4,reused-client,1,viewport_196x144px,lzw_128,LZW,128,77,12,6788,616873520,616941718,68199,206,bytes 616873520-616941718/661264391,68199,68199,56.40987500009942,56.53712500134134,2.1012500001234002,58.664874999522,True,
3,53,4,reused-client,1,viewport_196x144px,lzw_128,LZW,128,77,13,6789,616941727,617013200,71474,206,bytes 616941727-617013200/661264391,71474,71474,141.85720899695298,141.92091699806042,37.24920800232212,179.20195899932878,True,
3,53,4,reused-client,1,viewport_196x144px,lzw_128,LZW,128,78,11,6875,622747033,622814416,67384,206,bytes 622747033-622814416/661264391,67384,67384,73.24829199933447,73.32250000035856,39.43925000203308,112.79695899793296,True,
3,53,4,reused-client,1,viewport_196x144px,lzw_128,LZW,128,78,12,6876,622814425,622884075,69651,206,bytes 622814425-622884075/661264391,69651,69651,49.314707997837104,49.37741699905018,8.003000002645422,57.40899999727844,True,
3,53,4,reused-client,1,viewport_196x144px,lzw_128,LZW,128,78,13,6877,622884084,622955954,71871,206,bytes 622884084-622955954/661264391,71871,71871,56.51241600207868,56.57104100100696,12.860791001003236,69.46295799934887,True,
3,54,3,reused-client,1,large_aoi_392x288px,deflate_512,DEFLATE,512,19,2,420,462155354,462985856,830503,206,bytes 462155354-462985856/499024403,830503,830503,132.44104200202855,132.50279200292425,660.7342089992017,793.3605840007658,True,
3,54,3,reused-client,1,large_aoi_392x288px,deflate_512,DEFLATE,512,19,3,421,462985865,463831501,845637,206,bytes 462985865-463831501/499024403,845637,845637,100.33820800163085,100.4667920024076,637.3532920006255,737.9319589999795,True,
3,55,2,reused-client,1,viewport_98x72px,deflate_256,DEFLATE,256,38,6,1678,461178014,461389907,211894,206,bytes 461178014-461389907/498427477,211894,211894,48.59166599999298,48.70258300070418,75.07220800107461,123.95549999928335,True,
3,55,2,reused-client,1,viewport_98x72px,deflate_256,DEFLATE,256,39,6,1722,470066901,470277493,210593,206,bytes 470066901-470277493/498427477,210593,210593,80.29708300091443,80.42604200090864,160.64866700253333,241.1133339992375,True,
3,56,1,reused-client,1,reference_49x36px,deflate_256,DEFLATE,256,38,6,1678,461178014,461389907,211894,206,bytes 461178014-461389907/498427477,211894,211894,256.67033300123876,256.78275000245776,140.1248330003,396.98129200041876,True,
3,56,1,reused-client,1,reference_49x36px,deflate_256,DEFLATE,256,39,6,1722,470066901,470277493,210593,206,bytes 470066901-470277493/498427477,210593,210593,217.41237500100397,217.51245799896424,175.24895799942897,392.8059169993503,True,
3,57,2,reused-client,1,large_aoi_392x288px,zstd_256,ZSTD,256,38,5,1677,453523840,453731243,207404,206,bytes 453523840-453731243/490384277,207404,207404,61.58016599874827,61.685999997280305,179.54854200070258,241.28395799925784,True,
3,57,2,reused-client,1,large_aoi_392x288px,zstd_256,ZSTD,256,38,6,1678,453731252,453940035,208784,206,bytes 453731252-453940035/490384277,208784,208784,102.00712499863585,102.11350000099628,299.1019580003922,401.2768339998729,True,
3,57,2,reused-client,1,large_aoi_392x288px,zstd_256,ZSTD,256,39,5,1721,462295419,462498944,203526,206,bytes 462295419-462498944/490384277,203526,203526,129.99587499871268,130.03274999937275,404.6602509988588,534.7474999980477,True,
3,57,2,reused-client,1,large_aoi_392x288px,zstd_256,ZSTD,256,39,6,1722,462498953,462705745,206793,206,bytes 462498953-462705745/490384277,206793,206793,368.684500001109,368.78333300046506,66.32849999732571,435.1662919980299,True,
3,58,3,reused-client,1,large_aoi_392x288px,deflate_128,DEFLATE,128,77,10,6786,465995630,466048722,53093,206,bytes 465995630-466048722/499617324,53093,53093,74.4696669971745,74.57004199750372,30.18066599906888,104.79120899981353,True,
3,58,3,reused-client,1,large_aoi_392x288px,deflate_128,DEFLATE,128,77,11,6787,466048731,466100993,52263,206,bytes 466048731-466100993/499617324,52263,52263,144.0836660003697,144.21474999835482,13.908332999562845,158.16316699783783,True,
3,58,3,reused-client,1,large_aoi_392x288px,deflate_128,DEFLATE,128,77,12,6788,466101002,466152431,51430,206,bytes 466101002-466152431/499617324,51430,51430,101.27379100231337,101.41500000099768,0.4114579969609622,101.8517080010497,True,
3,58,3,reused-client,1,large_aoi_392x288px,deflate_128,DEFLATE,128,77,13,6789,466152440,466206025,53586,206,bytes 466152440-466206025/499617324,53586,53586,164.924583001266,165.11679200266371,35.76737500043237,201.02458300243597,True,
3,58,3,reused-client,1,large_aoi_392x288px,deflate_128,DEFLATE,128,78,10,6874,470474183,470526343,52161,206,bytes 470474183-470526343/499617324,52161,52161,77.3437499992724,77.40587499938556,27.20670799681102,104.65187499721651,True,
3,58,3,reused-client,1,large_aoi_392x288px,deflate_128,DEFLATE,128,78,11,6875,470526352,470577939,51588,206,bytes 470526352-470577939/499617324,51588,51588,74.49566700233845,74.59779200144112,32.41229199920781,107.10395800197148,True,
3,58,3,reused-client,1,large_aoi_392x288px,deflate_128,DEFLATE,128,78,12,6876,470577948,470630526,52579,206,bytes 470577948-470630526/499617324,52579,52579,104.67087500001071,104.76945799746318,39.60908400040353,144.42283300013514,True,
3,58,3,reused-client,1,large_aoi_392x288px,deflate_128,DEFLATE,128,78,13,6877,470630535,470685000,54466,206,bytes 470630535-470685000/499617324,54466,54466,130.18987599934917,130.29412600008072,56.76183399918955,187.10804200236453,True,
3,58,3,reused-client,1,large_aoi_392x288px,deflate_128,DEFLATE,128,79,10,6962,474844867,474896322,51456,206,bytes 474844867-474896322/499617324,51456,51456,154.53279199937242,154.6152919981978,43.057833001512336,197.71720899734646,True,
3,58,3,reused-client,1,large_aoi_392x288px,deflate_128,DEFLATE,128,79,11,6963,474896331,474948466,52136,206,bytes 474896331-474948466/499617324,52136,52136,124.68862500099931,124.77212500016321,40.589584001281764,165.41833299925202,True,
3,58,3,reused-client,1,large_aoi_392x288px,deflate_128,DEFLATE,128,79,12,6964,474948475,475002211,53737,206,bytes 474948475-475002211/499617324,53737,53737,94.48108300057356,94.5977910014335,15.60550000067451,110.2320830032113,True,
3,58,3,reused-client,1,large_aoi_392x288px,deflate_128,DEFLATE,128,79,13,6965,475002220,475052147,49928,206,bytes 475002220-475052147/499617324,49928,49928,76.03820900112623,76.14166700295755,56.06058299963479,132.24745900151902,True,
3,59,1,reused-client,1,small_24x18px,lzw_512,LZW,512,19,3,421,613302768,614420752,1117985,206,bytes 613302768-614420752/661107776,1117985,1117985,80.58429199809325,80.7215829991037,685.514750002767,766.3014169993403,True,
3,60,2,reused-client,1,large_aoi_392x288px,lzw_128,LZW,128,77,10,6786,616734150,616804263,70114,206,bytes 616734150-616804263/661264391,70114,70114,178.34941599721787,178.5181659979571,94.8395840023295,273.4184159999131,True,
3,60,2,reused-client,1,large_aoi_392x288px,lzw_128,LZW,128,77,11,6787,616804272,616873511,69240,206,bytes 616804272-616873511/661264391,69240,69240,95.17112500179792,95.34262500164914,25.364790999446996,120.74437499904889,True,
3,60,2,reused-client,1,large_aoi_392x288px,lzw_128,LZW,128,77,12,6788,616873520,616941718,68199,206,bytes 616873520-616941718/661264391,68199,68199,61.332666999078356,61.5287079999689,22.942542000237154,84.5115829979477,True,
3,60,2,reused-client,1,large_aoi_392x288px,lzw_128,LZW,128,77,13,6789,616941727,617013200,71474,206,bytes 616941727-617013200/661264391,71474,71474,98.60433300127625,98.72675000224262,11.257292000664165,110.01658299937844,True,
3,60,2,reused-client,1,large_aoi_392x288px,lzw_128,LZW,128,78,10,6874,622678072,622747024,68953,206,bytes 622678072-622747024/661264391,68953,68953,78.63791699855938,78.76004200079478,10.169541998038767,88.966082999832,True,
3,60,2,reused-client,1,large_aoi_392x288px,lzw_128,LZW,128,78,11,6875,622747033,622814416,67384,206,bytes 622747033-622814416/661264391,67384,67384,67.91745900045498,68.02233399866964,121.87612500201794,189.9515840013919,True,
3,60,2,reused-client,1,large_aoi_392x288px,lzw_128,LZW,128,78,12,6876,622814425,622884075,69651,206,bytes 622814425-622884075/661264391,69651,69651,112.07166599706397,112.17779099752079,39.12033300002804,151.3594159987406,True,
3,60,2,reused-client,1,large_aoi_392x288px,lzw_128,LZW,128,78,13,6877,622884084,622955954,71871,206,bytes 622884084-622955954/661264391,71871,71871,80.21029099836596,80.32445799835841,22.46891699905973,102.85541600023862,True,
3,60,2,reused-client,1,large_aoi_392x288px,lzw_128,LZW,128,79,10,6962,628465466,628533314,67849,206,bytes 628465466-628533314/661264391,67849,67849,137.26975000099628,137.34362499963026,47.053791997313965,184.46162500185892,True,
3,60,2,reused-client,1,large_aoi_392x288px,lzw_128,LZW,128,79,11,6963,628533323,628602043,68721,206,bytes 628533323-628602043/661264391,68721,68721,73.39954100098112,73.53108299867017,19.56429200072307,93.13133300020127,True,
3,60,2,reused-client,1,large_aoi_392x288px,lzw_128,LZW,128,79,12,6964,628602052,628673096,71045,206,bytes 628602052-628673096/661264391,71045,71045,91.91733300031046,92.05216599730193,26.840458001970546,118.93995799982804,True,
3,60,2,reused-client,1,large_aoi_392x288px,lzw_128,LZW,128,79,13,6965,628673105,628737744,64640,206,bytes 628673105-628737744/661264391,64640,64640,93.52791600031196,93.67170800032909,27.869875000760658,121.5898330010532,True,
3,61,3,reused-client,1,tiny_12x9px,zstd_512,ZSTD,512,19,3,421,454757753,455587037,829285,206,bytes 454757753-455587037/490194415,829285,829285,119.43137499838485,119.5202499984589,984.907583999302,1104.490251000243,True,
3,62,1,reused-client,1,tiny_12x9px,lzw_128,LZW,128,78,12,6876,622814425,622884075,69651,206,bytes 622814425-622884075/661264391,69651,69651,50.807667001208756,50.91954200179316,26.158000000577886,77.12179200098035,True,
3,63,4,reused-client,1,tiny_12x9px,lzw_512,LZW,512,19,3,421,613302768,614420752,1117985,206,bytes 613302768-614420752/661107776,1117985,1117985,143.96187500096858,144.00008300071931,546.4954169983685,690.5304169995361,True,
3,64,2,reused-client,1,viewport_196x144px,deflate_256,DEFLATE,256,38,5,1677,460967157,461178005,210849,206,bytes 460967157-461178005/498427477,210849,210849,69.05812499826425,69.17741699726321,160.19800000140094,229.4267500001297,True,
3,64,2,reused-client,1,viewport_196x144px,deflate_256,DEFLATE,256,38,6,1678,461178014,461389907,211894,206,bytes 461178014-461389907/498427477,211894,211894,64.5723329980683,64.64158299786504,267.5537080031063,332.2339589976764,True,
3,64,2,reused-client,1,viewport_196x144px,deflate_256,DEFLATE,256,39,5,1721,469859936,470066892,206957,206,bytes 469859936-470066892/498427477,206957,206957,211.5185839975311,211.60995899845148,173.53970800104435,385.23620900014066,True,
3,64,2,reused-client,1,viewport_196x144px,deflate_256,DEFLATE,256,39,6,1722,470066901,470277493,210593,206,bytes 470066901-470277493/498427477,210593,210593,74.80370800112723,74.92695800101501,78.34291600011056,153.315792002104,True,
3,65,3,reused-client,1,large_aoi_392x288px,deflate_256,DEFLATE,256,38,5,1677,460967157,461178005,210849,206,bytes 460967157-461178005/498427477,210849,210849,57.02000000019325,57.11408400020446,81.19391700165579,138.33291699847905,True,
3,65,3,reused-client,1,large_aoi_392x288px,deflate_256,DEFLATE,256,38,6,1678,461178014,461389907,211894,206,bytes 461178014-461389907/498427477,211894,211894,44.32670799724292,44.39054199974635,69.72508299804758,114.16291699788417,True,
3,65,3,reused-client,1,large_aoi_392x288px,deflate_256,DEFLATE,256,39,5,1721,469859936,470066892,206957,206,bytes 469859936-470066892/498427477,206957,206957,65.14337499902467,65.23404099789332,250.23725000210106,315.5133330001263,True,
3,65,3,reused-client,1,large_aoi_392x288px,deflate_256,DEFLATE,256,39,6,1722,470066901,470277493,210593,206,bytes 470066901-470277493/498427477,210593,210593,43.982832998153754,44.06837499846006,132.0445839992317,176.18704100095783,True,
3,66,5,reused-client,1,viewport_98x72px,zstd_512,ZSTD,512,19,3,421,454757753,455587037,829285,206,bytes 454757753-455587037/490194415,829285,829285,77.55379200170864,77.69166700018104,389.74600000074133,467.48329199908767,True,
3,67,1,reused-client,1,tiny_12x9px,deflate_256,DEFLATE,256,39,6,1722,470066901,470277493,210593,206,bytes 470066901-470277493/498427477,210593,210593,60.55799999739975,60.81137499859324,91.46495899767615,152.34774999771616,True,
3,68,3,reused-client,1,large_aoi_392x288px,zstd_512,ZSTD,512,19,2,420,453940732,454757744,817013,206,bytes 453940732-454757744/490194415,817013,817013,128.50579100268078,128.60516600267147,565.7087079998746,694.3722500000149,True,
3,68,3,reused-client,1,large_aoi_392x288px,zstd_512,ZSTD,512,19,3,421,454757753,455587037,829285,206,bytes 454757753-455587037/490194415,829285,829285,73.20383399928687,73.45079199876636,594.3398329982301,667.83016699992,True,
3,69,1,reused-client,1,large_aoi_392x288px,lzw_512,LZW,512,19,2,420,612205443,613302759,1097317,206,bytes 612205443-613302759/661107776,1097317,1097317,86.13866700034123,86.26383400041959,515.8336249987769,602.1697090000089,True,
3,69,1,reused-client,1,large_aoi_392x288px,lzw_512,LZW,512,19,3,421,613302768,614420752,1117985,206,bytes 613302768-614420752/661107776,1117985,1117985,50.98987500241492,51.11400000168942,568.1226670021715,619.2609170029755,True,
3,70,1,reused-client,1,reference_49x36px,zstd_128,ZSTD,128,77,12,6788,459126145,459177002,50858,206,bytes 459126145-459177002/492119117,50858,50858,47.49895799977821,47.582374998455634,19.892874999641208,67.5013330001093,True,
3,70,1,reused-client,1,reference_49x36px,zstd_128,ZSTD,128,78,12,6876,463540753,463592563,51811,206,bytes 463540753-463592563/492119117,51811,51811,108.02779200093937,108.35316700104158,28.52129199891351,136.9217920000665,True,
3,71,5,reused-client,1,viewport_196x144px,zstd_128,ZSTD,128,77,11,6787,459074583,459126136,51554,206,bytes 459074583-459126136/492119117,51554,51554,70.17849999829195,70.30166699769325,9.000250000099186,79.33120899906498,True,
3,71,5,reused-client,1,viewport_196x144px,zstd_128,ZSTD,128,77,12,6788,459126145,459177002,50858,206,bytes 459126145-459177002/492119117,50858,50858,73.77220900161774,73.87554200249724,10.847000001376728,84.76429200163693,True,
3,71,5,reused-client,1,viewport_196x144px,zstd_128,ZSTD,128,77,13,6789,459177011,459229715,52705,206,bytes 459177011-459229715/492119117,52705,52705,57.91883399797371,58.041249998495914,26.32400000220514,84.41583399689989,True,
3,71,5,reused-client,1,viewport_196x144px,zstd_128,ZSTD,128,78,11,6875,463490010,463540744,50735,206,bytes 463490010-463540744/492119117,50735,50735,67.95933299872559,68.24591699842131,31.45583299919963,99.81483299998217,True,
3,71,5,reused-client,1,viewport_196x144px,zstd_128,ZSTD,128,78,12,6876,463540753,463592563,51811,206,bytes 463540753-463592563/492119117,51811,51811,138.19299999886425,138.30266700097127,15.233666999847628,153.58283300156472,True,
3,71,5,reused-client,1,viewport_196x144px,zstd_128,ZSTD,128,78,13,6877,463592572,463646112,53541,206,bytes 463592572-463646112/492119117,53541,53541,60.548042001755675,60.61670900089666,20.216458000504645,80.87554200028535,True,
3,72,4,reused-client,1,viewport_98x72px,deflate_512,DEFLATE,512,19,3,421,462985865,463831501,845637,206,bytes 462985865-463831501/499024403,845637,845637,62.837834000674775,62.90154200178222,372.0617500002845,434.99795900061144,True,
3,73,2,reused-client,1,reference_49x36px,lzw_128,LZW,128,77,12,6788,616873520,616941718,68199,206,bytes 616873520-616941718/661264391,68199,68199,53.908750000118744,53.996957998606376,23.41195899862214,77.44437500150525,True,
3,73,2,reused-client,1,reference_49x36px,lzw_128,LZW,128,78,12,6876,622814425,622884075,69651,206,bytes 622814425-622884075/661264391,69651,69651,59.2038329996285,59.275999999954365,13.964333000330953,73.2732920005219,True,
3,74,5,reused-client,1,viewport_196x144px,lzw_128,LZW,128,77,11,6787,616804272,616873511,69240,206,bytes 616804272-616873511/661264391,69240,69240,63.07383300008951,63.14991599720088,46.151292001013644,109.31529099980253,True,
3,74,5,reused-client,1,viewport_196x144px,lzw_128,LZW,128,77,12,6788,616873520,616941718,68199,206,bytes 616873520-616941718/661264391,68199,68199,56.179167000664165,56.308916999114444,13.657333001901861,69.98666700019385,True,
3,74,5,reused-client,1,viewport_196x144px,lzw_128,LZW,128,77,13,6789,616941727,617013200,71474,206,bytes 616941727-617013200/661264391,71474,71474,67.27550000141491,67.35241700152983,10.485209000762552,77.87016699876403,True,
3,74,5,reused-client,1,viewport_196x144px,lzw_128,LZW,128,78,11,6875,622747033,622814416,67384,206,bytes 622747033-622814416/661264391,67384,67384,138.222041001427,138.35912500144332,11.291833998257061,149.68479099843535,True,
3,74,5,reused-client,1,viewport_196x144px,lzw_128,LZW,128,78,12,6876,622814425,622884075,69651,206,bytes 622814425-622884075/661264391,69651,69651,58.56712500099093,58.68462500075111,8.327125000505475,67.03904200185207,True,
3,74,5,reused-client,1,viewport_196x144px,lzw_128,LZW,128,78,13,6877,622884084,622955954,71871,206,bytes 622884084-622955954/661264391,71871,71871,66.1322090018075,66.21400000221911,20.85254099802114,87.09950000047684,True,
3,75,4,reused-client,1,tiny_12x9px,zstd_128,ZSTD,128,78,12,6876,463540753,463592563,51811,206,bytes 463540753-463592563/492119117,51811,51811,43.222542000876274,43.36908400000539,0.44558299850905314,43.83741700075916,True,
3,76,4,reused-client,1,tiny_12x9px,zstd_256,ZSTD,256,39,6,1722,462498953,462705745,206793,206,bytes 462498953-462705745/490384277,206793,206793,51.441666000755504,51.58225000195671,26.179291002335958,77.80929100044887,True,
3,77,2,reused-client,1,reference_49x36px,deflate_256,DEFLATE,256,38,6,1678,461178014,461389907,211894,206,bytes 461178014-461389907/498427477,211894,211894,46.61962500176742,46.68791700169095,33.640292000200134,80.35000000018044,True,
3,77,2,reused-client,1,reference_49x36px,deflate_256,DEFLATE,256,39,6,1722,470066901,470277493,210593,206,bytes 470066901-470277493/498427477,210593,210593,56.533708000642946,56.65937500089058,73.18708300226717,129.87508299920592,True,
3,78,3,reused-client,1,viewport_196x144px,lzw_512,LZW,512,19,2,420,612205443,613302759,1097317,206,bytes 612205443-613302759/661107776,1097317,1097317,44.314458002190804,44.82079200170119,610.790167000232,655.6902500014985,True,
3,78,3,reused-client,1,viewport_196x144px,lzw_512,LZW,512,19,3,421,613302768,614420752,1117985,206,bytes 613302768-614420752/661107776,1117985,1117985,104.03445799965994,104.15658299825736,441.5335000012419,545.7169590008561,True,
3,79,1,reused-client,1,small_24x18px,zstd_512,ZSTD,512,19,3,421,454757753,455587037,829285,206,bytes 454757753-455587037/490194415,829285,829285,111.54395800258499,111.61833300138824,608.5668750019977,720.256167001935,True,
3,80,2,reused-client,1,small_24x18px,lzw_256,LZW,256,39,6,1722,623410206,623687723,277518,206,bytes 623410206-623687723/661012853,277518,277518,73.8935000008496,74.01737500185845,142.4800420027168,216.5564999995695,True,
3,81,2,reused-client,1,large_aoi_392x288px,lzw_256,LZW,256,38,5,1677,611308756,611588074,279319,206,bytes 611308756-611588074/661012853,279319,279319,52.268082999944454,52.37750000014785,150.48450000176672,202.92354200137197,True,
3,81,2,reused-client,1,large_aoi_392x288px,lzw_256,LZW,256,38,6,1678,611588083,611870179,282097,206,bytes 611588083-611870179/661012853,282097,282097,72.59370799874887,72.70287500068662,215.5610420013545,288.3372079995752,True,
3,81,2,reused-client,1,large_aoi_392x288px,lzw_256,LZW,256,39,5,1721,623137353,623410197,272845,206,bytes 623137353-623410197/661012853,272845,272845,45.300249999854714,45.395166001981124,196.73250000050757,242.16854100086493,True,
3,81,2,reused-client,1,large_aoi_392x288px,lzw_256,LZW,256,39,6,1722,623410206,623687723,277518,206,bytes 623410206-623687723/661012853,277518,277518,138.77720899836277,138.91979199979687,331.99079200130654,470.9487089967297,True,
3,82,3,reused-client,1,viewport_196x144px,deflate_512,DEFLATE,512,19,2,420,462155354,462985856,830503,206,bytes 462155354-462985856/499024403,830503,830503,93.48654199857265,93.59895799934748,484.79712499829475,578.8525839998329,True,
3,82,3,reused-client,1,viewport_196x144px,deflate_512,DEFLATE,512,19,3,421,462985865,463831501,845637,206,bytes 462985865-463831501/499024403,845637,845637,52.987665996624855,53.10208299852093,312.944792000053,366.0755409982812,True,
3,83,1,reused-client,1,large_aoi_392x288px,zstd_256,ZSTD,256,38,5,1677,453523840,453731243,207404,206,bytes 453523840-453731243/490384277,207404,207404,53.727999998955056,53.81295899860561,124.55541700182948,178.42866700084414,True,
3,83,1,reused-client,1,large_aoi_392x288px,zstd_256,ZSTD,256,38,6,1678,453731252,453940035,208784,206,bytes 453731252-453940035/490384277,208784,208784,69.21095899815555,69.33233399831806,183.62866700044833,253.01549999858253,True,
3,83,1,reused-client,1,large_aoi_392x288px,zstd_256,ZSTD,256,39,5,1721,462295419,462498944,203526,206,bytes 462295419-462498944/490384277,203526,203526,68.57329199920059,68.68454199866392,92.72116600186564,161.45383399998536,True,
3,83,1,reused-client,1,large_aoi_392x288px,zstd_256,ZSTD,256,39,6,1722,462498953,462705745,206793,206,bytes 462498953-462705745/490384277,206793,206793,85.56320799834793,85.76745800019125,53.01366599815083,138.86479099892313,True,
3,84,5,reused-client,1,reference_49x36px,zstd_256,ZSTD,256,38,6,1678,453731252,453940035,208784,206,bytes 453731252-453940035/490384277,208784,208784,123.05249999917578,123.12295800074935,57.82287500187522,181.0181670007296,True,
3,84,5,reused-client,1,reference_49x36px,zstd_256,ZSTD,256,39,6,1722,462498953,462705745,206793,206,bytes 462498953-462705745/490384277,206793,206793,69.08116699923994,69.1685839992715,66.70137499895645,135.90129200019874,True,
3,85,4,reused-client,1,large_aoi_392x288px,deflate_256,DEFLATE,256,38,5,1677,460967157,461178005,210849,206,bytes 460967157-461178005/498427477,210849,210849,109.30129100233898,109.39775000224472,180.19266599731054,289.6277080035361,True,
3,85,4,reused-client,1,large_aoi_392x288px,deflate_256,DEFLATE,256,38,6,1678,461178014,461389907,211894,206,bytes 461178014-461389907/498427477,211894,211894,156.34904199760058,156.44424999845796,76.01391700154636,232.4832089980191,True,
3,85,4,reused-client,1,large_aoi_392x288px,deflate_256,DEFLATE,256,39,5,1721,469859936,470066892,206957,206,bytes 469859936-470066892/498427477,206957,206957,57.919124999898486,57.976832998974714,106.10437500145053,164.1044999996666,True,
3,85,4,reused-client,1,large_aoi_392x288px,deflate_256,DEFLATE,256,39,6,1722,470066901,470277493,210593,206,bytes 470066901-470277493/498427477,210593,210593,74.09437499882188,74.16416699925321,168.2077500008745,242.44808299772558,True,
3,86,4,reused-client,1,large_aoi_392x288px,lzw_256,LZW,256,38,5,1677,611308756,611588074,279319,206,bytes 611308756-611588074/661012853,279319,279319,72.15745799840079,72.24225000027218,243.1202919979114,315.38816600004793,True,
3,86,4,reused-client,1,large_aoi_392x288px,lzw_256,LZW,256,38,6,1678,611588083,611870179,282097,206,bytes 611588083-611870179/661012853,282097,282097,45.695165998040466,45.754750000924105,269.14545800173073,314.94362499870476,True,
3,86,4,reused-client,1,large_aoi_392x288px,lzw_256,LZW,256,39,5,1721,623137353,623410197,272845,206,bytes 623137353-623410197/661012853,272845,272845,101.38629200082505,101.4601249989937,110.74687499785796,212.22079200015287,True,
3,86,4,reused-client,1,large_aoi_392x288px,lzw_256,LZW,256,39,6,1722,623410206,623687723,277518,206,bytes 623410206-623687723/661012853,277518,277518,51.20504199658171,51.27387499669567,127.77787500090199,179.11925099906512,True,
3,87,4,reused-client,1,viewport_98x72px,zstd_512,ZSTD,512,19,3,421,454757753,455587037,829285,206,bytes 454757753-455587037/490194415,829285,829285,75.56766600100673,75.65495800008648,956.8193339982827,1032.54433300026,True,
3,88,1,reused-client,1,tiny_12x9px,deflate_512,DEFLATE,512,19,3,421,462985865,463831501,845637,206,bytes 462985865-463831501/499024403,845637,845637,63.96320799831301,64.29616699824692,832.6967090033577,897.049249997508,True,
3,89,3,reused-client,1,small_24x18px,deflate_128,DEFLATE,128,78,12,6876,470577948,470630526,52579,206,bytes 470577948-470630526/499617324,52579,52579,68.55916700078524,68.66712500050198,12.520749998657266,81.25762500276323,True,
3,90,2,reused-client,1,viewport_196x144px,lzw_512,LZW,512,19,2,420,612205443,613302759,1097317,206,bytes 612205443-613302759/661107776,1097317,1097317,62.5476660025015,62.63879100151826,1772.412500999053,1835.1018339999428,True,
3,90,2,reused-client,1,viewport_196x144px,lzw_512,LZW,512,19,3,421,613302768,614420752,1117985,206,bytes 613302768-614420752/661107776,1117985,1117985,79.81474999905913,79.94987500205752,1005.9737090014096,1086.0253339997143,True,
3,91,5,reused-client,1,tiny_12x9px,deflate_512,DEFLATE,512,19,3,421,462985865,463831501,845637,206,bytes 462985865-463831501/499024403,845637,845637,35.09375000066939,35.198584002500866,1401.2963759996637,1436.5315430004557,True,
3,92,1,reused-client,1,reference_49x36px,lzw_256,LZW,256,38,6,1678,611588083,611870179,282097,206,bytes 611588083-611870179/661012853,282097,282097,86.66283300044597,86.7671669984702,485.6642090016976,572.4717919983959,True,
3,92,1,reused-client,1,reference_49x36px,lzw_256,LZW,256,39,6,1722,623410206,623687723,277518,206,bytes 623410206-623687723/661012853,277518,277518,107.97504199945251,108.04216699762037,426.1167499971634,534.2001249991881,True,
3,93,4,reused-client,1,tiny_12x9px,lzw_256,LZW,256,39,6,1722,623410206,623687723,277518,206,bytes 623410206-623687723/661012853,277518,277518,44.817916001193225,44.885457999043865,395.29241700074635,440.33179200050654,True,
3,94,4,reused-client,1,tiny_12x9px,deflate_128,DEFLATE,128,78,12,6876,470577948,470630526,52579,206,bytes 470577948-470630526/499617324,52579,52579,44.34912500073551,44.47591600182932,52.90574999889941,97.4454160023015,True,
3,95,2,reused-client,1,small_24x18px,zstd_128,ZSTD,128,78,12,6876,463540753,463592563,51811,206,bytes 463540753-463592563/492119117,51811,51811,41.436999999859836,41.52475000228151,34.313708001718624,75.87462499941466,True,
3,96,1,reused-client,1,reference_49x36px,deflate_128,DEFLATE,128,77,12,6788,466101002,466152431,51430,206,bytes 466101002-466152431/499617324,51430,51430,53.23741599931964,53.42616599955363,30.589041001803707,84.05533299810486,True,
3,96,1,reused-client,1,reference_49x36px,deflate_128,DEFLATE,128,78,12,6876,470577948,470630526,52579,206,bytes 470577948-470630526/499617324,52579,52579,44.36916699705762,44.441207999625476,38.80254199975752,83.2918329979293,True,
3,97,1,reused-client,1,viewport_98x72px,deflate_256,DEFLATE,256,38,6,1678,461178014,461389907,211894,206,bytes 461178014-461389907/498427477,211894,211894,70.29304200113984,70.32112500019139,151.2771249981597,221.6332499992859,True,
3,97,1,reused-client,1,viewport_98x72px,deflate_256,DEFLATE,256,39,6,1722,470066901,470277493,210593,206,bytes 470066901-470277493/498427477,210593,210593,50.88100000284612,50.945208000484854,128.13104199813097,179.11766700126464,True,
3,98,5,reused-client,1,viewport_196x144px,lzw_512,LZW,512,19,2,420,612205443,613302759,1097317,206,bytes 612205443-613302759/661107776,1097317,1097317,57.20904199915822,57.3376249994908,678.782292001415,736.2142090023553,True,
3,98,5,reused-client,1,viewport_196x144px,lzw_512,LZW,512,19,3,421,613302768,614420752,1117985,206,bytes 613302768-614420752/661107776,1117985,1117985,92.88791599828983,93.00483300103224,554.2501669988269,647.3126669989142,True,
3,99,5,reused-client,1,small_24x18px,zstd_128,ZSTD,128,78,12,6876,463540753,463592563,51811,206,bytes 463540753-463592563/492119117,51811,51811,268.59283299927483,268.7573330003943,1.1330830020597205,269.9189579980157,True,
3,100,2,reused-client,1,large_aoi_392x288px,lzw_512,LZW,512,19,2,420,612205443,613302759,1097317,206,bytes 612205443-613302759/661107776,1097317,1097317,112.86479200134636,112.89745900285197,627.5384170003235,740.4872090010031,True,
3,100,2,reused-client,1,large_aoi_392x288px,lzw_512,LZW,512,19,3,421,613302768,614420752,1117985,206,bytes 613302768-614420752/661107776,1117985,1117985,78.13366700065671,78.25216700075543,472.51645799769904,550.808167001378,True,
3,101,3,reused-client,1,viewport_196x144px,deflate_256,DEFLATE,256,38,5,1677,460967157,461178005,210849,206,bytes 460967157-461178005/498427477,210849,210849,57.789041002251906,57.87195800076006,30.457666998700006,88.39600000283099,True,
3,101,3,reused-client,1,viewport_196x144px,deflate_256,DEFLATE,256,38,6,1678,461178014,461389907,211894,206,bytes 461178014-461389907/498427477,211894,211894,105.27333400023053,105.39054200125975,40.330833002371946,145.7715010001266,True,
3,101,3,reused-client,1,viewport_196x144px,deflate_256,DEFLATE,256,39,5,1721,469859936,470066892,206957,206,bytes 469859936-470066892/498427477,206957,206957,153.3034999993106,153.44004199869232,659.4760000007227,812.9671249989769,True,
3,101,3,reused-client,1,viewport_196x144px,deflate_256,DEFLATE,256,39,6,1722,470066901,470277493,210593,206,bytes 470066901-470277493/498427477,210593,210593,43.67762499896344,43.912958000873914,339.7376670000085,383.707165998203,True,
3,102,1,reused-client,1,large_aoi_392x288px,deflate_128,DEFLATE,128,77,10,6786,465995630,466048722,53093,206,bytes 465995630-466048722/499617324,53093,53093,164.24991700114333,164.4265009999799,1.5922910024528392,166.05429199989885,True,
3,102,1,reused-client,1,large_aoi_392x288px,deflate_128,DEFLATE,128,77,11,6787,466048731,466100993,52263,206,bytes 466048731-466100993/499617324,52263,52263,73.73366699903272,73.86729199788533,2.7965410008619074,76.6959169995971,True,
3,102,1,reused-client,1,large_aoi_392x288px,deflate_128,DEFLATE,128,77,12,6788,466101002,466152431,51430,206,bytes 466101002-466152431/499617324,51430,51430,87.21245800188626,87.33637500336044,8.208750001358567,95.59100000114995,True,
3,102,1,reused-client,1,large_aoi_392x288px,deflate_128,DEFLATE,128,77,13,6789,466152440,466206025,53586,206,bytes 466152440-466206025/499617324,53586,53586,153.4662499980186,153.59470899784355,121.87883399747079,275.4864999988058,True,
3,102,1,reused-client,1,large_aoi_392x288px,deflate_128,DEFLATE,128,78,10,6874,470474183,470526343,52161,206,bytes 470474183-470526343/499617324,52161,52161,50.69237499992596,50.759208999807015,12.8841250007099,63.670625000668224,True,
3,102,1,reused-client,1,large_aoi_392x288px,deflate_128,DEFLATE,128,78,11,6875,470526352,470577939,51588,206,bytes 470526352-470577939/499617324,51588,51588,74.68941700062715,75.02133299931302,8.095208002487198,83.14129199789022,True,
3,102,1,reused-client,1,large_aoi_392x288px,deflate_128,DEFLATE,128,78,12,6876,470577948,470630526,52579,206,bytes 470577948-470630526/499617324,52579,52579,87.77362500040908,87.88779200040153,15.290166997147026,103.24741699878359,True,
3,102,1,reused-client,1,large_aoi_392x288px,deflate_128,DEFLATE,128,78,13,6877,470630535,470685000,54466,206,bytes 470630535-470685000/499617324,54466,54466,60.19045799985179,60.267082997597754,21.908583003096282,82.2264999987965,True,
3,102,1,reused-client,1,large_aoi_392x288px,deflate_128,DEFLATE,128,79,10,6962,474844867,474896322,51456,206,bytes 474844867-474896322/499617324,51456,51456,84.37500000218279,84.73237500220421,0.44791700202040374,85.20612500069547,True,
3,102,1,reused-client,1,large_aoi_392x288px,deflate_128,DEFLATE,128,79,11,6963,474896331,474948466,52136,206,bytes 474896331-474948466/499617324,52136,52136,130.2119579995633,130.38029200106394,3.6905419983668253,134.1117080010008,True,
3,102,1,reused-client,1,large_aoi_392x288px,deflate_128,DEFLATE,128,79,12,6964,474948475,475002211,53737,206,bytes 474948475-475002211/499617324,53737,53737,41.683375002321554,41.81025000070804,11.761957997805439,53.62425000203075,True,
3,102,1,reused-client,1,large_aoi_392x288px,deflate_128,DEFLATE,128,79,13,6965,475002220,475052147,49928,206,bytes 475002220-475052147/499617324,49928,49928,49.35262499930104,49.537083999894094,144.37249999900814,193.96229199992376,True,
3,103,2,reused-client,1,tiny_12x9px,lzw_256,LZW,256,39,6,1722,623410206,623687723,277518,206,bytes 623410206-623687723/661012853,277518,277518,71.58408299801522,71.67479199779336,376.30916700072703,448.0436669982737,True,
3,104,3,reused-client,1,viewport_196x144px,deflate_128,DEFLATE,128,77,11,6787,466048731,466100993,52263,206,bytes 466048731-466100993/499617324,52263,52263,137.4252499990689,137.48416700036614,50.37587500191876,187.89962500159163,True,
3,104,3,reused-client,1,viewport_196x144px,deflate_128,DEFLATE,128,77,12,6788,466101002,466152431,51430,206,bytes 466101002-466152431/499617324,51430,51430,157.8390840004431,157.86891700190608,100.6128759981948,258.5163760013529,True,
3,104,3,reused-client,1,viewport_196x144px,deflate_128,DEFLATE,128,77,13,6789,466152440,466206025,53586,206,bytes 466152440-466206025/499617324,53586,53586,65.69808300264413,65.76441700235591,122.38416599939228,188.21400000160793,True,
3,104,3,reused-client,1,viewport_196x144px,deflate_128,DEFLATE,128,78,11,6875,470526352,470577939,51588,206,bytes 470526352-470577939/499617324,51588,51588,114.2879159997392,114.35100000016973,130.13845800014678,244.52991599900997,True,
3,104,3,reused-client,1,viewport_196x144px,deflate_128,DEFLATE,128,78,12,6876,470577948,470630526,52579,206,bytes 470577948-470630526/499617324,52579,52579,64.78508300278918,64.90095800108975,27.435500000137836,92.40854200106696,True,
3,104,3,reused-client,1,viewport_196x144px,deflate_128,DEFLATE,128,78,13,6877,470630535,470685000,54466,206,bytes 470630535-470685000/499617324,54466,54466,70.1596669969149,70.25408399931621,31.938374999299413,102.25283399995533,True,
3,105,4,reused-client,1,viewport_196x144px,zstd_512,ZSTD,512,19,2,420,453940732,454757744,817013,206,bytes 453940732-454757744/490194415,817013,817013,62.75854100022116,62.823290998494485,665.3639169999224,728.2261670006847,True,
3,105,4,reused-client,1,viewport_196x144px,zstd_512,ZSTD,512,19,3,421,454757753,455587037,829285,206,bytes 454757753-455587037/490194415,829285,829285,38.624582997726975,38.67649999665446,460.53004100031103,499.2389999970328,True,
3,106,4,reused-client,1,tiny_12x9px,deflate_256,DEFLATE,256,39,6,1722,470066901,470277493,210593,206,bytes 470066901-470277493/498427477,210593,210593,385.79591699817684,385.92370900005335,321.82566600022255,707.8083759988658,True,
3,107,3,reused-client,1,reference_49x36px,zstd_512,ZSTD,512,19,3,421,454757753,455587037,829285,206,bytes 454757753-455587037/490194415,829285,829285,69.75545900058933,69.87041699903784,1457.8472089997376,1527.783958998043,True,
3,108,4,reused-client,1,viewport_196x144px,lzw_512,LZW,512,19,2,420,612205443,613302759,1097317,206,bytes 612205443-613302759/661107776,1097317,1097317,55.27337600142346,55.35266700098873,1664.0627930028131,1719.46091800055,True,
3,108,4,reused-client,1,viewport_196x144px,lzw_512,LZW,512,19,3,421,613302768,614420752,1117985,206,bytes 613302768-614420752/661107776,1117985,1117985,79.45866600130103,79.57758300108253,1165.5958340015786,1245.2467090006394,True,
3,109,3,reused-client,1,viewport_98x72px,zstd_128,ZSTD,128,77,12,6788,459126145,459177002,50858,206,bytes 459126145-459177002/492119117,50858,50858,41.84420899764518,41.969041998527246,9.800457999517675,51.84166699837078,True,
3,109,3,reused-client,1,viewport_98x72px,zstd_128,ZSTD,128,78,12,6876,463540753,463592563,51811,206,bytes 463540753-463592563/492119117,51811,51811,137.0276659981755,137.14045799861196,4.112916001759004,141.28204100052244,True,
3,110,1,reused-client,1,small_24x18px,zstd_128,ZSTD,128,78,12,6876,463540753,463592563,51811,206,bytes 463540753-463592563/492119117,51811,51811,45.614082999236416,45.699249996687286,11.168291999638313,56.91912499969476,True,
3,111,5,reused-client,1,small_24x18px,deflate_256,DEFLATE,256,39,6,1722,470066901,470277493,210593,206,bytes 470066901-470277493/498427477,210593,210593,51.5460830029042,51.73312500119209,116.73575000168057,168.50820800027577,True,
3,112,4,reused-client,1,viewport_196x144px,zstd_256,ZSTD,256,38,5,1677,453523840,453731243,207404,206,bytes 453523840-453731243/490384277,207404,207404,44.21424999964074,44.32329200062668,119.67162499786355,164.0433339998708,True,
3,112,4,reused-client,1,viewport_196x144px,zstd_256,ZSTD,256,38,6,1678,453731252,453940035,208784,206,bytes 453731252-453940035/490384277,208784,208784,51.49862499820301,51.73054199985927,129.9042910031858,181.67487499886192,True,
3,112,4,reused-client,1,viewport_196x144px,zstd_256,ZSTD,256,39,5,1721,462295419,462498944,203526,206,bytes 462295419-462498944/490384277,203526,203526,63.30679199891165,63.33529199764598,107.76425000221934,171.14370799754397,True,
3,112,4,reused-client,1,viewport_196x144px,zstd_256,ZSTD,256,39,6,1722,462498953,462705745,206793,206,bytes 462498953-462705745/490384277,206793,206793,74.98370800021803,75.12733299881802,87.5647500033665,162.75837500143098,True,
3,113,4,reused-client,1,small_24x18px,deflate_512,DEFLATE,512,19,3,421,462985865,463831501,845637,206,bytes 462985865-463831501/499024403,845637,845637,137.23891699919477,137.34341699819197,390.26937500239,527.7027089978219,True,
3,114,2,reused-client,1,viewport_196x144px,zstd_512,ZSTD,512,19,2,420,453940732,454757744,817013,206,bytes 453940732-454757744/490194415,817013,817013,55.234082999959355,55.38262499976554,353.63033400062704,409.06175000054645,True,
3,114,2,reused-client,1,viewport_196x144px,zstd_512,ZSTD,512,19,3,421,454757753,455587037,829285,206,bytes 454757753-455587037/490194415,829285,829285,56.00745900301263,56.11612500069896,338.32437499950174,394.48804200219456,True,
3,115,5,reused-client,1,small_24x18px,deflate_512,DEFLATE,512,19,3,421,462985865,463831501,845637,206,bytes 462985865-463831501/499024403,845637,845637,52.82120799893164,52.949791999708395,196.28470799943898,249.2698339992785,True,
3,116,4,reused-client,1,reference_49x36px,lzw_256,LZW,256,38,6,1678,611588083,611870179,282097,206,bytes 611588083-611870179/661012853,282097,282097,57.88633300107904,57.9687500030559,72.896417001175,130.93254100022023,True,
3,116,4,reused-client,1,reference_49x36px,lzw_256,LZW,256,39,6,1722,623410206,623687723,277518,206,bytes 623410206-623687723/661012853,277518,277518,51.93091699766228,52.03983299725223,180.49600000085775,232.571917000314,True,
3,117,4,reused-client,1,viewport_196x144px,lzw_256,LZW,256,38,5,1677,611308756,611588074,279319,206,bytes 611308756-611588074/661012853,279319,279319,66.53566599925398,66.60112499957904,78.01845900030457,144.6771249975427,True,
3,117,4,reused-client,1,viewport_196x144px,lzw_256,LZW,256,38,6,1678,611588083,611870179,282097,206,bytes 611588083-611870179/661012853,282097,282097,154.1609169980802,154.20562500003143,116.56008299905807,270.8004579981207,True,
3,117,4,reused-client,1,viewport_196x144px,lzw_256,LZW,256,39,5,1721,623137353,623410197,272845,206,bytes 623137353-623410197/661012853,272845,272845,54.94508300034795,55.017500002577435,235.7587499973306,290.818917001161,True,
3,117,4,reused-client,1,viewport_196x144px,lzw_256,LZW,256,39,6,1722,623410206,623687723,277518,206,bytes 623410206-623687723/661012853,277518,277518,51.346249998459825,51.47545799991349,338.93600099690957,390.50924999901326,True,
3,118,2,reused-client,1,viewport_98x72px,lzw_512,LZW,512,19,3,421,613302768,614420752,1117985,206,bytes 613302768-614420752/661107776,1117985,1117985,89.44583400079864,89.52362499985611,1045.9131669995259,1135.560376002104,True,
3,119,3,reused-client,1,tiny_12x9px,deflate_512,DEFLATE,512,19,3,421,462985865,463831501,845637,206,bytes 462985865-463831501/499024403,845637,845637,155.83070800130372,155.967040998803,711.6312920006749,867.6448750011332,True,
3,120,5,reused-client,1,viewport_98x72px,deflate_512,DEFLATE,512,19,3,421,462985865,463831501,845637,206,bytes 462985865-463831501/499024403,845637,845637,48.60670800189837,48.73358300028485,1128.1875420027063,1176.9667500011565,True,
3,121,5,reused-client,1,viewport_196x144px,deflate_512,DEFLATE,512,19,2,420,462155354,462985856,830503,206,bytes 462155354-462985856/499024403,830503,830503,308.2842499970866,308.3720419999736,2311.68100099967,2620.0940429989714,True,
3,121,5,reused-client,1,viewport_196x144px,deflate_512,DEFLATE,512,19,3,421,462985865,463831501,845637,206,bytes 462985865-463831501/499024403,845637,845637,62.59337499795947,62.70183399828966,853.9273339993088,916.6919169983885,True,
3,122,5,reused-client,1,viewport_196x144px,zstd_512,ZSTD,512,19,2,420,453940732,454757744,817013,206,bytes 453940732-454757744/490194415,817013,817013,52.116958002443425,52.34191600175109,439.35687499833875,491.7786250007339,True,
3,122,5,reused-client,1,viewport_196x144px,zstd_512,ZSTD,512,19,3,421,454757753,455587037,829285,206,bytes 454757753-455587037/490194415,829285,829285,48.27983300128835,48.33987500023795,545.8778329993947,594.2572499989183,True,
3,123,2,reused-client,1,viewport_196x144px,lzw_128,LZW,128,77,11,6787,616804272,616873511,69240,206,bytes 616804272-616873511/661264391,69240,69240,51.58379200292984,51.72616700292565,30.86504199745832,82.62883300267276,True,
3,123,2,reused-client,1,viewport_196x144px,lzw_128,LZW,128,77,12,6788,616873520,616941718,68199,206,bytes 616873520-616941718/661264391,68199,68199,50.11745799856726,50.21370800022851,9.257540998078184,59.54695800028276,True,
3,123,2,reused-client,1,viewport_196x144px,lzw_128,LZW,128,77,13,6789,616941727,617013200,71474,206,bytes 616941727-617013200/661264391,71474,71474,89.06895800100756,89.16704200237291,22.559375000128057,111.79879200062715,True,
3,123,2,reused-client,1,viewport_196x144px,lzw_128,LZW,128,78,11,6875,622747033,622814416,67384,206,bytes 622747033-622814416/661264391,67384,67384,45.460541998181725,45.66625000006752,15.26495800135308,60.986832999333274,True,
3,123,2,reused-client,1,viewport_196x144px,lzw_128,LZW,128,78,12,6876,622814425,622884075,69651,206,bytes 622814425-622884075/661264391,69651,69651,53.81729199871188,53.880499999650056,18.108249998476822,72.01537499713595,True,
3,123,2,reused-client,1,viewport_196x144px,lzw_128,LZW,128,78,13,6877,622884084,622955954,71871,206,bytes 622884084-622955954/661264391,71871,71871,49.41383400000632,49.478750999696786,22.93074999761302,72.46200100053102,True,
3,124,3,reused-client,1,large_aoi_392x288px,lzw_256,LZW,256,38,5,1677,611308756,611588074,279319,206,bytes 611308756-611588074/661012853,279319,279319,77.37262500086217,77.45012500163284,162.7314170000318,240.20712499986985,True,
3,124,3,reused-client,1,large_aoi_392x288px,lzw_256,LZW,256,38,6,1678,611588083,611870179,282097,206,bytes 611588083-611870179/661012853,282097,282097,123.12725000083447,123.74220800120384,103.59070900085499,227.37150000102702,True,
3,124,3,reused-client,1,large_aoi_392x288px,lzw_256,LZW,256,39,5,1721,623137353,623410197,272845,206,bytes 623137353-623410197/661012853,272845,272845,67.59312500071246,67.66200000129174,235.82529199848068,303.5203330000513,True,
3,124,3,reused-client,1,large_aoi_392x288px,lzw_256,LZW,256,39,6,1722,623410206,623687723,277518,206,bytes 623410206-623687723/661012853,277518,277518,55.43424999996205,55.549832999531645,136.06433300083154,191.668583000137,True,
3,125,5,reused-client,1,small_24x18px,zstd_512,ZSTD,512,19,3,421,454757753,455587037,829285,206,bytes 454757753-455587037/490194415,829285,829285,92.96633299891255,93.07808299854514,684.8765840004489,778.01845799695,True,
3,126,4,reused-client,1,large_aoi_392x288px,deflate_128,DEFLATE,128,77,10,6786,465995630,466048722,53093,206,bytes 465995630-466048722/499617324,53093,53093,50.63874999905238,50.73599999741418,23.265959000127623,74.05124999786494,True,
3,126,4,reused-client,1,large_aoi_392x288px,deflate_128,DEFLATE,128,77,11,6787,466048731,466100993,52263,206,bytes 466048731-466100993/499617324,52263,52263,84.98695799789857,85.14766699954635,13.707791000342695,98.90033299961942,True,
3,126,4,reused-client,1,large_aoi_392x288px,deflate_128,DEFLATE,128,77,12,6788,466101002,466152431,51430,206,bytes 466101002-466152431/499617324,51430,51430,98.43716699833749,98.54566699868883,34.172458999819355,132.7884999991511,True,
3,126,4,reused-client,1,large_aoi_392x288px,deflate_128,DEFLATE,128,77,13,6789,466152440,466206025,53586,206,bytes 466152440-466206025/499617324,53586,53586,88.7980420011445,88.91383399895858,146.41095799743198,235.4204170005687,True,
3,126,4,reused-client,1,large_aoi_392x288px,deflate_128,DEFLATE,128,78,10,6874,470474183,470526343,52161,206,bytes 470474183-470526343/499617324,52161,52161,60.776334001275245,60.91208400175674,117.39462500190712,178.37095900176791,True,
3,126,4,reused-client,1,large_aoi_392x288px,deflate_128,DEFLATE,128,78,11,6875,470526352,470577939,51588,206,bytes 470526352-470577939/499617324,51588,51588,55.02358400190133,55.14720900100656,11.92816700131516,67.11504200211493,True,
3,126,4,reused-client,1,large_aoi_392x288px,deflate_128,DEFLATE,128,78,12,6876,470577948,470630526,52579,206,bytes 470577948-470630526/499617324,52579,52579,51.854415996785974,51.97908299669507,18.388083000900224,70.40724999751546,True,
3,126,4,reused-client,1,large_aoi_392x288px,deflate_128,DEFLATE,128,78,13,6877,470630535,470685000,54466,206,bytes 470630535-470685000/499617324,54466,54466,57.86058300145669,57.98449999929289,12.220833003084408,70.25525000062771,True,
3,126,4,reused-client,1,large_aoi_392x288px,deflate_128,DEFLATE,128,79,10,6962,474844867,474896322,51456,206,bytes 474844867-474896322/499617324,51456,51456,50.485832998674596,50.67041700021946,7.2952080008690245,58.002249999844935,True,
3,126,4,reused-client,1,large_aoi_392x288px,deflate_128,DEFLATE,128,79,11,6963,474896331,474948466,52136,206,bytes 474896331-474948466/499617324,52136,52136,47.7731249993667,47.98070800097776,9.038708001753548,57.04825000066194,True,
3,126,4,reused-client,1,large_aoi_392x288px,deflate_128,DEFLATE,128,79,12,6964,474948475,475002211,53737,206,bytes 474948475-475002211/499617324,53737,53737,50.96287500055041,51.09024999910616,47.63150000144378,98.75554099926376,True,
3,126,4,reused-client,1,large_aoi_392x288px,deflate_128,DEFLATE,128,79,13,6965,475002220,475052147,49928,206,bytes 475002220-475052147/499617324,49928,49928,59.238916997855995,59.45612499999697,22.53854100126773,82.04966699850047,True,
3,127,3,reused-client,1,reference_49x36px,zstd_256,ZSTD,256,38,6,1678,453731252,453940035,208784,206,bytes 453731252-453940035/490384277,208784,208784,164.5374580002681,164.65387499920325,53.40450000221608,218.10316600021906,True,
3,127,3,reused-client,1,reference_49x36px,zstd_256,ZSTD,256,39,6,1722,462498953,462705745,206793,206,bytes 462498953-462705745/490384277,206793,206793,53.32666599861113,53.434874997037696,84.03416700093658,137.52441599717713,True,
3,128,1,reused-client,1,small_24x18px,deflate_256,DEFLATE,256,39,6,1722,470066901,470277493,210593,206,bytes 470066901-470277493/498427477,210593,210593,55.35216700081946,55.46887500167941,168.54475000218372,224.05591700226068,True,
3,129,5,reused-client,1,reference_49x36px,lzw_512,LZW,512,19,3,421,613302768,614420752,1117985,206,bytes 613302768-614420752/661107776,1117985,1117985,46.686249999766005,46.7950420024863,844.6656670021184,891.5173750028771,True,
3,130,3,reused-client,1,viewport_196x144px,lzw_128,LZW,128,77,11,6787,616804272,616873511,69240,206,bytes 616804272-616873511/661264391,69240,69240,184.01941599950078,184.15375000040513,5.880875000002561,190.08033299905946,True,
3,130,3,reused-client,1,viewport_196x144px,lzw_128,LZW,128,77,12,6788,616873520,616941718,68199,206,bytes 616873520-616941718/661264391,68199,68199,102.78433300118195,102.89333300170256,26.73266700003296,129.68200000250363,True,
3,130,3,reused-client,1,viewport_196x144px,lzw_128,LZW,128,77,13,6789,616941727,617013200,71474,206,bytes 616941727-617013200/661264391,71474,71474,87.34337499845424,87.44766599920695,19.40529200146557,106.89991699837265,True,
3,130,3,reused-client,1,viewport_196x144px,lzw_128,LZW,128,78,11,6875,622747033,622814416,67384,206,bytes 622747033-622814416/661264391,67384,67384,45.89637499884702,46.00745800053119,34.225292001792695,80.26912499917671,True,
3,130,3,reused-client,1,viewport_196x144px,lzw_128,LZW,128,78,12,6876,622814425,622884075,69651,206,bytes 622814425-622884075/661264391,69651,69651,46.56883400093648,46.6317499995057,23.879000000306405,70.54620900089503,True,
3,130,3,reused-client,1,viewport_196x144px,lzw_128,LZW,128,78,13,6877,622884084,622955954,71871,206,bytes 622884084-622955954/661264391,71871,71871,71.91858299847809,71.98270799926831,30.835500001558103,102.83062500093365,True,
3,131,4,reused-client,1,small_24x18px,deflate_128,DEFLATE,128,78,12,6876,470577948,470630526,52579,206,bytes 470577948-470630526/499617324,52579,52579,89.44612500272342,89.54891699977452,12.591541999427136,102.1540420006204,True,
3,132,2,reused-client,1,viewport_98x72px,deflate_128,DEFLATE,128,77,12,6788,466101002,466152431,51430,206,bytes 466101002-466152431/499617324,51430,51430,44.54504200111842,44.57320800065645,19.445750000159023,64.03024999963236,True,
3,132,2,reused-client,1,viewport_98x72px,deflate_128,DEFLATE,128,78,12,6876,470577948,470630526,52579,206,bytes 470577948-470630526/499617324,52579,52579,81.29449999978533,81.35637499799486,4.793374999280786,86.18120800019824,True,
3,133,3,reused-client,1,tiny_12x9px,lzw_128,LZW,128,78,12,6876,622814425,622884075,69651,206,bytes 622814425-622884075/661264391,69651,69651,79.52920800016727,79.61462499952177,18.7335839982552,98.39408300103969,True,
3,134,4,reused-client,1,reference_49x36px,zstd_256,ZSTD,256,38,6,1678,453731252,453940035,208784,206,bytes 453731252-453940035/490384277,208784,208784,176.33387499881792,176.3902919992688,117.34820900164777,293.76520799996797,True,
3,134,4,reused-client,1,reference_49x36px,zstd_256,ZSTD,256,39,6,1722,462498953,462705745,206793,206,bytes 462498953-462705745/490384277,206793,206793,74.86183400033042,74.97950000106357,87.7003749992582,162.75091700299527,True,
3,135,1,reused-client,1,large_aoi_392x288px,deflate_512,DEFLATE,512,19,2,420,462155354,462985856,830503,206,bytes 462155354-462985856/499024403,830503,830503,127.08687499980442,127.22045900227386,302.82916700161877,430.10050100201624,True,
3,135,1,reused-client,1,large_aoi_392x288px,deflate_512,DEFLATE,512,19,3,421,462985865,463831501,845637,206,bytes 462985865-463831501/499024403,845637,845637,61.73362499976065,61.81170800118707,371.54862500028685,433.41175000023213,True,
3,136,2,reused-client,1,tiny_12x9px,deflate_256,DEFLATE,256,39,6,1722,470066901,470277493,210593,206,bytes 470066901-470277493/498427477,210593,210593,54.043457999796374,54.15979100143886,62.604583999927854,116.82041600215598,True,
3,137,1,reused-client,1,viewport_98x72px,zstd_256,ZSTD,256,38,6,1678,453731252,453940035,208784,206,bytes 453731252-453940035/490384277,208784,208784,47.56562500188011,47.72904200217454,67.15108400021563,114.92887600252288,True,
3,137,1,reused-client,1,viewport_98x72px,zstd_256,ZSTD,256,39,6,1722,462498953,462705745,206793,206,bytes 462498953-462705745/490384277,206793,206793,87.26370899967151,87.33575000223937,90.90399999695364,178.27566699997988,True,
3,138,5,reused-client,1,tiny_12x9px,deflate_256,DEFLATE,256,39,6,1722,470066901,470277493,210593,206,bytes 470066901-470277493/498427477,210593,210593,40.26079200048116,40.36933300085366,85.9595839974645,126.34329199863714,True,
3,139,1,reused-client,1,tiny_12x9px,lzw_256,LZW,256,39,6,1722,623410206,623687723,277518,206,bytes 623410206-623687723/661012853,277518,277518,66.30329200197593,66.35366699993028,141.73412500167615,208.1564170002821,True,
3,140,5,reused-client,1,viewport_98x72px,zstd_128,ZSTD,128,77,12,6788,459126145,459177002,50858,206,bytes 459126145-459177002/492119117,50858,50858,60.77437499698135,60.858834000100615,114.76762499660254,175.70570899988525,True,
3,140,5,reused-client,1,viewport_98x72px,zstd_128,ZSTD,128,78,12,6876,463540753,463592563,51811,206,bytes 463540753-463592563/492119117,51811,51811,209.7210419997282,209.79829199859523,27.726165997592034,237.67908300214913,True,
3,141,2,reused-client,1,tiny_12x9px,zstd_512,ZSTD,512,19,3,421,454757753,455587037,829285,206,bytes 454757753-455587037/490194415,829285,829285,68.22354200267,68.28691700138734,283.7366669991752,352.06325000035577,True,
3,142,2,reused-client,1,reference_49x36px,zstd_512,ZSTD,512,19,3,421,454757753,455587037,829285,206,bytes 454757753-455587037/490194415,829285,829285,66.7850419995375,66.87220800085925,501.42545900234836,568.3777500016731,True,
3,143,2,reused-client,1,tiny_12x9px,lzw_512,LZW,512,19,3,421,613302768,614420752,1117985,206,bytes 613302768-614420752/661107776,1117985,1117985,72.22395799908554,72.34308300030534,630.9333749995858,703.3373749982275,True,
3,144,2,reused-client,1,small_24x18px,deflate_512,DEFLATE,512,19,3,421,462985865,463831501,845637,206,bytes 462985865-463831501/499024403,845637,845637,298.5927920017275,298.69020900150645,362.86987499988754,661.6007510019699,True,
3,145,2,reused-client,1,small_24x18px,deflate_128,DEFLATE,128,78,12,6876,470577948,470630526,52579,206,bytes 470577948-470630526/499617324,52579,52579,42.11208400010946,42.26412499701837,10.906541996519081,53.225958999973955,True,
3,146,1,reused-client,1,viewport_98x72px,deflate_512,DEFLATE,512,19,3,421,462985865,463831501,845637,206,bytes 462985865-463831501/499024403,845637,845637,61.45900000046822,61.540541999420384,499.6191259997431,561.2104589999944,True,
3,147,3,reused-client,1,viewport_196x144px,lzw_256,LZW,256,38,5,1677,611308756,611588074,279319,206,bytes 611308756-611588074/661012853,279319,279319,50.12858299960499,50.21675000170944,116.13887500061537,166.45729200172354,True,
3,147,3,reused-client,1,viewport_196x144px,lzw_256,LZW,256,38,6,1678,611588083,611870179,282097,206,bytes 611588083-611870179/661012853,282097,282097,50.74245799914934,50.98766700029955,115.64808299954166,166.6811670002062,True,
3,147,3,reused-client,1,viewport_196x144px,lzw_256,LZW,256,39,5,1721,623137353,623410197,272845,206,bytes 623137353-623410197/661012853,272845,272845,69.86162499742932,69.9705829974846,127.97849999697064,197.97920799828717,True,
3,147,3,reused-client,1,viewport_196x144px,lzw_256,LZW,256,39,6,1722,623410206,623687723,277518,206,bytes 623410206-623687723/661012853,277518,277518,60.16116700266139,60.25045900241821,106.15041599885444,166.45324999990407,True,
3,148,5,reused-client,1,reference_49x36px,lzw_128,LZW,128,77,12,6788,616873520,616941718,68199,206,bytes 616873520-616941718/661264391,68199,68199,68.6101659994165,68.73087500207475,15.077291998750297,83.85624999937136,True,
3,148,5,reused-client,1,reference_49x36px,lzw_128,LZW,128,78,12,6876,622814425,622884075,69651,206,bytes 622814425-622884075/661264391,69651,69651,56.87229100294644,56.94420800136868,28.2965830010653,85.27629100353806,True,
3,149,3,reused-client,1,small_24x18px,deflate_512,DEFLATE,512,19,3,421,462985865,463831501,845637,206,bytes 462985865-463831501/499024403,845637,845637,46.23883299791487,46.37183299928438,680.8689169993158,727.2960839982261,True,
3,150,4,reused-client,1,tiny_12x9px,lzw_128,LZW,128,78,12,6876,622814425,622884075,69651,206,bytes 622814425-622884075/661264391,69651,69651,59.54550000024028,59.64629200025229,19.334249998792075,79.03725000142003,True,
3,151,2,reused-client,1,reference_49x36px,zstd_256,ZSTD,256,38,6,1678,453731252,453940035,208784,206,bytes 453731252-453940035/490384277,208784,208784,43.99941700103227,44.3220420020225,71.10887499948149,115.48595900239889,True,
3,151,2,reused-client,1,reference_49x36px,zstd_256,ZSTD,256,39,6,1722,462498953,462705745,206793,206,bytes 462498953-462705745/490384277,206793,206793,51.43474999931641,51.7563749999681,72.29220899898792,124.09824999849661,True,
3,152,5,reused-client,1,viewport_196x144px,zstd_256,ZSTD,256,38,5,1677,453523840,453731243,207404,206,bytes 453523840-453731243/490384277,207404,207404,98.13795800073422,98.24933299751137,130.58683399867732,228.87624999930267,True,
3,152,5,reused-client,1,viewport_196x144px,zstd_256,ZSTD,256,38,6,1678,453731252,453940035,208784,206,bytes 453731252-453940035/490384277,208784,208784,53.267082999809645,53.430166000907775,81.75387499795761,135.24895800219383,True,
3,152,5,reused-client,1,viewport_196x144px,zstd_256,ZSTD,256,39,5,1721,462295419,462498944,203526,206,bytes 462295419-462498944/490384277,203526,203526,62.74187500093831,62.87937500019325,95.75391699763713,158.6998329985363,True,
3,152,5,reused-client,1,viewport_196x144px,zstd_256,ZSTD,256,39,6,1722,462498953,462705745,206793,206,bytes 462498953-462705745/490384277,206793,206793,41.59974999856786,41.701333997480106,91.1973330003093,132.9286249965662,True,
3,153,5,reused-client,1,viewport_98x72px,lzw_128,LZW,128,77,12,6788,616873520,616941718,68199,206,bytes 616873520-616941718/661264391,68199,68199,50.972625002032146,51.0417920013424,19.693666999955894,70.77654200111283,True,
3,153,5,reused-client,1,viewport_98x72px,lzw_128,LZW,128,78,12,6876,622814425,622884075,69651,206,bytes 622814425-622884075/661264391,69651,69651,51.323499999853084,51.383040998189244,13.86254099998041,65.32241600143607,True,
3,154,4,reused-client,1,viewport_98x72px,deflate_128,DEFLATE,128,77,12,6788,466101002,466152431,51430,206,bytes 466101002-466152431/499617324,51430,51430,38.173332999576814,38.254250001045875,13.381332999415463,51.670542001375,True,
3,154,4,reused-client,1,viewport_98x72px,deflate_128,DEFLATE,128,78,12,6876,470577948,470630526,52579,206,bytes 470577948-470630526/499617324,52579,52579,68.88166700082365,68.9756669999042,4.661875002057059,73.65920799929881,True,
3,155,1,reused-client,1,large_aoi_392x288px,zstd_128,ZSTD,128,77,10,6786,459022256,459074574,52319,206,bytes 459022256-459074574/492119117,52319,52319,35.50204200291773,35.56129200296709,10.13158299974748,45.721542002866045,True,
3,155,1,reused-client,1,large_aoi_392x288px,zstd_128,ZSTD,128,77,11,6787,459074583,459126136,51554,206,bytes 459074583-459126136/492119117,51554,51554,48.62229200080037,48.68329199962318,12.349249998806044,61.06754199936404,True,
3,155,1,reused-client,1,large_aoi_392x288px,zstd_128,ZSTD,128,77,12,6788,459126145,459177002,50858,206,bytes 459126145-459177002/492119117,50858,50858,68.08412499958649,68.13816599969869,9.350167001684895,77.51470799848903,True,
3,155,1,reused-client,1,large_aoi_392x288px,zstd_128,ZSTD,128,77,13,6789,459177011,459229715,52705,206,bytes 459177011-459229715/492119117,52705,52705,130.37137500214158,130.48825000078068,159.1212089988403,289.6613750017423,True,
3,155,1,reused-client,1,large_aoi_392x288px,zstd_128,ZSTD,128,78,10,6874,463438439,463490001,51563,206,bytes 463438439-463490001/492119117,51563,51563,77.81133300159127,77.91870800065226,4.3516250007087365,82.30058300250676,True,
3,155,1,reused-client,1,large_aoi_392x288px,zstd_128,ZSTD,128,78,11,6875,463490010,463540744,50735,206,bytes 463490010-463540744/492119117,50735,50735,52.43937500199536,52.86720900039654,8.21025000186637,61.114084001019364,True,
3,155,1,reused-client,1,large_aoi_392x288px,zstd_128,ZSTD,128,78,12,6876,463540753,463592563,51811,206,bytes 463540753-463592563/492119117,51811,51811,53.573666999000125,54.39620799734257,9.02608400065219,63.54849999843282,True,
3,155,1,reused-client,1,large_aoi_392x288px,zstd_128,ZSTD,128,78,13,6877,463592572,463646112,53541,206,bytes 463592572-463646112/492119117,53541,53541,53.87262500153156,53.98083300315193,6.164333000924671,60.17758300004061,True,
3,155,1,reused-client,1,large_aoi_392x288px,zstd_128,ZSTD,128,79,10,6962,467744704,467795492,50789,206,bytes 467744704-467795492/492119117,50789,50789,60.92687499767635,61.042332999932114,11.115291999885812,72.20524999866029,True,
3,155,1,reused-client,1,large_aoi_392x288px,zstd_128,ZSTD,128,79,11,6963,467795501,467846880,51380,206,bytes 467795501-467846880/492119117,51380,51380,87.1728330021142,87.26529100022162,16.958291998889763,104.27325000273413,True,
3,155,1,reused-client,1,large_aoi_392x288px,zstd_128,ZSTD,128,79,12,6964,467846889,467899652,52764,206,bytes 467846889-467899652/492119117,52764,52764,76.71808399754809,76.86249999824213,5.29741700302111,82.19029199972283,True,
3,155,1,reused-client,1,large_aoi_392x288px,zstd_128,ZSTD,128,79,13,6965,467899661,467948544,48884,206,bytes 467899661-467948544/492119117,48884,48884,81.35024999864982,81.45879199946648,5.812166000396246,87.3072089998459,True,
3,156,5,reused-client,1,viewport_196x144px,deflate_128,DEFLATE,128,77,11,6787,466048731,466100993,52263,206,bytes 466048731-466100993/499617324,52263,52263,61.822416999348206,61.92333299986785,6.211291998624802,68.17354200029513,True,
3,156,5,reused-client,1,viewport_196x144px,deflate_128,DEFLATE,128,77,12,6788,466101002,466152431,51430,206,bytes 466101002-466152431/499617324,51430,51430,46.69070800082409,46.85008299929905,19.658749999507563,66.55858299927786,True,
3,156,5,reused-client,1,viewport_196x144px,deflate_128,DEFLATE,128,77,13,6789,466152440,466206025,53586,206,bytes 466152440-466206025/499617324,53586,53586,136.5139170011389,136.6204590012785,51.76745900098467,188.44562500089523,True,
3,156,5,reused-client,1,viewport_196x144px,deflate_128,DEFLATE,128,78,11,6875,470526352,470577939,51588,206,bytes 470526352-470577939/499617324,51588,51588,61.87024999962887,61.928915998578304,0.18816700321622193,62.13166599991382,True,
3,156,5,reused-client,1,viewport_196x144px,deflate_128,DEFLATE,128,78,12,6876,470577948,470630526,52579,206,bytes 470577948-470630526/499617324,52579,52579,35.69562500342727,35.725000001548324,13.560291001340374,49.2961660020228,True,
3,156,5,reused-client,1,viewport_196x144px,deflate_128,DEFLATE,128,78,13,6877,470630535,470685000,54466,206,bytes 470630535-470685000/499617324,54466,54466,67.67725000099745,67.76354199973866,40.66600000078324,108.47266700147884,True,
3,157,5,reused-client,1,viewport_98x72px,deflate_128,DEFLATE,128,77,12,6788,466101002,466152431,51430,206,bytes 466101002-466152431/499617324,51430,51430,48.69358300129534,48.78824999832432,8.435625000856817,57.2577499988256,True,
3,157,5,reused-client,1,viewport_98x72px,deflate_128,DEFLATE,128,78,12,6876,470577948,470630526,52579,206,bytes 470577948-470630526/499617324,52579,52579,42.69104199920548,42.760832999192644,13.865999997506151,56.65329200201086,True,
3,158,5,reused-client,1,small_24x18px,lzw_256,LZW,256,39,6,1722,623410206,623687723,277518,206,bytes 623410206-623687723/661012853,277518,277518,66.66095800028415,66.73112499993294,105.30412500156672,172.058707998076,True,
3,159,1,reused-client,1,large_aoi_392x288px,lzw_256,LZW,256,38,5,1677,611308756,611588074,279319,206,bytes 611308756-611588074/661012853,279319,279319,34.1762079988257,34.245708000526065,116.26362500101095,150.5496249992575,True,
3,159,1,reused-client,1,large_aoi_392x288px,lzw_256,LZW,256,38,6,1678,611588083,611870179,282097,206,bytes 611588083-611870179/661012853,282097,282097,49.7435420002148,49.863416999869514,115.36708399944473,165.2777919989603,True,
3,159,1,reused-client,1,large_aoi_392x288px,lzw_256,LZW,256,39,5,1721,623137353,623410197,272845,206,bytes 623137353-623410197/661012853,272845,272845,50.31266700098058,50.39949999991222,188.72183400162612,239.18912500084843,True,
3,159,1,reused-client,1,large_aoi_392x288px,lzw_256,LZW,256,39,6,1722,623410206,623687723,277518,206,bytes 623410206-623687723/661012853,277518,277518,56.97504099953221,57.09362500056159,104.79175000000396,161.91995800181758,True,
3,160,4,reused-client,1,large_aoi_392x288px,lzw_512,LZW,512,19,2,420,612205443,613302759,1097317,206,bytes 612205443-613302759/661107776,1097317,1097317,45.04758300026879,45.15625000203727,494.7089170018444,540.0497500013444,True,
3,160,4,reused-client,1,large_aoi_392x288px,lzw_512,LZW,512,19,3,421,613302768,614420752,1117985,206,bytes 613302768-614420752/661107776,1117985,1117985,46.34029099906911,46.419291000347584,685.2557089987386,731.7455419979524,True,
3,161,3,reused-client,1,large_aoi_392x288px,lzw_128,LZW,128,77,10,6786,616734150,616804263,70114,206,bytes 616734150-616804263/661264391,70114,70114,55.457542002841365,55.569334002939286,19.678165997902397,75.27166699946974,True,
3,161,3,reused-client,1,large_aoi_392x288px,lzw_128,LZW,128,77,11,6787,616804272,616873511,69240,206,bytes 616804272-616873511/661264391,69240,69240,78.32537499780301,78.42674999847077,16.18025000061607,94.65008400002262,True,
3,161,3,reused-client,1,large_aoi_392x288px,lzw_128,LZW,128,77,12,6788,616873520,616941718,68199,206,bytes 616873520-616941718/661264391,68199,68199,45.994749998499174,46.097792001091875,28.40262500103563,74.54408299963688,True,
3,161,3,reused-client,1,large_aoi_392x288px,lzw_128,LZW,128,77,13,6789,616941727,617013200,71474,206,bytes 616941727-617013200/661264391,71474,71474,59.16987499949755,59.290665998560144,41.02525000052992,100.3426249990298,True,
3,161,3,reused-client,1,large_aoi_392x288px,lzw_128,LZW,128,78,10,6874,622678072,622747024,68953,206,bytes 622678072-622747024/661264391,68953,68953,120.5707090011856,120.68029199872399,21.257083000818966,141.98437500090222,True,
3,161,3,reused-client,1,large_aoi_392x288px,lzw_128,LZW,128,78,11,6875,622747033,622814416,67384,206,bytes 622747033-622814416/661264391,67384,67384,110.28004200124997,110.39508400062914,14.766083000722574,125.20491699979175,True,
3,161,3,reused-client,1,large_aoi_392x288px,lzw_128,LZW,128,78,12,6876,622814425,622884075,69651,206,bytes 622814425-622884075/661264391,69651,69651,49.09320899969316,49.20066699924064,16.92841700059944,66.16029200085904,True,
3,161,3,reused-client,1,large_aoi_392x288px,lzw_128,LZW,128,78,13,6877,622884084,622955954,71871,206,bytes 622884084-622955954/661264391,71871,71871,62.569915997300996,62.668624999787426,36.82666600070661,99.55791599713848,True,
3,161,3,reused-client,1,large_aoi_392x288px,lzw_128,LZW,128,79,10,6962,628465466,628533314,67849,206,bytes 628465466-628533314/661264391,67849,67849,43.869000000995584,43.96666700267815,14.852499996777624,58.857834002992604,True,
3,161,3,reused-client,1,large_aoi_392x288px,lzw_128,LZW,128,79,11,6963,628533323,628602043,68721,206,bytes 628533323-628602043/661264391,68721,68721,45.94470799929695,46.0447910008952,19.358874997124076,65.44533299893374,True,
3,161,3,reused-client,1,large_aoi_392x288px,lzw_128,LZW,128,79,12,6964,628602052,628673096,71045,206,bytes 628602052-628673096/661264391,71045,71045,48.676166999939596,48.75908300164156,21.11808299741824,69.97908300036215,True,
3,161,3,reused-client,1,large_aoi_392x288px,lzw_128,LZW,128,79,13,6965,628673105,628737744,64640,206,bytes 628673105-628737744/661264391,64640,64640,39.994708000449464,40.112291997502325,6.38545800029533,46.522374999767635,True,
3,162,3,reused-client,1,tiny_12x9px,lzw_256,LZW,256,39,6,1722,623410206,623687723,277518,206,bytes 623410206-623687723/661012853,277518,277518,42.67012499985867,42.72087500066846,131.80070800081012,174.58500000066124,True,
3,163,5,reused-client,1,reference_49x36px,zstd_128,ZSTD,128,77,12,6788,459126145,459177002,50858,206,bytes 459126145-459177002/492119117,50858,50858,42.60641699875123,42.68004199911957,28.602916998352157,71.31587600088096,True,
3,163,5,reused-client,1,reference_49x36px,zstd_128,ZSTD,128,78,12,6876,463540753,463592563,51811,206,bytes 463540753-463592563/492119117,51811,51811,54.98254200210795,55.1125839992892,6.3779170013731346,61.546291999547975,True,
3,164,4,reused-client,1,reference_49x36px,lzw_128,LZW,128,77,12,6788,616873520,616941718,68199,206,bytes 616873520-616941718/661264391,68199,68199,61.783624998497544,61.86549999983981,12.514084002759773,74.41587499852176,True,
3,164,4,reused-client,1,reference_49x36px,lzw_128,LZW,128,78,12,6876,622814425,622884075,69651,206,bytes 622814425-622884075/661264391,69651,69651,66.66658300309791,66.76616600088892,16.038249999837717,82.84199999980046,True,
3,165,1,reused-client,1,small_24x18px,lzw_256,LZW,256,39,6,1722,623410206,623687723,277518,206,bytes 623410206-623687723/661012853,277518,277518,39.73404199859942,39.816833999793744,265.63633299883804,305.526459000248,True,
3,166,3,reused-client,1,reference_49x36px,lzw_128,LZW,128,77,12,6788,616873520,616941718,68199,206,bytes 616873520-616941718/661264391,68199,68199,42.3259169983794,42.38687500037486,18.381709000095725,60.78937499842141,True,
3,166,3,reused-client,1,reference_49x36px,lzw_128,LZW,128,78,12,6876,622814425,622884075,69651,206,bytes 622814425-622884075/661264391,69651,69651,41.119707999314414,41.16908299693023,21.229832997050835,62.45479099743534,True,
3,167,4,reused-client,1,large_aoi_392x288px,lzw_128,LZW,128,77,10,6786,616734150,616804263,70114,206,bytes 616734150-616804263/661264391,70114,70114,40.08025000075577,40.14762500082725,21.505541997612454,61.6926250004326,True,
3,167,4,reused-client,1,large_aoi_392x288px,lzw_128,LZW,128,77,11,6787,616804272,616873511,69240,206,bytes 616804272-616873511/661264391,69240,69240,47.34870800166391,47.43662500186474,25.32995799992932,72.80158300272888,True,
3,167,4,reused-client,1,large_aoi_392x288px,lzw_128,LZW,128,77,12,6788,616873520,616941718,68199,206,bytes 616873520-616941718/661264391,68199,68199,65.87866699919687,65.99270799779333,39.550792000227375,105.59074999764562,True,
3,167,4,reused-client,1,large_aoi_392x288px,lzw_128,LZW,128,77,13,6789,616941727,617013200,71474,206,bytes 616941727-617013200/661264391,71474,71474,75.37408299685922,75.46958300008555,13.784624999971129,89.30237499953364,True,
3,167,4,reused-client,1,large_aoi_392x288px,lzw_128,LZW,128,78,10,6874,622678072,622747024,68953,206,bytes 622678072-622747024/661264391,68953,68953,46.41870799969183,46.50383300031535,27.10033300172654,73.66141699822037,True,
3,167,4,reused-client,1,large_aoi_392x288px,lzw_128,LZW,128,78,11,6875,622747033,622814416,67384,206,bytes 622747033-622814416/661264391,67384,67384,42.02541700215079,42.173292000370566,33.34645900031319,75.62404200143646,True,
3,167,4,reused-client,1,large_aoi_392x288px,lzw_128,LZW,128,78,12,6876,622814425,622884075,69651,206,bytes 622814425-622884075/661264391,69651,69651,50.42279200279154,50.50200000187033,7.8895000006014016,58.41462500029593,True,
3,167,4,reused-client,1,large_aoi_392x288px,lzw_128,LZW,128,78,13,6877,622884084,622955954,71871,206,bytes 622884084-622955954/661264391,71871,71871,44.20899999968242,44.30212499937625,19.26400000229478,63.59333300133585,True,
3,167,4,reused-client,1,large_aoi_392x288px,lzw_128,LZW,128,79,10,6962,628465466,628533314,67849,206,bytes 628465466-628533314/661264391,67849,67849,53.06612500135088,53.15079099818831,37.79212500012363,90.9956659997988,True,
3,167,4,reused-client,1,large_aoi_392x288px,lzw_128,LZW,128,79,11,6963,628533323,628602043,68721,206,bytes 628533323-628602043/661264391,68721,68721,136.39795899871388,136.52633400124614,9.649999999965075,146.2062499995227,True,
3,167,4,reused-client,1,large_aoi_392x288px,lzw_128,LZW,128,79,12,6964,628602052,628673096,71045,206,bytes 628602052-628673096/661264391,71045,71045,71.64149999880465,71.73537500057137,10.82545799727086,82.59058399926289,True,
3,167,4,reused-client,1,large_aoi_392x288px,lzw_128,LZW,128,79,13,6965,628673105,628737744,64640,206,bytes 628673105-628737744/661264391,64640,64640,51.96458299906226,52.0657500019297,14.718708000145853,66.81525000021793,True,
3,168,5,reused-client,1,reference_49x36px,deflate_512,DEFLATE,512,19,3,421,462985865,463831501,845637,206,bytes 462985865-463831501/499024403,845637,845637,53.76424999849405,53.82549999922048,446.52866699834703,500.4168329978711,True,
3,169,3,reused-client,1,viewport_98x72px,zstd_512,ZSTD,512,19,3,421,454757753,455587037,829285,206,bytes 454757753-455587037/490194415,829285,829285,52.29400000098394,52.36370800048462,359.91008400014834,412.35312500066357,True,
3,170,5,reused-client,1,tiny_12x9px,zstd_512,ZSTD,512,19,3,421,454757753,455587037,829285,206,bytes 454757753-455587037/490194415,829285,829285,40.31958300038241,40.399666999292094,366.24741700143204,406.7302090006706,True,
3,171,4,reused-client,1,large_aoi_392x288px,zstd_128,ZSTD,128,77,10,6786,459022256,459074574,52319,206,bytes 459022256-459074574/492119117,52319,52319,52.76975000015227,52.85612499937997,9.652415999880759,62.53866599945468,True,
3,171,4,reused-client,1,large_aoi_392x288px,zstd_128,ZSTD,128,77,11,6787,459074583,459126136,51554,206,bytes 459074583-459126136/492119117,51554,51554,46.461417001410155,46.57937500087428,6.756917002348928,53.36608400102705,True,
3,171,4,reused-client,1,large_aoi_392x288px,zstd_128,ZSTD,128,77,12,6788,459126145,459177002,50858,206,bytes 459126145-459177002/492119117,50858,50858,42.41524999815738,42.46808400057489,8.081040999968536,50.57308400137117,True,
3,171,4,reused-client,1,large_aoi_392x288px,zstd_128,ZSTD,128,77,13,6789,459177011,459229715,52705,206,bytes 459177011-459229715/492119117,52705,52705,46.36525000023539,46.419166999839945,23.94083299805061,70.38029199975426,True,
3,171,4,reused-client,1,large_aoi_392x288px,zstd_128,ZSTD,128,78,10,6874,463438439,463490001,51563,206,bytes 463438439-463490001/492119117,51563,51563,44.53470799853676,44.62783300186857,9.355999998660991,54.00733300120919,True,
3,171,4,reused-client,1,large_aoi_392x288px,zstd_128,ZSTD,128,78,11,6875,463490010,463540744,50735,206,bytes 463490010-463540744/492119117,50735,50735,60.243208001338644,60.39075000080629,13.347458003408974,73.78795800104854,True,
3,171,4,reused-client,1,large_aoi_392x288px,zstd_128,ZSTD,128,78,12,6876,463540753,463592563,51811,206,bytes 463540753-463592563/492119117,51811,51811,55.809290999604855,55.93329100156552,15.898500001640059,71.86745799845085,True,
3,171,4,reused-client,1,large_aoi_392x288px,zstd_128,ZSTD,128,78,13,6877,463592572,463646112,53541,206,bytes 463592572-463646112/492119117,53541,53541,137.20258299872512,137.27674999972805,44.85329199815169,182.17200000071898,True,
3,171,4,reused-client,1,large_aoi_392x288px,zstd_128,ZSTD,128,79,10,6962,467744704,467795492,50789,206,bytes 467744704-467795492/492119117,50789,50789,62.05545799821266,62.110415998176904,22.07595900108572,84.2173749988433,True,
3,171,4,reused-client,1,large_aoi_392x288px,zstd_128,ZSTD,128,79,11,6963,467795501,467846880,51380,206,bytes 467795501-467846880/492119117,51380,51380,67.06683300217264,67.15462500142166,10.962708001898136,78.13487500243355,True,
3,171,4,reused-client,1,large_aoi_392x288px,zstd_128,ZSTD,128,79,12,6964,467846889,467899652,52764,206,bytes 467846889-467899652/492119117,52764,52764,63.957165999454446,64.02791599975899,7.2122079982364085,71.26912500098115,True,
3,171,4,reused-client,1,large_aoi_392x288px,zstd_128,ZSTD,128,79,13,6965,467899661,467948544,48884,206,bytes 467899661-467948544/492119117,48884,48884,38.56466700017336,38.6228339993977,10.293999999703374,48.94183400028851,True,
3,172,2,reused-client,1,tiny_12x9px,deflate_128,DEFLATE,128,78,12,6876,470577948,470630526,52579,206,bytes 470577948-470630526/499617324,52579,52579,55.13237500053947,55.21500000031665,19.28879200204392,74.54058400253416,True,
3,173,5,reused-client,1,viewport_98x72px,zstd_256,ZSTD,256,38,6,1678,453731252,453940035,208784,206,bytes 453731252-453940035/490384277,208784,208784,70.28016700132866,70.3514169981645,131.75679100095294,202.17104200128233,True,
3,173,5,reused-client,1,viewport_98x72px,zstd_256,ZSTD,256,39,6,1722,462498953,462705745,206793,206,bytes 462498953-462705745/490384277,206793,206793,42.66362499765819,42.73599999942235,60.57420900106081,103.39433299668599,True,
3,174,3,reused-client,1,tiny_12x9px,deflate_128,DEFLATE,128,78,12,6876,470577948,470630526,52579,206,bytes 470577948-470630526/499617324,52579,52579,62.43275000088033,62.499125000613276,14.21729099820368,76.74829100142233,True,
3,175,3,reused-client,1,reference_49x36px,deflate_512,DEFLATE,512,19,3,421,462985865,463831501,845637,206,bytes 462985865-463831501/499024403,845637,845637,43.0969590015593,43.26029200092307,420.4009999994014,463.7391670003126,True,
3,176,1,reused-client,1,viewport_196x144px,deflate_512,DEFLATE,512,19,2,420,462155354,462985856,830503,206,bytes 462155354-462985856/499024403,830503,830503,72.59333299953141,72.66304199947626,290.6809999985853,363.41120899669477,True,
3,176,1,reused-client,1,viewport_196x144px,deflate_512,DEFLATE,512,19,3,421,462985865,463831501,845637,206,bytes 462985865-463831501/499024403,845637,845637,108.58379199999035,108.68516700065811,418.6927909977385,527.4369580001803,True,
3,177,5,reused-client,1,small_24x18px,lzw_128,LZW,128,78,12,6876,622814425,622884075,69651,206,bytes 622814425-622884075/661264391,69651,69651,46.77479200108792,46.98787500092294,56.32987499848241,103.37699999945471,True,
3,178,5,reused-client,1,large_aoi_392x288px,zstd_512,ZSTD,512,19,2,420,453940732,454757744,817013,206,bytes 453940732-454757744/490194415,817013,817013,62.86966699917684,62.97354199705296,381.5089999989141,444.52929199906066,True,
3,178,5,reused-client,1,large_aoi_392x288px,zstd_512,ZSTD,512,19,3,421,454757753,455587037,829285,206,bytes 454757753-455587037/490194415,829285,829285,52.714000001287786,52.787458000238985,475.4719999982626,528.3736670025974,True,
3,179,2,reused-client,1,large_aoi_392x288px,deflate_256,DEFLATE,256,38,5,1677,460967157,461178005,210849,206,bytes 460967157-461178005/498427477,210849,210849,90.63195799899404,90.69537500181468,48.3943340004771,139.12400000117486,True,
3,179,2,reused-client,1,large_aoi_392x288px,deflate_256,DEFLATE,256,38,6,1678,461178014,461389907,211894,206,bytes 461178014-461389907/498427477,211894,211894,39.6462499993504,39.73691699866322,114.2476249988249,154.03862500170362,True,
3,179,2,reused-client,1,large_aoi_392x288px,deflate_256,DEFLATE,256,39,5,1721,469859936,470066892,206957,206,bytes 469859936-470066892/498427477,206957,206957,41.29691699927207,41.378375000931555,63.63874999806285,105.07970899925567,True,
3,179,2,reused-client,1,large_aoi_392x288px,deflate_256,DEFLATE,256,39,6,1722,470066901,470277493,210593,206,bytes 470066901-470277493/498427477,210593,210593,62.39704099789378,62.44920799872489,59.07933300113655,121.55966600039392,True,
3,180,2,reused-client,1,viewport_98x72px,deflate_512,DEFLATE,512,19,3,421,462985865,463831501,845637,206,bytes 462985865-463831501/499024403,845637,845637,40.17408400250133,40.25000000183354,301.79150000185473,342.11375000086264,True,
3,181,4,reused-client,1,viewport_98x72px,lzw_256,LZW,256,38,6,1678,611588083,611870179,282097,206,bytes 611588083-611870179/661012853,282097,282097,110.38908399859793,110.46300099769724,133.17100000131177,243.680501000199,True,
3,181,4,reused-client,1,viewport_98x72px,lzw_256,LZW,256,39,6,1722,623410206,623687723,277518,206,bytes 623410206-623687723/661012853,277518,277518,56.40983400007826,56.47845899875392,115.20762500003912,171.7456670012325,True,
3,182,1,reused-client,1,reference_49x36px,zstd_256,ZSTD,256,38,6,1678,453731252,453940035,208784,206,bytes 453731252-453940035/490384277,208784,208784,69.81775000167545,69.94791699980851,60.47766600022442,130.4708749994461,True,
3,182,1,reused-client,1,reference_49x36px,zstd_256,ZSTD,256,39,6,1722,462498953,462705745,206793,206,bytes 462498953-462705745/490384277,206793,206793,51.23391699817148,51.292333999299444,124.92258400015999,176.25191700062715,True,
3,183,3,reused-client,1,tiny_12x9px,zstd_256,ZSTD,256,39,6,1722,462498953,462705745,206793,206,bytes 462498953-462705745/490384277,206793,206793,43.53112500029965,43.59287500119535,69.83995800328557,113.46754199985298,True,
3,184,4,reused-client,1,reference_49x36px,deflate_512,DEFLATE,512,19,3,421,462985865,463831501,845637,206,bytes 462985865-463831501/499024403,845637,845637,70.00970800072537,70.08304100236273,560.1176260024658,630.2667919990199,True,
3,185,5,reused-client,1,tiny_12x9px,lzw_128,LZW,128,78,12,6876,622814425,622884075,69651,206,bytes 622814425-622884075/661264391,69651,69651,50.33470799753559,50.4384999985632,17.306875000940636,67.77362499997253,True,
3,186,1,reused-client,1,tiny_12x9px,lzw_512,LZW,512,19,3,421,613302768,614420752,1117985,206,bytes 613302768-614420752/661107776,1117985,1117985,76.37199999953737,76.4669589989353,484.0355839987751,560.5752920018858,True,
3,187,3,reused-client,1,large_aoi_392x288px,zstd_128,ZSTD,128,77,10,6786,459022256,459074574,52319,206,bytes 459022256-459074574/492119117,52319,52319,173.36245800106553,173.46725000243168,45.40020800050115,218.91091700308607,True,
3,187,3,reused-client,1,large_aoi_392x288px,zstd_128,ZSTD,128,77,11,6787,459074583,459126136,51554,206,bytes 459074583-459126136/492119117,51554,51554,80.52337499975692,80.58533299845294,20.139167001616443,100.74495799926808,True,
3,187,3,reused-client,1,large_aoi_392x288px,zstd_128,ZSTD,128,77,12,6788,459126145,459177002,50858,206,bytes 459126145-459177002/492119117,50858,50858,73.85729200177593,73.96033300028648,50.72029100119835,124.78308300342178,True,
3,187,3,reused-client,1,large_aoi_392x288px,zstd_128,ZSTD,128,77,13,6789,459177011,459229715,52705,206,bytes 459177011-459229715/492119117,52705,52705,37.148125000385335,37.19954199914355,22.66641599999275,59.89695899916114,True,
3,187,3,reused-client,1,large_aoi_392x288px,zstd_128,ZSTD,128,78,10,6874,463438439,463490001,51563,206,bytes 463438439-463490001/492119117,51563,51563,40.713667000090936,40.76954199990723,18.003416000283323,58.802916999411536,True,
3,187,3,reused-client,1,large_aoi_392x288px,zstd_128,ZSTD,128,78,11,6875,463490010,463540744,50735,206,bytes 463490010-463540744/492119117,50735,50735,38.19862499949522,38.25095899810549,49.80454199903761,88.09187500082771,True,
3,187,3,reused-client,1,large_aoi_392x288px,zstd_128,ZSTD,128,78,12,6876,463540753,463592563,51811,206,bytes 463540753-463592563/492119117,51811,51811,51.01433399977395,51.104416997986846,9.603208000044106,60.73887599995942,True,
3,187,3,reused-client,1,large_aoi_392x288px,zstd_128,ZSTD,128,78,13,6877,463592572,463646112,53541,206,bytes 463592572-463646112/492119117,53541,53541,52.11649999910151,52.20662499777973,10.258124999381835,62.55087499812362,True,
3,187,3,reused-client,1,large_aoi_392x288px,zstd_128,ZSTD,128,79,10,6962,467744704,467795492,50789,206,bytes 467744704-467795492/492119117,50789,50789,152.4479159998009,152.51966600044398,6.458209001721116,159.00808299920755,True,
3,187,3,reused-client,1,large_aoi_392x288px,zstd_128,ZSTD,128,79,11,6963,467795501,467846880,51380,206,bytes 467795501-467846880/492119117,51380,51380,52.43541700110654,52.499166999041336,7.892916997661814,60.410541998862755,True,
3,187,3,reused-client,1,large_aoi_392x288px,zstd_128,ZSTD,128,79,12,6964,467846889,467899652,52764,206,bytes 467846889-467899652/492119117,52764,52764,74.1236249996291,74.20666600228287,119.6786250002333,193.9441659997101,True,
3,187,3,reused-client,1,large_aoi_392x288px,zstd_128,ZSTD,128,79,13,6965,467899661,467948544,48884,206,bytes 467899661-467948544/492119117,48884,48884,47.680583000328625,47.7860419996432,56.41858400122146,104.24137500012876,True,
3,188,2,reused-client,1,small_24x18px,deflate_256,DEFLATE,256,39,6,1722,470066901,470277493,210593,206,bytes 470066901-470277493/498427477,210593,210593,60.64666699967347,60.871916997712106,66.53841700244811,127.44383399694925,True,
3,189,1,reused-client,1,small_24x18px,lzw_128,LZW,128,78,12,6876,622814425,622884075,69651,206,bytes 622814425-622884075/661264391,69651,69651,60.44037500032573,60.50025000149617,17.822375000832835,78.35020800121129,True,
3,190,3,reused-client,1,small_24x18px,zstd_256,ZSTD,256,39,6,1722,462498953,462705745,206793,206,bytes 462498953-462705745/490384277,206793,206793,68.18600000042352,68.3423340014997,75.38574999853154,143.76350000020466,True,
3,191,2,reused-client,1,viewport_98x72px,zstd_256,ZSTD,256,38,6,1678,453731252,453940035,208784,206,bytes 453731252-453940035/490384277,208784,208784,48.45483299868647,48.513082998397294,76.7052919982234,125.25333300072816,True,
3,191,2,reused-client,1,viewport_98x72px,zstd_256,ZSTD,256,39,6,1722,462498953,462705745,206793,206,bytes 462498953-462705745/490384277,206793,206793,46.185417002561735,46.27391699978034,66.01295799919171,112.32275000293157,True,
3,192,2,reused-client,1,viewport_196x144px,deflate_512,DEFLATE,512,19,2,420,462155354,462985856,830503,206,bytes 462155354-462985856/499024403,830503,830503,53.3751660004782,53.48920799951884,378.6302920016169,432.1710420008458,True,
3,192,2,reused-client,1,viewport_196x144px,deflate_512,DEFLATE,512,19,3,421,462985865,463831501,845637,206,bytes 462985865-463831501/499024403,845637,845637,49.31304199999431,49.43387499952223,308.41670900190366,357.9211670003133,True,
3,193,3,reused-client,1,reference_49x36px,deflate_256,DEFLATE,256,38,6,1678,461178014,461389907,211894,206,bytes 461178014-461389907/498427477,211894,211894,40.793832999042934,40.90279199954239,105.20833400005358,146.16812500025844,True,
3,193,3,reused-client,1,reference_49x36px,deflate_256,DEFLATE,256,39,6,1722,470066901,470277493,210593,206,bytes 470066901-470277493/498427477,210593,210593,38.8061249977909,38.920374998269835,88.48920799937332,127.44562499938183,True,
3,194,3,reused-client,1,reference_49x36px,zstd_128,ZSTD,128,77,12,6788,459126145,459177002,50858,206,bytes 459126145-459177002/492119117,50858,50858,45.47699999966426,45.54370799814933,26.036499999463558,71.61041699873749,True,
3,194,3,reused-client,1,reference_49x36px,zstd_128,ZSTD,128,78,12,6876,463540753,463592563,51811,206,bytes 463540753-463592563/492119117,51811,51811,42.45600000285776,42.522708001342835,34.71854099916527,77.2631250001723,True,
3,195,3,reused-client,1,large_aoi_392x288px,zstd_256,ZSTD,256,38,5,1677,453523840,453731243,207404,206,bytes 453523840-453731243/490384277,207404,207404,39.03287499997532,39.111249996494735,206.4206249997369,245.60187499810127,True,
3,195,3,reused-client,1,large_aoi_392x288px,zstd_256,ZSTD,256,38,6,1678,453731252,453940035,208784,206,bytes 453731252-453940035/490384277,208784,208784,146.30299999771523,146.42820799781475,93.0073759991501,239.50404199786135,True,
3,195,3,reused-client,1,large_aoi_392x288px,zstd_256,ZSTD,256,39,5,1721,462295419,462498944,203526,206,bytes 462295419-462498944/490384277,203526,203526,54.631291997793596,54.77045799852931,63.16070899993065,117.99958299889113,True,
3,195,3,reused-client,1,large_aoi_392x288px,zstd_256,ZSTD,256,39,6,1722,462498953,462705745,206793,206,bytes 462498953-462705745/490384277,206793,206793,55.285708000155864,55.41066700243391,113.74387500109151,169.2222080018837,True,
3,196,1,reused-client,1,viewport_196x144px,zstd_512,ZSTD,512,19,2,420,453940732,454757744,817013,206,bytes 453940732-454757744/490194415,817013,817013,50.804291997337714,50.87320799793815,535.6749999991735,586.5989169979002,True,
3,196,1,reused-client,1,viewport_196x144px,zstd_512,ZSTD,512,19,3,421,454757753,455587037,829285,206,bytes 454757753-455587037/490194415,829285,829285,46.62362499948358,46.73491599896806,1005.8628340011637,1052.663999998913,True,
3,197,3,reused-client,1,small_24x18px,zstd_512,ZSTD,512,19,3,421,454757753,455587037,829285,206,bytes 454757753-455587037/490194415,829285,829285,79.95741700142389,80.05870900160517,926.8764180014841,1006.9600429997081,True,
3,198,1,reused-client,1,reference_49x36px,lzw_128,LZW,128,77,12,6788,616873520,616941718,68199,206,bytes 616873520-616941718/661264391,68199,68199,41.411292000702815,41.510625000228174,24.238541998784058,65.7774999999674,True,
3,198,1,reused-client,1,reference_49x36px,lzw_128,LZW,128,78,12,6876,622814425,622884075,69651,206,bytes 622814425-622884075/661264391,69651,69651,42.135584000789095,42.216499998176005,34.41808400020818,76.66908399914973,True,
3,199,2,reused-client,1,viewport_98x72px,lzw_256,LZW,256,38,6,1678,611588083,611870179,282097,206,bytes 611588083-611870179/661012853,282097,282097,73.09241600160021,73.3665830011887,116.82049999944866,190.22216599842068,True,
3,199,2,reused-client,1,viewport_98x72px,lzw_256,LZW,256,39,6,1722,623410206,623687723,277518,206,bytes 623410206-623687723/661012853,277518,277518,81.22462499886751,81.31262499955483,187.6994169979298,269.06020900059957,True,
3,200,5,reused-client,1,reference_49x36px,deflate_256,DEFLATE,256,38,6,1678,461178014,461389907,211894,206,bytes 461178014-461389907/498427477,211894,211894,77.0898330010823,77.19208300113678,96.15816699806601,173.39091599933454,True,
3,200,5,reused-client,1,reference_49x36px,deflate_256,DEFLATE,256,39,6,1722,470066901,470277493,210593,206,bytes 470066901-470277493/498427477,210593,210593,163.72758299985435,163.87937499894178,149.45287500086124,313.3891670004232,True,
3,201,2,reused-client,1,tiny_12x9px,deflate_512,DEFLATE,512,19,3,421,462985865,463831501,845637,206,bytes 462985865-463831501/499024403,845637,845637,49.84883300130605,49.9522079990129,420.6349170017347,470.6403339987446,True,
3,202,3,reused-client,1,small_24x18px,lzw_512,LZW,512,19,3,421,613302768,614420752,1117985,206,bytes 613302768-614420752/661107776,1117985,1117985,79.3592499976512,79.48108299751766,922.0191249987693,1001.5594579999743,True,
3,203,5,reused-client,1,viewport_196x144px,lzw_256,LZW,256,38,5,1677,611308756,611588074,279319,206,bytes 611308756-611588074/661012853,279319,279319,43.68012499980978,43.785875001049135,138.4657500020694,182.30975000187755,True,
3,203,5,reused-client,1,viewport_196x144px,lzw_256,LZW,256,38,6,1678,611588083,611870179,282097,206,bytes 611588083-611870179/661012853,282097,282097,56.54599999979837,56.746624999505,329.9122909993457,386.676374997478,True,
3,203,5,reused-client,1,viewport_196x144px,lzw_256,LZW,256,39,5,1721,623137353,623410197,272845,206,bytes 623137353-623410197/661012853,272845,272845,71.5109160009888,71.6125409999222,135.91362499937532,207.59108299898799,True,
3,203,5,reused-client,1,viewport_196x144px,lzw_256,LZW,256,39,6,1722,623410206,623687723,277518,206,bytes 623410206-623687723/661012853,277518,277518,56.6610829991987,56.770749997667735,127.94787499660742,184.79133299842943,True,
3,204,4,reused-client,1,reference_49x36px,deflate_128,DEFLATE,128,77,12,6788,466101002,466152431,51430,206,bytes 466101002-466152431/499617324,51430,51430,66.46883400026127,66.59154200315243,7.132875001843786,73.74816700030351,True,
3,204,4,reused-client,1,reference_49x36px,deflate_128,DEFLATE,128,78,12,6876,470577948,470630526,52579,206,bytes 470577948-470630526/499617324,52579,52579,47.916499999701045,48.01716600195505,29.539541999838548,77.59645799887949,True,
3,205,5,reused-client,1,large_aoi_392x288px,lzw_128,LZW,128,77,10,6786,616734150,616804263,70114,206,bytes 616734150-616804263/661264391,70114,70114,64.17191600121441,64.25058300010278,29.00704199782922,93.29695800261106,True,
3,205,5,reused-client,1,large_aoi_392x288px,lzw_128,LZW,128,77,11,6787,616804272,616873511,69240,206,bytes 616804272-616873511/661264391,69240,69240,76.55974999943282,76.68504199682502,61.36908400003449,138.10045899663237,True,
3,205,5,reused-client,1,large_aoi_392x288px,lzw_128,LZW,128,77,12,6788,616873520,616941718,68199,206,bytes 616873520-616941718/661264391,68199,68199,177.6388340003905,177.78566700144438,11.037416999897687,188.86041700170608,True,
3,205,5,reused-client,1,large_aoi_392x288px,lzw_128,LZW,128,77,13,6789,616941727,617013200,71474,206,bytes 616941727-617013200/661264391,71474,71474,66.27937499797554,66.38208399817813,32.81954100020812,99.25891699822387,True,
3,205,5,reused-client,1,large_aoi_392x288px,lzw_128,LZW,128,78,10,6874,622678072,622747024,68953,206,bytes 622678072-622747024/661264391,68953,68953,65.40866700015613,65.51479200061294,20.962541999324458,86.51320900025894,True,
3,205,5,reused-client,1,large_aoi_392x288px,lzw_128,LZW,128,78,11,6875,622747033,622814416,67384,206,bytes 622747033-622814416/661264391,67384,67384,48.44745800073724,48.63599999953294,15.32125000085216,63.98741700104438,True,
3,205,5,reused-client,1,large_aoi_392x288px,lzw_128,LZW,128,78,12,6876,622814425,622884075,69651,206,bytes 622814425-622884075/661264391,69651,69651,122.87566599843558,122.98083299901919,39.812125000025844,162.84316599922022,True,
3,205,5,reused-client,1,large_aoi_392x288px,lzw_128,LZW,128,78,13,6877,622884084,622955954,71871,206,bytes 622884084-622955954/661264391,71871,71871,68.43112500064308,68.59129100121208,44.45570799725829,113.1026250004652,True,
3,205,5,reused-client,1,large_aoi_392x288px,lzw_128,LZW,128,79,10,6962,628465466,628533314,67849,206,bytes 628465466-628533314/661264391,67849,67849,114.45554199963226,114.56962599913822,27.900207998754922,142.5600009970367,True,
3,205,5,reused-client,1,large_aoi_392x288px,lzw_128,LZW,128,79,11,6963,628533323,628602043,68721,206,bytes 628533323-628602043/661264391,68721,68721,84.09829099764465,84.20216599915875,59.68429200220271,143.94966599866166,True,
3,205,5,reused-client,1,large_aoi_392x288px,lzw_128,LZW,128,79,12,6964,628602052,628673096,71045,206,bytes 628602052-628673096/661264391,71045,71045,80.99691700044787,81.1140420009906,36.45075000167708,117.68608300189953,True,
3,205,5,reused-client,1,large_aoi_392x288px,lzw_128,LZW,128,79,13,6965,628673105,628737744,64640,206,bytes 628673105-628737744/661264391,64640,64640,107.8196670023317,107.92824999953154,19.5592910022242,127.52762500167591,True,
3,206,4,reused-client,1,large_aoi_392x288px,zstd_256,ZSTD,256,38,5,1677,453523840,453731243,207404,206,bytes 453523840-453731243/490384277,207404,207404,197.68624999778694,197.78983300057007,377.123666999978,574.9570839980152,True,
3,206,4,reused-client,1,large_aoi_392x288px,zstd_256,ZSTD,256,38,6,1678,453731252,453940035,208784,206,bytes 453731252-453940035/490384277,208784,208784,40.71845799990115,40.822666000167374,86.64158399915323,127.53637499918113,True,
3,206,4,reused-client,1,large_aoi_392x288px,zstd_256,ZSTD,256,39,5,1721,462295419,462498944,203526,206,bytes 462295419-462498944/490384277,203526,203526,56.004958001722116,56.10750000050757,82.95266599816387,139.11899999948218,True,
3,206,4,reused-client,1,large_aoi_392x288px,zstd_256,ZSTD,256,39,6,1722,462498953,462705745,206793,206,bytes 462498953-462705745/490384277,206793,206793,55.04295799983083,55.19624999942607,171.9498759994167,227.20966700217105,True,
3,207,3,reused-client,1,tiny_12x9px,zstd_128,ZSTD,128,78,12,6876,463540753,463592563,51811,206,bytes 463540753-463592563/492119117,51811,51811,45.18104100134224,45.293500003026566,10.452541002450744,55.77700000139885,True,
3,208,5,reused-client,1,large_aoi_392x288px,lzw_512,LZW,512,19,2,420,612205443,613302759,1097317,206,bytes 612205443-613302759/661107776,1097317,1097317,54.03137499888544,54.15266699856147,502.860459000658,557.0259589985653,True,
3,208,5,reused-client,1,large_aoi_392x288px,lzw_512,LZW,512,19,3,421,613302768,614420752,1117985,206,bytes 613302768-614420752/661107776,1117985,1117985,95.97204199963016,96.01354199912748,693.5117920002085,789.5731669996167,True,
3,209,5,reused-client,1,reference_49x36px,deflate_128,DEFLATE,128,77,12,6788,466101002,466152431,51430,206,bytes 466101002-466152431/499617324,51430,51430,82.44933400055743,82.55220900173299,13.53466699947603,96.11370900165639,True,
3,209,5,reused-client,1,reference_49x36px,deflate_128,DEFLATE,128,78,12,6876,470577948,470630526,52579,206,bytes 470577948-470630526/499617324,52579,52579,42.78729200086673,42.88124999948195,23.893624998891028,66.81220900281915,True,
3,210,3,reused-client,1,small_24x18px,deflate_256,DEFLATE,256,39,6,1722,470066901,470277493,210593,206,bytes 470066901-470277493/498427477,210593,210593,50.332250000792556,50.435208999260794,73.84950000050594,124.33920900002704,True,
3,211,4,reused-client,1,viewport_196x144px,zstd_128,ZSTD,128,77,11,6787,459074583,459126136,51554,206,bytes 459074583-459126136/492119117,51554,51554,71.22245899881818,71.3106670009438,29.34724999795435,100.706834000448,True,
3,211,4,reused-client,1,viewport_196x144px,zstd_128,ZSTD,128,77,12,6788,459126145,459177002,50858,206,bytes 459126145-459177002/492119117,50858,50858,46.25337499965099,46.36658399977023,16.53745799922035,62.94133399933344,True,
3,211,4,reused-client,1,viewport_196x144px,zstd_128,ZSTD,128,77,13,6789,459177011,459229715,52705,206,bytes 459177011-459229715/492119117,52705,52705,67.97141700008069,68.05445799909648,154.77812500103028,222.88341699822922,True,
3,211,4,reused-client,1,viewport_196x144px,zstd_128,ZSTD,128,78,11,6875,463490010,463540744,50735,206,bytes 463490010-463540744/492119117,50735,50735,188.14383399876533,188.21541699799127,120.44329200216453,308.69841700041434,True,
3,211,4,reused-client,1,viewport_196x144px,zstd_128,ZSTD,128,78,12,6876,463540753,463592563,51811,206,bytes 463540753-463592563/492119117,51811,51811,73.73691600150778,73.8226659996144,31.593625000823522,105.45945800186018,True,
3,211,4,reused-client,1,viewport_196x144px,zstd_128,ZSTD,128,78,13,6877,463592572,463646112,53541,206,bytes 463592572-463646112/492119117,53541,53541,69.44383399968501,69.55304200164392,140.33025100070518,209.97408400216955,True,
3,212,3,reused-client,1,viewport_98x72px,deflate_128,DEFLATE,128,77,12,6788,466101002,466152431,51430,206,bytes 466101002-466152431/499617324,51430,51430,57.80691700056195,57.91762500302866,3.4455420027370565,61.39354200058733,True,
3,212,3,reused-client,1,viewport_98x72px,deflate_128,DEFLATE,128,78,12,6876,470577948,470630526,52579,206,bytes 470577948-470630526/499617324,52579,52579,56.10049999813782,56.30991599900881,10.50174999909359,66.84883299749345,True,
3,213,3,reused-client,1,tiny_12x9px,lzw_512,LZW,512,19,3,421,613302768,614420752,1117985,206,bytes 613302768-614420752/661107776,1117985,1117985,50.714749999315245,50.79608300002292,1285.7419590000063,1336.6040420005447,True,
3,214,3,reused-client,1,large_aoi_392x288px,lzw_512,LZW,512,19,2,420,612205443,613302759,1097317,206,bytes 612205443-613302759/661107776,1097317,1097317,45.932958000776125,46.08987499887007,1873.5894999990705,1919.761124998331,True,
3,214,3,reused-client,1,large_aoi_392x288px,lzw_512,LZW,512,19,3,421,613302768,614420752,1117985,206,bytes 613302768-614420752/661107776,1117985,1117985,164.14799999984098,164.26241700173705,736.6635840007802,900.9930419997545,True,
3,215,4,reused-client,1,viewport_98x72px,lzw_128,LZW,128,77,12,6788,616873520,616941718,68199,206,bytes 616873520-616941718/661264391,68199,68199,61.50954100303352,61.61787500241189,9.712374998343876,71.36850000097184,True,
3,215,4,reused-client,1,viewport_98x72px,lzw_128,LZW,128,78,12,6876,622814425,622884075,69651,206,bytes 622814425-622884075/661264391,69651,69651,72.77629199961666,72.87716700011515,252.8015830030199,325.7259169986355,True,
3,216,5,reused-client,1,tiny_12x9px,deflate_128,DEFLATE,128,78,12,6876,470577948,470630526,52579,206,bytes 470577948-470630526/499617324,52579,52579,64.27149999944959,64.36445900180843,30.040540998015786,94.4367920019431,True,
3,217,5,reused-client,1,reference_49x36px,lzw_256,LZW,256,38,6,1678,611588083,611870179,282097,206,bytes 611588083-611870179/661012853,282097,282097,49.822083998151356,49.90529199858429,360.8050419970823,410.7834169990383,True,
3,217,5,reused-client,1,reference_49x36px,lzw_256,LZW,256,39,6,1722,623410206,623687723,277518,206,bytes 623410206-623687723/661012853,277518,277518,724.8062500002561,724.9176249970333,150.1117920015531,875.0951250003709,True,
3,218,4,reused-client,1,reference_49x36px,zstd_128,ZSTD,128,77,12,6788,459126145,459177002,50858,206,bytes 459126145-459177002/492119117,50858,50858,53.8379999998142,53.93295800240594,8.973250001872657,62.93920800089836,True,
3,218,4,reused-client,1,reference_49x36px,zstd_128,ZSTD,128,78,12,6876,463540753,463592563,51811,206,bytes 463540753-463592563/492119117,51811,51811,83.18329200119479,83.28420800171443,4.001083001639927,87.31429200270213,True,
3,219,5,reused-client,1,viewport_196x144px,deflate_256,DEFLATE,256,38,5,1677,460967157,461178005,210849,206,bytes 460967157-461178005/498427477,210849,210849,58.64816699977382,58.73412499931874,201.0748329994385,259.8694170010276,True,
3,219,5,reused-client,1,viewport_196x144px,deflate_256,DEFLATE,256,38,6,1678,461178014,461389907,211894,206,bytes 461178014-461389907/498427477,211894,211894,37.55554199960898,37.66745900065871,476.3910000001488,514.1248340005404,True,
3,219,5,reused-client,1,viewport_196x144px,deflate_256,DEFLATE,256,39,5,1721,469859936,470066892,206957,206,bytes 469859936-470066892/498427477,206957,206957,101.97779100053594,102.13404100068146,98.32279200054472,200.4923750027956,True,
3,219,5,reused-client,1,viewport_196x144px,deflate_256,DEFLATE,256,39,6,1722,470066901,470277493,210593,206,bytes 470066901-470277493/498427477,210593,210593,52.62949999814737,52.6899169999524,102.9550420025771,155.69200000027195,True,
3,220,4,reused-client,1,viewport_98x72px,zstd_128,ZSTD,128,77,12,6788,459126145,459177002,50858,206,bytes 459126145-459177002/492119117,50858,50858,60.61858400062192,60.75562499972875,32.79345800183364,93.58133400019142,True,
3,220,4,reused-client,1,viewport_98x72px,zstd_128,ZSTD,128,78,12,6876,463540753,463592563,51811,206,bytes 463540753-463592563/492119117,51811,51811,52.36033300025156,52.44545800087508,50.875208999059396,103.35754200059455,True,
3,221,1,reused-client,1,small_24x18px,deflate_128,DEFLATE,128,78,12,6876,470577948,470630526,52579,206,bytes 470577948-470630526/499617324,52579,52579,90.8443750013248,90.92345799945178,117.99612499817158,208.97566699932213,True,
3,222,3,reused-client,1,viewport_98x72px,deflate_256,DEFLATE,256,38,6,1678,461178014,461389907,211894,206,bytes 461178014-461389907/498427477,211894,211894,49.281042000075104,49.371125001925975,98.68387499955134,148.11179200114566,True,
3,222,3,reused-client,1,viewport_98x72px,deflate_256,DEFLATE,256,39,6,1722,470066901,470277493,210593,206,bytes 470066901-470277493/498427477,210593,210593,112.88612499993178,113.00916699838126,250.18474999887985,363.2469170006516,True,
3,223,1,reused-client,1,tiny_12x9px,deflate_128,DEFLATE,128,78,12,6876,470577948,470630526,52579,206,bytes 470577948-470630526/499617324,52579,52579,76.9687089996296,77.07866700002342,24.09537499988801,101.2036669999361,True,
3,224,1,reused-client,1,tiny_12x9px,zstd_512,ZSTD,512,19,3,421,454757753,455587037,829285,206,bytes 454757753-455587037/490194415,829285,829285,72.60312500147847,72.67412500004866,472.20849999939674,544.9369580019265,True,
3,225,2,reused-client,1,large_aoi_392x288px,deflate_128,DEFLATE,128,77,10,6786,465995630,466048722,53093,206,bytes 465995630-466048722/499617324,53093,53093,65.57516700195265,65.63466700026765,86.48700099729467,152.15816700219875,True,
3,225,2,reused-client,1,large_aoi_392x288px,deflate_128,DEFLATE,128,77,11,6787,466048731,466100993,52263,206,bytes 466048731-466100993/499617324,52263,52263,93.18975000132923,93.29112499835901,53.81199999828823,147.14316699974006,True,
3,225,2,reused-client,1,large_aoi_392x288px,deflate_128,DEFLATE,128,77,12,6788,466101002,466152431,51430,206,bytes 466101002-466152431/499617324,51430,51430,129.800750000868,129.89595899853157,243.21950000012293,373.1752919993596,True,
3,225,2,reused-client,1,large_aoi_392x288px,deflate_128,DEFLATE,128,77,13,6789,466152440,466206025,53586,206,bytes 466152440-466206025/499617324,53586,53586,59.83929200010607,59.9203750025481,45.04895900026895,105.0118340026529,True,
3,225,2,reused-client,1,large_aoi_392x288px,deflate_128,DEFLATE,128,78,10,6874,470474183,470526343,52161,206,bytes 470474183-470526343/499617324,52161,52161,163.23162500339095,163.33412500171107,3.967250002460787,167.3326670024835,True,
3,225,2,reused-client,1,large_aoi_392x288px,deflate_128,DEFLATE,128,78,11,6875,470526352,470577939,51588,206,bytes 470526352-470577939/499617324,51588,51588,73.06416699793772,73.14199999746052,8.27370800107019,81.43908299825853,True,
3,225,2,reused-client,1,large_aoi_392x288px,deflate_128,DEFLATE,128,78,12,6876,470577948,470630526,52579,206,bytes 470577948-470630526/499617324,52579,52579,59.583499998552725,59.6443750000617,11.373291999916546,71.0466250020545,True,
3,225,2,reused-client,1,large_aoi_392x288px,deflate_128,DEFLATE,128,78,13,6877,470630535,470685000,54466,206,bytes 470630535-470685000/499617324,54466,54466,50.79733399907127,50.8676249992277,5.36337499943329,56.25208399942494,True,
3,225,2,reused-client,1,large_aoi_392x288px,deflate_128,DEFLATE,128,79,10,6962,474844867,474896322,51456,206,bytes 474844867-474896322/499617324,51456,51456,75.20216699776938,75.29224999962025,5.392042003222741,80.71095899867942,True,
3,225,2,reused-client,1,large_aoi_392x288px,deflate_128,DEFLATE,128,79,11,6963,474896331,474948466,52136,206,bytes 474896331-474948466/499617324,52136,52136,69.39575000069453,69.49033400087501,51.72200000015437,121.29091700262506,True,
3,225,2,reused-client,1,large_aoi_392x288px,deflate_128,DEFLATE,128,79,12,6964,474948475,475002211,53737,206,bytes 474948475-475002211/499617324,53737,53737,62.81308400139096,62.950709001597716,6.150000001071021,69.13662499937345,True,
3,225,2,reused-client,1,large_aoi_392x288px,deflate_128,DEFLATE,128,79,13,6965,475002220,475052147,49928,206,bytes 475002220-475052147/499617324,49928,49928,74.71554099902278,74.77812499928405,19.309624996822095,94.12275000067893,True,
3,226,5,reused-client,1,large_aoi_392x288px,zstd_256,ZSTD,256,38,5,1677,453523840,453731243,207404,206,bytes 453523840-453731243/490384277,207404,207404,41.778165999858174,41.84499999973923,104.83400000157417,146.7143749978277,True,
3,226,5,reused-client,1,large_aoi_392x288px,zstd_256,ZSTD,256,38,6,1678,453731252,453940035,208784,206,bytes 453731252-453940035/490384277,208784,208784,120.27054099962697,120.32824999914737,63.73745800010511,184.09883300046204,True,
3,226,5,reused-client,1,large_aoi_392x288px,zstd_256,ZSTD,256,39,5,1721,462295419,462498944,203526,206,bytes 462295419-462498944/490384277,203526,203526,123.3628329973726,123.43104199680965,52.35483399883378,175.83437499706633,True,
3,226,5,reused-client,1,large_aoi_392x288px,zstd_256,ZSTD,256,39,6,1722,462498953,462705745,206793,206,bytes 462498953-462705745/490384277,206793,206793,93.63795899844263,93.7426249984128,84.80920800138847,178.59329199927743,True,
3,227,1,reused-client,1,viewport_98x72px,lzw_256,LZW,256,38,6,1678,611588083,611870179,282097,206,bytes 611588083-611870179/661012853,282097,282097,78.9305409998633,79.02116600234876,76.13916699847323,155.2049160018214,True,
3,227,1,reused-client,1,viewport_98x72px,lzw_256,LZW,256,39,6,1722,623410206,623687723,277518,206,bytes 623410206-623687723/661012853,277518,277518,112.04283299957751,112.13683300229604,156.51591599817039,268.71262500208104,True,
3,228,2,reused-client,1,tiny_12x9px,zstd_128,ZSTD,128,78,12,6876,463540753,463592563,51811,206,bytes 463540753-463592563/492119117,51811,51811,46.74945800070418,46.862457998940954,7.867915999668185,54.766000001109205,True,
3,229,1,reused-client,1,reference_49x36px,lzw_512,LZW,512,19,3,421,613302768,614420752,1117985,206,bytes 613302768-614420752/661107776,1117985,1117985,44.63962500085472,44.75241700129118,693.8772510002309,738.6975010012975,True,
3,230,4,reused-client,1,viewport_98x72px,deflate_256,DEFLATE,256,38,6,1678,461178014,461389907,211894,206,bytes 461178014-461389907/498427477,211894,211894,70.91258299988112,71.03991600160953,100.66445899792598,171.77079199973377,True,
3,230,4,reused-client,1,viewport_98x72px,deflate_256,DEFLATE,256,39,6,1722,470066901,470277493,210593,206,bytes 470066901-470277493/498427477,210593,210593,54.46420799853513,54.58070800159476,97.73866700197686,152.37875000093482,True,
3,231,4,reused-client,1,viewport_196x144px,deflate_256,DEFLATE,256,38,5,1677,460967157,461178005,210849,206,bytes 460967157-461178005/498427477,210849,210849,59.146750001673354,59.42137500096578,97.32399999847985,156.821291999222,True,
3,231,4,reused-client,1,viewport_196x144px,deflate_256,DEFLATE,256,38,6,1678,461178014,461389907,211894,206,bytes 461178014-461389907/498427477,211894,211894,83.90112499910174,84.02520899835508,177.5583340022422,261.6332919969864,True,
3,231,4,reused-client,1,viewport_196x144px,deflate_256,DEFLATE,256,39,5,1721,469859936,470066892,206957,206,bytes 469859936-470066892/498427477,206957,206957,152.73754200097756,152.85591700012446,413.7129580012697,566.6266670014011,True,
3,231,4,reused-client,1,viewport_196x144px,deflate_256,DEFLATE,256,39,6,1722,470066901,470277493,210593,206,bytes 470066901-470277493/498427477,210593,210593,39.51966699969489,39.62020900144125,942.5897509972856,982.2789589998138,True,
3,232,4,reused-client,1,viewport_196x144px,deflate_128,DEFLATE,128,77,11,6787,466048731,466100993,52263,206,bytes 466048731-466100993/499617324,52263,52263,53.66608400072437,53.75004199959221,30.110374998912448,83.88387499871897,True,
3,232,4,reused-client,1,viewport_196x144px,deflate_128,DEFLATE,128,77,12,6788,466101002,466152431,51430,206,bytes 466101002-466152431/499617324,51430,51430,90.47850000206381,90.53300000232412,75.06883300084155,165.63641600077972,True,
3,232,4,reused-client,1,viewport_196x144px,deflate_128,DEFLATE,128,77,13,6789,466152440,466206025,53586,206,bytes 466152440-466206025/499617324,53586,53586,80.97087500209454,81.09458300168626,18.545083999924827,99.68570800265297,True,
3,232,4,reused-client,1,viewport_196x144px,deflate_128,DEFLATE,128,78,11,6875,470526352,470577939,51588,206,bytes 470526352-470577939/499617324,51588,51588,137.23899999968125,137.33175000015763,38.70575000109966,176.07499999940046,True,
3,232,4,reused-client,1,viewport_196x144px,deflate_128,DEFLATE,128,78,12,6876,470577948,470630526,52579,206,bytes 470577948-470630526/499617324,52579,52579,50.804833001166116,50.86358300104621,24.086375000479165,74.99129200004973,True,
3,232,4,reused-client,1,viewport_196x144px,deflate_128,DEFLATE,128,78,13,6877,470630535,470685000,54466,206,bytes 470630535-470685000/499617324,54466,54466,44.68687500047963,44.8317499976838,18.079334000503877,62.94387500020093,True,
3,233,4,reused-client,1,large_aoi_392x288px,deflate_512,DEFLATE,512,19,2,420,462155354,462985856,830503,206,bytes 462155354-462985856/499024403,830503,830503,54.490167000039946,54.55779199837707,2908.499708999443,2963.1690429996524,True,
3,233,4,reused-client,1,large_aoi_392x288px,deflate_512,DEFLATE,512,19,3,421,462985865,463831501,845637,206,bytes 462985865-463831501/499024403,845637,845637,61.864374998549465,61.93895899923518,675.5454170015582,737.5453339991509,True,
3,234,5,reused-client,1,tiny_12x9px,lzw_512,LZW,512,19,3,421,613302768,614420752,1117985,206,bytes 613302768-614420752/661107776,1117985,1117985,60.46504099867889,60.57087499721092,1324.7795839997707,1385.42441699974,True,
3,235,2,reused-client,1,viewport_98x72px,lzw_128,LZW,128,77,12,6788,616873520,616941718,68199,206,bytes 616873520-616941718/661264391,68199,68199,102.31737499998417,102.44012499970268,33.04270800072118,135.52441700085183,True,
3,235,2,reused-client,1,viewport_98x72px,lzw_128,LZW,128,78,12,6876,622814425,622884075,69651,206,bytes 622814425-622884075/661264391,69651,69651,108.93758399834041,109.04770900015137,33.598000001802575,142.68391700170469,True,
3,236,4,reused-client,1,small_24x18px,deflate_256,DEFLATE,256,39,6,1722,470066901,470277493,210593,206,bytes 470066901-470277493/498427477,210593,210593,86.10562499961816,86.24087499993038,190.44816699897638,276.74329199726344,True,
3,237,5,reused-client,1,large_aoi_392x288px,lzw_256,LZW,256,38,5,1677,611308756,611588074,279319,206,bytes 611308756-611588074/661012853,279319,279319,103.36395899867057,103.43391700007487,196.62170800074819,300.1058750014636,True,
3,237,5,reused-client,1,large_aoi_392x288px,lzw_256,LZW,256,38,6,1678,611588083,611870179,282097,206,bytes 611588083-611870179/661012853,282097,282097,50.09591600173735,50.177541001175996,452.44250100222416,502.6762500019686,True,
3,237,5,reused-client,1,large_aoi_392x288px,lzw_256,LZW,256,39,5,1721,623137353,623410197,272845,206,bytes 623137353-623410197/661012853,272845,272845,45.222458997159265,45.32162499890546,161.78920799939078,207.1726670001226,True,
3,237,5,reused-client,1,large_aoi_392x288px,lzw_256,LZW,256,39,6,1722,623410206,623687723,277518,206,bytes 623410206-623687723/661012853,277518,277518,88.33262500047567,88.40437500111875,418.8521670002956,507.29629199850024,True,
3,238,1,reused-client,1,reference_49x36px,deflate_512,DEFLATE,512,19,3,421,462985865,463831501,845637,206,bytes 462985865-463831501/499024403,845637,845637,59.081749997858424,59.18195900085266,1457.3242510014097,1516.5745839985902,True,
3,239,5,reused-client,1,viewport_98x72px,lzw_256,LZW,256,38,6,1678,611588083,611870179,282097,206,bytes 611588083-611870179/661012853,282097,282097,63.24908299939125,63.37537499712198,580.8383750008943,644.2846249992726,True,
3,239,5,reused-client,1,viewport_98x72px,lzw_256,LZW,256,39,6,1722,623410206,623687723,277518,206,bytes 623410206-623687723/661012853,277518,277518,48.76804100058507,48.84058300012839,296.2099579999631,345.1203330005228,True,
3,240,3,reused-client,1,reference_49x36px,lzw_256,LZW,256,38,6,1678,611588083,611870179,282097,206,bytes 611588083-611870179/661012853,282097,282097,42.87124999973457,42.979124998964835,371.99791699822526,415.04374999931315,True,
3,240,3,reused-client,1,reference_49x36px,lzw_256,LZW,256,39,6,1722,623410206,623687723,277518,206,bytes 623410206-623687723/661012853,277518,277518,47.52599999847007,47.64429200076847,562.6006669990602,610.3209590000915,True,
3,241,1,reused-client,1,viewport_196x144px,lzw_128,LZW,128,77,11,6787,616804272,616873511,69240,206,bytes 616804272-616873511/661264391,69240,69240,41.09824999977718,41.191125001205364,24.332249999133637,65.55637500059674,True,
3,241,1,reused-client,1,viewport_196x144px,lzw_128,LZW,128,77,12,6788,616873520,616941718,68199,206,bytes 616873520-616941718/661264391,68199,68199,43.829999998706626,43.887542000447866,14.91724999868893,58.833499999309424,True,
3,241,1,reused-client,1,viewport_196x144px,lzw_128,LZW,128,77,13,6789,616941727,617013200,71474,206,bytes 616941727-617013200/661264391,71474,71474,88.63804200154846,88.72324999902048,450.8419169978879,539.705209001113,True,
3,241,1,reused-client,1,viewport_196x144px,lzw_128,LZW,128,78,11,6875,622747033,622814416,67384,206,bytes 622747033-622814416/661264391,67384,67384,85.67066699833958,85.8154999987164,27.404000000387896,113.26412499693106,True,
3,241,1,reused-client,1,viewport_196x144px,lzw_128,LZW,128,78,12,6876,622814425,622884075,69651,206,bytes 622814425-622884075/661264391,69651,69651,60.67079200147418,60.79258400131948,219.92770900033065,280.788666997978,True,
3,241,1,reused-client,1,viewport_196x144px,lzw_128,LZW,128,78,13,6877,622884084,622955954,71871,206,bytes 622884084-622955954/661264391,71871,71871,48.8172500008659,48.88800000117044,408.3612089998496,457.3177090023819,True,
3,242,4,reused-client,1,large_aoi_392x288px,zstd_512,ZSTD,512,19,2,420,453940732,454757744,817013,206,bytes 453940732-454757744/490194415,817013,817013,52.299959002994,52.39262500253972,2495.310293001239,2547.8353350008547,True,
3,242,4,reused-client,1,large_aoi_392x288px,zstd_512,ZSTD,512,19,3,421,454757753,455587037,829285,206,bytes 454757753-455587037/490194415,829285,829285,56.90458399840281,56.97637499906705,948.4050419996493,1005.4630009981338,True,
3,243,3,reused-client,1,viewport_98x72px,lzw_512,LZW,512,19,3,421,613302768,614420752,1117985,206,bytes 613302768-614420752/661107776,1117985,1117985,40.14241600089008,40.217375000793254,511.2850419973256,551.5806670009624,True,
3,244,1,reused-client,1,large_aoi_392x288px,deflate_256,DEFLATE,256,38,5,1677,460967157,461178005,210849,206,bytes 460967157-461178005/498427477,210849,210849,52.991749998909654,53.081833000760525,264.8859580003773,318.0340420003631,True,
3,244,1,reused-client,1,large_aoi_392x288px,deflate_256,DEFLATE,256,38,6,1678,461178014,461389907,211894,206,bytes 461178014-461389907/498427477,211894,211894,86.62012499917182,86.70395800072583,139.63716700163786,226.39075000188313,True,
3,244,1,reused-client,1,large_aoi_392x288px,deflate_256,DEFLATE,256,39,5,1721,469859936,470066892,206957,206,bytes 469859936-470066892/498427477,206957,206957,62.335083002835745,62.40612500187126,161.69958300088183,224.17000000132248,True,
3,244,1,reused-client,1,large_aoi_392x288px,deflate_256,DEFLATE,256,39,6,1722,470066901,470277493,210593,206,bytes 470066901-470277493/498427477,210593,210593,47.92604099930031,48.001499999372754,125.64145800206461,173.69870800030185,True,
3,245,1,reused-client,1,small_24x18px,zstd_256,ZSTD,256,39,6,1722,462498953,462705745,206793,206,bytes 462498953-462705745/490384277,206793,206793,45.51579100007075,45.62349999832804,177.4874170005205,223.14454200022737,True,
3,246,4,reused-client,1,reference_49x36px,lzw_512,LZW,512,19,3,421,613302768,614420752,1117985,206,bytes 613302768-614420752/661107776,1117985,1117985,148.33545900182799,148.45720900120796,679.5204170011857,828.1118760023674,True,
3,247,2,reused-client,1,viewport_196x144px,zstd_128,ZSTD,128,77,11,6787,459074583,459126136,51554,206,bytes 459074583-459126136/492119117,51554,51554,75.84879199930583,75.91470899933483,87.342582999554,163.30295899751945,True,
3,247,2,reused-client,1,viewport_196x144px,zstd_128,ZSTD,128,77,12,6788,459126145,459177002,50858,206,bytes 459126145-459177002/492119117,50858,50858,95.35529200002202,95.45245800109114,112.8623750009865,208.38008300052024,True,
3,247,2,reused-client,1,viewport_196x144px,zstd_128,ZSTD,128,77,13,6789,459177011,459229715,52705,206,bytes 459177011-459229715/492119117,52705,52705,92.9030840015912,92.96666700174683,30.88341699913144,123.88962499971967,True,
3,247,2,reused-client,1,viewport_196x144px,zstd_128,ZSTD,128,78,11,6875,463490010,463540744,50735,206,bytes 463490010-463540744/492119117,50735,50735,45.6777500003227,45.73379200155614,31.18220900068991,76.95341699945857,True,
3,247,2,reused-client,1,viewport_196x144px,zstd_128,ZSTD,128,78,12,6876,463540753,463592563,51811,206,bytes 463540753-463592563/492119117,51811,51811,61.839417001465335,61.91783400208806,32.21287500127801,94.1628340005991,True,
3,247,2,reused-client,1,viewport_196x144px,zstd_128,ZSTD,128,78,13,6877,463592572,463646112,53541,206,bytes 463592572-463646112/492119117,53541,53541,36.79237499818555,36.84991599948262,55.969582997931866,92.85408299911069,True,
3,248,2,reused-client,1,reference_49x36px,deflate_128,DEFLATE,128,77,12,6788,466101002,466152431,51430,206,bytes 466101002-466152431/499617324,51430,51430,51.8640830014192,51.98487500092597,25.07579099983559,77.09925000017392,True,
3,248,2,reused-client,1,reference_49x36px,deflate_128,DEFLATE,128,78,12,6876,470577948,470630526,52579,206,bytes 470577948-470630526/499617324,52579,52579,43.841250000696164,43.90370799956145,78.76891599880764,122.71899999905145,True,
3,249,2,reused-client,1,viewport_98x72px,zstd_128,ZSTD,128,77,12,6788,459126145,459177002,50858,206,bytes 459126145-459177002/492119117,50858,50858,59.0933750027034,59.15662500046892,20.687083000666462,79.87804200092796,True,
3,249,2,reused-client,1,viewport_98x72px,zstd_128,ZSTD,128,78,12,6876,463540753,463592563,51811,206,bytes 463540753-463592563/492119117,51811,51811,202.79620899964357,202.9084169989801,2.4267920016427524,205.36625000022468,True,
3,250,4,reused-client,1,tiny_12x9px,deflate_512,DEFLATE,512,19,3,421,462985865,463831501,845637,206,bytes 462985865-463831501/499024403,845637,845637,36.78808399854461,36.871042000711896,1215.4069589996652,1252.3409589994117,True,
3,251,2,reused-client,1,viewport_196x144px,lzw_256,LZW,256,38,5,1677,611308756,611588074,279319,206,bytes 611308756-611588074/661012853,279319,279319,49.11391600035131,49.18795800040243,245.59183299788856,294.8492499999702,True,
3,251,2,reused-client,1,viewport_196x144px,lzw_256,LZW,256,38,6,1678,611588083,611870179,282097,206,bytes 611588083-611870179/661012853,282097,282097,54.5771249999234,54.66599999999744,195.6956670001091,250.4070420000062,True,
3,251,2,reused-client,1,viewport_196x144px,lzw_256,LZW,256,39,5,1721,623137353,623410197,272845,206,bytes 623137353-623410197/661012853,272845,272845,119.54420799884247,119.68254199746298,340.7916670003033,460.5428340000799,True,
3,251,2,reused-client,1,viewport_196x144px,lzw_256,LZW,256,39,6,1722,623410206,623687723,277518,206,bytes 623410206-623687723/661012853,277518,277518,83.22033399963402,83.29629199943156,252.12445800207206,335.4824589987402,True,
3,252,5,reused-client,1,tiny_12x9px,zstd_128,ZSTD,128,78,12,6876,463540753,463592563,51811,206,bytes 463540753-463592563/492119117,51811,51811,41.75708399998257,41.82641700026579,28.750749999744585,70.6129169993801,True,
3,253,2,reused-client,1,viewport_196x144px,deflate_128,DEFLATE,128,77,11,6787,466048731,466100993,52263,206,bytes 466048731-466100993/499617324,52263,52263,65.83999999929802,65.96108399753575,18.084874998749,84.08095899721957,True,
3,253,2,reused-client,1,viewport_196x144px,deflate_128,DEFLATE,128,77,12,6788,466101002,466152431,51430,206,bytes 466101002-466152431/499617324,51430,51430,63.158416996884625,63.240416999178706,24.670792001415975,87.95508399998653,True,
3,253,2,reused-client,1,viewport_196x144px,deflate_128,DEFLATE,128,77,13,6789,466152440,466206025,53586,206,bytes 466152440-466206025/499617324,53586,53586,44.201582997629885,44.270165999478195,34.63191699847812,78.94637499703094,True,
3,253,2,reused-client,1,viewport_196x144px,deflate_128,DEFLATE,128,78,11,6875,470526352,470577939,51588,206,bytes 470526352-470577939/499617324,51588,51588,53.84000000049127,53.93924999953015,26.99791700069909,80.99079100065865,True,
3,253,2,reused-client,1,viewport_196x144px,deflate_128,DEFLATE,128,78,12,6876,470577948,470630526,52579,206,bytes 470577948-470630526/499617324,52579,52579,59.84766700203181,59.96958299874677,84.7204169986071,144.73479200023576,True,
3,253,2,reused-client,1,viewport_196x144px,deflate_128,DEFLATE,128,78,13,6877,470630535,470685000,54466,206,bytes 470630535-470685000/499617324,54466,54466,47.322250000433996,47.38516700308537,137.03829099904397,184.45900000006077,True,
3,254,1,reused-client,1,large_aoi_392x288px,lzw_128,LZW,128,77,10,6786,616734150,616804263,70114,206,bytes 616734150-616804263/661264391,70114,70114,65.92275000002701,65.9794579987647,38.73770799691556,104.75087499798974,True,
3,254,1,reused-client,1,large_aoi_392x288px,lzw_128,LZW,128,77,11,6787,616804272,616873511,69240,206,bytes 616804272-616873511/661264391,69240,69240,92.54766699814354,92.61366699865903,57.83429199800594,150.4870419994404,True,
3,254,1,reused-client,1,large_aoi_392x288px,lzw_128,LZW,128,77,12,6788,616873520,616941718,68199,206,bytes 616873520-616941718/661264391,68199,68199,80.39087500219466,80.46337500127265,24.316500002896646,104.81991699998616,True,
3,254,1,reused-client,1,large_aoi_392x288px,lzw_128,LZW,128,77,13,6789,616941727,617013200,71474,206,bytes 616941727-617013200/661264391,71474,71474,51.89691600025981,51.96629100100836,51.273749999381835,103.27441600020393,True,
3,254,1,reused-client,1,large_aoi_392x288px,lzw_128,LZW,128,78,10,6874,622678072,622747024,68953,206,bytes 622678072-622747024/661264391,68953,68953,107.6197910006158,107.6946660032263,22.528875000716653,130.28241600113688,True,
3,254,1,reused-client,1,large_aoi_392x288px,lzw_128,LZW,128,78,11,6875,622747033,622814416,67384,206,bytes 622747033-622814416/661264391,67384,67384,37.94220900090295,38.05008400013321,45.30345799867064,83.38987499882933,True,
3,254,1,reused-client,1,large_aoi_392x288px,lzw_128,LZW,128,78,12,6876,622814425,622884075,69651,206,bytes 622814425-622884075/661264391,69651,69651,59.47625000044354,59.56262499967124,35.71037499932572,95.31445799802896,True,
3,254,1,reused-client,1,large_aoi_392x288px,lzw_128,LZW,128,78,13,6877,622884084,622955954,71871,206,bytes 622884084-622955954/661264391,71871,71871,76.2990000002901,76.3996669993503,53.99224999928265,130.4286669983412,True,
3,254,1,reused-client,1,large_aoi_392x288px,lzw_128,LZW,128,79,10,6962,628465466,628533314,67849,206,bytes 628465466-628533314/661264391,67849,67849,130.9512090010685,131.12495899986243,13.895249998313375,145.04375000251457,True,
3,254,1,reused-client,1,large_aoi_392x288px,lzw_128,LZW,128,79,11,6963,628533323,628602043,68721,206,bytes 628533323-628602043/661264391,68721,68721,92.51020800002152,92.59158300119452,45.25779200048419,137.8892499997164,True,
3,254,1,reused-client,1,large_aoi_392x288px,lzw_128,LZW,128,79,12,6964,628602052,628673096,71045,206,bytes 628602052-628673096/661264391,71045,71045,53.63900000156718,53.69458299901453,24.910500000260072,78.63691600141465,True,
3,254,1,reused-client,1,large_aoi_392x288px,lzw_128,LZW,128,79,13,6965,628673105,628737744,64640,206,bytes 628673105-628737744/661264391,64640,64640,57.172875000105705,57.262708996859146,28.33904199724202,85.63783399949898,True,
3,255,3,reused-client,1,viewport_98x72px,lzw_256,LZW,256,38,6,1678,611588083,611870179,282097,206,bytes 611588083-611870179/661012853,282097,282097,46.764999999140855,46.87170800025342,176.46104199957335,223.3844170004886,True,
3,255,3,reused-client,1,viewport_98x72px,lzw_256,LZW,256,39,6,1722,623410206,623687723,277518,206,bytes 623410206-623687723/661012853,277518,277518,131.04312499854132,131.14458299969556,123.64399999933084,254.836999996769,True,
3,256,4,reused-client,1,small_24x18px,zstd_256,ZSTD,256,39,6,1722,462498953,462705745,206793,206,bytes 462498953-462705745/490384277,206793,206793,46.99420800170628,47.05074999947101,208.5918339980708,255.69516600080533,True,
3,257,5,reused-client,1,small_24x18px,zstd_256,ZSTD,256,39,6,1722,462498953,462705745,206793,206,bytes 462498953-462705745/490384277,206793,206793,52.757500001462176,52.865416000713594,173.3191240018641,226.23566600304912,True,
3,258,3,reused-client,1,viewport_98x72px,zstd_256,ZSTD,256,38,6,1678,453731252,453940035,208784,206,bytes 453731252-453940035/490384277,208784,208784,51.56358299791464,51.66579199794796,112.3731659972691,164.08983299697866,True,
3,258,3,reused-client,1,viewport_98x72px,zstd_256,ZSTD,256,39,6,1722,462498953,462705745,206793,206,bytes 462498953-462705745/490384277,206793,206793,301.19358299998567,301.3033749994065,103.49508299987065,404.84104200004367,True,
3,259,2,reused-client,1,large_aoi_392x288px,zstd_512,ZSTD,512,19,2,420,453940732,454757744,817013,206,bytes 453940732-454757744/490194415,817013,817013,59.21104200024274,59.275375002471264,1243.6069590003171,1302.949584001908,True,
3,259,2,reused-client,1,large_aoi_392x288px,zstd_512,ZSTD,512,19,3,421,454757753,455587037,829285,206,bytes 454757753-455587037/490194415,829285,829285,39.336040998023236,39.41299999860348,569.2795840004692,608.7589579983614,True,
3,260,5,reused-client,1,tiny_12x9px,zstd_256,ZSTD,256,39,6,1722,462498953,462705745,206793,206,bytes 462498953-462705745/490384277,206793,206793,74.10600000002887,74.17783300115843,411.7265419990872,485.96099999849685,True,
3,261,1,reused-client,1,reference_49x36px,zstd_512,ZSTD,512,19,3,421,454757753,455587037,829285,206,bytes 454757753-455587037/490194415,829285,829285,51.05987500064657,51.167833000363316,799.6375010006886,850.8821249997709,True,
3,262,4,reused-client,1,viewport_196x144px,deflate_512,DEFLATE,512,19,2,420,462155354,462985856,830503,206,bytes 462155354-462985856/499024403,830503,830503,136.15650000065216,136.23229099903256,1738.861083998927,1875.1279169991903,True,
3,262,4,reused-client,1,viewport_196x144px,deflate_512,DEFLATE,512,19,3,421,462985865,463831501,845637,206,bytes 462985865-463831501/499024403,845637,845637,61.601792000146816,61.680207996687386,856.0880000004545,917.8362499987998,True,
3,263,5,reused-client,1,large_aoi_392x288px,deflate_256,DEFLATE,256,38,5,1677,460967157,461178005,210849,206,bytes 460967157-461178005/498427477,210849,210849,128.34833300075843,128.43720800083247,192.7740419996553,321.2837089995446,True,
3,263,5,reused-client,1,large_aoi_392x288px,deflate_256,DEFLATE,256,38,6,1678,461178014,461389907,211894,206,bytes 461178014-461389907/498427477,211894,211894,76.67249999940395,76.76583400098025,244.15824999960023,320.984584002872,True,
3,263,5,reused-client,1,large_aoi_392x288px,deflate_256,DEFLATE,256,39,5,1721,469859936,470066892,206957,206,bytes 469859936-470066892/498427477,206957,206957,50.80841699964367,50.88395799975842,116.89629199827323,167.83650000070338,True,
3,263,5,reused-client,1,large_aoi_392x288px,deflate_256,DEFLATE,256,39,6,1722,470066901,470277493,210593,206,bytes 470066901-470277493/498427477,210593,210593,52.44337499971152,52.51937499997439,102.4378340007388,154.99229100169032,True,
3,264,2,reused-client,1,viewport_98x72px,zstd_512,ZSTD,512,19,3,421,454757753,455587037,829285,206,bytes 454757753-455587037/490194415,829285,829285,48.297417000867426,48.43429199900129,339.0867919988523,387.57895899834693,True,
3,265,4,reused-client,1,small_24x18px,zstd_512,ZSTD,512,19,3,421,454757753,455587037,829285,206,bytes 454757753-455587037/490194415,829285,829285,61.89116699897568,61.965707998751896,449.907958998665,511.93591699848184,True,
3,266,1,reused-client,1,viewport_98x72px,deflate_128,DEFLATE,128,77,12,6788,466101002,466152431,51430,206,bytes 466101002-466152431/499617324,51430,51430,105.84112500146148,105.96087500016438,4.828624998481246,110.8141250006156,True,
3,266,1,reused-client,1,viewport_98x72px,deflate_128,DEFLATE,128,78,12,6876,470577948,470630526,52579,206,bytes 470577948-470630526/499617324,52579,52579,54.32158300027368,54.42237500028568,86.39262499855249,140.86170800146647,True,
3,267,4,reused-client,1,reference_49x36px,zstd_512,ZSTD,512,19,3,421,454757753,455587037,829285,206,bytes 454757753-455587037/490194415,829285,829285,78.24195799912559,78.33887499873526,2275.7224180022604,2354.1406260010262,True,
3,268,2,reused-client,1,small_24x18px,zstd_512,ZSTD,512,19,3,421,454757753,455587037,829285,206,bytes 454757753-455587037/490194415,829285,829285,50.16158299986273,50.25545799799147,482.9253329990024,533.2597499982512,True,
3,269,3,reused-client,1,viewport_98x72px,deflate_512,DEFLATE,512,19,3,421,462985865,463831501,845637,206,bytes 462985865-463831501/499024403,845637,845637,172.8936250001425,173.05950000081793,630.6072500010487,803.7185419998423,True,
3,270,4,reused-client,1,small_24x18px,lzw_512,LZW,512,19,3,421,613302768,614420752,1117985,206,bytes 613302768-614420752/661107776,1117985,1117985,43.85970799921779,43.932458000199404,780.7260430017777,824.7269170024083,True,
