round,sequence,run,mode,concurrency,scenario,variant,compression,blocksize,tiles_touched,expected_bytes,completed_gets,response_body_bytes,bbox_wall_ms,request_total_ms_sum,all_valid
1,1,4,fresh-client,1,small_24x18px,deflate_512,DEFLATE,512,1,845637,1,845637,527.5957089979784,526.2524589998065,True
1,2,2,fresh-client,1,large_aoi_392x288px,zstd_256,ZSTD,256,4,826507,4,826507,1619.311918002495,1613.0071250008768,True
1,3,4,fresh-client,1,large_aoi_392x288px,deflate_128,DEFLATE,128,12,628423,12,628423,3286.546000999806,3274.2625410064647,True
1,4,1,fresh-client,1,viewport_98x72px,lzw_512,LZW,512,1,1117985,1,1117985,854.7918749973178,853.2854999975825,True
1,5,1,fresh-client,1,large_aoi_392x288px,zstd_512,ZSTD,512,2,1646298,2,1646298,893.5667919977277,890.299334001611,True
1,6,3,fresh-client,1,viewport_98x72px,deflate_512,DEFLATE,512,1,845637,1,845637,434.2997510029818,432.72595800226554,True
1,7,5,fresh-client,1,large_aoi_392x288px,deflate_512,DEFLATE,512,2,1676140,2,1676140,1291.6576669995266,1289.5990010001697,True
1,8,5,fresh-client,1,viewport_196x144px,zstd_256,ZSTD,256,4,826507,4,826507,1240.6338340006187,1234.4852919995901,True
1,9,5,fresh-client,1,tiny_12x9px,zstd_512,ZSTD,512,1,829285,1,829285,624.3575420012348,622.8817500013974,True
1,10,1,fresh-client,1,reference_49x36px,zstd_128,ZSTD,128,2,102669,2,102669,839.8573750018841,837.2553339941078,True
1,11,4,fresh-client,1,small_24x18px,deflate_256,DEFLATE,256,1,210593,1,210593,304.558250001719,302.8081669981475,True
1,12,2,fresh-client,1,viewport_196x144px,lzw_256,LZW,256,4,1111779,4,1111779,1353.5651259990118,1346.640875999583,True
1,13,5,fresh-client,1,viewport_98x72px,zstd_256,ZSTD,256,2,415577,2,415577,617.9422919994977,614.7894589958014,True
1,14,2,fresh-client,1,viewport_196x144px,zstd_256,ZSTD,256,4,826507,4,826507,1230.318999998417,1224.520665997261,True
1,15,1,fresh-client,1,small_24x18px,zstd_256,ZSTD,256,1,206793,1,206793,353.55558399896836,351.6550410022319,True
1,16,5,fresh-client,1,tiny_12x9px,lzw_128,LZW,128,1,69651,1,69651,239.8450420005247,238.86750099700294,True
1,17,1,fresh-client,1,viewport_196x144px,deflate_128,DEFLATE,128,6,315912,6,315912,1567.5418339997123,1562.4771670045448,True
1,18,2,fresh-client,1,small_24x18px,lzw_128,LZW,128,1,69651,1,69651,218.0746670019289,217.64170800088323,True
1,19,2,fresh-client,1,viewport_196x144px,zstd_512,ZSTD,512,2,1646298,2,1646298,1250.2594590005174,1247.2391669980425,True
1,20,1,fresh-client,1,tiny_12x9px,zstd_256,ZSTD,256,1,206793,1,206793,283.4523750025255,281.74249999938183,True
1,21,1,fresh-client,1,large_aoi_392x288px,lzw_512,LZW,512,2,2215302,2,2215302,1632.0055430005596,1628.7227930006338,True
1,22,3,fresh-client,1,large_aoi_392x288px,zstd_128,ZSTD,128,12,618903,12,618903,3152.2332089989504,3141.553708992433,True
1,23,2,fresh-client,1,reference_49x36px,zstd_512,ZSTD,512,1,829285,1,829285,509.0674579987535,507.83454200063716,True
1,24,5,fresh-client,1,reference_49x36px,lzw_512,LZW,512,1,1117985,1,1117985,740.5702500000189,739.0020009988802,True
1,25,4,fresh-client,1,viewport_196x144px,lzw_512,LZW,512,2,2215302,2,2215302,1616.111750001437,1612.740833999851,True
1,26,3,fresh-client,1,reference_49x36px,lzw_256,LZW,256,2,559615,2,559615,724.9379579989181,721.4892080010031,True
1,27,4,fresh-client,1,tiny_12x9px,lzw_256,LZW,256,1,277518,1,277518,305.1828750030836,302.9905420007708,True
1,28,3,fresh-client,1,large_aoi_392x288px,zstd_256,ZSTD,256,4,826507,4,826507,1191.2480009996216,1184.963207997498,True
1,29,1,fresh-client,1,viewport_98x72px,zstd_512,ZSTD,512,1,829285,1,829285,604.8961249980493,603.513166999619,True
1,30,1,fresh-client,1,viewport_98x72px,deflate_128,DEFLATE,128,2,104009,2,104009,398.3348340007069,397.48570899973856,True
1,31,5,fresh-client,1,viewport_196x144px,deflate_512,DEFLATE,512,2,1676140,2,1676140,1203.5559169999033,1201.2077100007446,True
1,32,5,fresh-client,1,viewport_98x72px,deflate_512,DEFLATE,512,1,845637,1,845637,653.8437499984866,651.9347920002474,True
1,33,1,fresh-client,1,small_24x18px,zstd_512,ZSTD,512,1,829285,1,829285,1290.7224590016995,1289.3532919988502,True
1,34,4,fresh-client,1,small_24x18px,deflate_128,DEFLATE,128,1,52579,1,52579,559.3084169995564,557.7025420025166,True
1,35,2,fresh-client,1,large_aoi_392x288px,zstd_128,ZSTD,128,12,618903,12,618903,3229.8037510008726,3216.496211000049,True
1,36,1,fresh-client,1,small_24x18px,deflate_256,DEFLATE,256,1,210593,1,210593,343.6026250019495,342.1014159976039,True
1,37,1,fresh-client,1,large_aoi_392x288px,lzw_256,LZW,256,4,1111779,4,1111779,1682.606834998296,1676.1210829972697,True
1,38,3,fresh-client,1,tiny_12x9px,zstd_512,ZSTD,512,1,829285,1,829285,529.1773750032007,527.637416998914,True
1,39,1,fresh-client,1,tiny_12x9px,zstd_512,ZSTD,512,1,829285,1,829285,765.4360010019445,763.4782919994905,True
1,40,4,fresh-client,1,reference_49x36px,deflate_128,DEFLATE,128,2,104009,2,104009,793.3026669998071,789.4666259999212,True
1,41,5,fresh-client,1,large_aoi_392x288px,deflate_256,DEFLATE,256,4,840293,4,840293,1284.5887509975,1279.4740429999365,True
1,42,4,fresh-client,1,reference_49x36px,zstd_128,ZSTD,128,2,102669,2,102669,451.64337499954854,450.09033299720613,True
1,43,1,fresh-client,1,tiny_12x9px,deflate_512,DEFLATE,512,1,845637,1,845637,1631.1540840033558,1630.2038339999854,True
1,44,5,fresh-client,1,viewport_196x144px,deflate_256,DEFLATE,256,4,840293,4,840293,1150.911749999068,1146.9567919957626,True
1,45,2,fresh-client,1,tiny_12x9px,lzw_512,LZW,512,1,1117985,1,1117985,1170.4330009997648,1168.9268339978298,True
1,46,5,fresh-client,1,small_24x18px,lzw_512,LZW,512,1,1117985,1,1117985,1211.8716680015496,1210.8785010022984,True
1,47,3,fresh-client,1,small_24x18px,deflate_256,DEFLATE,256,1,210593,1,210593,459.1552080019028,458.26566600226215,True
1,48,3,fresh-client,1,reference_49x36px,zstd_256,ZSTD,256,2,415577,2,415577,601.1336250012391,599.0871659996628,True
1,49,4,fresh-client,1,viewport_98x72px,deflate_256,DEFLATE,256,2,422487,2,422487,858.7503759990796,856.0813750009402,True
1,50,3,fresh-client,1,tiny_12x9px,lzw_128,LZW,128,1,69651,1,69651,236.33545899792807,235.8312499964086,True
1,51,1,fresh-client,1,large_aoi_392x288px,deflate_128,DEFLATE,128,12,628423,12,628423,3100.405793000391,3088.329915997747,True
1,52,3,fresh-client,1,viewport_196x144px,lzw_512,LZW,512,2,2215302,2,2215302,1986.5641670003242,1984.1614169963577,True
1,53,4,fresh-client,1,large_aoi_392x288px,lzw_256,LZW,256,4,1111779,4,1111779,2073.864751000656,2068.286834000901,True
1,54,2,fresh-client,1,tiny_12x9px,lzw_256,LZW,256,1,277518,1,277518,485.33825000049546,484.23654200087185,True
1,55,1,fresh-client,1,reference_49x36px,deflate_512,DEFLATE,512,1,845637,1,845637,766.1534170001687,764.9679999994987,True
1,56,3,fresh-client,1,small_24x18px,deflate_128,DEFLATE,128,1,52579,1,52579,445.31424999877345,444.4794160008314,True
1,57,3,fresh-client,1,large_aoi_392x288px,deflate_256,DEFLATE,256,4,840293,4,840293,1480.9134589995665,1477.0367510027427,True
1,58,5,fresh-client,1,large_aoi_392x288px,deflate_128,DEFLATE,128,12,628423,12,628423,4180.843627000286,4169.024459995853,True
1,59,5,fresh-client,1,viewport_196x144px,lzw_128,LZW,128,6,417819,6,417819,1771.82375099801,1765.2573340019444,True
1,60,2,fresh-client,1,viewport_98x72px,zstd_256,ZSTD,256,2,415577,2,415577,726.305501000752,723.761666999053,True
1,61,4,fresh-client,1,small_24x18px,zstd_128,ZSTD,128,1,51811,1,51811,222.24570799880894,221.58779100209358,True
1,62,3,fresh-client,1,reference_49x36px,lzw_128,LZW,128,2,137850,2,137850,425.0475419976283,423.67920900142053,True
1,63,1,fresh-client,1,reference_49x36px,lzw_256,LZW,256,2,559615,2,559615,743.6473749985453,741.3330420022248,True
1,64,3,fresh-client,1,viewport_196x144px,zstd_128,ZSTD,128,6,311204,6,311204,2209.514335001586,2202.2832089969597,True
1,65,5,fresh-client,1,viewport_98x72px,zstd_512,ZSTD,512,1,829285,1,829285,716.384333998576,714.7567499996512,True
1,66,2,fresh-client,1,viewport_196x144px,lzw_128,LZW,128,6,417819,6,417819,1431.43962600152,1426.5990419989976,True
1,67,1,fresh-client,1,viewport_196x144px,lzw_512,LZW,512,2,2215302,2,2215302,1511.8985429980967,1510.1236259979487,True
1,68,2,fresh-client,1,tiny_12x9px,zstd_512,ZSTD,512,1,829285,1,829285,1279.3871670000954,1278.1115420002607,True
1,69,2,fresh-client,1,reference_49x36px,lzw_256,LZW,256,2,559615,2,559615,904.2611670010956,902.0697910018498,True
1,70,4,fresh-client,1,large_aoi_392x288px,zstd_256,ZSTD,256,4,826507,4,826507,1271.2490010017063,1267.2700409966637,True
1,71,3,fresh-client,1,large_aoi_392x288px,lzw_512,LZW,512,2,2215302,2,2215302,2135.056708997581,2133.0002510039776,True
1,72,2,fresh-client,1,viewport_98x72px,deflate_128,DEFLATE,128,2,104009,2,104009,468.3160839995253,467.31375099989236,True
1,73,2,fresh-client,1,tiny_12x9px,lzw_128,LZW,128,1,69651,1,69651,437.846291999449,436.60408399955486,True
1,74,4,fresh-client,1,tiny_12x9px,lzw_128,LZW,128,1,69651,1,69651,205.13437500267173,204.66791699800524,True
1,75,1,fresh-client,1,tiny_12x9px,deflate_256,DEFLATE,256,1,210593,1,210593,507.46479200097383,506.13787500333274,True
1,76,1,fresh-client,1,small_24x18px,lzw_256,LZW,256,1,277518,1,277518,497.9725420016621,497.0584170005168,True
1,77,3,fresh-client,1,tiny_12x9px,lzw_512,LZW,512,1,1117985,1,1117985,1262.495458999183,1261.002750001353,True
1,78,5,fresh-client,1,small_24x18px,deflate_512,DEFLATE,512,1,845637,1,845637,639.5409169999766,638.7875420005003,True
1,79,2,fresh-client,1,viewport_196x144px,lzw_512,LZW,512,2,2215302,2,2215302,1661.2307930008683,1658.5610430011002,True
1,80,5,fresh-client,1,viewport_196x144px,zstd_128,ZSTD,128,6,311204,6,311204,1439.01412500054,1433.9829189993907,True
1,81,2,fresh-client,1,large_aoi_392x288px,zstd_512,ZSTD,512,2,1646298,2,1646298,1048.7389170011738,1047.141166003712,True
1,82,5,fresh-client,1,reference_49x36px,zstd_128,ZSTD,128,2,102669,2,102669,708.6838750001334,707.1906259989191,True
1,83,4,fresh-client,1,viewport_196x144px,zstd_256,ZSTD,256,4,826507,4,826507,1272.296875999018,1267.2823749962845,True
1,84,3,fresh-client,1,small_24x18px,lzw_512,LZW,512,1,1117985,1,1117985,615.0926249974873,614.0077090021805,True
1,85,5,fresh-client,1,tiny_12x9px,lzw_512,LZW,512,1,1117985,1,1117985,771.8839590015705,770.7901249996212,True
1,86,3,fresh-client,1,small_24x18px,deflate_512,DEFLATE,512,1,845637,1,845637,411.49862599922926,410.1031249992957,True
1,87,5,fresh-client,1,large_aoi_392x288px,lzw_256,LZW,256,4,1111779,4,1111779,1598.3382090016676,1594.3387519982934,True
1,88,1,fresh-client,1,viewport_196x144px,zstd_512,ZSTD,512,2,1646298,2,1646298,1361.7962500029535,1359.3883339999593,True
1,89,2,fresh-client,1,large_aoi_392x288px,deflate_128,DEFLATE,128,12,628423,12,628423,2949.4820839972817,2941.486668987636,True
1,90,4,fresh-client,1,viewport_98x72px,lzw_128,LZW,128,2,137850,2,137850,506.4997079971363,504.7969160004868,True
1,91,3,fresh-client,1,tiny_12x9px,lzw_256,LZW,256,1,277518,1,277518,454.6802500008198,453.7353330015321,True
1,92,4,fresh-client,1,reference_49x36px,lzw_128,LZW,128,2,137850,2,137850,500.8151249967341,499.1664170011063,True
1,93,2,fresh-client,1,small_24x18px,lzw_256,LZW,256,1,277518,1,277518,347.47104199777823,346.1879589995078,True
1,94,4,fresh-client,1,reference_49x36px,lzw_512,LZW,512,1,1117985,1,1117985,651.0034170023573,650.1044169999659,True
1,95,1,fresh-client,1,small_24x18px,deflate_512,DEFLATE,512,1,845637,1,845637,567.1197090014175,566.2009160005255,True
1,96,4,fresh-client,1,small_24x18px,lzw_128,LZW,128,1,69651,1,69651,323.53204199898755,322.3879589968419,True
1,97,5,fresh-client,1,tiny_12x9px,zstd_256,ZSTD,256,1,206793,1,206793,297.2065409994684,295.6745420015068,True
1,98,1,fresh-client,1,viewport_98x72px,lzw_256,LZW,256,2,559615,2,559615,968.7401250012044,966.1610840012145,True
1,99,3,fresh-client,1,viewport_98x72px,zstd_512,ZSTD,512,1,829285,1,829285,878.0272919975687,877.2083750009187,True
1,100,2,fresh-client,1,viewport_196x144px,zstd_128,ZSTD,128,6,311204,6,311204,1465.9585009976581,1461.3910419975582,True
1,101,2,fresh-client,1,large_aoi_392x288px,lzw_512,LZW,512,2,2215302,2,2215302,2963.1287929987593,2960.4093760026444,True
1,102,4,fresh-client,1,viewport_196x144px,deflate_256,DEFLATE,256,4,840293,4,840293,1620.9430849994533,1615.4065010014165,True
1,103,2,fresh-client,1,reference_49x36px,deflate_128,DEFLATE,128,2,104009,2,104009,374.6148330028518,373.6862080004357,True
1,104,4,fresh-client,1,large_aoi_392x288px,lzw_512,LZW,512,2,2215302,2,2215302,1345.2424999995856,1342.420626002422,True
1,105,5,fresh-client,1,reference_49x36px,zstd_512,ZSTD,512,1,829285,1,829285,590.5930420012737,589.2170420011098,True
1,106,5,fresh-client,1,small_24x18px,deflate_256,DEFLATE,256,1,210593,1,210593,611.4518340000359,609.749750001356,True
1,107,5,fresh-client,1,viewport_196x144px,lzw_512,LZW,512,2,2215302,2,2215302,1956.3215840025805,1953.9727510018565,True
1,108,5,fresh-client,1,small_24x18px,zstd_128,ZSTD,128,1,51811,1,51811,230.83704199962085,229.63966600218555,True
1,109,1,fresh-client,1,reference_49x36px,deflate_256,DEFLATE,256,2,422487,2,422487,882.5115010004083,879.6656669983349,True
1,110,1,fresh-client,1,viewport_98x72px,lzw_128,LZW,128,2,137850,2,137850,448.1768749974435,446.6427499974088,True
1,111,2,fresh-client,1,tiny_12x9px,deflate_512,DEFLATE,512,1,845637,1,845637,697.0380000020668,695.1796670000476,True
1,112,2,fresh-client,1,large_aoi_392x288px,deflate_256,DEFLATE,256,4,840293,4,840293,1496.709709001152,1491.1209590027283,True
1,113,4,fresh-client,1,viewport_196x144px,zstd_512,ZSTD,512,2,1646298,2,1646298,2303.883376000158,2301.048458997684,True
1,114,1,fresh-client,1,reference_49x36px,lzw_512,LZW,512,1,1117985,1,1117985,1450.7246670000313,1449.379959001817,True
1,115,5,fresh-client,1,small_24x18px,zstd_512,ZSTD,512,1,829285,1,829285,497.17612500171526,495.63470899738604,True
1,116,2,fresh-client,1,reference_49x36px,deflate_256,DEFLATE,256,2,422487,2,422487,795.5838340021728,792.4637920004898,True
1,117,5,fresh-client,1,small_24x18px,zstd_256,ZSTD,256,1,206793,1,206793,468.4736259987403,467.1340839995537,True
1,118,3,fresh-client,1,viewport_196x144px,deflate_512,DEFLATE,512,2,1676140,2,1676140,2559.2921679999563,2556.143792997318,True
1,119,2,fresh-client,1,tiny_12x9px,zstd_256,ZSTD,256,1,206793,1,206793,316.7585830015014,315.09645900223404,True
1,120,1,fresh-client,1,tiny_12x9px,lzw_128,LZW,128,1,69651,1,69651,261.29124999715714,260.0258339989523,True
1,121,2,fresh-client,1,reference_49x36px,deflate_512,DEFLATE,512,1,845637,1,845637,658.702083001117,657.021667000663,True
1,122,2,fresh-client,1,reference_49x36px,lzw_128,LZW,128,2,137850,2,137850,693.2544169976609,689.901916000963,True
1,123,2,fresh-client,1,large_aoi_392x288px,lzw_128,LZW,128,12,829141,12,829141,3149.8758350026037,3138.0200019993936,True
1,124,5,fresh-client,1,large_aoi_392x288px,zstd_512,ZSTD,512,2,1646298,2,1646298,1159.85124999861,1156.47162499954,True
1,125,5,fresh-client,1,tiny_12x9px,zstd_128,ZSTD,128,1,51811,1,51811,219.97800000099232,218.99395899890806,True
1,126,5,fresh-client,1,tiny_12x9px,deflate_128,DEFLATE,128,1,52579,1,52579,225.51266699883854,225.0001250031346,True
1,127,3,fresh-client,1,viewport_98x72px,lzw_128,LZW,128,2,137850,2,137850,432.1842090030259,430.6596249989525,True
1,128,4,fresh-client,1,large_aoi_392x288px,zstd_512,ZSTD,512,2,1646298,2,1646298,3381.594459999178,3377.6431679980305,True
1,129,3,fresh-client,1,small_24x18px,lzw_128,LZW,128,1,69651,1,69651,259.29862500197487,257.8951249997772,True
1,130,1,fresh-client,1,large_aoi_392x288px,lzw_128,LZW,128,12,829141,12,829141,3336.728125999798,3326.6399590065703,True
1,131,3,fresh-client,1,small_24x18px,zstd_512,ZSTD,512,1,829285,1,829285,999.5164579995617,997.7910010020423,True
1,132,3,fresh-client,1,tiny_12x9px,deflate_256,DEFLATE,256,1,210593,1,210593,433.0012499995064,431.9952090008883,True
1,133,1,fresh-client,1,tiny_12x9px,lzw_512,LZW,512,1,1117985,1,1117985,553.9741259999573,552.4120420013787,True
1,134,1,fresh-client,1,viewport_98x72px,zstd_256,ZSTD,256,2,415577,2,415577,854.7053760012204,851.8358340006671,True
1,135,3,fresh-client,1,reference_49x36px,deflate_128,DEFLATE,128,2,104009,2,104009,780.1380419987254,776.3350829955016,True
1,136,1,fresh-client,1,tiny_12x9px,zstd_128,ZSTD,128,1,51811,1,51811,539.1062089984189,537.0834169989394,True
1,137,1,fresh-client,1,viewport_196x144px,lzw_256,LZW,256,4,1111779,4,1111779,1985.5460840008163,1980.4549180007598,True
1,138,3,fresh-client,1,reference_49x36px,deflate_256,DEFLATE,256,2,422487,2,422487,643.9202080000541,640.4400409992377,True
1,139,5,fresh-client,1,viewport_98x72px,lzw_256,LZW,256,2,559615,2,559615,609.3709169981594,606.2327920008102,True
1,140,2,fresh-client,1,small_24x18px,deflate_512,DEFLATE,512,1,845637,1,845637,1461.9928339998296,1460.8032090000052,True
1,141,2,fresh-client,1,tiny_12x9px,deflate_256,DEFLATE,256,1,210593,1,210593,368.28554199746577,366.837208999641,True
1,142,4,fresh-client,1,reference_49x36px,deflate_256,DEFLATE,256,2,422487,2,422487,766.4942920018802,763.7585419979587,True
1,143,5,fresh-client,1,viewport_196x144px,zstd_512,ZSTD,512,2,1646298,2,1646298,1174.5950839977013,1171.2535839978955,True
1,144,1,fresh-client,1,small_24x18px,deflate_128,DEFLATE,128,1,52579,1,52579,367.10129199855146,365.29199999858974,True
1,145,3,fresh-client,1,viewport_98x72px,zstd_256,ZSTD,256,2,415577,2,415577,827.5270420017478,824.5072919999075,True
1,146,2,fresh-client,1,tiny_12x9px,deflate_128,DEFLATE,128,1,52579,1,52579,282.0778760033136,280.51916700133006,True
1,147,4,fresh-client,1,viewport_196x144px,deflate_128,DEFLATE,128,6,315912,6,315912,1524.795291999908,1517.7754590040422,True
1,148,4,fresh-client,1,viewport_196x144px,lzw_256,LZW,256,4,1111779,4,1111779,1683.1857510005648,1677.8405419972842,True
1,149,3,fresh-client,1,viewport_196x144px,zstd_512,ZSTD,512,2,1646298,2,1646298,1278.8392500006012,1275.7225010027469,True
1,150,5,fresh-client,1,viewport_196x144px,deflate_128,DEFLATE,128,6,315912,6,315912,1418.416291999165,1411.8438349978533,True
1,151,2,fresh-client,1,small_24x18px,zstd_128,ZSTD,128,1,51811,1,51811,226.3952089997474,225.44379200189724,True
1,152,5,fresh-client,1,small_24x18px,lzw_256,LZW,256,1,277518,1,277518,467.4785410024924,465.4584999989311,True
1,153,1,fresh-client,1,large_aoi_392x288px,zstd_256,ZSTD,256,4,826507,4,826507,1334.8212499986403,1329.690375001519,True
1,154,3,fresh-client,1,viewport_98x72px,lzw_512,LZW,512,1,1117985,1,1117985,709.6581250007148,708.610541998496,True
1,155,2,fresh-client,1,viewport_196x144px,deflate_128,DEFLATE,128,6,315912,6,315912,1692.9114589984238,1686.8498340008955,True
1,156,1,fresh-client,1,viewport_196x144px,zstd_256,ZSTD,256,4,826507,4,826507,1174.7181249993446,1169.6582079966902,True
1,157,3,fresh-client,1,tiny_12x9px,zstd_128,ZSTD,128,1,51811,1,51811,290.69924900250044,289.28808300042874,True
1,158,1,fresh-client,1,tiny_12x9px,lzw_256,LZW,256,1,277518,1,277518,301.4310830003524,300.03674999898067,True
1,159,3,fresh-client,1,viewport_196x144px,lzw_256,LZW,256,4,1111779,4,1111779,1430.546792998939,1424.3745840030897,True
1,160,4,fresh-client,1,tiny_12x9px,zstd_256,ZSTD,256,1,206793,1,206793,333.3234169986099,331.75129200026277,True
1,161,1,fresh-client,1,viewport_98x72px,zstd_128,ZSTD,128,2,102669,2,102669,437.8137500025332,436.4290829980746,True
1,162,5,fresh-client,1,viewport_98x72px,lzw_512,LZW,512,1,1117985,1,1117985,730.5661249993136,729.3787919988972,True
1,163,4,fresh-client,1,small_24x18px,lzw_256,LZW,256,1,277518,1,277518,289.5912089988997,288.00200000114273,True
1,164,3,fresh-client,1,tiny_12x9px,deflate_512,DEFLATE,512,1,845637,1,845637,502.1369999994931,500.4260419991624,True
1,165,2,fresh-client,1,tiny_12x9px,zstd_128,ZSTD,128,1,51811,1,51811,383.1793339995784,382.76616599978297,True
1,166,5,fresh-client,1,tiny_12x9px,deflate_256,DEFLATE,256,1,210593,1,210593,274.5019169997249,273.10645900070085,True
1,167,2,fresh-client,1,reference_49x36px,zstd_128,ZSTD,128,2,102669,2,102669,515.6989169990993,513.930540997535,True
1,168,4,fresh-client,1,reference_49x36px,lzw_256,LZW,256,2,559615,2,559615,636.5622920020542,633.8684999973339,True
1,169,5,fresh-client,1,reference_49x36px,zstd_256,ZSTD,256,2,415577,2,415577,848.4690420009429,845.1731669993023,True
1,170,4,fresh-client,1,viewport_98x72px,zstd_512,ZSTD,512,1,829285,1,829285,851.8591259999084,849.7874589993444,True
1,171,1,fresh-client,1,large_aoi_392x288px,deflate_512,DEFLATE,512,2,1676140,2,1676140,1062.171749999834,1059.5510010025464,True
1,172,1,fresh-client,1,reference_49x36px,zstd_256,ZSTD,256,2,415577,2,415577,898.3263330010232,895.1827089986182,True
1,173,3,fresh-client,1,reference_49x36px,zstd_128,ZSTD,128,2,102669,2,102669,1000.14741799896,998.0314599997655,True
1,174,2,fresh-client,1,large_aoi_392x288px,lzw_256,LZW,256,4,1111779,4,1111779,1596.4901259976614,1590.1590009998472,True
1,175,3,fresh-client,1,viewport_196x144px,zstd_256,ZSTD,256,4,826507,4,826507,1836.697042999731,1830.699710000772,True
1,176,5,fresh-client,1,tiny_12x9px,lzw_256,LZW,256,1,277518,1,277518,357.55150000113645,355.65212499932386,True
1,177,4,fresh-client,1,viewport_196x144px,lzw_128,LZW,128,6,417819,6,417819,1654.3500430016138,1645.1102500031993,True
1,178,5,fresh-client,1,viewport_196x144px,lzw_256,LZW,256,4,1111779,4,1111779,1353.0199589986296,1346.9198329948995,True
1,179,5,fresh-client,1,small_24x18px,lzw_128,LZW,128,1,69651,1,69651,197.66529199841898,197.2247919984511,True
1,180,5,fresh-client,1,viewport_98x72px,deflate_128,DEFLATE,128,2,104009,2,104009,508.6838749994058,506.5457089986012,True
1,181,3,fresh-client,1,small_24x18px,zstd_256,ZSTD,256,1,206793,1,206793,260.8779580004921,259.7370420007792,True
1,182,3,fresh-client,1,viewport_98x72px,zstd_128,ZSTD,128,2,102669,2,102669,666.4970830024686,665.0905419992341,True
1,183,5,fresh-client,1,reference_49x36px,deflate_256,DEFLATE,256,2,422487,2,422487,792.6392500012298,789.7581249999348,True
1,184,5,fresh-client,1,reference_49x36px,lzw_256,LZW,256,2,559615,2,559615,948.6426670009678,945.9568740021496,True
1,185,3,fresh-client,1,small_24x18px,lzw_256,LZW,256,1,277518,1,277518,364.5416670005943,363.0951669983915,True
1,186,1,fresh-client,1,reference_49x36px,lzw_128,LZW,128,2,137850,2,137850,973.793500001193,971.4042920022621,True
1,187,1,fresh-client,1,tiny_12x9px,deflate_128,DEFLATE,128,1,52579,1,52579,220.13525099828257,219.56370800035074,True
1,188,1,fresh-client,1,large_aoi_392x288px,deflate_256,DEFLATE,256,4,840293,4,840293,1204.3180420005228,1197.3821249994216,True
1,189,5,fresh-client,1,large_aoi_392x288px,lzw_512,LZW,512,2,2215302,2,2215302,2524.600750999525,2520.6146679993253,True
1,190,3,fresh-client,1,viewport_196x144px,lzw_128,LZW,128,6,417819,6,417819,1823.756793000939,1816.835126002843,True
1,191,3,fresh-client,1,viewport_196x144px,deflate_128,DEFLATE,128,6,315912,6,315912,1558.1067509992863,1550.5626680023852,True
1,192,4,fresh-client,1,large_aoi_392x288px,lzw_128,LZW,128,12,829141,12,829141,2949.978625998483,2940.367295002943,True
1,193,5,fresh-client,1,viewport_98x72px,lzw_128,LZW,128,2,137850,2,137850,572.9602920000616,570.7353739999235,True
1,194,2,fresh-client,1,viewport_98x72px,zstd_512,ZSTD,512,1,829285,1,829285,731.0234169999603,729.8673759978556,True
1,195,5,fresh-client,1,tiny_12x9px,deflate_512,DEFLATE,512,1,845637,1,845637,743.741541999043,741.8603760015685,True
1,196,4,fresh-client,1,reference_49x36px,zstd_512,ZSTD,512,1,829285,1,829285,609.4778750011756,608.0251670027792,True
1,197,3,fresh-client,1,viewport_98x72px,deflate_128,DEFLATE,128,2,104009,2,104009,404.0917090023868,403.00966699942364,True
1,198,3,fresh-client,1,small_24x18px,zstd_128,ZSTD,128,1,51811,1,51811,556.5242080010648,555.5057919991668,True
1,199,4,fresh-client,1,large_aoi_392x288px,deflate_512,DEFLATE,512,2,1676140,2,1676140,4527.108419002616,4523.195753001346,True
1,200,4,fresh-client,1,viewport_196x144px,deflate_512,DEFLATE,512,2,1676140,2,1676140,999.2276250013674,996.3757080004143,True
1,201,3,fresh-client,1,large_aoi_392x288px,deflate_512,DEFLATE,512,2,1676140,2,1676140,979.3724589981139,976.7613750045712,True
1,202,3,fresh-client,1,reference_49x36px,zstd_512,ZSTD,512,1,829285,1,829285,690.6741260027047,688.7348759992165,True
1,203,4,fresh-client,1,tiny_12x9px,deflate_128,DEFLATE,128,1,52579,1,52579,232.72533300041687,231.75470899877837,True
1,204,2,fresh-client,1,viewport_98x72px,lzw_256,LZW,256,2,559615,2,559615,876.933833998919,874.1608339987579,True
1,205,5,fresh-client,1,large_aoi_392x288px,zstd_256,ZSTD,256,4,826507,4,826507,1193.8646669987065,1188.8228329989943,True
1,206,2,fresh-client,1,small_24x18px,zstd_512,ZSTD,512,1,829285,1,829285,823.3431250009744,821.8770000021323,True
1,207,1,fresh-client,1,small_24x18px,lzw_512,LZW,512,1,1117985,1,1117985,574.1789999992761,572.1129170015047,True
1,208,3,fresh-client,1,viewport_98x72px,lzw_256,LZW,256,2,559615,2,559615,1121.65449999884,1118.2427509993431,True
1,209,4,fresh-client,1,reference_49x36px,zstd_256,ZSTD,256,2,415577,2,415577,698.2882090014755,694.3663749989355,True
1,210,2,fresh-client,1,reference_49x36px,lzw_512,LZW,512,1,1117985,1,1117985,923.612583999784,922.4033760001475,True
1,211,3,fresh-client,1,large_aoi_392x288px,zstd_512,ZSTD,512,2,1646298,2,1646298,2086.1723340021854,2082.678417002171,True
1,212,4,fresh-client,1,tiny_12x9px,zstd_512,ZSTD,512,1,829285,1,829285,1497.0037929997488,1495.0511249990086,True
1,213,5,fresh-client,1,viewport_98x72px,zstd_128,ZSTD,128,2,102669,2,102669,512.0406669993827,509.8416670007282,True
1,214,5,fresh-client,1,small_24x18px,deflate_128,DEFLATE,128,1,52579,1,52579,206.60620800117613,206.12304099995526,True
1,215,4,fresh-client,1,tiny_12x9px,zstd_128,ZSTD,128,1,51811,1,51811,190.61654100005399,190.1855420001084,True
1,216,3,fresh-client,1,tiny_12x9px,zstd_256,ZSTD,256,1,206793,1,206793,563.901083998644,562.7935000011348,True
1,217,2,fresh-client,1,viewport_98x72px,zstd_128,ZSTD,128,2,102669,2,102669,411.1734170001,410.08816600151476,True
1,218,1,fresh-client,1,reference_49x36px,deflate_128,DEFLATE,128,2,104009,2,104009,515.9800420005922,514.5872499997495,True
1,219,5,fresh-client,1,reference_49x36px,deflate_512,DEFLATE,512,1,845637,1,845637,645.4482920016744,643.6037089988531,True
1,220,2,fresh-client,1,viewport_98x72px,lzw_512,LZW,512,1,1117985,1,1117985,675.005583998427,672.8905419986404,True
1,221,2,fresh-client,1,small_24x18px,deflate_256,DEFLATE,256,1,210593,1,210593,320.95395799842663,316.9357080005284,True
1,222,4,fresh-client,1,small_24x18px,zstd_256,ZSTD,256,1,206793,1,206793,291.8465410002682,289.6015419973992,True
1,223,1,fresh-client,1,viewport_196x144px,deflate_256,DEFLATE,256,4,840293,4,840293,1608.8996670005145,1603.0234999998356,True
1,224,4,fresh-client,1,viewport_98x72px,lzw_512,LZW,512,1,1117985,1,1117985,653.7065000011353,652.1281669993186,True
1,225,2,fresh-client,1,small_24x18px,deflate_128,DEFLATE,128,1,52579,1,52579,286.69908400115673,285.0169170014851,True
1,226,1,fresh-client,1,viewport_98x72px,deflate_512,DEFLATE,512,1,845637,1,845637,513.5719169993536,512.5471259998449,True
1,227,4,fresh-client,1,small_24x18px,lzw_512,LZW,512,1,1117985,1,1117985,732.7057500006049,730.9346669972001,True
1,228,4,fresh-client,1,reference_49x36px,deflate_512,DEFLATE,512,1,845637,1,845637,602.267166999809,600.5767919996288,True
1,229,4,fresh-client,1,viewport_196x144px,zstd_128,ZSTD,128,6,311204,6,311204,1555.9835430030944,1551.3927090032666,True
1,230,5,fresh-client,1,reference_49x36px,lzw_128,LZW,128,2,137850,2,137850,478.57433399985894,476.9524170005752,True
1,231,4,fresh-client,1,small_24x18px,zstd_512,ZSTD,512,1,829285,1,829285,567.1668340000906,565.052875001129,True
1,232,2,fresh-client,1,reference_49x36px,zstd_256,ZSTD,256,2,415577,2,415577,664.0245419985149,661.3744169990241,True
1,233,5,fresh-client,1,large_aoi_392x288px,lzw_128,LZW,128,12,829141,12,829141,3081.369169001846,3069.9137110023003,True
1,234,4,fresh-client,1,viewport_98x72px,deflate_512,DEFLATE,512,1,845637,1,845637,546.6366670007119,545.0425829985761,True
1,235,4,fresh-client,1,viewport_98x72px,deflate_128,DEFLATE,128,2,104009,2,104009,529.6245009994891,527.4973340019642,True
1,236,2,fresh-client,1,viewport_98x72px,lzw_128,LZW,128,2,137850,2,137850,462.5852919998579,460.681583997939,True
1,237,2,fresh-client,1,viewport_196x144px,deflate_512,DEFLATE,512,2,1676140,2,1676140,1485.2380010015622,1480.7190840001567,True
1,238,3,fresh-client,1,large_aoi_392x288px,lzw_256,LZW,256,4,1111779,4,1111779,1533.5417089991097,1526.7824610018579,True
1,239,1,fresh-client,1,small_24x18px,zstd_128,ZSTD,128,1,51811,1,51811,248.63504200038733,247.27100000018254,True
1,240,2,fresh-client,1,viewport_196x144px,deflate_256,DEFLATE,256,4,840293,4,840293,1621.435126002325,1615.476042003138,True
1,241,5,fresh-client,1,viewport_98x72px,deflate_256,DEFLATE,256,2,422487,2,422487,863.9631260011811,861.3428330027091,True
1,242,3,fresh-client,1,tiny_12x9px,deflate_128,DEFLATE,128,1,52579,1,52579,252.80049999855692,251.30504199842107,True
1,243,1,fresh-client,1,viewport_196x144px,deflate_512,DEFLATE,512,2,1676140,2,1676140,1114.1099170017696,1110.9009579959093,True
1,244,4,fresh-client,1,viewport_98x72px,zstd_128,ZSTD,128,2,102669,2,102669,461.1034590016061,459.094499998173,True
1,245,3,fresh-client,1,reference_49x36px,lzw_512,LZW,512,1,1117985,1,1117985,711.8137500001467,710.8233330000076,True
1,246,1,fresh-client,1,viewport_196x144px,lzw_128,LZW,128,6,417819,6,417819,1653.3288760001597,1646.303416997398,True
1,247,4,fresh-client,1,tiny_12x9px,deflate_512,DEFLATE,512,1,845637,1,845637,764.0794590006408,762.7737090006121,True
1,248,4,fresh-client,1,large_aoi_392x288px,deflate_256,DEFLATE,256,4,840293,4,840293,1435.1423750013055,1429.2929590010317,True
1,249,5,fresh-client,1,large_aoi_392x288px,zstd_128,ZSTD,128,12,618903,12,618903,2871.4928349982074,2863.114959000086,True
1,250,4,fresh-client,1,viewport_98x72px,zstd_256,ZSTD,256,2,415577,2,415577,644.1236669998034,641.4269590022741,True
1,251,2,fresh-client,1,viewport_98x72px,deflate_512,DEFLATE,512,1,845637,1,845637,732.7840420002758,731.0114169995359,True
1,252,4,fresh-client,1,viewport_98x72px,lzw_256,LZW,256,2,559615,2,559615,680.5433749977965,678.1242500001099,True
1,253,1,fresh-client,1,viewport_196x144px,zstd_128,ZSTD,128,6,311204,6,311204,1553.987084000255,1549.1821250034263,True
1,254,2,fresh-client,1,small_24x18px,lzw_512,LZW,512,1,1117985,1,1117985,891.1026259993378,889.7294999987935,True
1,255,2,fresh-client,1,viewport_98x72px,deflate_256,DEFLATE,256,2,422487,2,422487,574.1635000013048,570.4149999983201,True
1,256,2,fresh-client,1,large_aoi_392x288px,deflate_512,DEFLATE,512,2,1676140,2,1676140,1333.0901250010356,1331.0762510009226,True
1,257,4,fresh-client,1,tiny_12x9px,deflate_256,DEFLATE,256,1,210593,1,210593,420.3412089991616,418.4269170000334,True
1,258,5,fresh-client,1,reference_49x36px,deflate_128,DEFLATE,128,2,104009,2,104009,706.201000000874,703.0347079999046,True
1,259,3,fresh-client,1,reference_49x36px,deflate_512,DEFLATE,512,1,845637,1,845637,542.601791999914,541.0024170014367,True
1,260,4,fresh-client,1,tiny_12x9px,lzw_512,LZW,512,1,1117985,1,1117985,755.6702920010139,753.751292002562,True
1,261,1,fresh-client,1,small_24x18px,lzw_128,LZW,128,1,69651,1,69651,227.35683399878326,226.68424999937997,True
1,262,3,fresh-client,1,large_aoi_392x288px,deflate_128,DEFLATE,128,12,628423,12,628423,3326.6107519993966,3315.0727519932843,True
1,263,1,fresh-client,1,viewport_98x72px,deflate_256,DEFLATE,256,2,422487,2,422487,684.3820419999247,680.7767930040427,True
1,264,3,fresh-client,1,viewport_98x72px,deflate_256,DEFLATE,256,2,422487,2,422487,737.7279169995745,734.7831680017407,True
1,265,3,fresh-client,1,viewport_196x144px,deflate_256,DEFLATE,256,4,840293,4,840293,3156.2139190027665,3149.9942939990433,True
1,266,1,fresh-client,1,large_aoi_392x288px,zstd_128,ZSTD,128,12,618903,12,618903,3157.0096259965794,3146.7011280001316,True
1,267,1,fresh-client,1,reference_49x36px,zstd_512,ZSTD,512,1,829285,1,829285,550.0666260013531,548.8239580008667,True
1,268,2,fresh-client,1,small_24x18px,zstd_256,ZSTD,256,1,206793,1,206793,464.18699999776436,463.1263340015721,True
1,269,4,fresh-client,1,large_aoi_392x288px,zstd_128,ZSTD,128,12,618903,12,618903,3443.1581270000606,3431.6085430036765,True
1,270,3,fresh-client,1,large_aoi_392x288px,lzw_128,LZW,128,12,829141,12,829141,3570.5185439983325,3556.379249996098,True
2,1,5,fresh-client,1,viewport_196x144px,deflate_128,DEFLATE,128,6,315912,6,315912,1315.935417998844,1312.1096680006303,True
2,2,4,fresh-client,1,tiny_12x9px,lzw_128,LZW,128,1,69651,1,69651,204.072417000134,203.59562500016182,True
2,3,3,fresh-client,1,tiny_12x9px,deflate_512,DEFLATE,512,1,845637,1,845637,974.7321670001838,973.7038750026841,True
2,4,3,fresh-client,1,small_24x18px,zstd_256,ZSTD,256,1,206793,1,206793,549.4184589988436,547.7623339975253,True
2,5,2,fresh-client,1,tiny_12x9px,zstd_128,ZSTD,128,1,51811,1,51811,388.91483299812535,387.42391699997825,True
2,6,1,fresh-client,1,large_aoi_392x288px,deflate_512,DEFLATE,512,2,1676140,2,1676140,1171.993208998174,1169.8082499970042,True
2,7,3,fresh-client,1,viewport_196x144px,deflate_128,DEFLATE,128,6,315912,6,315912,1641.8389169994043,1634.6693750019767,True
2,8,1,fresh-client,1,small_24x18px,deflate_256,DEFLATE,256,1,210593,1,210593,249.19270800091908,248.1244999980845,True
2,9,5,fresh-client,1,viewport_98x72px,zstd_128,ZSTD,128,2,102669,2,102669,469.81520899862517,467.2325420033303,True
2,10,3,fresh-client,1,viewport_98x72px,deflate_128,DEFLATE,128,2,104009,2,104009,569.7114579998015,566.6827499990177,True
2,11,1,fresh-client,1,large_aoi_392x288px,zstd_256,ZSTD,256,4,826507,4,826507,1857.6607930008322,1851.7309599992586,True
2,12,5,fresh-client,1,viewport_98x72px,deflate_256,DEFLATE,256,2,422487,2,422487,637.6789589994587,634.3855419981992,True
2,13,5,fresh-client,1,viewport_98x72px,deflate_512,DEFLATE,512,1,845637,1,845637,666.4457920014684,664.2764999996871,True
2,14,2,fresh-client,1,small_24x18px,deflate_256,DEFLATE,256,1,210593,1,210593,397.3805000023276,396.3222090023919,True
2,15,1,fresh-client,1,tiny_12x9px,deflate_512,DEFLATE,512,1,845637,1,845637,749.3057499996212,747.7312920018448,True
2,16,4,fresh-client,1,small_24x18px,zstd_128,ZSTD,128,1,51811,1,51811,192.83024999822374,192.4829999989015,True
2,17,4,fresh-client,1,viewport_196x144px,deflate_256,DEFLATE,256,4,840293,4,840293,1940.6591670012858,1933.9849589996447,True
2,18,5,fresh-client,1,reference_49x36px,deflate_256,DEFLATE,256,2,422487,2,422487,750.2538750013628,747.3623749974649,True
2,19,2,fresh-client,1,small_24x18px,lzw_128,LZW,128,1,69651,1,69651,212.47316700100782,211.99354199779918,True
2,20,4,fresh-client,1,reference_49x36px,lzw_512,LZW,512,1,1117985,1,1117985,767.050583002856,766.2057500019728,True
2,21,1,fresh-client,1,reference_49x36px,deflate_128,DEFLATE,128,2,104009,2,104009,393.21600000039325,392.38237500103423,True
2,22,5,fresh-client,1,viewport_196x144px,lzw_512,LZW,512,2,2215302,2,2215302,1788.5464589999174,1785.2838340004382,True
2,23,3,fresh-client,1,viewport_98x72px,lzw_512,LZW,512,1,1117985,1,1117985,783.9538339976571,782.6469999999972,True
2,24,3,fresh-client,1,viewport_98x72px,deflate_256,DEFLATE,256,2,422487,2,422487,658.6097920007887,655.073876001552,True
2,25,2,fresh-client,1,large_aoi_392x288px,zstd_512,ZSTD,512,2,1646298,2,1646298,1047.727417000715,1045.60770900207,True
2,26,3,fresh-client,1,tiny_12x9px,lzw_256,LZW,256,1,277518,1,277518,294.9862089990347,293.8387080030225,True
2,27,3,fresh-client,1,large_aoi_392x288px,deflate_128,DEFLATE,128,12,628423,12,628423,3816.458209999837,3805.614667995542,True
2,28,3,fresh-client,1,viewport_196x144px,zstd_256,ZSTD,256,4,826507,4,826507,1722.7982090007572,1717.1172099988325,True
2,29,4,fresh-client,1,viewport_98x72px,lzw_256,LZW,256,2,559615,2,559615,1031.1839579990192,1028.879583998787,True
2,30,2,fresh-client,1,tiny_12x9px,lzw_512,LZW,512,1,1117985,1,1117985,613.0690419995517,612.757958999282,True
2,31,1,fresh-client,1,viewport_196x144px,lzw_128,LZW,128,6,417819,6,417819,1992.6207509997766,1986.7774989979807,True
2,32,3,fresh-client,1,viewport_98x72px,lzw_256,LZW,256,2,559615,2,559615,831.4561670013063,828.5034159962379,True
2,33,3,fresh-client,1,viewport_98x72px,zstd_512,ZSTD,512,1,829285,1,829285,786.5283760002058,784.6813750002184,True
2,34,2,fresh-client,1,viewport_196x144px,lzw_512,LZW,512,2,2215302,2,2215302,2003.4013339973171,2000.159043000167,True
2,35,2,fresh-client,1,tiny_12x9px,lzw_256,LZW,256,1,277518,1,277518,415.5624590021034,414.5347919984488,True
2,36,5,fresh-client,1,large_aoi_392x288px,zstd_256,ZSTD,256,4,826507,4,826507,1403.0100429990853,1398.6203750027926,True
2,37,5,fresh-client,1,tiny_12x9px,lzw_128,LZW,128,1,69651,1,69651,322.42062500154134,321.42000000021653,True
2,38,1,fresh-client,1,tiny_12x9px,lzw_128,LZW,128,1,69651,1,69651,228.73429199898965,228.0389590014238,True
2,39,5,fresh-client,1,small_24x18px,lzw_512,LZW,512,1,1117985,1,1117985,3525.9529600007227,3524.433542999759,True
2,40,1,fresh-client,1,small_24x18px,lzw_256,LZW,256,1,277518,1,277518,386.4380419981899,384.69766699927277,True
2,41,5,fresh-client,1,viewport_98x72px,lzw_512,LZW,512,1,1117985,1,1117985,590.2035419967433,589.1500420002558,True
2,42,1,fresh-client,1,small_24x18px,zstd_128,ZSTD,128,1,51811,1,51811,232.70283400051994,231.8446249992121,True
2,43,1,fresh-client,1,large_aoi_392x288px,zstd_512,ZSTD,512,2,1646298,2,1646298,1569.800376000785,1567.1955830002844,True
2,44,5,fresh-client,1,viewport_98x72px,lzw_128,LZW,128,2,137850,2,137850,456.0095420019934,454.4673749987851,True
2,45,3,fresh-client,1,reference_49x36px,zstd_128,ZSTD,128,2,102669,2,102669,568.3911669984809,566.2881659991399,True
2,46,1,fresh-client,1,tiny_12x9px,lzw_256,LZW,256,1,277518,1,277518,460.4125000005297,458.6336249994929,True
2,47,1,fresh-client,1,viewport_98x72px,deflate_512,DEFLATE,512,1,845637,1,845637,917.3190420005994,915.1966249992256,True
2,48,2,fresh-client,1,large_aoi_392x288px,zstd_128,ZSTD,128,12,618903,12,618903,3059.340626001358,3048.066294999444,True
2,49,3,fresh-client,1,reference_49x36px,deflate_256,DEFLATE,256,2,422487,2,422487,999.51954199787,997.3823760010418,True
2,50,5,fresh-client,1,small_24x18px,deflate_512,DEFLATE,512,1,845637,1,845637,602.1861259978323,600.5260009987978,True
2,51,2,fresh-client,1,reference_49x36px,deflate_512,DEFLATE,512,1,845637,1,845637,1384.274166997784,1382.8587509997305,True
2,52,3,fresh-client,1,small_24x18px,lzw_128,LZW,128,1,69651,1,69651,293.34983299850137,292.18666599990684,True
2,53,1,fresh-client,1,large_aoi_392x288px,deflate_256,DEFLATE,256,4,840293,4,840293,1543.1204169981356,1538.201917999686,True
2,54,3,fresh-client,1,tiny_12x9px,lzw_512,LZW,512,1,1117985,1,1117985,1910.366250998777,1909.338666999247,True
2,55,3,fresh-client,1,reference_49x36px,deflate_512,DEFLATE,512,1,845637,1,845637,1258.2622509980865,1256.498416998511,True
2,56,4,fresh-client,1,small_24x18px,lzw_128,LZW,128,1,69651,1,69651,457.4925009983417,455.34737599882646,True
2,57,3,fresh-client,1,small_24x18px,lzw_256,LZW,256,1,277518,1,277518,395.85387500119396,394.787000001088,True
2,58,2,fresh-client,1,small_24x18px,zstd_256,ZSTD,256,1,206793,1,206793,329.942458000005,328.49070800148183,True
2,59,4,fresh-client,1,tiny_12x9px,lzw_256,LZW,256,1,277518,1,277518,333.12383300290094,332.2294579993468,True
2,60,4,fresh-client,1,viewport_196x144px,zstd_128,ZSTD,128,6,311204,6,311204,1638.2729169999948,1633.3913750058855,True
2,61,5,fresh-client,1,tiny_12x9px,zstd_512,ZSTD,512,1,829285,1,829285,457.39733400114346,456.0469159987406,True
2,62,1,fresh-client,1,tiny_12x9px,zstd_512,ZSTD,512,1,829285,1,829285,564.0781670008437,562.7273339996464,True
2,63,3,fresh-client,1,small_24x18px,zstd_512,ZSTD,512,1,829285,1,829285,933.979334000469,933.2851670005766,True
2,64,3,fresh-client,1,large_aoi_392x288px,lzw_128,LZW,128,12,829141,12,829141,3379.4674599994323,3367.8752520063426,True
2,65,2,fresh-client,1,large_aoi_392x288px,deflate_128,DEFLATE,128,12,628423,12,628423,3410.34329300237,3398.837127009756,True
2,66,5,fresh-client,1,reference_49x36px,lzw_128,LZW,128,2,137850,2,137850,521.9841669968446,520.3980839978612,True
2,67,4,fresh-client,1,small_24x18px,deflate_512,DEFLATE,512,1,845637,1,845637,978.804875001515,977.534249999735,True
2,68,4,fresh-client,1,tiny_12x9px,zstd_128,ZSTD,128,1,51811,1,51811,215.8363750022545,215.24475099795382,True
2,69,5,fresh-client,1,tiny_12x9px,deflate_128,DEFLATE,128,1,52579,1,52579,254.4432089998736,252.87495800148463,True
2,70,3,fresh-client,1,viewport_196x144px,zstd_128,ZSTD,128,6,311204,6,311204,1777.0969590019376,1771.5003330013133,True
2,71,4,fresh-client,1,small_24x18px,deflate_256,DEFLATE,256,1,210593,1,210593,280.23270899939234,278.9573329973791,True
2,72,5,fresh-client,1,large_aoi_392x288px,lzw_256,LZW,256,4,1111779,4,1111779,1813.0480009967869,1807.977750995633,True
2,73,4,fresh-client,1,small_24x18px,zstd_256,ZSTD,256,1,206793,1,206793,710.388540999702,709.474166000291,True
2,74,3,fresh-client,1,reference_49x36px,lzw_512,LZW,512,1,1117985,1,1117985,1097.3588749984629,1095.2515010030766,True
2,75,1,fresh-client,1,tiny_12x9px,deflate_256,DEFLATE,256,1,210593,1,210593,326.00887500302633,324.28970800174284,True
2,76,1,fresh-client,1,viewport_196x144px,deflate_256,DEFLATE,256,4,840293,4,840293,1325.8815840017633,1319.5683329977328,True
2,77,1,fresh-client,1,tiny_12x9px,deflate_128,DEFLATE,128,1,52579,1,52579,250.33779099976528,249.14095800340874,True
2,78,1,fresh-client,1,small_24x18px,deflate_512,DEFLATE,512,1,845637,1,845637,714.1107499992358,711.5058339986717,True
2,79,5,fresh-client,1,large_aoi_392x288px,deflate_256,DEFLATE,256,4,840293,4,840293,1556.748459002847,1550.685167996562,True
2,80,4,fresh-client,1,viewport_98x72px,zstd_512,ZSTD,512,1,829285,1,829285,724.2773340003623,723.9375419994758,True
2,81,1,fresh-client,1,viewport_196x144px,zstd_256,ZSTD,256,4,826507,4,826507,1613.6673760011035,1607.7888350009744,True
2,82,3,fresh-client,1,reference_49x36px,deflate_128,DEFLATE,128,2,104009,2,104009,482.01704200255335,480.3328749985667,True
2,83,1,fresh-client,1,viewport_98x72px,zstd_512,ZSTD,512,1,829285,1,829285,564.3373340026301,562.9261249996489,True
2,84,5,fresh-client,1,large_aoi_392x288px,lzw_128,LZW,128,12,829141,12,829141,3296.6087519998837,3285.5763330007903,True
2,85,2,fresh-client,1,reference_49x36px,zstd_512,ZSTD,512,1,829285,1,829285,581.2001250014873,579.1363329990418,True
2,86,3,fresh-client,1,tiny_12x9px,zstd_256,ZSTD,256,1,206793,1,206793,498.70862500029034,496.6429580017575,True
2,87,2,fresh-client,1,reference_49x36px,deflate_256,DEFLATE,256,2,422487,2,422487,1113.4995419997722,1110.3632080012176,True
2,88,4,fresh-client,1,tiny_12x9px,lzw_512,LZW,512,1,1117985,1,1117985,1612.0261670002947,1611.7031260000658,True
2,89,5,fresh-client,1,viewport_196x144px,deflate_512,DEFLATE,512,2,1676140,2,1676140,1808.0775840026035,1805.9138350035937,True
2,90,5,fresh-client,1,large_aoi_392x288px,lzw_512,LZW,512,2,2215302,2,2215302,988.7837919995945,986.3212509990262,True
2,91,1,fresh-client,1,large_aoi_392x288px,zstd_128,ZSTD,128,12,618903,12,618903,3240.2835020002385,3229.266459995415,True
2,92,4,fresh-client,1,viewport_98x72px,zstd_256,ZSTD,256,2,415577,2,415577,1070.8421259987517,1068.285500001366,True
2,93,5,fresh-client,1,reference_49x36px,deflate_512,DEFLATE,512,1,845637,1,845637,486.57829200237757,485.33175099873915,True
2,94,3,fresh-client,1,tiny_12x9px,zstd_512,ZSTD,512,1,829285,1,829285,673.4406249997846,671.7964999988908,True
2,95,3,fresh-client,1,large_aoi_392x288px,zstd_512,ZSTD,512,2,1646298,2,1646298,1393.2165000005625,1389.8513750027632,True
2,96,2,fresh-client,1,viewport_98x72px,zstd_512,ZSTD,512,1,829285,1,829285,452.1192089996475,433.1869999987248,True
2,97,4,fresh-client,1,viewport_196x144px,lzw_256,LZW,256,4,1111779,4,1111779,1619.4452089985134,1612.3701260003145,True
2,98,5,fresh-client,1,small_24x18px,zstd_256,ZSTD,256,1,206793,1,206793,273.61512499919627,272.1025000028021,True
2,99,3,fresh-client,1,tiny_12x9px,deflate_128,DEFLATE,128,1,52579,1,52579,205.84425100241788,205.44562600116478,True
2,100,2,fresh-client,1,reference_49x36px,lzw_256,LZW,256,2,559615,2,559615,623.2479999998759,619.7346250010014,True
2,101,2,fresh-client,1,reference_49x36px,lzw_512,LZW,512,1,1117985,1,1117985,660.6497920001857,659.1478329974052,True
2,102,2,fresh-client,1,tiny_12x9px,lzw_128,LZW,128,1,69651,1,69651,381.71275000058813,380.0640420013224,True
2,103,2,fresh-client,1,small_24x18px,lzw_256,LZW,256,1,277518,1,277518,520.0142079993384,518.6427079970599,True
2,104,2,fresh-client,1,large_aoi_392x288px,zstd_256,ZSTD,256,4,826507,4,826507,2086.824792000698,2080.749458000355,True
2,105,4,fresh-client,1,tiny_12x9px,zstd_512,ZSTD,512,1,829285,1,829285,634.2399999994086,632.1700000007695,True
2,106,1,fresh-client,1,viewport_98x72px,zstd_256,ZSTD,256,2,415577,2,415577,589.2311669995252,586.2497089983663,True
2,107,5,fresh-client,1,tiny_12x9px,deflate_512,DEFLATE,512,1,845637,1,845637,572.3731250000128,572.0358340004168,True
2,108,3,fresh-client,1,small_24x18px,lzw_512,LZW,512,1,1117985,1,1117985,589.6385830019426,588.304666998738,True
2,109,2,fresh-client,1,viewport_196x144px,lzw_128,LZW,128,6,417819,6,417819,1442.3525010024605,1436.5334169997368,True
2,110,3,fresh-client,1,large_aoi_392x288px,deflate_256,DEFLATE,256,4,840293,4,840293,1688.8027090026299,1683.9393759983068,True
2,111,3,fresh-client,1,viewport_98x72px,lzw_128,LZW,128,2,137850,2,137850,633.0362920016341,629.8688339993532,True
2,112,5,fresh-client,1,large_aoi_392x288px,deflate_512,DEFLATE,512,2,1676140,2,1676140,2084.5560009984183,2081.1195019996376,True
2,113,2,fresh-client,1,tiny_12x9px,deflate_128,DEFLATE,128,1,52579,1,52579,237.1635419985978,236.21841699787183,True
2,114,5,fresh-client,1,small_24x18px,zstd_128,ZSTD,128,1,51811,1,51811,528.0237090009905,526.27824999945,True
2,115,1,fresh-client,1,viewport_196x144px,lzw_256,LZW,256,4,1111779,4,1111779,1674.528501000168,1668.694208998204,True
2,116,2,fresh-client,1,reference_49x36px,lzw_128,LZW,128,2,137850,2,137850,576.0121260027518,573.5906260015327,True
2,117,2,fresh-client,1,small_24x18px,lzw_512,LZW,512,1,1117985,1,1117985,503.1145840002864,501.4271669970185,True
2,118,5,fresh-client,1,tiny_12x9px,zstd_128,ZSTD,128,1,51811,1,51811,292.0993749976333,290.5510409982526,True
2,119,4,fresh-client,1,reference_49x36px,deflate_256,DEFLATE,256,2,422487,2,422487,848.7524170013785,845.4829580005025,True
2,120,4,fresh-client,1,viewport_98x72px,lzw_512,LZW,512,1,1117985,1,1117985,791.4860839991888,789.7816250006144,True
2,121,1,fresh-client,1,viewport_98x72px,lzw_256,LZW,256,2,559615,2,559615,701.3959999967483,697.7560419982183,True
2,122,1,fresh-client,1,tiny_12x9px,zstd_256,ZSTD,256,1,206793,1,206793,398.22137499868404,396.4718339993851,True
2,123,5,fresh-client,1,viewport_196x144px,zstd_256,ZSTD,256,4,826507,4,826507,1268.1375419997494,1262.0857090005302,True
2,124,5,fresh-client,1,viewport_196x144px,deflate_256,DEFLATE,256,4,840293,4,840293,1587.3483340001258,1580.7500000009895,True
2,125,4,fresh-client,1,small_24x18px,deflate_128,DEFLATE,128,1,52579,1,52579,227.55583300022408,227.00712500227382,True
2,126,4,fresh-client,1,tiny_12x9px,zstd_256,ZSTD,256,1,206793,1,206793,267.03504199758754,265.2862920003827,True
2,127,5,fresh-client,1,viewport_98x72px,deflate_128,DEFLATE,128,2,104009,2,104009,531.5451670030598,529.4539170026837,True
2,128,4,fresh-client,1,viewport_98x72px,zstd_128,ZSTD,128,2,102669,2,102669,406.15325000180746,405.23162500176113,True
2,129,5,fresh-client,1,small_24x18px,deflate_256,DEFLATE,256,1,210593,1,210593,386.14912499906495,384.52295800016145,True
2,130,3,fresh-client,1,large_aoi_392x288px,zstd_128,ZSTD,128,12,618903,12,618903,3479.7426679979253,3467.7566250029486,True
2,131,2,fresh-client,1,viewport_196x144px,lzw_256,LZW,256,4,1111779,4,1111779,1883.872958998836,1878.0858339996485,True
2,132,1,fresh-client,1,viewport_196x144px,deflate_512,DEFLATE,512,2,1676140,2,1676140,2201.757083999837,2198.795043001155,True
2,133,5,fresh-client,1,tiny_12x9px,deflate_256,DEFLATE,256,1,210593,1,210593,308.2028339995304,306.37441699946066,True
2,134,3,fresh-client,1,viewport_196x144px,lzw_128,LZW,128,6,417819,6,417819,2915.043417997367,2907.362752001063,True
2,135,4,fresh-client,1,tiny_12x9px,deflate_512,DEFLATE,512,1,845637,1,845637,752.3875420010881,751.154208999651,True
2,136,5,fresh-client,1,small_24x18px,deflate_128,DEFLATE,128,1,52579,1,52579,213.37641599893686,212.75525000237394,True
2,137,4,fresh-client,1,viewport_196x144px,lzw_128,LZW,128,6,417819,6,417819,1607.0528340023884,1601.017168006365,True
2,138,1,fresh-client,1,viewport_196x144px,zstd_512,ZSTD,512,2,1646298,2,1646298,1303.0950840002333,1299.755959000322,True
2,139,3,fresh-client,1,large_aoi_392x288px,lzw_256,LZW,256,4,1111779,4,1111779,1844.7899999991932,1839.907833000325,True
2,140,3,fresh-client,1,small_24x18px,deflate_512,DEFLATE,512,1,845637,1,845637,515.4961670014018,513.9167919987813,True
2,141,5,fresh-client,1,tiny_12x9px,lzw_512,LZW,512,1,1117985,1,1117985,813.7341670008027,812.2903340008634,True
2,142,3,fresh-client,1,small_24x18px,deflate_256,DEFLATE,256,1,210593,1,210593,320.91870799922617,319.7952499976964,True
2,143,5,fresh-client,1,reference_49x36px,lzw_256,LZW,256,2,559615,2,559615,1061.4155419971212,1057.6887500028533,True
2,144,2,fresh-client,1,viewport_196x144px,zstd_128,ZSTD,128,6,311204,6,311204,1907.7224180000485,1900.4245839969371,True
2,145,1,fresh-client,1,viewport_98x72px,lzw_512,LZW,512,1,1117985,1,1117985,1229.8310840014892,1228.1405009998707,True
2,146,2,fresh-client,1,tiny_12x9px,zstd_512,ZSTD,512,1,829285,1,829285,679.486959001224,677.5584999995772,True
2,147,4,fresh-client,1,large_aoi_392x288px,lzw_128,LZW,128,12,829141,12,829141,3760.904960003245,3748.4939620080695,True
2,148,5,fresh-client,1,viewport_98x72px,lzw_256,LZW,256,2,559615,2,559615,742.4187500000698,739.8150420012826,True
2,149,3,fresh-client,1,small_24x18px,zstd_128,ZSTD,128,1,51811,1,51811,202.5887909985613,202.03687499815715,True
2,150,2,fresh-client,1,viewport_98x72px,deflate_128,DEFLATE,128,2,104009,2,104009,672.619292003219,670.8578329999,True
2,151,2,fresh-client,1,reference_49x36px,deflate_128,DEFLATE,128,2,104009,2,104009,428.2083750003949,427.52050099807093,True
2,152,3,fresh-client,1,viewport_196x144px,deflate_256,DEFLATE,256,4,840293,4,840293,1508.015916999284,1501.396294002916,True
2,153,4,fresh-client,1,large_aoi_392x288px,zstd_128,ZSTD,128,12,618903,12,618903,2893.37575099853,2881.617709994316,True
2,154,4,fresh-client,1,large_aoi_392x288px,deflate_128,DEFLATE,128,12,628423,12,628423,3341.1435020025237,3325.9863770035736,True
2,155,5,fresh-client,1,reference_49x36px,lzw_512,LZW,512,1,1117985,1,1117985,671.1505419989408,669.6822090016212,True
2,156,3,fresh-client,1,viewport_98x72px,zstd_128,ZSTD,128,2,102669,2,102669,922.0437500007392,919.3350829991687,True
2,157,4,fresh-client,1,viewport_196x144px,deflate_512,DEFLATE,512,2,1676140,2,1676140,1701.8778750025376,1699.3572920000588,True
2,158,2,fresh-client,1,large_aoi_392x288px,deflate_512,DEFLATE,512,2,1676140,2,1676140,1327.4219589984568,1324.1827499987266,True
2,159,1,fresh-client,1,reference_49x36px,lzw_256,LZW,256,2,559615,2,559615,741.2182499974733,738.2407909972244,True
2,160,1,fresh-client,1,reference_49x36px,deflate_512,DEFLATE,512,1,845637,1,845637,518.182291998528,516.9265420008742,True
2,161,5,fresh-client,1,large_aoi_392x288px,zstd_128,ZSTD,128,12,618903,12,618903,2928.6529179989884,2920.7765419923817,True
2,162,3,fresh-client,1,reference_49x36px,lzw_256,LZW,256,2,559615,2,559615,785.5782919978083,782.2721250013274,True
2,163,4,fresh-client,1,reference_49x36px,deflate_512,DEFLATE,512,1,845637,1,845637,475.7335840004089,474.1407920009806,True
2,164,3,fresh-client,1,viewport_196x144px,lzw_256,LZW,256,4,1111779,4,1111779,1661.944500003301,1657.0167930040043,True
2,165,5,fresh-client,1,viewport_196x144px,zstd_128,ZSTD,128,6,311204,6,311204,1743.9645010017557,1737.0270419996814,True
2,166,4,fresh-client,1,tiny_12x9px,deflate_256,DEFLATE,256,1,210593,1,210593,367.5191250003991,365.60750100034056,True
2,167,1,fresh-client,1,viewport_98x72px,lzw_128,LZW,128,2,137850,2,137850,429.5487920026062,428.6506669996015,True
2,168,2,fresh-client,1,viewport_98x72px,lzw_128,LZW,128,2,137850,2,137850,515.7251670025289,513.0872919980902,True
2,169,2,fresh-client,1,viewport_196x144px,zstd_256,ZSTD,256,4,826507,4,826507,1233.407374998933,1227.9451249960402,True
2,170,2,fresh-client,1,viewport_98x72px,lzw_512,LZW,512,1,1117985,1,1117985,611.34187600328,609.9035010010994,True
2,171,1,fresh-client,1,small_24x18px,zstd_256,ZSTD,256,1,206793,1,206793,278.6873340010061,277.5250410013541,True
2,172,4,fresh-client,1,viewport_196x144px,deflate_128,DEFLATE,128,6,315912,6,315912,1226.2399999999616,1222.624543002894,True
2,173,4,fresh-client,1,small_24x18px,lzw_512,LZW,512,1,1117985,1,1117985,1438.357626000652,1436.7866249995132,True
2,174,2,fresh-client,1,viewport_196x144px,deflate_256,DEFLATE,256,4,840293,4,840293,1803.1004589975055,1797.616542000469,True
2,175,2,fresh-client,1,tiny_12x9px,deflate_512,DEFLATE,512,1,845637,1,845637,702.9396670004644,701.6774589974375,True
2,176,4,fresh-client,1,large_aoi_392x288px,lzw_256,LZW,256,4,1111779,4,1111779,1412.2101259999909,1406.8893329967977,True
2,177,2,fresh-client,1,viewport_98x72px,deflate_512,DEFLATE,512,1,845637,1,845637,730.531625002186,728.059334000136,True
2,178,3,fresh-client,1,large_aoi_392x288px,lzw_512,LZW,512,2,2215302,2,2215302,1710.6366669977433,1707.174375998875,True
2,179,1,fresh-client,1,reference_49x36px,zstd_128,ZSTD,128,2,102669,2,102669,627.5039579995791,624.6900000005553,True
2,180,2,fresh-client,1,small_24x18px,deflate_128,DEFLATE,128,1,52579,1,52579,258.87637499909033,257.69204199968954,True
2,181,3,fresh-client,1,large_aoi_392x288px,deflate_512,DEFLATE,512,2,1676140,2,1676140,1095.5466669984162,1092.26579299866,True
2,182,5,fresh-client,1,large_aoi_392x288px,zstd_512,ZSTD,512,2,1646298,2,1646298,1470.4139589994156,1467.6172919971577,True
2,183,2,fresh-client,1,small_24x18px,zstd_128,ZSTD,128,1,51811,1,51811,372.8621670015855,372.46916700314614,True
2,184,1,fresh-client,1,reference_49x36px,zstd_512,ZSTD,512,1,829285,1,829285,620.8686669997405,618.8510840001982,True
2,185,4,fresh-client,1,viewport_98x72px,lzw_128,LZW,128,2,137850,2,137850,661.3894170004642,658.5417499991308,True
2,186,1,fresh-client,1,viewport_98x72px,zstd_128,ZSTD,128,2,102669,2,102669,899.4462090013258,896.9939170019643,True
2,187,5,fresh-client,1,reference_49x36px,zstd_128,ZSTD,128,2,102669,2,102669,571.775542000978,569.8265850005555,True
2,188,4,fresh-client,1,small_24x18px,lzw_256,LZW,256,1,277518,1,277518,316.1249999975553,314.5628750025935,True
2,189,4,fresh-client,1,viewport_196x144px,zstd_256,ZSTD,256,4,826507,4,826507,1244.9328760012577,1239.5360840018839,True
2,190,4,fresh-client,1,large_aoi_392x288px,lzw_512,LZW,512,2,2215302,2,2215302,1613.7752930007991,1610.656332999497,True
2,191,4,fresh-client,1,viewport_196x144px,lzw_512,LZW,512,2,2215302,2,2215302,2404.7972510015825,2402.0997929983423,True
2,192,5,fresh-client,1,reference_49x36px,zstd_512,ZSTD,512,1,829285,1,829285,563.6997080000583,561.8357499988633,True
2,193,4,fresh-client,1,viewport_98x72px,deflate_128,DEFLATE,128,2,104009,2,104009,765.7657509989804,764.4717920011317,True
2,194,4,fresh-client,1,reference_49x36px,deflate_128,DEFLATE,128,2,104009,2,104009,602.7217500013649,601.0729169975093,True
2,195,1,fresh-client,1,viewport_196x144px,deflate_128,DEFLATE,128,6,315912,6,315912,2142.367626998748,2136.8465419982385,True
2,196,2,fresh-client,1,reference_49x36px,zstd_128,ZSTD,128,2,102669,2,102669,406.9318330002716,405.8303329984483,True
2,197,1,fresh-client,1,tiny_12x9px,zstd_128,ZSTD,128,1,51811,1,51811,215.74675000010757,215.3218339990417,True
2,198,5,fresh-client,1,viewport_196x144px,lzw_256,LZW,256,4,1111779,4,1111779,2493.9118760012207,2490.2766669983976,True
2,199,2,fresh-client,1,viewport_196x144px,deflate_128,DEFLATE,128,6,315912,6,315912,2529.4089179988077,2522.4609180004336,True
2,200,1,fresh-client,1,large_aoi_392x288px,lzw_128,LZW,128,12,829141,12,829141,3994.368626998039,3979.4546669982083,True
2,201,4,fresh-client,1,reference_49x36px,lzw_256,LZW,256,2,559615,2,559615,848.9790419989731,846.9822920014849,True
2,202,3,fresh-client,1,viewport_196x144px,zstd_512,ZSTD,512,2,1646298,2,1646298,1190.2382920015953,1189.2492929982836,True
2,203,5,fresh-client,1,viewport_98x72px,zstd_512,ZSTD,512,1,829285,1,829285,994.2382089975581,992.2403339987795,True
2,204,5,fresh-client,1,small_24x18px,zstd_512,ZSTD,512,1,829285,1,829285,478.2480829999258,477.0723750007164,True
2,205,4,fresh-client,1,small_24x18px,zstd_512,ZSTD,512,1,829285,1,829285,939.728749999631,938.442375001614,True
2,206,2,fresh-client,1,viewport_98x72px,zstd_256,ZSTD,256,2,415577,2,415577,601.6249580025033,598.9065420035331,True
2,207,1,fresh-client,1,viewport_98x72px,deflate_128,DEFLATE,128,2,104009,2,104009,431.1438749973604,429.75591700087534,True
2,208,4,fresh-client,1,large_aoi_392x288px,zstd_512,ZSTD,512,2,1646298,2,1646298,1301.3800839980831,1297.8804169979412,True
2,209,2,fresh-client,1,large_aoi_392x288px,lzw_512,LZW,512,2,2215302,2,2215302,1917.8453339991393,1915.266250998684,True
2,210,4,fresh-client,1,large_aoi_392x288px,deflate_512,DEFLATE,512,2,1676140,2,1676140,1596.1435410026752,1592.8852080032812,True
2,211,5,fresh-client,1,viewport_196x144px,lzw_128,LZW,128,6,417819,6,417819,1847.640460000548,1837.5472510015243,True
2,212,2,fresh-client,1,small_24x18px,zstd_512,ZSTD,512,1,829285,1,829285,916.6052500004298,915.6600829992385,True
2,213,5,fresh-client,1,viewport_98x72px,zstd_256,ZSTD,256,2,415577,2,415577,798.1191250000848,795.2555830015626,True
2,214,4,fresh-client,1,reference_49x36px,lzw_128,LZW,128,2,137850,2,137850,620.397333001165,617.4110829997517,True
2,215,2,fresh-client,1,large_aoi_392x288px,lzw_128,LZW,128,12,829141,12,829141,4262.921626999741,4246.579875005409,True
2,216,2,fresh-client,1,viewport_98x72px,lzw_256,LZW,256,2,559615,2,559615,825.2408750013274,821.8378329984262,True
2,217,1,fresh-client,1,small_24x18px,lzw_128,LZW,128,1,69651,1,69651,474.3499590003921,473.2152920005319,True
2,218,1,fresh-client,1,small_24x18px,lzw_512,LZW,512,1,1117985,1,1117985,1345.2377510002407,1343.5062499993364,True
2,219,3,fresh-client,1,small_24x18px,deflate_128,DEFLATE,128,1,52579,1,52579,406.6659169984632,405.18470800088835,True
2,220,1,fresh-client,1,small_24x18px,zstd_512,ZSTD,512,1,829285,1,829285,639.2475829998148,637.6667920012551,True
2,221,5,fresh-client,1,large_aoi_392x288px,deflate_128,DEFLATE,128,12,628423,12,628423,3475.939751999249,3462.440543997218,True
2,222,3,fresh-client,1,reference_49x36px,lzw_128,LZW,128,2,137850,2,137850,459.25833400178817,457.1990000004007,True
2,223,2,fresh-client,1,viewport_98x72px,zstd_128,ZSTD,128,2,102669,2,102669,621.1797510004544,620.1649169961456,True
2,224,4,fresh-client,1,reference_49x36px,zstd_128,ZSTD,128,2,102669,2,102669,397.8304170013871,396.9928340011393,True
2,225,1,fresh-client,1,large_aoi_392x288px,lzw_512,LZW,512,2,2215302,2,2215302,1308.7154169988935,1305.89204199714,True
2,226,5,fresh-client,1,small_24x18px,lzw_256,LZW,256,1,277518,1,277518,438.50920800105087,436.82416699812165,True
2,227,1,fresh-client,1,reference_49x36px,deflate_256,DEFLATE,256,2,422487,2,422487,618.0897919985,615.4236250004033,True
2,228,4,fresh-client,1,large_aoi_392x288px,deflate_256,DEFLATE,256,4,840293,4,840293,1560.5130839976482,1556.3186680010404,True
2,229,5,fresh-client,1,small_24x18px,lzw_128,LZW,128,1,69651,1,69651,272.7221669993014,271.0918759985361,True
2,230,1,fresh-client,1,large_aoi_392x288px,deflate_128,DEFLATE,128,12,628423,12,628423,3505.9717100011767,3493.4462099954544,True
2,231,1,fresh-client,1,tiny_12x9px,lzw_512,LZW,512,1,1117985,1,1117985,731.5072499986854,730.6199589984317,True
2,232,1,fresh-client,1,small_24x18px,deflate_128,DEFLATE,128,1,52579,1,52579,260.2398329981952,259.00499999988824,True
2,233,3,fresh-client,1,viewport_98x72px,deflate_512,DEFLATE,512,1,845637,1,845637,1206.350125001336,1204.7179589972075,True
2,234,3,fresh-client,1,large_aoi_392x288px,zstd_256,ZSTD,256,4,826507,4,826507,1240.7764169984148,1233.2665850008198,True
2,235,4,fresh-client,1,tiny_12x9px,deflate_128,DEFLATE,128,1,52579,1,52579,216.922292001982,215.96287599822972,True
2,236,3,fresh-client,1,viewport_196x144px,lzw_512,LZW,512,2,2215302,2,2215302,2608.5512509998807,2605.163250998885,True
2,237,3,fresh-client,1,tiny_12x9px,deflate_256,DEFLATE,256,1,210593,1,210593,373.09779100178275,371.1914580017037,True
2,238,4,fresh-client,1,reference_49x36px,zstd_512,ZSTD,512,1,829285,1,829285,518.7536250014091,518.2229590027418,True
2,239,1,fresh-client,1,reference_49x36px,lzw_128,LZW,128,2,137850,2,137850,824.1638750005222,821.4047929977824,True
2,240,2,fresh-client,1,viewport_98x72px,deflate_256,DEFLATE,256,2,422487,2,422487,844.4504590006545,840.9735840032226,True
2,241,4,fresh-client,1,large_aoi_392x288px,zstd_256,ZSTD,256,4,826507,4,826507,1533.8985840025998,1527.6513759999943,True
2,242,1,fresh-client,1,viewport_196x144px,lzw_512,LZW,512,2,2215302,2,2215302,1384.8943749981117,1382.7793760028726,True
2,243,4,fresh-client,1,viewport_98x72px,deflate_512,DEFLATE,512,1,845637,1,845637,984.9635840000701,983.0971679984941,True
2,244,2,fresh-client,1,viewport_196x144px,deflate_512,DEFLATE,512,2,1676140,2,1676140,1052.335917000164,1048.815876001754,True
2,245,1,fresh-client,1,reference_49x36px,zstd_256,ZSTD,256,2,415577,2,415577,713.5383749991888,709.9371669974062,True
2,246,1,fresh-client,1,viewport_196x144px,zstd_128,ZSTD,128,6,311204,6,311204,2272.958875997574,2267.0954200002598,True
2,247,2,fresh-client,1,tiny_12x9px,zstd_256,ZSTD,256,1,206793,1,206793,292.7856670030451,290.9260839987837,True
2,248,4,fresh-client,1,viewport_196x144px,zstd_512,ZSTD,512,2,1646298,2,1646298,1095.8229179996124,1093.2920839950384,True
2,249,3,fresh-client,1,reference_49x36px,zstd_256,ZSTD,256,2,415577,2,415577,613.2457089988748,610.4991250031162,True
2,250,4,fresh-client,1,reference_49x36px,zstd_256,ZSTD,256,2,415577,2,415577,832.0776250002382,828.8457080016087,True
2,251,1,fresh-client,1,reference_49x36px,lzw_512,LZW,512,1,1117985,1,1117985,750.0319999999192,748.6067509998975,True
2,252,1,fresh-client,1,viewport_98x72px,deflate_256,DEFLATE,256,2,422487,2,422487,614.5246669984772,611.4732489986636,True
2,253,5,fresh-client,1,reference_49x36px,zstd_256,ZSTD,256,2,415577,2,415577,779.0008749980188,775.8027089985262,True
2,254,5,fresh-client,1,tiny_12x9px,zstd_256,ZSTD,256,1,206793,1,206793,483.6517920011829,481.73758299890324,True
2,255,5,fresh-client,1,tiny_12x9px,lzw_256,LZW,256,1,277518,1,277518,535.7586249992892,533.6554579989752,True
2,256,3,fresh-client,1,tiny_12x9px,lzw_128,LZW,128,1,69651,1,69651,220.160125001712,219.68245900279726,True
2,257,5,fresh-client,1,reference_49x36px,deflate_128,DEFLATE,128,2,104009,2,104009,489.28083399732714,486.9177079999645,True
2,258,5,fresh-client,1,viewport_196x144px,zstd_512,ZSTD,512,2,1646298,2,1646298,1204.3518760001461,1201.2921669993375,True
2,259,2,fresh-client,1,viewport_196x144px,zstd_512,ZSTD,512,2,1646298,2,1646298,1762.3806249976042,1759.2667509998137,True
2,260,4,fresh-client,1,viewport_98x72px,deflate_256,DEFLATE,256,2,422487,2,422487,781.1161259996879,777.8042510035448,True
2,261,2,fresh-client,1,large_aoi_392x288px,lzw_256,LZW,256,4,1111779,4,1111779,2917.0707520024735,2910.2469600002223,True
2,262,3,fresh-client,1,viewport_98x72px,zstd_256,ZSTD,256,2,415577,2,415577,757.3067080011242,754.1813750030997,True
2,263,3,fresh-client,1,viewport_196x144px,deflate_512,DEFLATE,512,2,1676140,2,1676140,1910.9314589986752,1906.487335003476,True
2,264,2,fresh-client,1,small_24x18px,deflate_512,DEFLATE,512,1,845637,1,845637,1123.8148340016778,1122.08629199813,True
2,265,2,fresh-client,1,reference_49x36px,zstd_256,ZSTD,256,2,415577,2,415577,854.6508340004948,852.2062079973693,True
2,266,2,fresh-client,1,tiny_12x9px,deflate_256,DEFLATE,256,1,210593,1,210593,331.2431660015136,329.5975829969393,True
2,267,3,fresh-client,1,reference_49x36px,zstd_512,ZSTD,512,1,829285,1,829285,656.3760009994439,655.3280000007362,True
2,268,2,fresh-client,1,large_aoi_392x288px,deflate_256,DEFLATE,256,4,840293,4,840293,2095.1409179979237,2090.4638759966474,True
2,269,1,fresh-client,1,large_aoi_392x288px,lzw_256,LZW,256,4,1111779,4,1111779,1548.359917000198,1542.5850410028943,True
2,270,3,fresh-client,1,tiny_12x9px,zstd_128,ZSTD,128,1,51811,1,51811,264.0414999987115,263.0029169995396,True
3,1,2,fresh-client,1,reference_49x36px,deflate_512,DEFLATE,512,1,845637,1,845637,828.5272079992865,827.7600000001257,True
3,2,1,fresh-client,1,small_24x18px,lzw_512,LZW,512,1,1117985,1,1117985,553.2820000007632,551.6483329993207,True
3,3,3,fresh-client,1,small_24x18px,zstd_512,ZSTD,512,1,829285,1,829285,625.7193749988801,624.1789170017,True
3,4,2,fresh-client,1,viewport_196x144px,deflate_512,DEFLATE,512,2,1676140,2,1676140,2639.7260839985393,2636.8266270001186,True
3,5,3,fresh-client,1,viewport_98x72px,zstd_256,ZSTD,256,2,415577,2,415577,909.4626259975485,906.8768340039242,True
3,6,1,fresh-client,1,large_aoi_392x288px,lzw_512,LZW,512,2,2215302,2,2215302,2137.6521669990325,2135.3167519991985,True
3,7,5,fresh-client,1,small_24x18px,deflate_256,DEFLATE,256,1,210593,1,210593,450.8401259990933,450.54733299912186,True
3,8,4,fresh-client,1,tiny_12x9px,lzw_128,LZW,128,1,69651,1,69651,295.3598750027595,294.28462500072783,True
3,9,5,fresh-client,1,viewport_98x72px,lzw_128,LZW,128,2,137850,2,137850,459.33775000230526,457.8471670029103,True
3,10,4,fresh-client,1,small_24x18px,zstd_512,ZSTD,512,1,829285,1,829285,659.3052089992852,658.0153340000834,True
3,11,4,fresh-client,1,large_aoi_392x288px,deflate_512,DEFLATE,512,2,1676140,2,1676140,1403.5324169999512,1400.1898330025142,True
3,12,4,fresh-client,1,tiny_12x9px,deflate_128,DEFLATE,128,1,52579,1,52579,267.9822919999424,266.95500000278116,True
3,13,2,fresh-client,1,small_24x18px,zstd_512,ZSTD,512,1,829285,1,829285,446.07383299808134,444.8450839990983,True
3,14,1,fresh-client,1,reference_49x36px,lzw_128,LZW,128,2,137850,2,137850,579.495334000967,577.0768749971467,True
3,15,4,fresh-client,1,large_aoi_392x288px,deflate_128,DEFLATE,128,12,628423,12,628423,3357.9015840005013,3345.423960006883,True
3,16,5,fresh-client,1,viewport_98x72px,lzw_256,LZW,256,2,559615,2,559615,957.7028339990648,954.5614590024343,True
3,17,1,fresh-client,1,viewport_196x144px,zstd_128,ZSTD,128,6,311204,6,311204,1342.2229169991624,1338.1851249978354,True
3,18,3,fresh-client,1,viewport_196x144px,deflate_256,DEFLATE,256,4,840293,4,840293,1208.9984169979289,1202.6431249942107,True
3,19,4,fresh-client,1,viewport_98x72px,lzw_512,LZW,512,1,1117985,1,1117985,978.785875999165,977.0967920012481,True
3,20,4,fresh-client,1,reference_49x36px,lzw_512,LZW,512,1,1117985,1,1117985,1070.7344170004944,1068.8067920018511,True
3,21,3,fresh-client,1,tiny_12x9px,zstd_128,ZSTD,128,1,51811,1,51811,232.88962500009802,232.26529200110235,True
3,22,3,fresh-client,1,reference_49x36px,lzw_512,LZW,512,1,1117985,1,1117985,657.1874170003866,655.6418760010274,True
3,23,4,fresh-client,1,tiny_12x9px,zstd_128,ZSTD,128,1,51811,1,51811,203.54762499846402,203.1797089985048,True
3,24,3,fresh-client,1,viewport_196x144px,deflate_128,DEFLATE,128,6,315912,6,315912,1680.789668000216,1674.1815010027494,True
3,25,3,fresh-client,1,viewport_196x144px,zstd_256,ZSTD,256,4,826507,4,826507,1410.8290830008627,1404.4963739979721,True
3,26,1,fresh-client,1,viewport_196x144px,deflate_256,DEFLATE,256,4,840293,4,840293,2135.9969590012042,2130.2345860058267,True
3,27,5,fresh-client,1,reference_49x36px,zstd_512,ZSTD,512,1,829285,1,829285,936.6047919975244,934.9399999991874,True
3,28,5,fresh-client,1,tiny_12x9px,zstd_128,ZSTD,128,1,51811,1,51811,331.9527919993561,330.49666700026137,True
3,29,2,fresh-client,1,viewport_98x72px,lzw_256,LZW,256,2,559615,2,559615,658.0319999993662,654.9315829979605,True
3,30,3,fresh-client,1,tiny_12x9px,lzw_256,LZW,256,1,277518,1,277518,295.34091700043064,293.8951249998354,True
3,31,4,fresh-client,1,small_24x18px,lzw_128,LZW,128,1,69651,1,69651,677.5675419994514,676.2182919992483,True
3,32,5,fresh-client,1,viewport_98x72px,deflate_512,DEFLATE,512,1,845637,1,845637,3366.6872089997923,3365.4380010011664,True
3,33,4,fresh-client,1,tiny_12x9px,lzw_256,LZW,256,1,277518,1,277518,5700.013753001258,5698.893043998396,True
3,34,5,fresh-client,1,tiny_12x9px,zstd_512,ZSTD,512,1,829285,1,829285,1708.3400420015096,1707.547166999575,True
3,35,5,fresh-client,1,reference_49x36px,deflate_128,DEFLATE,128,2,104009,2,104009,1157.2325420020206,1154.4903770009114,True
3,36,1,fresh-client,1,large_aoi_392x288px,zstd_512,ZSTD,512,2,1646298,2,1646298,3927.9389189978247,3925.7427110023855,True
3,37,5,fresh-client,1,reference_49x36px,deflate_256,DEFLATE,256,2,422487,2,422487,2016.087668002001,2013.7027929995384,True
3,38,1,fresh-client,1,viewport_98x72px,lzw_512,LZW,512,1,1117985,1,1117985,1560.595793001994,1559.7577929984254,True
3,39,2,fresh-client,1,small_24x18px,deflate_128,DEFLATE,128,1,52579,1,52579,294.7519170011219,293.12579199904576,True
3,40,1,fresh-client,1,reference_49x36px,lzw_512,LZW,512,1,1117985,1,1117985,1178.5516670024663,1177.1492510015378,True
3,41,2,fresh-client,1,large_aoi_392x288px,lzw_256,LZW,256,4,1111779,4,1111779,2639.9532510004065,2635.4095409988076,True
3,42,4,fresh-client,1,viewport_98x72px,deflate_512,DEFLATE,512,1,845637,1,845637,2397.829500001535,2397.012500998244,True
3,43,5,fresh-client,1,viewport_98x72px,zstd_128,ZSTD,128,2,102669,2,102669,794.1984580029384,791.2745419998828,True
3,44,5,fresh-client,1,large_aoi_392x288px,zstd_128,ZSTD,128,12,618903,12,618903,4544.787793998694,4528.227251998032,True
3,45,4,fresh-client,1,large_aoi_392x288px,zstd_512,ZSTD,512,2,1646298,2,1646298,2409.498959001212,2405.971292002505,True
3,46,5,fresh-client,1,small_24x18px,zstd_256,ZSTD,256,1,206793,1,206793,288.6159170011524,287.440083000547,True
3,47,3,fresh-client,1,large_aoi_392x288px,deflate_256,DEFLATE,256,4,840293,4,840293,1819.2344589988352,1813.5808329971042,True
3,48,3,fresh-client,1,viewport_196x144px,zstd_128,ZSTD,128,6,311204,6,311204,1896.019043000706,1889.0372100031527,True
3,49,2,fresh-client,1,viewport_98x72px,zstd_128,ZSTD,128,2,102669,2,102669,607.1921260008821,605.4137499959324,True
3,50,5,fresh-client,1,large_aoi_392x288px,deflate_128,DEFLATE,128,12,628423,12,628423,3066.2846680024813,3055.5565009926795,True
3,51,2,fresh-client,1,viewport_196x144px,lzw_512,LZW,512,2,2215302,2,2215302,1596.3058339984855,1593.1247500011523,True
3,52,1,fresh-client,1,viewport_196x144px,deflate_512,DEFLATE,512,2,1676140,2,1676140,1547.0436260002316,1544.421999999031,True
3,53,1,fresh-client,1,reference_49x36px,deflate_256,DEFLATE,256,2,422487,2,422487,641.2062919989694,638.7129169997934,True
3,54,5,fresh-client,1,small_24x18px,lzw_512,LZW,512,1,1117985,1,1117985,662.7167499973439,661.0669590008911,True
3,55,5,fresh-client,1,large_aoi_392x288px,lzw_512,LZW,512,2,2215302,2,2215302,1554.041709001467,1550.9300009980507,True
3,56,2,fresh-client,1,reference_49x36px,lzw_256,LZW,256,2,559615,2,559615,951.3402090015006,948.4085420008341,True
3,57,4,fresh-client,1,large_aoi_392x288px,zstd_128,ZSTD,128,12,618903,12,618903,3181.1828350000724,3171.6225819909596,True
3,58,2,fresh-client,1,large_aoi_392x288px,lzw_512,LZW,512,2,2215302,2,2215302,2635.1396259997273,2632.1140009968076,True
3,59,2,fresh-client,1,small_24x18px,lzw_256,LZW,256,1,277518,1,277518,313.94033300239244,312.1560830004455,True
3,60,1,fresh-client,1,viewport_98x72px,deflate_512,DEFLATE,512,1,845637,1,845637,823.9146670021,822.9043760002241,True
3,61,1,fresh-client,1,viewport_196x144px,lzw_256,LZW,256,4,1111779,4,1111779,1840.5052099988097,1834.8669589977362,True
3,62,3,fresh-client,1,viewport_98x72px,zstd_128,ZSTD,128,2,102669,2,102669,860.8439170020574,857.1569589985302,True
3,63,1,fresh-client,1,viewport_98x72px,deflate_128,DEFLATE,128,2,104009,2,104009,449.2943330005801,447.89974999730475,True
3,64,1,fresh-client,1,small_24x18px,zstd_256,ZSTD,256,1,206793,1,206793,355.24520900071366,353.65249999813386,True
3,65,5,fresh-client,1,viewport_196x144px,deflate_256,DEFLATE,256,4,840293,4,840293,1427.0298749979702,1421.8490830025985,True
3,66,5,fresh-client,1,tiny_12x9px,deflate_128,DEFLATE,128,1,52579,1,52579,249.411875000078,247.99216700193938,True
3,67,2,fresh-client,1,tiny_12x9px,lzw_512,LZW,512,1,1117985,1,1117985,685.2811669996299,683.7460419992567,True
3,68,3,fresh-client,1,tiny_12x9px,zstd_256,ZSTD,256,1,206793,1,206793,402.8385839992552,401.3495420003892,True
3,69,1,fresh-client,1,small_24x18px,lzw_128,LZW,128,1,69651,1,69651,203.99437499872874,203.56108300256892,True
3,70,4,fresh-client,1,tiny_12x9px,zstd_256,ZSTD,256,1,206793,1,206793,324.2847500005155,322.95075000001816,True
3,71,2,fresh-client,1,tiny_12x9px,deflate_256,DEFLATE,256,1,210593,1,210593,846.9870000008086,845.1992500013148,True
3,72,2,fresh-client,1,tiny_12x9px,zstd_512,ZSTD,512,1,829285,1,829285,1029.518791998271,1027.578083001572,True
3,73,2,fresh-client,1,tiny_12x9px,lzw_128,LZW,128,1,69651,1,69651,831.7262089985888,829.6242090000305,True
3,74,2,fresh-client,1,viewport_196x144px,lzw_128,LZW,128,6,417819,6,417819,1570.1905419991817,1565.6823339959374,True
3,75,2,fresh-client,1,viewport_98x72px,deflate_512,DEFLATE,512,1,845637,1,845637,639.3710010015639,637.056458999723,True
3,76,1,fresh-client,1,small_24x18px,deflate_256,DEFLATE,256,1,210593,1,210593,282.5182090018643,280.8750410003995,True
3,77,3,fresh-client,1,large_aoi_392x288px,deflate_512,DEFLATE,512,2,1676140,2,1676140,1609.1797920016688,1607.2147929990024,True
3,78,3,fresh-client,1,reference_49x36px,deflate_256,DEFLATE,256,2,422487,2,422487,603.7790420014062,600.7752080004138,True
3,79,3,fresh-client,1,small_24x18px,zstd_128,ZSTD,128,1,51811,1,51811,222.3905829996511,221.5305839999928,True
3,80,3,fresh-client,1,viewport_196x144px,lzw_128,LZW,128,6,417819,6,417819,1474.528459002613,1469.3161249961122,True
3,81,5,fresh-client,1,large_aoi_392x288px,lzw_256,LZW,256,4,1111779,4,1111779,1879.4611259982048,1872.9492939964985,True
3,82,5,fresh-client,1,small_24x18px,deflate_128,DEFLATE,128,1,52579,1,52579,232.98324999996112,232.53250099878642,True
3,83,2,fresh-client,1,small_24x18px,zstd_128,ZSTD,128,1,51811,1,51811,225.94020799806458,224.7273339999083,True
3,84,1,fresh-client,1,reference_49x36px,zstd_128,ZSTD,128,2,102669,2,102669,521.5570000000298,519.6562920027645,True
3,85,2,fresh-client,1,viewport_98x72px,deflate_128,DEFLATE,128,2,104009,2,104009,416.4317499999015,415.41737399893464,True
3,86,1,fresh-client,1,large_aoi_392x288px,deflate_128,DEFLATE,128,12,628423,12,628423,3384.2593349982053,3371.514959999331,True
3,87,1,fresh-client,1,viewport_196x144px,deflate_128,DEFLATE,128,6,315912,6,315912,1546.1486250023881,1541.2583760044072,True
3,88,4,fresh-client,1,viewport_98x72px,lzw_256,LZW,256,2,559615,2,559615,1662.809917001141,1659.561083997687,True
3,89,5,fresh-client,1,viewport_196x144px,lzw_128,LZW,128,6,417819,6,417819,1765.392918001453,1760.0119590060785,True
3,90,3,fresh-client,1,viewport_98x72px,lzw_256,LZW,256,2,559615,2,559615,1477.6787090013386,1475.6187510029122,True
3,91,1,fresh-client,1,small_24x18px,deflate_128,DEFLATE,128,1,52579,1,52579,281.76341699872864,280.2183329986292,True
3,92,5,fresh-client,1,tiny_12x9px,lzw_128,LZW,128,1,69651,1,69651,208.23700000255485,207.7463749992603,True
3,93,1,fresh-client,1,tiny_12x9px,lzw_256,LZW,256,1,277518,1,277518,560.1745839994692,558.7286250010948,True
3,94,1,fresh-client,1,large_aoi_392x288px,zstd_128,ZSTD,128,12,618903,12,618903,3503.270793000411,3490.833999992901,True
3,95,2,fresh-client,1,large_aoi_392x288px,deflate_512,DEFLATE,512,2,1676140,2,1676140,1127.0267090003472,1123.825124996074,True
3,96,4,fresh-client,1,tiny_12x9px,deflate_256,DEFLATE,256,1,210593,1,210593,1119.0290419981466,1117.2766259987839,True
3,97,5,fresh-client,1,viewport_196x144px,lzw_256,LZW,256,4,1111779,4,1111779,2184.5577509993745,2179.2937100035488,True
3,98,4,fresh-client,1,small_24x18px,lzw_256,LZW,256,1,277518,1,277518,345.61466699960874,343.8977920013713,True
3,99,5,fresh-client,1,small_24x18px,lzw_128,LZW,128,1,69651,1,69651,231.57120799805853,231.20808400199166,True
3,100,3,fresh-client,1,viewport_98x72px,deflate_512,DEFLATE,512,1,845637,1,845637,597.2886250019656,596.3361670001177,True
3,101,3,fresh-client,1,reference_49x36px,deflate_512,DEFLATE,512,1,845637,1,845637,1146.6392510010337,1145.7425000007788,True
3,102,4,fresh-client,1,tiny_12x9px,lzw_512,LZW,512,1,1117985,1,1117985,747.6680830004625,746.3828750005632,True
3,103,4,fresh-client,1,viewport_196x144px,lzw_256,LZW,256,4,1111779,4,1111779,1614.3320420014788,1609.2249569992418,True
3,104,3,fresh-client,1,tiny_12x9px,lzw_512,LZW,512,1,1117985,1,1117985,874.1852919993107,872.8316670021741,True
3,105,4,fresh-client,1,tiny_12x9px,deflate_512,DEFLATE,512,1,845637,1,845637,644.0615419996902,642.7065419993596,True
3,106,4,fresh-client,1,viewport_196x144px,deflate_512,DEFLATE,512,2,1676140,2,1676140,1520.1882089968421,1516.6766259972064,True
3,107,4,fresh-client,1,viewport_196x144px,deflate_256,DEFLATE,256,4,840293,4,840293,1371.5393760030565,1366.8148350043339,True
3,108,3,fresh-client,1,small_24x18px,zstd_256,ZSTD,256,1,206793,1,206793,292.92808399986825,292.13841700038756,True
3,109,3,fresh-client,1,reference_49x36px,deflate_128,DEFLATE,128,2,104009,2,104009,860.4957919997105,858.1320010016498,True
3,110,1,fresh-client,1,tiny_12x9px,deflate_512,DEFLATE,512,1,845637,1,845637,575.8368339993467,575.0047080000513,True
3,111,1,fresh-client,1,viewport_196x144px,zstd_512,ZSTD,512,2,1646298,2,1646298,2135.748084001534,2133.141959999193,True
3,112,4,fresh-client,1,viewport_196x144px,zstd_512,ZSTD,512,2,1646298,2,1646298,994.6591250009078,992.1045830014918,True
3,113,5,fresh-client,1,viewport_98x72px,zstd_256,ZSTD,256,2,415577,2,415577,724.1938330007542,721.8795000007958,True
3,114,5,fresh-client,1,reference_49x36px,zstd_128,ZSTD,128,2,102669,2,102669,448.61641700117616,447.6198759948602,True
3,115,5,fresh-client,1,reference_49x36px,lzw_512,LZW,512,1,1117985,1,1117985,1374.8557930011884,1373.3386669991887,True
3,116,4,fresh-client,1,reference_49x36px,deflate_512,DEFLATE,512,1,845637,1,845637,588.1031249991793,586.6223329976492,True
3,117,1,fresh-client,1,viewport_98x72px,zstd_512,ZSTD,512,1,829285,1,829285,719.9645010005042,718.2672510025441,True
3,118,2,fresh-client,1,reference_49x36px,deflate_128,DEFLATE,128,2,104009,2,104009,520.4048749983485,518.2611259988334,True
3,119,2,fresh-client,1,viewport_196x144px,zstd_256,ZSTD,256,4,826507,4,826507,1449.404251001397,1444.004084005428,True
3,120,4,fresh-client,1,large_aoi_392x288px,lzw_512,LZW,512,2,2215302,2,2215302,3010.261626001011,3008.238916994742,True
3,121,5,fresh-client,1,large_aoi_392x288px,lzw_128,LZW,128,12,829141,12,829141,3167.3244180019537,3155.0757940058247,True
3,122,5,fresh-client,1,viewport_196x144px,deflate_512,DEFLATE,512,2,1676140,2,1676140,1285.787625998637,1283.1625010003336,True
3,123,2,fresh-client,1,viewport_98x72px,zstd_256,ZSTD,256,2,415577,2,415577,848.8726670002507,845.37900000214,True
3,124,4,fresh-client,1,small_24x18px,zstd_128,ZSTD,128,1,51811,1,51811,451.6665000010107,450.69866700214334,True
3,125,1,fresh-client,1,small_24x18px,zstd_128,ZSTD,128,1,51811,1,51811,210.97758400355815,210.35295899855555,True
3,126,2,fresh-client,1,small_24x18px,deflate_256,DEFLATE,256,1,210593,1,210593,437.12650000088615,435.6188749989087,True
3,127,5,fresh-client,1,small_24x18px,lzw_256,LZW,256,1,277518,1,277518,392.46358400123427,391.1740000003192,True
3,128,3,fresh-client,1,reference_49x36px,lzw_256,LZW,256,2,559615,2,559615,1137.565832999826,1135.0861249993613,True
3,129,5,fresh-client,1,tiny_12x9px,zstd_256,ZSTD,256,1,206793,1,206793,426.80954200113774,424.8457920002693,True
3,130,2,fresh-client,1,viewport_196x144px,zstd_512,ZSTD,512,2,1646298,2,1646298,1559.5205839999835,1556.0349999977916,True
3,131,4,fresh-client,1,reference_49x36px,zstd_512,ZSTD,512,1,829285,1,829285,1086.3134999999602,1085.1477090000117,True
3,132,2,fresh-client,1,large_aoi_392x288px,zstd_512,ZSTD,512,2,1646298,2,1646298,2278.0472510021355,2274.8560839972924,True
3,133,2,fresh-client,1,reference_49x36px,zstd_512,ZSTD,512,1,829285,1,829285,792.4762080001528,791.5364999971644,True
3,134,2,fresh-client,1,large_aoi_392x288px,lzw_128,LZW,128,12,829141,12,829141,3344.114001996786,3331.6803770030674,True
3,135,1,fresh-client,1,tiny_12x9px,zstd_256,ZSTD,256,1,206793,1,206793,391.42866699694423,390.423249999003,True
3,136,1,fresh-client,1,reference_49x36px,deflate_128,DEFLATE,128,2,104009,2,104009,517.311666997557,514.4627910012787,True
3,137,5,fresh-client,1,small_24x18px,zstd_128,ZSTD,128,1,51811,1,51811,224.11700099837617,223.5755000001518,True
3,138,3,fresh-client,1,small_24x18px,deflate_512,DEFLATE,512,1,845637,1,845637,664.4396250012505,662.072042003274,True
3,139,5,fresh-client,1,small_24x18px,deflate_512,DEFLATE,512,1,845637,1,845637,480.54608299935353,478.7355000007665,True
3,140,5,fresh-client,1,reference_49x36px,zstd_256,ZSTD,256,2,415577,2,415577,609.2351670013159,606.1607500014361,True
3,141,4,fresh-client,1,viewport_98x72px,zstd_128,ZSTD,128,2,102669,2,102669,477.0368760000565,474.96883399799117,True
3,142,2,fresh-client,1,large_aoi_392x288px,deflate_256,DEFLATE,256,4,840293,4,840293,1706.7342090012971,1700.4177089947916,True
3,143,5,fresh-client,1,viewport_98x72px,zstd_512,ZSTD,512,1,829285,1,829285,615.8476259988674,614.1554999994696,True
3,144,1,fresh-client,1,large_aoi_392x288px,lzw_128,LZW,128,12,829141,12,829141,3868.2645019980555,3856.272170003649,True
3,145,1,fresh-client,1,viewport_98x72px,lzw_128,LZW,128,2,137850,2,137850,771.7325839985278,769.0243759971054,True
3,146,3,fresh-client,1,viewport_196x144px,zstd_512,ZSTD,512,2,1646298,2,1646298,1625.1347079996776,1622.0683329993335,True
3,147,1,fresh-client,1,reference_49x36px,zstd_512,ZSTD,512,1,829285,1,829285,581.8845009998768,581.1952090007253,True
3,148,5,fresh-client,1,viewport_98x72px,deflate_128,DEFLATE,128,2,104009,2,104009,777.8665000005276,774.7600840011728,True
3,149,2,fresh-client,1,reference_49x36px,zstd_128,ZSTD,128,2,102669,2,102669,484.60516699924483,482.5552929978585,True
3,150,4,fresh-client,1,viewport_98x72px,lzw_128,LZW,128,2,137850,2,137850,591.9359590006934,589.212626000517,True
3,151,4,fresh-client,1,reference_49x36px,lzw_256,LZW,256,2,559615,2,559615,962.8410000004806,960.5758340003376,True
3,152,2,fresh-client,1,tiny_12x9px,lzw_256,LZW,256,1,277518,1,277518,578.3442079991801,576.6572499996983,True
3,153,2,fresh-client,1,large_aoi_392x288px,zstd_128,ZSTD,128,12,618903,12,618903,3669.4080020024558,3653.8043769978685,True
3,154,2,fresh-client,1,viewport_196x144px,zstd_128,ZSTD,128,6,311204,6,311204,1705.7237929984694,1698.1809600001725,True
3,155,3,fresh-client,1,reference_49x36px,zstd_128,ZSTD,128,2,102669,2,102669,467.35679099947447,465.8967500035942,True
3,156,1,fresh-client,1,small_24x18px,zstd_512,ZSTD,512,1,829285,1,829285,591.9260010014114,590.9088329972292,True
3,157,2,fresh-client,1,large_aoi_392x288px,zstd_256,ZSTD,256,4,826507,4,826507,2086.195960000623,2081.2628749990836,True
3,158,5,fresh-client,1,tiny_12x9px,deflate_512,DEFLATE,512,1,845637,1,845637,549.9241249999614,548.3746249992691,True
3,159,1,fresh-client,1,reference_49x36px,zstd_256,ZSTD,256,2,415577,2,415577,647.8898339992156,644.7458750008082,True
3,160,2,fresh-client,1,small_24x18px,deflate_512,DEFLATE,512,1,845637,1,845637,437.31329100046423,435.789791001298,True
3,161,2,fresh-client,1,small_24x18px,lzw_128,LZW,128,1,69651,1,69651,480.706750000536,479.49858299762127,True
3,162,3,fresh-client,1,viewport_98x72px,lzw_128,LZW,128,2,137850,2,137850,460.5300420007552,458.99700000154553,True
3,163,3,fresh-client,1,small_24x18px,deflate_128,DEFLATE,128,1,52579,1,52579,199.3936670005496,198.87341699723038,True
3,164,3,fresh-client,1,small_24x18px,lzw_256,LZW,256,1,277518,1,277518,367.30508399705286,363.64154200055054,True
3,165,4,fresh-client,1,tiny_12x9px,zstd_512,ZSTD,512,1,829285,1,829285,450.0036249992263,448.1139589988743,True
3,166,3,fresh-client,1,reference_49x36px,zstd_256,ZSTD,256,2,415577,2,415577,746.1148330003198,743.1464169967512,True
3,167,2,fresh-client,1,viewport_98x72px,deflate_256,DEFLATE,256,2,422487,2,422487,670.2847510023275,667.7121660031844,True
3,168,1,fresh-client,1,large_aoi_392x288px,deflate_512,DEFLATE,512,2,1676140,2,1676140,1768.1219169971882,1764.9255020005512,True
3,169,5,fresh-client,1,viewport_196x144px,deflate_128,DEFLATE,128,6,315912,6,315912,1279.83633400072,1275.8705419983016,True
3,170,2,fresh-client,1,viewport_98x72px,lzw_512,LZW,512,1,1117985,1,1117985,724.444957999367,723.2114590005949,True
3,171,2,fresh-client,1,small_24x18px,zstd_256,ZSTD,256,1,206793,1,206793,665.2008340024622,663.8737089997448,True
3,172,5,fresh-client,1,viewport_196x144px,zstd_128,ZSTD,128,6,311204,6,311204,1672.8264589983155,1667.6877080026316,True
3,173,5,fresh-client,1,viewport_196x144px,lzw_512,LZW,512,2,2215302,2,2215302,1550.4091680013516,1548.6599179967016,True
3,174,5,fresh-client,1,viewport_98x72px,lzw_512,LZW,512,1,1117985,1,1117985,604.8466259999259,603.6412089997611,True
3,175,3,fresh-client,1,tiny_12x9px,deflate_128,DEFLATE,128,1,52579,1,52579,199.29175000288524,198.76687500072876,True
3,176,3,fresh-client,1,large_aoi_392x288px,zstd_256,ZSTD,256,4,826507,4,826507,1475.0411679997342,1470.7986670000537,True
3,177,3,fresh-client,1,large_aoi_392x288px,zstd_512,ZSTD,512,2,1646298,2,1646298,1334.4910420019005,1332.483209997008,True
3,178,2,fresh-client,1,tiny_12x9px,deflate_128,DEFLATE,128,1,52579,1,52579,235.3076660001534,234.80404200017801,True
3,179,4,fresh-client,1,reference_49x36px,deflate_128,DEFLATE,128,2,104009,2,104009,881.7182089987909,878.8800000002084,True
3,180,3,fresh-client,1,viewport_196x144px,lzw_256,LZW,256,4,1111779,4,1111779,1958.0870429999777,1954.095459997916,True
3,181,1,fresh-client,1,tiny_12x9px,deflate_256,DEFLATE,256,1,210593,1,210593,293.07712499939953,291.78895899894997,True
3,182,3,fresh-client,1,viewport_196x144px,lzw_512,LZW,512,2,2215302,2,2215302,1450.3204590000678,1448.2180009981676,True
3,183,5,fresh-client,1,viewport_196x144px,zstd_256,ZSTD,256,4,826507,4,826507,1366.4463339991926,1362.2842090044287,True
3,184,4,fresh-client,1,viewport_196x144px,lzw_128,LZW,128,6,417819,6,417819,1410.259001000668,1404.6574169988162,True
3,185,3,fresh-client,1,large_aoi_392x288px,lzw_256,LZW,256,4,1111779,4,1111779,2553.9792099989427,2549.213251000765,True
3,186,4,fresh-client,1,viewport_196x144px,zstd_128,ZSTD,128,6,311204,6,311204,1389.151250001305,1384.769876003702,True
3,187,2,fresh-client,1,viewport_196x144px,deflate_128,DEFLATE,128,6,315912,6,315912,1380.572083999141,1376.4947910058254,True
3,188,3,fresh-client,1,reference_49x36px,zstd_512,ZSTD,512,1,829285,1,829285,616.8454580001708,615.9842500019295,True
3,189,5,fresh-client,1,reference_49x36px,lzw_128,LZW,128,2,137850,2,137850,573.7112919996434,571.5070419973927,True
3,190,3,fresh-client,1,viewport_98x72px,deflate_256,DEFLATE,256,2,422487,2,422487,917.5436260011338,915.2369999974326,True
3,191,2,fresh-client,1,reference_49x36px,deflate_256,DEFLATE,256,2,422487,2,422487,625.7483330009563,623.5252500009665,True
3,192,1,fresh-client,1,viewport_196x144px,lzw_512,LZW,512,2,2215302,2,2215302,1353.4363340004347,1350.2905839995947,True
3,193,2,fresh-client,1,reference_49x36px,lzw_512,LZW,512,1,1117985,1,1117985,670.1282920002996,669.2181670005084,True
3,194,4,fresh-client,1,viewport_196x144px,lzw_512,LZW,512,2,2215302,2,2215302,1954.9732090017642,1951.8996679980773,True
3,195,5,fresh-client,1,large_aoi_392x288px,deflate_256,DEFLATE,256,4,840293,4,840293,1317.5197089985886,1313.094083998294,True
3,196,1,fresh-client,1,viewport_98x72px,deflate_256,DEFLATE,256,2,422487,2,422487,731.2255830001959,729.1594999987865,True
3,197,5,fresh-client,1,large_aoi_392x288px,deflate_512,DEFLATE,512,2,1676140,2,1676140,1124.1887510004744,1121.7134170001373,True
3,198,4,fresh-client,1,reference_49x36px,zstd_256,ZSTD,256,2,415577,2,415577,628.5048330028076,625.9802090025914,True
3,199,3,fresh-client,1,large_aoi_392x288px,deflate_128,DEFLATE,128,12,628423,12,628423,3904.4913350007846,3893.6475409973355,True
3,200,3,fresh-client,1,viewport_98x72px,lzw_512,LZW,512,1,1117985,1,1117985,1119.5480009992025,1118.6958340003912,True
3,201,2,fresh-client,1,viewport_98x72px,zstd_512,ZSTD,512,1,829285,1,829285,2452.587625997694,2451.510917999258,True
3,202,1,fresh-client,1,small_24x18px,lzw_256,LZW,256,1,277518,1,277518,334.53799999915645,333.16012500290526,True
3,203,4,fresh-client,1,viewport_196x144px,deflate_128,DEFLATE,128,6,315912,6,315912,1788.5559589994955,1783.2127090005088,True
3,204,5,fresh-client,1,large_aoi_392x288px,zstd_256,ZSTD,256,4,826507,4,826507,1476.5333760005888,1471.325751997938,True
3,205,4,fresh-client,1,viewport_98x72px,zstd_256,ZSTD,256,2,415577,2,415577,816.0789590001514,814.0246659968398,True
3,206,1,fresh-client,1,reference_49x36px,lzw_256,LZW,256,2,559615,2,559615,897.1398339999723,894.9030420044437,True
3,207,3,fresh-client,1,tiny_12x9px,deflate_256,DEFLATE,256,1,210593,1,210593,324.58095900074113,323.52575000186334,True
3,208,4,fresh-client,1,small_24x18px,deflate_256,DEFLATE,256,1,210593,1,210593,385.8233749997453,384.46420900072553,True
3,209,2,fresh-client,1,tiny_12x9px,zstd_256,ZSTD,256,1,206793,1,206793,579.03725000142,577.9726670007221,True
3,210,4,fresh-client,1,viewport_196x144px,zstd_256,ZSTD,256,4,826507,4,826507,1370.011250000971,1365.0613770041673,True
3,211,4,fresh-client,1,reference_49x36px,zstd_128,ZSTD,128,2,102669,2,102669,869.2798760021105,866.3934169999266,True
3,212,5,fresh-client,1,small_24x18px,zstd_512,ZSTD,512,1,829285,1,829285,738.3341250024387,737.3910829992383,True
3,213,2,fresh-client,1,viewport_196x144px,deflate_256,DEFLATE,256,4,840293,4,840293,1650.5240840015176,1646.1989170020388,True
3,214,3,fresh-client,1,viewport_98x72px,deflate_128,DEFLATE,128,2,104009,2,104009,510.63929199881386,508.5934590024408,True
3,215,4,fresh-client,1,large_aoi_392x288px,deflate_256,DEFLATE,256,4,840293,4,840293,1601.0298350010999,1596.9481260071916,True
3,216,4,fresh-client,1,small_24x18px,zstd_256,ZSTD,256,1,206793,1,206793,492.4314579984639,490.7387499988545,True
3,217,3,fresh-client,1,small_24x18px,lzw_128,LZW,128,1,69651,1,69651,239.07366699859267,238.43350099923555,True
3,218,1,fresh-client,1,viewport_196x144px,lzw_128,LZW,128,6,417819,6,417819,1464.666750998731,1459.5078330057731,True
3,219,1,fresh-client,1,large_aoi_392x288px,deflate_256,DEFLATE,256,4,840293,4,840293,1644.1391670014127,1639.5986670031562,True
3,220,5,fresh-client,1,viewport_98x72px,deflate_256,DEFLATE,256,2,422487,2,422487,747.1486670001468,745.4573329960112,True
3,221,2,fresh-client,1,small_24x18px,lzw_512,LZW,512,1,1117985,1,1117985,757.5456249978743,756.3201259981724,True
3,222,2,fresh-client,1,tiny_12x9px,zstd_128,ZSTD,128,1,51811,1,51811,399.11799999754294,397.75275099964347,True
3,223,4,fresh-client,1,reference_49x36px,lzw_128,LZW,128,2,137850,2,137850,536.828542000876,534.7169589986152,True
3,224,3,fresh-client,1,tiny_12x9px,lzw_128,LZW,128,1,69651,1,69651,431.54141700142645,430.47741600094014,True
3,225,5,fresh-client,1,tiny_12x9px,lzw_256,LZW,256,1,277518,1,277518,341.3567499992496,340.15341700069257,True
3,226,1,fresh-client,1,tiny_12x9px,zstd_512,ZSTD,512,1,829285,1,829285,692.208042000857,690.9150010033045,True
3,227,3,fresh-client,1,tiny_12x9px,deflate_512,DEFLATE,512,1,845637,1,845637,530.7380840022233,529.3844170009834,True
3,228,1,fresh-client,1,viewport_98x72px,zstd_128,ZSTD,128,2,102669,2,102669,489.99737500344054,488.34337500011316,True
3,229,2,fresh-client,1,viewport_196x144px,lzw_256,LZW,256,4,1111779,4,1111779,1612.2725009990972,1607.073749997653,True
3,230,5,fresh-client,1,large_aoi_392x288px,zstd_512,ZSTD,512,2,1646298,2,1646298,1779.455459000019,1775.5819179983519,True
3,231,4,fresh-client,1,small_24x18px,lzw_512,LZW,512,1,1117985,1,1117985,1600.6426669991924,1599.5736669974576,True
3,232,4,fresh-client,1,small_24x18px,deflate_128,DEFLATE,128,1,52579,1,52579,263.29749999786145,261.5901669996674,True
3,233,5,fresh-client,1,reference_49x36px,lzw_256,LZW,256,2,559615,2,559615,806.1377919984807,802.9617089960084,True
3,234,4,fresh-client,1,large_aoi_392x288px,lzw_128,LZW,128,12,829141,12,829141,3502.46350100133,3489.818586007459,True
3,235,4,fresh-client,1,large_aoi_392x288px,zstd_256,ZSTD,256,4,826507,4,826507,1719.9563760004821,1713.8019589983742,True
3,236,5,fresh-client,1,reference_49x36px,deflate_512,DEFLATE,512,1,845637,1,845637,998.8052510016132,997.3788749994128,True
3,237,3,fresh-client,1,small_24x18px,lzw_512,LZW,512,1,1117985,1,1117985,851.5662919999158,850.5352500033041,True
3,238,1,fresh-client,1,tiny_12x9px,zstd_128,ZSTD,128,1,51811,1,51811,184.183249999478,183.51170800087857,True
3,239,2,fresh-client,1,tiny_12x9px,deflate_512,DEFLATE,512,1,845637,1,845637,693.3489170005487,691.0171669987903,True
3,240,4,fresh-client,1,viewport_98x72px,zstd_512,ZSTD,512,1,829285,1,829285,630.8387509998283,629.1368329984834,True
3,241,2,fresh-client,1,reference_49x36px,lzw_128,LZW,128,2,137850,2,137850,465.05562500169617,463.2616250019055,True
3,242,5,fresh-client,1,tiny_12x9px,deflate_256,DEFLATE,256,1,210593,1,210593,256.3330840021081,255.03575000038836,True
3,243,3,fresh-client,1,reference_49x36px,lzw_128,LZW,128,2,137850,2,137850,785.4278749982768,783.2558340051037,True
3,244,2,fresh-client,1,large_aoi_392x288px,deflate_128,DEFLATE,128,12,628423,12,628423,3214.6087100009026,3205.5001669941703,True
3,245,5,fresh-client,1,tiny_12x9px,lzw_512,LZW,512,1,1117985,1,1117985,855.0408750015777,854.1039170013391,True
3,246,3,fresh-client,1,large_aoi_392x288px,zstd_128,ZSTD,128,12,618903,12,618903,4438.489377000224,4426.307084992004,True
3,247,1,fresh-client,1,large_aoi_392x288px,zstd_256,ZSTD,256,4,826507,4,826507,1853.552333999687,1846.408543002326,True
3,248,4,fresh-client,1,large_aoi_392x288px,lzw_256,LZW,256,4,1111779,4,1111779,2180.597459002456,2174.454625997896,True
3,249,3,fresh-client,1,small_24x18px,deflate_256,DEFLATE,256,1,210593,1,210593,311.49508399903425,309.22025100153405,True
3,250,1,fresh-client,1,small_24x18px,deflate_512,DEFLATE,512,1,845637,1,845637,892.5323750008829,891.1254170016036,True
3,251,2,fresh-client,1,reference_49x36px,zstd_256,ZSTD,256,2,415577,2,415577,591.3924590022361,590.0807510006416,True
3,252,1,fresh-client,1,tiny_12x9px,lzw_128,LZW,128,1,69651,1,69651,215.57158400173648,215.0883750000503,True
3,253,3,fresh-client,1,viewport_196x144px,deflate_512,DEFLATE,512,2,1676140,2,1676140,1191.3374590003514,1189.284542000678,True
3,254,1,fresh-client,1,viewport_98x72px,lzw_256,LZW,256,2,559615,2,559615,1403.5391670004174,1399.9506260006456,True
3,255,4,fresh-client,1,viewport_98x72px,deflate_128,DEFLATE,128,2,104009,2,104009,486.457374998281,484.62983399804216,True
3,256,2,fresh-client,1,viewport_98x72px,lzw_128,LZW,128,2,137850,2,137850,1027.527292000741,1024.6349170010944,True
3,257,3,fresh-client,1,large_aoi_392x288px,lzw_512,LZW,512,2,2215302,2,2215302,3769.568709998566,3766.6076259956753,True
3,258,1,fresh-client,1,tiny_12x9px,deflate_128,DEFLATE,128,1,52579,1,52579,253.76129200230935,251.91908400302054,True
3,259,1,fresh-client,1,reference_49x36px,deflate_512,DEFLATE,512,1,845637,1,845637,588.614708998648,586.3032920024125,True
3,260,1,fresh-client,1,viewport_196x144px,zstd_256,ZSTD,256,4,826507,4,826507,1772.3465419985587,1766.291250994982,True
3,261,3,fresh-client,1,tiny_12x9px,zstd_512,ZSTD,512,1,829285,1,829285,678.4627509987331,676.269499999762,True
3,262,4,fresh-client,1,viewport_98x72px,deflate_256,DEFLATE,256,2,422487,2,422487,808.1026669970015,805.3061680002429,True
3,263,1,fresh-client,1,tiny_12x9px,lzw_512,LZW,512,1,1117985,1,1117985,782.2016260033706,781.2045419996139,True
3,264,1,fresh-client,1,large_aoi_392x288px,lzw_256,LZW,256,4,1111779,4,1111779,1406.0879170028784,1399.6480420028092,True
3,265,5,fresh-client,1,viewport_196x144px,zstd_512,ZSTD,512,2,1646298,2,1646298,3362.4605429977237,3359.664667998004,True
3,266,1,fresh-client,1,viewport_98x72px,zstd_256,ZSTD,256,2,415577,2,415577,604.1205840010662,601.7537509978865,True
3,267,3,fresh-client,1,large_aoi_392x288px,lzw_128,LZW,128,12,829141,12,829141,3111.5295849995164,3100.0886679976247,True
3,268,4,fresh-client,1,reference_49x36px,deflate_256,DEFLATE,256,2,422487,2,422487,542.0777500003169,539.3608349986607,True
3,269,3,fresh-client,1,viewport_98x72px,zstd_512,ZSTD,512,1,829285,1,829285,573.8883330013778,572.46295799996,True
3,270,4,fresh-client,1,small_24x18px,deflate_512,DEFLATE,512,1,845637,1,845637,587.2960839988082,585.7222499980708,True
1,1,5,reused-client,1,reference_49x36px,deflate_128,DEFLATE,128,2,104009,2,104009,274.38045800226973,274.26633299546666,True
1,2,5,reused-client,1,viewport_196x144px,lzw_512,LZW,512,2,2215302,2,2215302,2224.906417999591,2224.761876001139,True
1,3,5,reused-client,1,small_24x18px,zstd_512,ZSTD,512,1,829285,1,829285,531.2782500004687,531.2037500007136,True
1,4,1,reused-client,1,large_aoi_392x288px,deflate_512,DEFLATE,512,2,1676140,2,1676140,1494.7962510013895,1494.5489589990757,True
1,5,2,reused-client,1,viewport_98x72px,deflate_128,DEFLATE,128,2,104009,2,104009,161.2773750021006,161.14058300445322,True
1,6,4,reused-client,1,reference_49x36px,deflate_512,DEFLATE,512,1,845637,1,845637,790.3075419999368,790.2114169992274,True
1,7,1,reused-client,1,reference_49x36px,deflate_128,DEFLATE,128,2,104009,2,104009,151.9114590009849,151.73329200115404,True
1,8,2,reused-client,1,small_24x18px,lzw_256,LZW,256,1,277518,1,277518,265.89175000117393,265.82537600188516,True
1,9,5,reused-client,1,small_24x18px,lzw_256,LZW,256,1,277518,1,277518,319.8986250026792,319.79883299936773,True
1,10,1,reused-client,1,large_aoi_392x288px,lzw_128,LZW,128,12,829141,12,829141,1474.8720009993121,1473.858000994369,True
1,11,5,reused-client,1,reference_49x36px,zstd_128,ZSTD,128,2,102669,2,102669,183.27333399793133,183.12216699996497,True
1,12,4,reused-client,1,reference_49x36px,deflate_128,DEFLATE,128,2,104009,2,104009,191.70087599923136,191.5204589968198,True
1,13,2,reused-client,1,reference_49x36px,lzw_128,LZW,128,2,137850,2,137850,204.0964170009829,203.95604200166417,True
1,14,2,reused-client,1,reference_49x36px,zstd_256,ZSTD,256,2,415577,2,415577,437.62804200014216,437.51391600017087,True
1,15,1,reused-client,1,small_24x18px,deflate_128,DEFLATE,128,1,52579,1,52579,106.4048330008518,106.29733299720101,True
1,16,4,reused-client,1,reference_49x36px,zstd_256,ZSTD,256,2,415577,2,415577,463.11962499748915,462.9739170013636,True
1,17,3,reused-client,1,reference_49x36px,lzw_256,LZW,256,2,559615,2,559615,663.369584002794,663.026959002309,True
1,18,3,reused-client,1,tiny_12x9px,zstd_256,ZSTD,256,1,206793,1,206793,301.6412510005466,301.5672090004955,True
1,19,3,reused-client,1,small_24x18px,deflate_512,DEFLATE,512,1,845637,1,845637,646.5807919994404,646.1473750023288,True
1,20,5,reused-client,1,reference_49x36px,zstd_256,ZSTD,256,2,415577,2,415577,477.2598340023251,477.14745800112723,True
1,21,3,reused-client,1,small_24x18px,deflate_128,DEFLATE,128,1,52579,1,52579,106.98029200284509,106.91483399932622,True
1,22,4,reused-client,1,viewport_98x72px,deflate_128,DEFLATE,128,2,104009,2,104009,301.66766600086703,301.55579099664465,True
1,23,2,reused-client,1,viewport_98x72px,lzw_512,LZW,512,1,1117985,1,1117985,1794.9717510018672,1794.9073759991734,True
1,24,5,reused-client,1,large_aoi_392x288px,lzw_128,LZW,128,12,829141,12,829141,1532.1474170013971,1531.4821649917576,True
1,25,2,reused-client,1,tiny_12x9px,lzw_256,LZW,256,1,277518,1,277518,250.47587500012014,250.35354099964024,True
1,26,5,reused-client,1,small_24x18px,zstd_256,ZSTD,256,1,206793,1,206793,158.45162500045262,158.37912500137463,True
1,27,5,reused-client,1,large_aoi_392x288px,deflate_256,DEFLATE,256,4,840293,4,840293,1085.5700009997236,1085.3276669986371,True
1,28,2,reused-client,1,tiny_12x9px,zstd_256,ZSTD,256,1,206793,1,206793,268.7620420001622,268.6871660007455,True
1,29,5,reused-client,1,viewport_196x144px,zstd_512,ZSTD,512,2,1646298,2,1646298,2706.3858350011287,2706.258293001156,True
1,30,4,reused-client,1,viewport_196x144px,deflate_128,DEFLATE,128,6,315912,6,315912,588.6770420001994,588.1973329960601,True
1,31,1,reused-client,1,reference_49x36px,lzw_256,LZW,256,2,559615,2,559615,435.2047089996631,435.027582996554,True
1,32,1,reused-client,1,reference_49x36px,deflate_512,DEFLATE,512,1,845637,1,845637,892.1760000012,892.0366669990472,True
1,33,4,reused-client,1,tiny_12x9px,deflate_128,DEFLATE,128,1,52579,1,52579,103.82666700024856,103.72866700345185,True
1,34,5,reused-client,1,large_aoi_392x288px,zstd_256,ZSTD,256,4,826507,4,826507,1113.1458339987148,1112.887541999953,True
1,35,1,reused-client,1,small_24x18px,zstd_128,ZSTD,128,1,51811,1,51811,252.26937499974156,252.18779199713026,True
1,36,4,reused-client,1,large_aoi_392x288px,lzw_256,LZW,256,4,1111779,4,1111779,3617.6603759995487,3617.29233600272,True
1,37,1,reused-client,1,tiny_12x9px,lzw_128,LZW,128,1,69651,1,69651,118.86616600168054,118.78966700169258,True
1,38,1,reused-client,1,tiny_12x9px,lzw_256,LZW,256,1,277518,1,277518,253.70933399972273,253.6504169984255,True
1,39,3,reused-client,1,large_aoi_392x288px,zstd_256,ZSTD,256,4,826507,4,826507,825.2430829998048,824.9470420014404,True
1,40,1,reused-client,1,viewport_98x72px,zstd_512,ZSTD,512,1,829285,1,829285,772.7374589994724,772.5785000002361,True
1,41,3,reused-client,1,viewport_98x72px,deflate_128,DEFLATE,128,2,104009,2,104009,197.6945419992262,197.51600000017788,True
1,42,3,reused-client,1,viewport_196x144px,zstd_128,ZSTD,128,6,311204,6,311204,956.7931260025944,956.1099169950467,True
1,43,2,reused-client,1,small_24x18px,deflate_128,DEFLATE,128,1,52579,1,52579,134.8741669971787,134.74391699855914,True
1,44,3,reused-client,1,viewport_196x144px,deflate_512,DEFLATE,512,2,1676140,2,1676140,2176.071124998998,2175.7512930016674,True
1,45,1,reused-client,1,viewport_196x144px,deflate_512,DEFLATE,512,2,1676140,2,1676140,2156.7625009993208,2156.5584589989157,True
1,46,1,reused-client,1,large_aoi_392x288px,zstd_256,ZSTD,256,4,826507,4,826507,921.1655010003597,920.8184170020104,True
1,47,3,reused-client,1,large_aoi_392x288px,lzw_128,LZW,128,12,829141,12,829141,1271.832792001078,1271.0442089955905,True
1,48,5,reused-client,1,large_aoi_392x288px,deflate_512,DEFLATE,512,2,1676140,2,1676140,1814.6215840024524,1814.5175839999865,True
1,49,3,reused-client,1,viewport_98x72px,deflate_256,DEFLATE,256,2,422487,2,422487,359.83666599713615,359.5725829945877,True
1,50,2,reused-client,1,tiny_12x9px,zstd_128,ZSTD,128,1,51811,1,51811,70.79824999891571,70.68387500112294,True
1,51,1,reused-client,1,tiny_12x9px,deflate_512,DEFLATE,512,1,845637,1,845637,684.0199999969627,683.9055419986835,True
1,52,5,reused-client,1,viewport_98x72px,deflate_128,DEFLATE,128,2,104009,2,104009,214.67962500173599,214.5222930048476,True
1,53,4,reused-client,1,small_24x18px,zstd_512,ZSTD,512,1,829285,1,829285,832.133125000837,832.0564999994531,True
1,54,4,reused-client,1,tiny_12x9px,lzw_128,LZW,128,1,69651,1,69651,124.27120900247246,124.15991599846166,True
1,55,4,reused-client,1,viewport_196x144px,zstd_128,ZSTD,128,6,311204,6,311204,825.9595840027032,825.5582919955486,True
1,56,2,reused-client,1,tiny_12x9px,deflate_256,DEFLATE,256,1,210593,1,210593,336.318959001801,336.25004200075637,True
1,57,4,reused-client,1,tiny_12x9px,deflate_256,DEFLATE,256,1,210593,1,210593,597.8445419968921,597.7854580014537,True
1,58,1,reused-client,1,viewport_196x144px,zstd_512,ZSTD,512,2,1646298,2,1646298,4244.821418000356,4244.4390849996125,True
1,59,4,reused-client,1,viewport_196x144px,lzw_128,LZW,128,6,417819,6,417819,1740.2437509990705,1739.4764159980696,True
1,60,5,reused-client,1,tiny_12x9px,lzw_512,LZW,512,1,1117985,1,1117985,3512.5131269996928,3512.3637100005,True
1,61,3,reused-client,1,large_aoi_392x288px,zstd_512,ZSTD,512,2,1646298,2,1646298,2715.791333997913,2715.449126000749,True
1,62,1,reused-client,1,reference_49x36px,deflate_256,DEFLATE,256,2,422487,2,422487,378.64949999857345,378.3647930031293,True
1,63,2,reused-client,1,small_24x18px,deflate_512,DEFLATE,512,1,845637,1,845637,762.5672510002914,762.3984579986427,True
1,64,3,reused-client,1,small_24x18px,zstd_128,ZSTD,128,1,51811,1,51811,74.54400000278838,74.46233299924643,True
1,65,3,reused-client,1,viewport_98x72px,lzw_256,LZW,256,2,559615,2,559615,681.9180419988697,681.7181259975769,True
1,66,2,reused-client,1,viewport_196x144px,lzw_512,LZW,512,2,2215302,2,2215302,2927.413583998714,2927.0093759987503,True
1,67,2,reused-client,1,viewport_98x72px,zstd_512,ZSTD,512,1,829285,1,829285,2671.244458997535,2671.07841699908,True
1,68,2,reused-client,1,large_aoi_392x288px,deflate_128,DEFLATE,128,12,628423,12,628423,1801.1597509976127,1799.9810420042195,True
1,69,2,reused-client,1,tiny_12x9px,lzw_512,LZW,512,1,1117985,1,1117985,1614.7667920013191,1614.5780429978913,True
1,70,3,reused-client,1,small_24x18px,deflate_256,DEFLATE,256,1,210593,1,210593,174.4423749987618,174.25216699848534,True
1,71,4,reused-client,1,viewport_196x144px,lzw_256,LZW,256,4,1111779,4,1111779,1324.5489179971628,1324.238293000235,True
1,72,5,reused-client,1,viewport_196x144px,deflate_256,DEFLATE,256,4,840293,4,840293,4124.938543998724,4124.449295002705,True
1,73,3,reused-client,1,viewport_98x72px,lzw_128,LZW,128,2,137850,2,137850,395.86816700102645,395.71316700676107,True
1,74,4,reused-client,1,tiny_12x9px,zstd_512,ZSTD,512,1,829285,1,829285,1237.56475099799,1237.4634590014466,True
1,75,4,reused-client,1,viewport_196x144px,zstd_256,ZSTD,256,4,826507,4,826507,1510.9050419996493,1510.6849590047204,True
1,76,5,reused-client,1,reference_49x36px,lzw_128,LZW,128,2,137850,2,137850,202.15545899918652,201.98216699645855,True
1,77,2,reused-client,1,small_24x18px,zstd_512,ZSTD,512,1,829285,1,829285,741.8338329989638,741.6630420011643,True
1,78,4,reused-client,1,reference_49x36px,zstd_512,ZSTD,512,1,829285,1,829285,946.8136260002211,946.6967920016032,True
1,79,1,reused-client,1,small_24x18px,lzw_512,LZW,512,1,1117985,1,1117985,1183.8810430017475,1183.738417999848,True
1,80,2,reused-client,1,large_aoi_392x288px,lzw_512,LZW,512,2,2215302,2,2215302,5341.396461000841,5341.124376998778,True
1,81,1,reused-client,1,tiny_12x9px,lzw_512,LZW,512,1,1117985,1,1117985,1052.0612930013158,1051.9925840017095,True
1,82,1,reused-client,1,small_24x18px,lzw_256,LZW,256,1,277518,1,277518,318.21599999966566,318.1467909998901,True
1,83,4,reused-client,1,large_aoi_392x288px,deflate_512,DEFLATE,512,2,1676140,2,1676140,3658.6223769991193,3658.3704599979683,True
1,84,4,reused-client,1,viewport_196x144px,zstd_512,ZSTD,512,2,1646298,2,1646298,1621.3007920014206,1621.0479590008617,True
1,85,1,reused-client,1,viewport_98x72px,lzw_256,LZW,256,2,559615,2,559615,745.8874999974796,745.7621670000663,True
1,86,1,reused-client,1,viewport_98x72px,deflate_512,DEFLATE,512,1,845637,1,845637,1983.1903760023124,1983.0746250008815,True
1,87,5,reused-client,1,tiny_12x9px,lzw_128,LZW,128,1,69651,1,69651,105.58358300113468,105.38520800037077,True
1,88,3,reused-client,1,tiny_12x9px,deflate_128,DEFLATE,128,1,52579,1,52579,57.4354169984872,57.361082999705104,True
1,89,1,reused-client,1,reference_49x36px,lzw_128,LZW,128,2,137850,2,137850,292.393790998176,292.2454160034249,True
1,90,2,reused-client,1,large_aoi_392x288px,lzw_128,LZW,128,12,829141,12,829141,2399.5210840002983,2398.6093329949654,True
1,91,2,reused-client,1,tiny_12x9px,zstd_512,ZSTD,512,1,829285,1,829285,2564.331917998061,2564.0372510024463,True
1,92,2,reused-client,1,viewport_196x144px,lzw_256,LZW,256,4,1111779,4,1111779,1937.6905419994728,1937.4232510017464,True
1,93,3,reused-client,1,reference_49x36px,lzw_512,LZW,512,1,1117985,1,1117985,2190.626917003101,2190.5564180015062,True
1,94,1,reused-client,1,tiny_12x9px,deflate_256,DEFLATE,256,1,210593,1,210593,204.1492919997836,204.03854200048954,True
1,95,2,reused-client,1,reference_49x36px,deflate_512,DEFLATE,512,1,845637,1,845637,1045.1374589974876,1045.0524170009885,True
1,96,5,reused-client,1,large_aoi_392x288px,lzw_512,LZW,512,2,2215302,2,2215302,3703.0255850004323,3702.909417999763,True
1,97,2,reused-client,1,viewport_98x72px,lzw_256,LZW,256,2,559615,2,559615,603.4941670004628,603.356250001525,True
1,98,4,reused-client,1,viewport_98x72px,lzw_128,LZW,128,2,137850,2,137850,269.90912499968545,269.7812910009816,True
1,99,5,reused-client,1,large_aoi_392x288px,zstd_512,ZSTD,512,2,1646298,2,1646298,1617.6092499990773,1617.4032079979952,True
1,100,4,reused-client,1,small_24x18px,deflate_512,DEFLATE,512,1,845637,1,845637,788.8665830032551,788.7682500004303,True
1,101,5,reused-client,1,large_aoi_392x288px,deflate_128,DEFLATE,128,12,628423,12,628423,2788.4266679975553,2787.5075440024375,True
1,102,5,reused-client,1,tiny_12x9px,deflate_512,DEFLATE,512,1,845637,1,845637,1320.92937500056,1320.8602090016939,True
1,103,1,reused-client,1,reference_49x36px,zstd_128,ZSTD,128,2,102669,2,102669,389.2394169997715,388.9653339974757,True
1,104,3,reused-client,1,reference_49x36px,deflate_128,DEFLATE,128,2,104009,2,104009,375.9742500005814,375.7517089979956,True
1,105,1,reused-client,1,reference_49x36px,zstd_256,ZSTD,256,2,415577,2,415577,1439.2615010001464,1439.1015430010157,True
1,106,4,reused-client,1,large_aoi_392x288px,zstd_256,ZSTD,256,4,826507,4,826507,1570.0303340017854,1569.7720429998299,True
1,107,4,reused-client,1,viewport_98x72px,lzw_512,LZW,512,1,1117985,1,1117985,1335.2316669988795,1335.119916999247,True
1,108,3,reused-client,1,viewport_196x144px,lzw_256,LZW,256,4,1111779,4,1111779,1304.5861259997764,1304.3561250015046,True
1,109,2,reused-client,1,viewport_98x72px,lzw_128,LZW,128,2,137850,2,137850,306.5346670009603,306.39850000079605,True
1,110,5,reused-client,1,viewport_98x72px,zstd_256,ZSTD,256,2,415577,2,415577,1430.9060000014142,1430.6760420004139,True
1,111,4,reused-client,1,small_24x18px,lzw_256,LZW,256,1,277518,1,277518,486.49495800054865,486.38620800193166,True
1,112,4,reused-client,1,tiny_12x9px,zstd_128,ZSTD,128,1,51811,1,51811,182.91145800321829,182.82920899946475,True
1,113,4,reused-client,1,large_aoi_392x288px,deflate_128,DEFLATE,128,12,628423,12,628423,1396.5502510000078,1395.7659600055194,True
1,114,3,reused-client,1,viewport_196x144px,zstd_256,ZSTD,256,4,826507,4,826507,821.2372920024791,821.0170839956845,True
1,115,2,reused-client,1,viewport_98x72px,zstd_256,ZSTD,256,2,415577,2,415577,497.9342090009595,497.7601250029693,True
1,116,3,reused-client,1,large_aoi_392x288px,deflate_128,DEFLATE,128,12,628423,12,628423,1913.5989589995006,1912.6592070097104,True
1,117,1,reused-client,1,large_aoi_392x288px,zstd_128,ZSTD,128,12,618903,12,618903,1572.242042999278,1571.479375998024,True
1,118,3,reused-client,1,reference_49x36px,deflate_512,DEFLATE,512,1,845637,1,845637,850.6345419991703,850.5643759999657,True
1,119,1,reused-client,1,large_aoi_392x288px,lzw_256,LZW,256,4,1111779,4,1111779,1021.8867920011689,1021.259043001919,True
1,120,2,reused-client,1,viewport_98x72px,zstd_128,ZSTD,128,2,102669,2,102669,226.9617499987362,226.67200099749607,True
1,121,1,reused-client,1,viewport_196x144px,zstd_128,ZSTD,128,6,311204,6,311204,530.1998750001076,529.6697489939106,True
1,122,5,reused-client,1,large_aoi_392x288px,lzw_256,LZW,256,4,1111779,4,1111779,2993.918502001179,2993.4440859979077,True
1,123,4,reused-client,1,viewport_196x144px,deflate_512,DEFLATE,512,2,1676140,2,1676140,1469.9170419989969,1469.627209000464,True
1,124,1,reused-client,1,reference_49x36px,lzw_512,LZW,512,1,1117985,1,1117985,838.2882500009146,838.1976670025324,True
1,125,5,reused-client,1,small_24x18px,deflate_256,DEFLATE,256,1,210593,1,210593,154.26087499872665,153.9185000001453,True
1,126,4,reused-client,1,viewport_196x144px,lzw_512,LZW,512,2,2215302,2,2215302,1952.1823760005645,1951.954501997534,True
1,127,2,reused-client,1,viewport_98x72px,deflate_256,DEFLATE,256,2,422487,2,422487,370.5126669992751,370.2699169953121,True
1,128,4,reused-client,1,viewport_98x72px,zstd_512,ZSTD,512,1,829285,1,829285,584.4611669999722,584.2415420011093,True
1,129,1,reused-client,1,small_24x18px,lzw_128,LZW,128,1,69651,1,69651,142.68662500035134,142.46141699914006,True
1,130,4,reused-client,1,viewport_196x144px,deflate_256,DEFLATE,256,4,840293,4,840293,895.104082999751,894.4860009942204,True
1,131,4,reused-client,1,large_aoi_392x288px,lzw_512,LZW,512,2,2215302,2,2215302,1785.9889589999511,1785.6485839984089,True
1,132,1,reused-client,1,viewport_196x144px,lzw_256,LZW,256,4,1111779,4,1111779,900.702042003104,900.1861260003352,True
1,133,5,reused-client,1,large_aoi_392x288px,zstd_128,ZSTD,128,12,618903,12,618903,1137.6684169990767,1136.2800000060815,True
1,134,5,reused-client,1,viewport_196x144px,zstd_128,ZSTD,128,6,311204,6,311204,798.5354170014034,797.8459160040074,True
1,135,3,reused-client,1,tiny_12x9px,deflate_512,DEFLATE,512,1,845637,1,845637,866.5672919996723,866.4238339988515,True
1,136,5,reused-client,1,reference_49x36px,deflate_512,DEFLATE,512,1,845637,1,845637,498.5000839988061,498.3589160001429,True
1,137,1,reused-client,1,large_aoi_392x288px,zstd_512,ZSTD,512,2,1646298,2,1646298,1104.2309590011428,1104.0967919980176,True
1,138,2,reused-client,1,viewport_196x144px,deflate_128,DEFLATE,128,6,315912,6,315912,1997.8522089986654,1997.3162099995534,True
1,139,3,reused-client,1,large_aoi_392x288px,deflate_512,DEFLATE,512,2,1676140,2,1676140,2250.0977919989964,2249.9238750024233,True
1,140,1,reused-client,1,viewport_98x72px,zstd_256,ZSTD,256,2,415577,2,415577,621.0143339994829,620.8739169996988,True
1,141,5,reused-client,1,reference_49x36px,zstd_512,ZSTD,512,1,829285,1,829285,1128.8509170008183,1128.7750840019726,True
1,142,3,reused-client,1,small_24x18px,lzw_512,LZW,512,1,1117985,1,1117985,987.6832919981098,987.6367500000924,True
1,143,5,reused-client,1,viewport_98x72px,deflate_256,DEFLATE,256,2,422487,2,422487,369.0962920009042,368.9963329961756,True
1,144,4,reused-client,1,viewport_98x72px,deflate_512,DEFLATE,512,1,845637,1,845637,586.344833001931,586.2766249993001,True
1,145,2,reused-client,1,reference_49x36px,lzw_512,LZW,512,1,1117985,1,1117985,1643.6837510009354,1643.5789590032073,True
1,146,3,reused-client,1,small_24x18px,zstd_512,ZSTD,512,1,829285,1,829285,586.2414590010303,586.1737919985899,True
1,147,2,reused-client,1,large_aoi_392x288px,zstd_256,ZSTD,256,4,826507,4,826507,841.8100419985421,841.5206669997133,True
1,148,1,reused-client,1,small_24x18px,deflate_512,DEFLATE,512,1,845637,1,845637,515.8417090024159,515.7371669993154,True
1,149,5,reused-client,1,small_24x18px,lzw_512,LZW,512,1,1117985,1,1117985,954.5535420002125,954.4566670010681,True
1,150,2,reused-client,1,viewport_98x72px,deflate_512,DEFLATE,512,1,845637,1,845637,750.0936670003284,749.9085840026964,True
1,151,5,reused-client,1,viewport_196x144px,lzw_128,LZW,128,6,417819,6,417819,853.0641670004115,852.644208996935,True
1,152,3,reused-client,1,viewport_196x144px,lzw_128,LZW,128,6,417819,6,417819,837.3873330019705,836.634501003573,True
1,153,5,reused-client,1,tiny_12x9px,zstd_256,ZSTD,256,1,206793,1,206793,158.87395900062984,158.72474999923725,True
1,154,4,reused-client,1,tiny_12x9px,deflate_512,DEFLATE,512,1,845637,1,845637,536.4239579976129,536.2437920011871,True
1,155,5,reused-client,1,viewport_196x144px,deflate_128,DEFLATE,128,6,315912,6,315912,653.0023339983018,652.3434990049282,True
1,156,4,reused-client,1,small_24x18px,zstd_256,ZSTD,256,1,206793,1,206793,146.63849999851664,146.50875000006636,True
1,157,2,reused-client,1,large_aoi_392x288px,zstd_128,ZSTD,128,12,618903,12,618903,1211.1029590014368,1209.5365400018636,True
1,158,3,reused-client,1,large_aoi_392x288px,deflate_256,DEFLATE,256,4,840293,4,840293,949.2825000015728,948.7383339983353,True
1,159,5,reused-client,1,tiny_12x9px,deflate_256,DEFLATE,256,1,210593,1,210593,230.00620799939497,229.83629199734423,True
1,160,2,reused-client,1,large_aoi_392x288px,deflate_256,DEFLATE,256,4,840293,4,840293,972.0796250003332,971.6996249953809,True
1,161,2,reused-client,1,tiny_12x9px,deflate_128,DEFLATE,128,1,52579,1,52579,72.04145899959258,72.01362600244465,True
1,162,4,reused-client,1,large_aoi_392x288px,zstd_512,ZSTD,512,2,1646298,2,1646298,1843.8291669990576,1843.622583000979,True
1,163,3,reused-client,1,viewport_98x72px,zstd_128,ZSTD,128,2,102669,2,102669,182.88845799906994,182.7403739989677,True
1,164,3,reused-client,1,tiny_12x9px,lzw_256,LZW,256,1,277518,1,277518,302.11475000032806,302.0077510009287,True
1,165,1,reused-client,1,viewport_196x144px,lzw_128,LZW,128,6,417819,6,417819,1511.014667001291,1510.6583349988796,True
1,166,3,reused-client,1,tiny_12x9px,zstd_128,ZSTD,128,1,51811,1,51811,732.1137079998152,731.9792500020412,True
1,167,3,reused-client,1,large_aoi_392x288px,lzw_512,LZW,512,2,2215302,2,2215302,2671.9430850025674,2671.6947509994498,True
1,168,3,reused-client,1,large_aoi_392x288px,zstd_128,ZSTD,128,12,618903,12,618903,1505.014583999582,1503.863501995511,True
1,169,2,reused-client,1,small_24x18px,zstd_256,ZSTD,256,1,206793,1,206793,537.652209000953,537.5329169983161,True
1,170,2,reused-client,1,small_24x18px,lzw_512,LZW,512,1,1117985,1,1117985,1039.8728330001177,1039.6720000026107,True
1,171,5,reused-client,1,viewport_98x72px,lzw_512,LZW,512,1,1117985,1,1117985,784.6552080009133,784.482625000237,True
1,172,5,reused-client,1,reference_49x36px,lzw_256,LZW,256,2,559615,2,559615,321.59725000019534,321.3057510001818,True
1,173,3,reused-client,1,reference_49x36px,lzw_128,LZW,128,2,137850,2,137850,116.03883300267626,115.87770800178987,True
1,174,2,reused-client,1,viewport_196x144px,deflate_256,DEFLATE,256,4,840293,4,840293,846.1830420019396,845.6697919973521,True
1,175,4,reused-client,1,reference_49x36px,lzw_256,LZW,256,2,559615,2,559615,467.3870000005991,467.1259589995316,True
1,176,2,reused-client,1,reference_49x36px,deflate_256,DEFLATE,256,2,422487,2,422487,314.1290419989673,313.79741600176203,True
1,177,1,reused-client,1,tiny_12x9px,zstd_128,ZSTD,128,1,51811,1,51811,289.4509580000886,289.300208001805,True
1,178,1,reused-client,1,tiny_12x9px,deflate_128,DEFLATE,128,1,52579,1,52579,135.1696659985464,135.0835420016665,True
1,179,4,reused-client,1,viewport_98x72px,zstd_128,ZSTD,128,2,102669,2,102669,342.14483400137397,341.8837919998623,True
1,180,3,reused-client,1,small_24x18px,lzw_256,LZW,256,1,277518,1,277518,708.7719999981346,708.6767500004498,True
1,181,5,reused-client,1,reference_49x36px,deflate_256,DEFLATE,256,2,422487,2,422487,438.2596249997732,437.8858329982904,True
1,182,2,reused-client,1,viewport_196x144px,deflate_512,DEFLATE,512,2,1676140,2,1676140,1591.8113340012496,1591.5050830008113,True
1,183,1,reused-client,1,viewport_98x72px,lzw_128,LZW,128,2,137850,2,137850,186.62154199773795,186.33637499806355,True
1,184,4,reused-client,1,viewport_98x72px,lzw_256,LZW,256,2,559615,2,559615,587.0258760005527,586.6383749998931,True
1,185,5,reused-client,1,tiny_12x9px,deflate_128,DEFLATE,128,1,52579,1,52579,70.00233299913816,69.90879200020572,True
1,186,2,reused-client,1,reference_49x36px,zstd_128,ZSTD,128,2,102669,2,102669,166.61341700091725,166.36962500342634,True
1,187,3,reused-client,1,tiny_12x9px,deflate_256,DEFLATE,256,1,210593,1,210593,144.8350830032723,144.63679100299487,True
1,188,3,reused-client,1,tiny_12x9px,lzw_128,LZW,128,1,69651,1,69651,91.11379099704209,90.88708399940515,True
1,189,2,reused-client,1,reference_49x36px,zstd_512,ZSTD,512,1,829285,1,829285,883.4432510011538,883.2972919990425,True
1,190,2,reused-client,1,tiny_12x9px,lzw_128,LZW,128,1,69651,1,69651,128.49770899993018,128.38462499712477,True
1,191,4,reused-client,1,small_24x18px,lzw_512,LZW,512,1,1117985,1,1117985,803.9923750002345,803.8193760003196,True
1,192,3,reused-client,1,small_24x18px,zstd_256,ZSTD,256,1,206793,1,206793,195.0929160011583,194.92479200198431,True
1,193,2,reused-client,1,large_aoi_392x288px,deflate_512,DEFLATE,512,2,1676140,2,1676140,1409.0227090018743,1408.690125997964,True
1,194,4,reused-client,1,reference_49x36px,lzw_128,LZW,128,2,137850,2,137850,341.5175010013627,341.1892079966492,True
1,195,5,reused-client,1,small_24x18px,deflate_512,DEFLATE,512,1,845637,1,845637,704.6637089988508,704.5712920007645,True
1,196,1,reused-client,1,tiny_12x9px,zstd_512,ZSTD,512,1,829285,1,829285,520.0837920019694,520.0256249991071,True
1,197,4,reused-client,1,small_24x18px,deflate_256,DEFLATE,256,1,210593,1,210593,168.36412499833386,168.2255419982539,True
1,198,1,reused-client,1,viewport_196x144px,deflate_128,DEFLATE,128,6,315912,6,315912,682.0401250006398,681.569500004116,True
1,199,5,reused-client,1,small_24x18px,lzw_128,LZW,128,1,69651,1,69651,255.81166700067115,255.62391600033152,True
1,200,5,reused-client,1,viewport_98x72px,zstd_128,ZSTD,128,2,102669,2,102669,173.64958399775787,173.50258300211863,True
1,201,2,reused-client,1,small_24x18px,deflate_256,DEFLATE,256,1,210593,1,210593,328.1842090000282,327.2378750007192,True
1,202,1,reused-client,1,viewport_98x72px,lzw_512,LZW,512,1,1117985,1,1117985,981.8733339998289,981.7434169999615,True
1,203,2,reused-client,1,viewport_196x144px,zstd_128,ZSTD,128,6,311204,6,311204,547.2251669998514,546.7977930020425,True
1,204,5,reused-client,1,tiny_12x9px,zstd_512,ZSTD,512,1,829285,1,829285,994.4286669997382,994.354916998418,True
1,205,1,reused-client,1,small_24x18px,deflate_256,DEFLATE,256,1,210593,1,210593,276.5675420014304,276.4544170022418,True
1,206,3,reused-client,1,viewport_196x144px,deflate_256,DEFLATE,256,4,840293,4,840293,971.1351260011725,970.6522920023417,True
1,207,2,reused-client,1,large_aoi_392x288px,zstd_512,ZSTD,512,2,1646298,2,1646298,1807.55391799903,1807.1887940022862,True
1,208,1,reused-client,1,large_aoi_392x288px,lzw_512,LZW,512,2,2215302,2,2215302,1055.2725839988852,1054.9269170005573,True
1,209,4,reused-client,1,small_24x18px,lzw_128,LZW,128,1,69651,1,69651,64.34404200263089,64.26312500116182,True
1,210,2,reused-client,1,viewport_196x144px,zstd_256,ZSTD,256,4,826507,4,826507,1063.798584000324,1063.419417001569,True
1,211,4,reused-client,1,large_aoi_392x288px,zstd_128,ZSTD,128,12,618903,12,618903,1938.7920849985676,1937.487835995853,True
1,212,3,reused-client,1,tiny_12x9px,lzw_512,LZW,512,1,1117985,1,1117985,1531.7866250006773,1531.71466799904,True
1,213,3,reused-client,1,viewport_196x144px,lzw_512,LZW,512,2,2215302,2,2215302,1722.1573339993483,1721.9253330003994,True
1,214,1,reused-client,1,viewport_196x144px,zstd_256,ZSTD,256,4,826507,4,826507,991.2020840019977,990.6747080094647,True
1,215,1,reused-client,1,large_aoi_392x288px,deflate_256,DEFLATE,256,4,840293,4,840293,836.99212600186,836.7277909928816,True
1,216,3,reused-client,1,reference_49x36px,deflate_256,DEFLATE,256,2,422487,2,422487,341.6650830004073,341.3536669977475,True
1,217,5,reused-client,1,small_24x18px,zstd_128,ZSTD,128,1,51811,1,51811,95.44237500085728,95.34933299801196,True
1,218,3,reused-client,1,reference_49x36px,zstd_256,ZSTD,256,2,415577,2,415577,428.2474169995112,427.7722509978048,True
1,219,2,reused-client,1,small_24x18px,lzw_128,LZW,128,1,69651,1,69651,104.47441600263119,104.34999999779393,True
1,220,1,reused-client,1,viewport_196x144px,deflate_256,DEFLATE,256,4,840293,4,840293,715.1897919975454,714.6500000017113,True
1,221,5,reused-client,1,viewport_196x144px,lzw_256,LZW,256,4,1111779,4,1111779,2336.4184589991055,2334.3846249990747,True
1,222,2,reused-client,1,reference_49x36px,deflate_128,DEFLATE,128,2,104009,2,104009,232.8539579975768,232.6461670018034,True
1,223,1,reused-client,1,reference_49x36px,zstd_512,ZSTD,512,1,829285,1,829285,703.6943329985661,703.4785840005497,True
1,224,5,reused-client,1,tiny_12x9px,zstd_128,ZSTD,128,1,51811,1,51811,79.872542002704,79.74283400108106,True
1,225,5,reused-client,1,viewport_98x72px,lzw_256,LZW,256,2,559615,2,559615,652.9914169987023,652.54074999757,True
1,226,3,reused-client,1,viewport_98x72px,deflate_512,DEFLATE,512,1,845637,1,845637,958.0955419987731,957.9211669988581,True
1,227,3,reused-client,1,reference_49x36px,zstd_512,ZSTD,512,1,829285,1,829285,1018.5210839990759,1018.3734170022944,True
1,228,3,reused-client,1,small_24x18px,lzw_128,LZW,128,1,69651,1,69651,178.90870799965342,178.77045899876975,True
1,229,4,reused-client,1,large_aoi_392x288px,deflate_256,DEFLATE,256,4,840293,4,840293,1676.4174589989125,1675.7956260007631,True
1,230,3,reused-client,1,viewport_196x144px,zstd_512,ZSTD,512,2,1646298,2,1646298,2503.587333998439,2503.3458760008216,True
1,231,2,reused-client,1,viewport_196x144px,lzw_128,LZW,128,6,417819,6,417819,968.2219580026867,967.440959000669,True
1,232,3,reused-client,1,viewport_98x72px,zstd_512,ZSTD,512,1,829285,1,829285,794.272708997596,794.1291249990172,True
1,233,1,reused-client,1,tiny_12x9px,zstd_256,ZSTD,256,1,206793,1,206793,200.66016700002365,200.46062500114203,True
1,234,1,reused-client,1,small_24x18px,zstd_512,ZSTD,512,1,829285,1,829285,608.9121669974702,608.8238329975866,True
1,235,2,reused-client,1,viewport_196x144px,zstd_512,ZSTD,512,2,1646298,2,1646298,970.8050839981297,970.5544159987767,True
1,236,3,reused-client,1,large_aoi_392x288px,lzw_256,LZW,256,4,1111779,4,1111779,1443.3916669986502,1442.9131249962666,True
1,237,3,reused-client,1,viewport_196x144px,deflate_128,DEFLATE,128,6,315912,6,315912,741.9584169983864,741.4052940002875,True
1,238,5,reused-client,1,tiny_12x9px,lzw_256,LZW,256,1,277518,1,277518,396.2277089995041,396.0585839995474,True
1,239,5,reused-client,1,reference_49x36px,lzw_512,LZW,512,1,1117985,1,1117985,1149.6394589994452,1149.5677510029054,True
1,240,1,reused-client,1,viewport_98x72px,deflate_128,DEFLATE,128,2,104009,2,104009,199.3107919988688,199.1706249973504,True
1,241,4,reused-client,1,small_24x18px,zstd_128,ZSTD,128,1,51811,1,51811,122.14762499934295,122.07070799922803,True
1,242,3,reused-client,1,viewport_98x72px,lzw_512,LZW,512,1,1117985,1,1117985,810.2204580027319,810.0324170009117,True
1,243,5,reused-client,1,viewport_98x72px,deflate_512,DEFLATE,512,1,845637,1,845637,605.0691259988525,604.8807499973918,True
1,244,2,reused-client,1,small_24x18px,zstd_128,ZSTD,128,1,51811,1,51811,80.33900000009453,80.2435420009715,True
1,245,4,reused-client,1,small_24x18px,deflate_128,DEFLATE,128,1,52579,1,52579,57.23145900265081,57.15129199961666,True
1,246,1,reused-client,1,viewport_98x72px,zstd_128,ZSTD,128,2,102669,2,102669,116.4641670002311,116.2170839997998,True
1,247,5,reused-client,1,viewport_196x144px,deflate_512,DEFLATE,512,2,1676140,2,1676140,1090.059083999222,1089.8601680019055,True
1,248,2,reused-client,1,large_aoi_392x288px,lzw_256,LZW,256,4,1111779,4,1111779,1450.651791998098,1450.1428759976989,True
1,249,2,reused-client,1,reference_49x36px,lzw_256,LZW,256,2,559615,2,559615,438.1962499974179,437.84458299705875,True
1,250,1,reused-client,1,small_24x18px,zstd_256,ZSTD,256,1,206793,1,206793,149.9934999992547,149.80895899861935,True
1,251,3,reused-client,1,reference_49x36px,zstd_128,ZSTD,128,2,102669,2,102669,139.6426249993965,139.46554200083483,True
1,252,1,reused-client,1,large_aoi_392x288px,deflate_128,DEFLATE,128,12,628423,12,628423,1501.9096260002698,1501.0677079990273,True
1,253,3,reused-client,1,viewport_98x72px,zstd_256,ZSTD,256,2,415577,2,415577,345.1387919994886,345.0240419988404,True
1,254,4,reused-client,1,viewport_98x72px,zstd_256,ZSTD,256,2,415577,2,415577,282.30162500040024,282.1137920000183,True
1,255,4,reused-client,1,viewport_98x72px,deflate_256,DEFLATE,256,2,422487,2,422487,368.39975099792355,368.21020899515133,True
1,256,4,reused-client,1,reference_49x36px,lzw_512,LZW,512,1,1117985,1,1117985,760.4818750005506,760.2975420013536,True
1,257,3,reused-client,1,tiny_12x9px,zstd_512,ZSTD,512,1,829285,1,829285,1270.189416998619,1270.0293340021744,True
1,258,5,reused-client,1,viewport_98x72px,lzw_128,LZW,128,2,137850,2,137850,154.4656669975666,154.26483400369762,True
1,259,4,reused-client,1,tiny_12x9px,zstd_256,ZSTD,256,1,206793,1,206793,157.6500000010128,157.44783399713924,True
1,260,4,reused-client,1,tiny_12x9px,lzw_256,LZW,256,1,277518,1,277518,140.34362500024145,140.24433300073724,True
1,261,2,reused-client,1,tiny_12x9px,deflate_512,DEFLATE,512,1,845637,1,845637,557.8194169975177,557.6028339964978,True
1,262,1,reused-client,1,viewport_196x144px,lzw_512,LZW,512,2,2215302,2,2215302,1849.118500998884,1848.9844590003486,True
1,263,4,reused-client,1,large_aoi_392x288px,lzw_128,LZW,128,12,829141,12,829141,1803.0157499997586,1801.9462509982986,True
1,264,4,reused-client,1,reference_49x36px,zstd_128,ZSTD,128,2,102669,2,102669,177.75458299729507,177.58416699871304,True
1,265,4,reused-client,1,tiny_12x9px,lzw_512,LZW,512,1,1117985,1,1117985,786.1538329998439,785.9655009997368,True
1,266,4,reused-client,1,reference_49x36px,deflate_256,DEFLATE,256,2,422487,2,422487,381.9279999988794,381.5912920035771,True
1,267,5,reused-client,1,viewport_98x72px,zstd_512,ZSTD,512,1,829285,1,829285,520.0128750002477,519.7731260013825,True
1,268,1,reused-client,1,viewport_98x72px,deflate_256,DEFLATE,256,2,422487,2,422487,442.11750000249594,441.9117079996795,True
1,269,5,reused-client,1,small_24x18px,deflate_128,DEFLATE,128,1,52579,1,52579,85.50554099929286,85.40254200124764,True
1,270,5,reused-client,1,viewport_196x144px,zstd_256,ZSTD,256,4,826507,4,826507,798.0776669974148,797.7061679994222,True
2,1,5,reused-client,1,viewport_196x144px,zstd_128,ZSTD,128,6,311204,6,311204,599.4219579988567,598.8367099962488,True
2,2,5,reused-client,1,small_24x18px,zstd_128,ZSTD,128,1,51811,1,51811,143.164875000366,143.01024999804213,True
2,3,3,reused-client,1,viewport_98x72px,lzw_256,LZW,256,2,559615,2,559615,1074.3858339992585,1074.0934180030308,True
2,4,2,reused-client,1,reference_49x36px,lzw_256,LZW,256,2,559615,2,559615,678.5458760023175,678.1873339969025,True
2,5,1,reused-client,1,large_aoi_392x288px,zstd_128,ZSTD,128,12,618903,12,618903,2260.1180839992594,2258.4509159896697,True
2,6,3,reused-client,1,small_24x18px,lzw_512,LZW,512,1,1117985,1,1117985,866.020417000982,865.835791999416,True
2,7,5,reused-client,1,large_aoi_392x288px,deflate_512,DEFLATE,512,2,1676140,2,1676140,2129.501209001319,2129.2548759993224,True
2,8,5,reused-client,1,tiny_12x9px,deflate_512,DEFLATE,512,1,845637,1,845637,1207.5356259992986,1207.3420839988103,True
2,9,2,reused-client,1,viewport_196x144px,zstd_256,ZSTD,256,4,826507,4,826507,1922.0759180025198,1921.552044001146,True
2,10,3,reused-client,1,tiny_12x9px,zstd_128,ZSTD,128,1,51811,1,51811,165.08949999843026,164.8868339980254,True
2,11,3,reused-client,1,tiny_12x9px,deflate_256,DEFLATE,256,1,210593,1,210593,182.7102500028559,182.5850419991184,True
2,12,1,reused-client,1,reference_49x36px,zstd_512,ZSTD,512,1,829285,1,829285,687.400416998571,687.2411669974099,True
2,13,2,reused-client,1,reference_49x36px,zstd_512,ZSTD,512,1,829285,1,829285,1638.4096669971768,1638.3397509998758,True
2,14,4,reused-client,1,small_24x18px,deflate_128,DEFLATE,128,1,52579,1,52579,176.05012499916484,175.86958299943944,True
2,15,1,reused-client,1,reference_49x36px,lzw_256,LZW,256,2,559615,2,559615,799.0030009968905,798.7298750012997,True
2,16,4,reused-client,1,viewport_98x72px,lzw_256,LZW,256,2,559615,2,559615,487.36845899838954,487.2044999974605,True
2,17,5,reused-client,1,viewport_196x144px,lzw_256,LZW,256,4,1111779,4,1111779,939.024374998553,938.55587500002,True
2,18,4,reused-client,1,large_aoi_392x288px,zstd_256,ZSTD,256,4,826507,4,826507,742.3830420011654,741.930209002021,True
2,19,4,reused-client,1,viewport_196x144px,zstd_512,ZSTD,512,2,1646298,2,1646298,1518.1761259991617,1517.8839170002902,True
2,20,4,reused-client,1,large_aoi_392x288px,lzw_512,LZW,512,2,2215302,2,2215302,2304.9301680002827,2304.6658340026625,True
2,21,3,reused-client,1,large_aoi_392x288px,lzw_512,LZW,512,2,2215302,2,2215302,1913.473291999253,1913.1535830019857,True
2,22,5,reused-client,1,large_aoi_392x288px,deflate_256,DEFLATE,256,4,840293,4,840293,1022.896166999999,1022.2598759937682,True
2,23,2,reused-client,1,viewport_98x72px,zstd_128,ZSTD,128,2,102669,2,102669,219.0514579997398,218.85116699922946,True
2,24,3,reused-client,1,large_aoi_392x288px,deflate_256,DEFLATE,256,4,840293,4,840293,1682.5055429981148,1681.877667997469,True
2,25,2,reused-client,1,reference_49x36px,lzw_128,LZW,128,2,137850,2,137850,405.09758299958776,404.77150000515394,True
2,26,2,reused-client,1,reference_49x36px,deflate_512,DEFLATE,512,1,845637,1,845637,877.9795830014336,877.8091259991925,True
2,27,1,reused-client,1,viewport_98x72px,deflate_256,DEFLATE,256,2,422487,2,422487,449.4317089993274,449.0539170001284,True
2,28,1,reused-client,1,viewport_196x144px,deflate_128,DEFLATE,128,6,315912,6,315912,1025.1227090011525,1024.475585003529,True
2,29,2,reused-client,1,large_aoi_392x288px,lzw_512,LZW,512,2,2215302,2,2215302,3517.8660429992306,3517.6287520007463,True
2,30,5,reused-client,1,viewport_98x72px,zstd_512,ZSTD,512,1,829285,1,829285,1065.4423340020003,1065.271292001853,True
2,31,5,reused-client,1,reference_49x36px,deflate_256,DEFLATE,256,2,422487,2,422487,1232.4893339973642,1232.1636679989751,True
2,32,1,reused-client,1,large_aoi_392x288px,deflate_256,DEFLATE,256,4,840293,4,840293,1878.2291679999616,1877.6572510032565,True
2,33,4,reused-client,1,large_aoi_392x288px,zstd_512,ZSTD,512,2,1646298,2,1646298,4401.729835000879,4401.618127001711,True
2,34,3,reused-client,1,viewport_196x144px,zstd_256,ZSTD,256,4,826507,4,826507,857.2720420015685,856.7667509960302,True
2,35,1,reused-client,1,tiny_12x9px,lzw_256,LZW,256,1,277518,1,277518,272.17887499864446,272.0545009979105,True
2,36,3,reused-client,1,viewport_196x144px,deflate_512,DEFLATE,512,2,1676140,2,1676140,3719.9054600023373,3719.687544002227,True
2,37,5,reused-client,1,reference_49x36px,lzw_512,LZW,512,1,1117985,1,1117985,2545.343583999056,2545.15450100007,True
2,38,1,reused-client,1,reference_49x36px,lzw_128,LZW,128,2,137850,2,137850,420.6386250007199,420.3606250048324,True
2,39,1,reused-client,1,small_24x18px,zstd_512,ZSTD,512,1,829285,1,829285,920.8807089999027,920.7621259993175,True
2,40,5,reused-client,1,viewport_196x144px,lzw_512,LZW,512,2,2215302,2,2215302,2054.902250998566,2054.7473339975113,True
2,41,1,reused-client,1,large_aoi_392x288px,zstd_256,ZSTD,256,4,826507,4,826507,799.888251000084,798.7161260025459,True
2,42,4,reused-client,1,viewport_98x72px,zstd_128,ZSTD,128,2,102669,2,102669,362.000540997542,361.8444170024304,True
2,43,4,reused-client,1,tiny_12x9px,lzw_128,LZW,128,1,69651,1,69651,118.86012499962817,118.72604100062745,True
2,44,2,reused-client,1,viewport_196x144px,zstd_128,ZSTD,128,6,311204,6,311204,1548.225126000034,1547.687249003502,True
2,45,2,reused-client,1,small_24x18px,zstd_256,ZSTD,256,1,206793,1,206793,948.2521259997156,948.1007499998668,True
2,46,2,reused-client,1,viewport_98x72px,zstd_256,ZSTD,256,2,415577,2,415577,1354.7720419992402,1354.6452929986117,True
2,47,1,reused-client,1,tiny_12x9px,deflate_512,DEFLATE,512,1,845637,1,845637,770.707791998575,770.6372510001529,True
2,48,1,reused-client,1,reference_49x36px,zstd_128,ZSTD,128,2,102669,2,102669,708.3568329981063,708.0680420003773,True
2,49,2,reused-client,1,viewport_98x72px,deflate_128,DEFLATE,128,2,104009,2,104009,209.1776250017574,208.9370429966948,True
2,50,1,reused-client,1,large_aoi_392x288px,lzw_512,LZW,512,2,2215302,2,2215302,4213.1560429988895,4213.042168998072,True
2,51,3,reused-client,1,reference_49x36px,lzw_128,LZW,128,2,137850,2,137850,271.4933330025815,271.3405419999617,True
2,52,5,reused-client,1,tiny_12x9px,zstd_512,ZSTD,512,1,829285,1,829285,735.7770419985172,735.6582920001529,True
2,53,2,reused-client,1,tiny_12x9px,lzw_128,LZW,128,1,69651,1,69651,498.0328339988773,497.9324590021861,True
2,54,2,reused-client,1,small_24x18px,deflate_256,DEFLATE,256,1,210593,1,210593,200.68075000017416,200.53399999960675,True
2,55,5,reused-client,1,large_aoi_392x288px,lzw_512,LZW,512,2,2215302,2,2215302,4344.1186679992825,4343.818044999352,True
2,56,1,reused-client,1,small_24x18px,lzw_256,LZW,256,1,277518,1,277518,313.8382500001171,313.70316600077786,True
2,57,4,reused-client,1,tiny_12x9px,zstd_256,ZSTD,256,1,206793,1,206793,393.19691700075055,393.04866699967533,True
2,58,3,reused-client,1,tiny_12x9px,zstd_256,ZSTD,256,1,206793,1,206793,187.81637500069337,187.69104199964204,True
2,59,5,reused-client,1,large_aoi_392x288px,zstd_512,ZSTD,512,2,1646298,2,1646298,1578.277166998305,1577.9792510002153,True
2,60,2,reused-client,1,tiny_12x9px,lzw_256,LZW,256,1,277518,1,277518,134.25862499934738,134.17170899992925,True
2,61,4,reused-client,1,viewport_98x72px,zstd_256,ZSTD,256,2,415577,2,415577,535.4027079993102,535.2452500010259,True
2,62,4,reused-client,1,viewport_196x144px,lzw_128,LZW,128,6,417819,6,417819,636.8128760004765,636.3503760076128,True
2,63,5,reused-client,1,tiny_12x9px,lzw_128,LZW,128,1,69651,1,69651,90.57137499985402,90.4937079976662,True
2,64,3,reused-client,1,small_24x18px,deflate_512,DEFLATE,512,1,845637,1,845637,1056.2969589991553,1056.1703759994998,True
2,65,2,reused-client,1,large_aoi_392x288px,deflate_256,DEFLATE,256,4,840293,4,840293,1084.2992510006297,1083.9527499956603,True
2,66,5,reused-client,1,viewport_98x72px,lzw_256,LZW,256,2,559615,2,559615,479.6899579996534,479.37287500099046,True
2,67,2,reused-client,1,tiny_12x9px,deflate_256,DEFLATE,256,1,210593,1,210593,133.58433300163597,133.3688329978031,True
2,68,4,reused-client,1,viewport_98x72px,lzw_128,LZW,128,2,137850,2,137850,182.38591699991957,182.1785419997468,True
2,69,2,reused-client,1,small_24x18px,lzw_128,LZW,128,1,69651,1,69651,191.20654099970125,191.10537500091596,True
2,70,3,reused-client,1,large_aoi_392x288px,zstd_128,ZSTD,128,12,618903,12,618903,2029.8815839996678,2028.438625002309,True
2,71,5,reused-client,1,large_aoi_392x288px,deflate_128,DEFLATE,128,12,628423,12,628423,1164.1242090008745,1163.4113719992456,True
2,72,4,reused-client,1,viewport_196x144px,zstd_256,ZSTD,256,4,826507,4,826507,954.4095839992224,953.9862089950475,True
2,73,5,reused-client,1,reference_49x36px,lzw_128,LZW,128,2,137850,2,137850,344.77112499735085,344.45037500336184,True
2,74,2,reused-client,1,large_aoi_392x288px,zstd_128,ZSTD,128,12,618903,12,618903,1072.418708998157,1070.5975820092135,True
2,75,5,reused-client,1,small_24x18px,deflate_256,DEFLATE,256,1,210593,1,210593,211.2870409982861,211.184374998993,True
2,76,1,reused-client,1,viewport_98x72px,deflate_128,DEFLATE,128,2,104009,2,104009,205.04833399900235,204.74595799896633,True
2,77,4,reused-client,1,viewport_196x144px,deflate_256,DEFLATE,256,4,840293,4,840293,814.0744590018585,813.5758339958556,True
2,78,3,reused-client,1,viewport_196x144px,zstd_512,ZSTD,512,2,1646298,2,1646298,935.5712920005317,935.3759170007834,True
2,79,1,reused-client,1,viewport_196x144px,deflate_512,DEFLATE,512,2,1676140,2,1676140,918.5852919981699,918.3107089993428,True
2,80,3,reused-client,1,viewport_98x72px,zstd_512,ZSTD,512,1,829285,1,829285,531.8611669972597,531.745416999911,True
2,81,3,reused-client,1,viewport_196x144px,lzw_512,LZW,512,2,2215302,2,2215302,1366.2011669985077,1365.9497929984354,True
2,82,1,reused-client,1,reference_49x36px,deflate_512,DEFLATE,512,1,845637,1,845637,697.0557089989597,696.9322920012928,True
2,83,3,reused-client,1,large_aoi_392x288px,lzw_128,LZW,128,12,829141,12,829141,3066.5668759975233,3065.280791000987,True
2,84,2,reused-client,1,viewport_98x72px,lzw_256,LZW,256,2,559615,2,559615,1198.1834590005747,1198.006875005376,True
2,85,3,reused-client,1,large_aoi_392x288px,zstd_256,ZSTD,256,4,826507,4,826507,1481.9897090019367,1481.6046669984644,True
2,86,3,reused-client,1,viewport_196x144px,lzw_256,LZW,256,4,1111779,4,1111779,1491.0380429973884,1490.5974169996625,True
2,87,5,reused-client,1,small_24x18px,deflate_512,DEFLATE,512,1,845637,1,845637,711.056333999295,710.9125839997432,True
2,88,3,reused-client,1,reference_49x36px,zstd_256,ZSTD,256,2,415577,2,415577,302.9171670023061,302.716333000717,True
2,89,3,reused-client,1,small_24x18px,zstd_256,ZSTD,256,1,206793,1,206793,136.49104200158035,136.31337499828078,True
2,90,5,reused-client,1,viewport_98x72px,lzw_128,LZW,128,2,137850,2,137850,300.4744579993712,300.2799990026688,True
2,91,3,reused-client,1,tiny_12x9px,deflate_128,DEFLATE,128,1,52579,1,52579,77.85154200246325,77.69533300233888,True
2,92,3,reused-client,1,viewport_196x144px,deflate_256,DEFLATE,256,4,840293,4,840293,965.2289589976135,964.8014170052193,True
2,93,1,reused-client,1,tiny_12x9px,zstd_256,ZSTD,256,1,206793,1,206793,216.9149590008601,216.77249999993364,True
2,94,4,reused-client,1,small_24x18px,deflate_256,DEFLATE,256,1,210593,1,210593,268.90404200094054,268.7642919991049,True
2,95,5,reused-client,1,viewport_196x144px,deflate_256,DEFLATE,256,4,840293,4,840293,1040.571876001195,1040.1793339988217,True
2,96,4,reused-client,1,small_24x18px,zstd_256,ZSTD,256,1,206793,1,206793,180.38645799970254,180.30316699878313,True
2,97,2,reused-client,1,viewport_196x144px,lzw_128,LZW,128,6,417819,6,417819,867.4571259980439,866.7897090053884,True
2,98,5,reused-client,1,viewport_196x144px,deflate_512,DEFLATE,512,2,1676140,2,1676140,2868.1368339966866,2868.040043002111,True
2,99,1,reused-client,1,tiny_12x9px,lzw_512,LZW,512,1,1117985,1,1117985,1363.4595420007827,1363.3364170018467,True
2,100,3,reused-client,1,viewport_98x72px,zstd_256,ZSTD,256,2,415577,2,415577,540.0897500003339,539.8324999951001,True
2,101,4,reused-client,1,tiny_12x9px,deflate_512,DEFLATE,512,1,845637,1,845637,751.5435839995916,751.2750839996443,True
2,102,2,reused-client,1,reference_49x36px,deflate_256,DEFLATE,256,2,422487,2,422487,1889.5607510021364,1889.3024179997155,True
2,103,4,reused-client,1,viewport_196x144px,deflate_512,DEFLATE,512,2,1676140,2,1676140,2913.0641680021654,2912.81033499763,True
2,104,1,reused-client,1,viewport_196x144px,lzw_256,LZW,256,4,1111779,4,1111779,3237.938625999959,3237.3312519957835,True
2,105,4,reused-client,1,viewport_196x144px,lzw_256,LZW,256,4,1111779,4,1111779,2200.7674600026803,2200.238542001898,True
2,106,2,reused-client,1,viewport_196x144px,lzw_512,LZW,512,2,2215302,2,2215302,2107.3448349998216,2107.155959998636,True
2,107,4,reused-client,1,reference_49x36px,lzw_512,LZW,512,1,1117985,1,1117985,795.8610010027769,795.773834001011,True
2,108,1,reused-client,1,reference_49x36px,deflate_128,DEFLATE,128,2,104009,2,104009,191.38454200219712,190.8884999975271,True
2,109,2,reused-client,1,small_24x18px,zstd_128,ZSTD,128,1,51811,1,51811,125.93349999951897,125.6917919999978,True
2,110,2,reused-client,1,reference_49x36px,deflate_128,DEFLATE,128,2,104009,2,104009,108.36016699977336,108.23091699785437,True
2,111,1,reused-client,1,viewport_98x72px,deflate_512,DEFLATE,512,1,845637,1,845637,1328.8319170023897,1328.6690839995572,True
2,112,4,reused-client,1,large_aoi_392x288px,deflate_256,DEFLATE,256,4,840293,4,840293,1177.4542089988245,1176.9245430041337,True
2,113,4,reused-client,1,viewport_98x72px,deflate_512,DEFLATE,512,1,845637,1,845637,2127.3927920010465,2127.2768339986214,True
2,114,2,reused-client,1,viewport_98x72px,zstd_512,ZSTD,512,1,829285,1,829285,963.5165420004341,963.3956670004409,True
2,115,4,reused-client,1,tiny_12x9px,zstd_128,ZSTD,128,1,51811,1,51811,50.327083001320716,50.230124998051906,True
2,116,3,reused-client,1,small_24x18px,lzw_256,LZW,256,1,277518,1,277518,221.71241600153735,221.54349999982514,True
2,117,5,reused-client,1,large_aoi_392x288px,zstd_256,ZSTD,256,4,826507,4,826507,1031.1190840002382,1030.5034999946656,True
2,118,3,reused-client,1,reference_49x36px,deflate_128,DEFLATE,128,2,104009,2,104009,332.4414999988221,332.20258300207206,True
2,119,4,reused-client,1,large_aoi_392x288px,deflate_128,DEFLATE,128,12,628423,12,628423,1869.7853760022554,1868.693794011051,True
2,120,2,reused-client,1,large_aoi_392x288px,deflate_128,DEFLATE,128,12,628423,12,628423,2260.1602929971705,2258.8915010019264,True
2,121,3,reused-client,1,small_24x18px,zstd_128,ZSTD,128,1,51811,1,51811,104.51391699825763,104.3897499985178,True
2,122,3,reused-client,1,tiny_12x9px,deflate_512,DEFLATE,512,1,845637,1,845637,2115.7168350000575,2115.448001000914,True
2,123,5,reused-client,1,tiny_12x9px,deflate_256,DEFLATE,256,1,210593,1,210593,179.58441700102412,179.38341699846205,True
2,124,4,reused-client,1,small_24x18px,lzw_256,LZW,256,1,277518,1,277518,306.25708300067345,306.04412500179023,True
2,125,1,reused-client,1,viewport_196x144px,zstd_128,ZSTD,128,6,311204,6,311204,521.8995420000283,521.2881680054124,True
2,126,2,reused-client,1,small_24x18px,lzw_256,LZW,256,1,277518,1,277518,170.9092920027615,170.64562499945168,True
2,127,4,reused-client,1,large_aoi_392x288px,lzw_128,LZW,128,12,829141,12,829141,2342.19716699954,2340.6510399981926,True
2,128,5,reused-client,1,small_24x18px,deflate_128,DEFLATE,128,1,52579,1,52579,125.83416699999361,125.6730420027452,True
2,129,3,reused-client,1,viewport_196x144px,deflate_128,DEFLATE,128,6,315912,6,315912,551.8685000024561,551.3071669993224,True
2,130,3,reused-client,1,small_24x18px,zstd_512,ZSTD,512,1,829285,1,829285,713.710167001409,713.5316249987227,True
2,131,4,reused-client,1,reference_49x36px,deflate_256,DEFLATE,256,2,422487,2,422487,715.8315839988063,715.5260010003985,True
2,132,2,reused-client,1,small_24x18px,zstd_512,ZSTD,512,1,829285,1,829285,554.1792499971052,553.9641670002311,True
2,133,2,reused-client,1,viewport_98x72px,deflate_512,DEFLATE,512,1,845637,1,845637,621.7730419994041,621.5719170031662,True
2,134,2,reused-client,1,tiny_12x9px,zstd_128,ZSTD,128,1,51811,1,51811,86.32766699884087,86.16804099801811,True
2,135,4,reused-client,1,tiny_12x9px,zstd_512,ZSTD,512,1,829285,1,829285,492.41745899780653,492.205541999283,True
2,136,4,reused-client,1,small_24x18px,zstd_128,ZSTD,128,1,51811,1,51811,82.5490829993214,82.3900830000639,True
2,137,4,reused-client,1,small_24x18px,lzw_512,LZW,512,1,1117985,1,1117985,2349.0168749995064,2348.8053339970065,True
2,138,4,reused-client,1,reference_49x36px,lzw_128,LZW,128,2,137850,2,137850,423.78029199971934,423.4799580008257,True
2,139,5,reused-client,1,small_24x18px,lzw_256,LZW,256,1,277518,1,277518,613.1570010002179,612.9925839995849,True
2,140,1,reused-client,1,tiny_12x9px,lzw_128,LZW,128,1,69651,1,69651,79.93320900277467,79.80900000256952,True
2,141,1,reused-client,1,tiny_12x9px,deflate_256,DEFLATE,256,1,210593,1,210593,221.56175000054645,221.34279199963203,True
2,142,5,reused-client,1,large_aoi_392x288px,zstd_128,ZSTD,128,12,618903,12,618903,1776.5791260026162,1775.4191260064545,True
2,143,5,reused-client,1,viewport_196x144px,zstd_256,ZSTD,256,4,826507,4,826507,1212.5866670030518,1212.1413340028084,True
2,144,3,reused-client,1,large_aoi_392x288px,lzw_256,LZW,256,4,1111779,4,1111779,974.0188329997181,973.6935419969086,True
2,145,3,reused-client,1,reference_49x36px,zstd_128,ZSTD,128,2,102669,2,102669,162.73008299685898,162.54120799931115,True
2,146,2,reused-client,1,large_aoi_392x288px,lzw_256,LZW,256,4,1111779,4,1111779,883.913000998291,883.4061260022281,True
2,147,3,reused-client,1,viewport_196x144px,zstd_128,ZSTD,128,6,311204,6,311204,665.5893339993781,665.2057500032242,True
2,148,5,reused-client,1,small_24x18px,lzw_512,LZW,512,1,1117985,1,1117985,1142.2132080006122,1142.1086669979559,True
2,149,1,reused-client,1,small_24x18px,lzw_128,LZW,128,1,69651,1,69651,235.14554199937265,235.0060829994618,True
2,150,3,reused-client,1,tiny_12x9px,lzw_256,LZW,256,1,277518,1,277518,381.61050000053365,381.43337500150665,True
2,151,2,reused-client,1,tiny_12x9px,zstd_512,ZSTD,512,1,829285,1,829285,602.1973750030156,602.1153330002562,True
2,152,3,reused-client,1,small_24x18px,deflate_256,DEFLATE,256,1,210593,1,210593,310.2544159992249,310.1218330011761,True
2,153,1,reused-client,1,small_24x18px,zstd_256,ZSTD,256,1,206793,1,206793,224.8481670030742,224.6672090004722,True
2,154,2,reused-client,1,viewport_196x144px,deflate_128,DEFLATE,128,6,315912,6,315912,626.0261250026815,625.5172089986445,True
2,155,3,reused-client,1,tiny_12x9px,lzw_128,LZW,128,1,69651,1,69651,146.81808399836882,146.64916699985042,True
2,156,3,reused-client,1,small_24x18px,lzw_128,LZW,128,1,69651,1,69651,61.18870899808826,61.04708299972117,True
2,157,1,reused-client,1,viewport_98x72px,zstd_256,ZSTD,256,2,415577,2,415577,349.52104200056056,349.33270900000934,True
2,158,3,reused-client,1,viewport_98x72px,deflate_512,DEFLATE,512,1,845637,1,845637,566.1101670011703,566.0284589976072,True
2,159,3,reused-client,1,tiny_12x9px,zstd_512,ZSTD,512,1,829285,1,829285,591.8028340020101,591.594833000272,True
2,160,5,reused-client,1,small_24x18px,lzw_128,LZW,128,1,69651,1,69651,104.55008400094812,104.39791699900525,True
2,161,3,reused-client,1,small_24x18px,deflate_128,DEFLATE,128,1,52579,1,52579,197.12950000030105,196.92487500287825,True
2,162,3,reused-client,1,viewport_98x72px,lzw_512,LZW,512,1,1117985,1,1117985,2400.9426679986063,2400.8023339993088,True
2,163,1,reused-client,1,small_24x18px,deflate_512,DEFLATE,512,1,845637,1,845637,831.3295420011855,831.1715419986285,True
2,164,1,reused-client,1,tiny_12x9px,zstd_128,ZSTD,128,1,51811,1,51811,152.67845800190116,152.5022079986229,True
2,165,3,reused-client,1,reference_49x36px,zstd_512,ZSTD,512,1,829285,1,829285,513.9394170000742,513.7431670009391,True
2,166,5,reused-client,1,tiny_12x9px,zstd_128,ZSTD,128,1,51811,1,51811,271.54820800205925,271.40474999760045,True
2,167,4,reused-client,1,viewport_98x72px,deflate_128,DEFLATE,128,2,104009,2,104009,205.21787500183564,204.96195800296846,True
2,168,1,reused-client,1,viewport_98x72px,lzw_512,LZW,512,1,1117985,1,1117985,1169.3934169998101,1169.2036669992376,True
2,169,2,reused-client,1,viewport_98x72px,lzw_512,LZW,512,1,1117985,1,1117985,903.1475009978749,903.0243340021116,True
2,170,4,reused-client,1,tiny_12x9px,deflate_256,DEFLATE,256,1,210593,1,210593,173.2059170026332,173.00320900176303,True
2,171,1,reused-client,1,small_24x18px,zstd_128,ZSTD,128,1,51811,1,51811,101.09833300157334,100.95799999908195,True
2,172,2,reused-client,1,reference_49x36px,zstd_256,ZSTD,256,2,415577,2,415577,404.6122090003337,404.29950000179815,True
2,173,4,reused-client,1,viewport_98x72px,deflate_256,DEFLATE,256,2,422487,2,422487,1600.7529589987826,1600.503708999895,True
2,174,5,reused-client,1,tiny_12x9px,lzw_256,LZW,256,1,277518,1,277518,140.2639170009934,140.04183400174952,True
2,175,5,reused-client,1,reference_49x36px,zstd_128,ZSTD,128,2,102669,2,102669,115.47054100083187,115.23520899936557,True
2,176,1,reused-client,1,viewport_98x72px,zstd_512,ZSTD,512,1,829285,1,829285,554.8840000010387,554.6380010018765,True
2,177,4,reused-client,1,small_24x18px,zstd_512,ZSTD,512,1,829285,1,829285,574.336208999739,574.1612090023409,True
2,178,1,reused-client,1,small_24x18px,deflate_128,DEFLATE,128,1,52579,1,52579,338.1614169993554,337.96620900102425,True
2,179,4,reused-client,1,reference_49x36px,lzw_256,LZW,256,2,559615,2,559615,462.8403339993383,462.5415000009525,True
2,180,1,reused-client,1,reference_49x36px,zstd_256,ZSTD,256,2,415577,2,415577,453.46208400223986,453.1345010000223,True
2,181,1,reused-client,1,large_aoi_392x288px,deflate_128,DEFLATE,128,12,628423,12,628423,2707.080001000577,2705.63204499922,True
2,182,2,reused-client,1,tiny_12x9px,zstd_256,ZSTD,256,1,206793,1,206793,186.8630419994588,186.68079100098112,True
2,183,5,reused-client,1,viewport_98x72px,deflate_256,DEFLATE,256,2,422487,2,422487,284.65666600095574,284.2518329998711,True
2,184,1,reused-client,1,viewport_196x144px,lzw_128,LZW,128,6,417819,6,417819,589.3694579972362,588.6940000018512,True
2,185,4,reused-client,1,reference_49x36px,zstd_512,ZSTD,512,1,829285,1,829285,723.1937090000429,723.0235419992823,True
2,186,4,reused-client,1,tiny_12x9px,deflate_128,DEFLATE,128,1,52579,1,52579,67.89720800225041,67.78508299976238,True
2,187,1,reused-client,1,small_24x18px,lzw_512,LZW,512,1,1117985,1,1117985,1184.0636239976448,1183.8674169994192,True
2,188,4,reused-client,1,reference_49x36px,deflate_512,DEFLATE,512,1,845637,1,845637,843.5807919995568,843.3803330008232,True
2,189,1,reused-client,1,viewport_196x144px,zstd_512,ZSTD,512,2,1646298,2,1646298,1561.2116670017713,1561.0700430006546,True
2,190,2,reused-client,1,viewport_98x72px,deflate_256,DEFLATE,256,2,422487,2,422487,441.64037500013364,441.37175000287243,True
2,191,5,reused-client,1,reference_49x36px,deflate_512,DEFLATE,512,1,845637,1,845637,640.0563340030203,639.8510830003943,True
2,192,5,reused-client,1,viewport_98x72px,zstd_128,ZSTD,128,2,102669,2,102669,223.94908299975214,223.67991699866252,True
2,193,5,reused-client,1,reference_49x36px,zstd_256,ZSTD,256,2,415577,2,415577,505.77954199980013,505.4598749993602,True
2,194,1,reused-client,1,large_aoi_392x288px,lzw_128,LZW,128,12,829141,12,829141,1466.9893759964907,1465.9617520046595,True
2,195,3,reused-client,1,viewport_196x144px,lzw_128,LZW,128,6,417819,6,417819,951.6022090028855,950.965834003,True
2,196,1,reused-client,1,viewport_98x72px,lzw_128,LZW,128,2,137850,2,137850,181.77783399733016,181.60437399637885,True
2,197,1,reused-client,1,tiny_12x9px,deflate_128,DEFLATE,128,1,52579,1,52579,54.121417000715155,54.065415999502875,True
2,198,3,reused-client,1,viewport_98x72px,deflate_128,DEFLATE,128,2,104009,2,104009,286.0645000000659,285.75091699894983,True
2,199,5,reused-client,1,tiny_12x9px,deflate_128,DEFLATE,128,1,52579,1,52579,201.38550000046962,201.17270899936557,True
2,200,2,reused-client,1,large_aoi_392x288px,zstd_512,ZSTD,512,2,1646298,2,1646298,1266.575166999246,1266.1178749985993,True
2,201,2,reused-client,1,reference_49x36px,lzw_512,LZW,512,1,1117985,1,1117985,663.2908749998023,663.0811260001792,True
2,202,4,reused-client,1,viewport_196x144px,lzw_512,LZW,512,2,2215302,2,2215302,2092.2357929994178,2091.862293000304,True
2,203,1,reused-client,1,viewport_98x72px,zstd_128,ZSTD,128,2,102669,2,102669,363.9782499994908,363.70987500049523,True
2,204,1,reused-client,1,large_aoi_392x288px,deflate_512,DEFLATE,512,2,1676140,2,1676140,1187.4082499998622,1187.0685420035443,True
2,205,3,reused-client,1,large_aoi_392x288px,deflate_128,DEFLATE,128,12,628423,12,628423,1152.3158330019214,1151.083541000844,True
2,206,4,reused-client,1,reference_49x36px,zstd_128,ZSTD,128,2,102669,2,102669,268.496000997402,268.2639999984531,True
2,207,4,reused-client,1,viewport_196x144px,deflate_128,DEFLATE,128,6,315912,6,315912,532.7995829975407,532.1962920061196,True
2,208,2,reused-client,1,small_24x18px,lzw_512,LZW,512,1,1117985,1,1117985,884.4397510001727,884.2687920005119,True
2,209,4,reused-client,1,small_24x18px,lzw_128,LZW,128,1,69651,1,69651,173.95612499967683,173.79133400027058,True
2,210,5,reused-client,1,reference_49x36px,lzw_256,LZW,256,2,559615,2,559615,735.7721670014143,735.5015010034549,True
2,211,5,reused-client,1,viewport_196x144px,zstd_512,ZSTD,512,2,1646298,2,1646298,2297.0590430013544,2296.6702510020696,True
2,212,4,reused-client,1,large_aoi_392x288px,lzw_256,LZW,256,4,1111779,4,1111779,3062.4077520005812,3062.13545999708,True
2,213,1,reused-client,1,reference_49x36px,lzw_512,LZW,512,1,1117985,1,1117985,2198.681208999915,2198.5701260018686,True
2,214,1,reused-client,1,large_aoi_392x288px,lzw_256,LZW,256,4,1111779,4,1111779,876.5762090006319,876.170915998955,True
2,215,2,reused-client,1,small_24x18px,deflate_512,DEFLATE,512,1,845637,1,845637,927.3767500017129,927.2628750004515,True
2,216,2,reused-client,1,tiny_12x9px,lzw_512,LZW,512,1,1117985,1,1117985,1236.2945839995518,1236.1595000002126,True
2,217,1,reused-client,1,viewport_196x144px,deflate_256,DEFLATE,256,4,840293,4,840293,988.0820010002935,987.5158350041602,True
2,218,2,reused-client,1,viewport_196x144px,zstd_512,ZSTD,512,2,1646298,2,1646298,1067.5666669994825,1067.337291999138,True
2,219,4,reused-client,1,viewport_98x72px,zstd_512,ZSTD,512,1,829285,1,829285,508.2290419995843,507.9933329980122,True
2,220,3,reused-client,1,reference_49x36px,lzw_512,LZW,512,1,1117985,1,1117985,663.9467919994786,663.7766259991622,True
2,221,5,reused-client,1,viewport_98x72px,lzw_512,LZW,512,1,1117985,1,1117985,1251.6260420015897,1251.4785010025662,True
2,222,4,reused-client,1,viewport_98x72px,lzw_512,LZW,512,1,1117985,1,1117985,844.8468339993269,844.7760000017297,True
2,223,5,reused-client,1,reference_49x36px,deflate_128,DEFLATE,128,2,104009,2,104009,118.04024999946705,117.95175100269262,True
2,224,2,reused-client,1,tiny_12x9px,deflate_512,DEFLATE,512,1,845637,1,845637,687.4148329989112,687.3833339996054,True
2,225,5,reused-client,1,viewport_196x144px,deflate_128,DEFLATE,128,6,315912,6,315912,407.5910419996944,407.0290829986334,True
2,226,2,reused-client,1,small_24x18px,deflate_128,DEFLATE,128,1,52579,1,52579,106.82920800172724,106.71654200268677,True
2,227,5,reused-client,1,small_24x18px,zstd_256,ZSTD,256,1,206793,1,206793,153.89241599768866,153.72574999855715,True
2,228,5,reused-client,1,large_aoi_392x288px,lzw_128,LZW,128,12,829141,12,829141,1523.0643760005478,1521.985039995343,True
2,229,2,reused-client,1,reference_49x36px,zstd_128,ZSTD,128,2,102669,2,102669,313.91933399936534,313.6864170010085,True
2,230,5,reused-client,1,viewport_98x72px,deflate_512,DEFLATE,512,1,845637,1,845637,904.8712080002588,904.8075000027893,True
2,231,4,reused-client,1,viewport_196x144px,zstd_128,ZSTD,128,6,311204,6,311204,976.0726260028605,975.4901669984974,True
2,232,1,reused-client,1,large_aoi_392x288px,zstd_512,ZSTD,512,2,1646298,2,1646298,1710.8393339985923,1710.4622090009798,True
2,233,5,reused-client,1,tiny_12x9px,lzw_512,LZW,512,1,1117985,1,1117985,892.6380009979766,892.5558759983687,True
2,234,2,reused-client,1,large_aoi_392x288px,zstd_256,ZSTD,256,4,826507,4,826507,905.2301669980807,904.8495409988391,True
2,235,3,reused-client,1,reference_49x36px,deflate_256,DEFLATE,256,2,422487,2,422487,570.2389590005623,569.8885420060833,True
2,236,3,reused-client,1,viewport_98x72px,lzw_128,LZW,128,2,137850,2,137850,288.7800829994376,288.06675099986023,True
2,237,4,reused-client,1,reference_49x36px,deflate_128,DEFLATE,128,2,104009,2,104009,281.25520899993717,281.0082909963967,True
2,238,1,reused-client,1,small_24x18px,deflate_256,DEFLATE,256,1,210593,1,210593,577.5958750018617,577.5050840020413,True
2,239,4,reused-client,1,large_aoi_392x288px,deflate_512,DEFLATE,512,2,1676140,2,1676140,2004.007168001408,2003.756958998565,True
2,240,2,reused-client,1,tiny_12x9px,deflate_128,DEFLATE,128,1,52579,1,52579,281.62829199936823,281.51270799935446,True
2,241,5,reused-client,1,tiny_12x9px,zstd_256,ZSTD,256,1,206793,1,206793,240.42712499795016,240.31933299920638,True
2,242,1,reused-client,1,viewport_196x144px,lzw_512,LZW,512,2,2215302,2,2215302,3023.485459998483,3023.1981689976237,True
2,243,4,reused-client,1,large_aoi_392x288px,zstd_128,ZSTD,128,12,618903,12,618903,3536.2557509979524,3534.8050040047383,True
2,244,5,reused-client,1,viewport_196x144px,lzw_128,LZW,128,6,417819,6,417819,2810.8352099989133,2810.0557920006395,True
2,245,3,reused-client,1,reference_49x36px,deflate_512,DEFLATE,512,1,845637,1,845637,1719.6102509988123,1719.43904300133,True
2,246,2,reused-client,1,large_aoi_392x288px,lzw_128,LZW,128,12,829141,12,829141,1737.38458400112,1736.2022080087627,True
2,247,3,reused-client,1,viewport_98x72px,deflate_256,DEFLATE,256,2,422487,2,422487,436.93154100037646,436.6180839970184,True
2,248,5,reused-client,1,reference_49x36px,zstd_512,ZSTD,512,1,829285,1,829285,792.3243750010442,792.1946670030593,True
2,249,4,reused-client,1,small_24x18px,deflate_512,DEFLATE,512,1,845637,1,845637,496.70304200117243,496.59787500058883,True
2,250,4,reused-client,1,reference_49x36px,zstd_256,ZSTD,256,2,415577,2,415577,423.15070900076535,423.0177929966885,True
2,251,5,reused-client,1,viewport_98x72px,zstd_256,ZSTD,256,2,415577,2,415577,371.5247920008551,371.3741680039675,True
2,252,4,reused-client,1,tiny_12x9px,lzw_256,LZW,256,1,277518,1,277518,248.0616259999806,247.89000099917757,True
2,253,2,reused-client,1,viewport_196x144px,lzw_256,LZW,256,4,1111779,4,1111779,883.2216250011697,882.8827090037521,True
2,254,3,reused-client,1,large_aoi_392x288px,zstd_512,ZSTD,512,2,1646298,2,1646298,2215.3880010009743,2214.821876001224,True
2,255,2,reused-client,1,viewport_196x144px,deflate_512,DEFLATE,512,2,1676140,2,1676140,1230.5241260000912,1230.230417000712,True
2,256,2,reused-client,1,viewport_196x144px,deflate_256,DEFLATE,256,4,840293,4,840293,2017.707335002342,2017.2355840040836,True
2,257,3,reused-client,1,viewport_98x72px,zstd_128,ZSTD,128,2,102669,2,102669,323.67674999841256,323.4512509989145,True
2,258,1,reused-client,1,reference_49x36px,deflate_256,DEFLATE,256,2,422487,2,422487,253.35999999879277,253.05279200256336,True
2,259,5,reused-client,1,large_aoi_392x288px,lzw_256,LZW,256,4,1111779,4,1111779,1438.9211670022632,1438.2965829972818,True
2,260,5,reused-client,1,viewport_98x72px,deflate_128,DEFLATE,128,2,104009,2,104009,144.1856249984994,144.04587499666377,True
2,261,3,reused-client,1,tiny_12x9px,lzw_512,LZW,512,1,1117985,1,1117985,1446.1803339981998,1446.0252089993446,True
2,262,1,reused-client,1,viewport_196x144px,zstd_256,ZSTD,256,4,826507,4,826507,1068.2248329976574,1067.61387500228,True
2,263,1,reused-client,1,tiny_12x9px,zstd_512,ZSTD,512,1,829285,1,829285,539.7935000000871,539.6174999987124,True
2,264,2,reused-client,1,viewport_98x72px,lzw_128,LZW,128,2,137850,2,137850,357.4629169997934,357.0854589997907,True
2,265,2,reused-client,1,large_aoi_392x288px,deflate_512,DEFLATE,512,2,1676140,2,1676140,2711.9276680023177,2711.630668003636,True
2,266,4,reused-client,1,tiny_12x9px,lzw_512,LZW,512,1,1117985,1,1117985,1576.8765840002743,1576.7334590018436,True
2,267,3,reused-client,1,reference_49x36px,lzw_256,LZW,256,2,559615,2,559615,565.8614999993006,565.7143339958566,True
2,268,5,reused-client,1,small_24x18px,zstd_512,ZSTD,512,1,829285,1,829285,581.913751000684,581.8308340021758,True
2,269,1,reused-client,1,viewport_98x72px,lzw_256,LZW,256,2,559615,2,559615,461.3909170002444,461.24095800041687,True
2,270,3,reused-client,1,large_aoi_392x288px,deflate_512,DEFLATE,512,2,1676140,2,1676140,1210.9883340017404,1210.7492920004006,True
3,1,4,reused-client,1,viewport_98x72px,zstd_256,ZSTD,256,2,415577,2,415577,320.9194170012779,320.57399899713346,True
3,2,5,reused-client,1,large_aoi_392x288px,zstd_128,ZSTD,128,12,618903,12,618903,769.4503750026342,768.5166660012328,True
3,3,5,reused-client,1,tiny_12x9px,lzw_256,LZW,256,1,277518,1,277518,244.76375000085682,244.59120800020173,True
3,4,2,reused-client,1,small_24x18px,lzw_128,LZW,128,1,69651,1,69651,226.0792510023748,225.84912499951315,True
3,5,2,reused-client,1,reference_49x36px,zstd_128,ZSTD,128,2,102669,2,102669,123.5917080011859,123.42858400006662,True
3,6,4,reused-client,1,small_24x18px,lzw_256,LZW,256,1,277518,1,277518,238.18895799922757,238.09245799930068,True
3,7,1,reused-client,1,viewport_98x72px,lzw_512,LZW,512,1,1117985,1,1117985,974.0064180004993,973.7727920000907,True
3,8,1,reused-client,1,viewport_196x144px,zstd_128,ZSTD,128,6,311204,6,311204,794.1519170017273,793.5569589935767,True
3,9,5,reused-client,1,large_aoi_392x288px,deflate_128,DEFLATE,128,12,628423,12,628423,1339.007374997891,1337.7282100009324,True
3,10,3,reused-client,1,viewport_196x144px,zstd_128,ZSTD,128,6,311204,6,311204,1549.4515000027604,1548.7916270030837,True
3,11,1,reused-client,1,viewport_196x144px,lzw_256,LZW,256,4,1111779,4,1111779,2178.4880839986727,2177.847873997962,True
3,12,2,reused-client,1,tiny_12x9px,zstd_256,ZSTD,256,1,206793,1,206793,279.4868749988382,279.31229200112284,True
3,13,1,reused-client,1,small_24x18px,deflate_512,DEFLATE,512,1,845637,1,845637,932.9549590001989,932.7919169991219,True
3,14,3,reused-client,1,small_24x18px,zstd_128,ZSTD,128,1,51811,1,51811,91.99658400029875,91.86645800218685,True
3,15,2,reused-client,1,reference_49x36px,lzw_512,LZW,512,1,1117985,1,1117985,1395.6840009996085,1395.4918340023141,True
3,16,3,reused-client,1,viewport_196x144px,zstd_256,ZSTD,256,4,826507,4,826507,1138.2685839998885,1137.7980849974847,True
3,17,1,reused-client,1,viewport_196x144px,zstd_256,ZSTD,256,4,826507,4,826507,723.9851669983182,723.4467090020189,True
3,18,5,reused-client,1,small_24x18px,lzw_512,LZW,512,1,1117985,1,1117985,1520.8041679979942,1520.6012509988796,True
3,19,1,reused-client,1,large_aoi_392x288px,zstd_512,ZSTD,512,2,1646298,2,1646298,1141.1966250016121,1140.7912090035097,True
3,20,3,reused-client,1,reference_49x36px,deflate_128,DEFLATE,128,2,104009,2,104009,179.4262080002227,179.22662400087574,True
3,21,3,reused-client,1,viewport_196x144px,zstd_512,ZSTD,512,2,1646298,2,1646298,963.7714589989628,963.5465419996763,True
3,22,4,reused-client,1,viewport_98x72px,lzw_512,LZW,512,1,1117985,1,1117985,682.9507090005791,682.7150839999376,True
3,23,3,reused-client,1,small_24x18px,lzw_128,LZW,128,1,69651,1,69651,71.83037499999045,71.73599999805447,True
3,24,3,reused-client,1,tiny_12x9px,deflate_256,DEFLATE,256,1,210593,1,210593,398.4574589994736,398.34266700199805,True
3,25,2,reused-client,1,large_aoi_392x288px,deflate_512,DEFLATE,512,2,1676140,2,1676140,1027.9829999999492,1027.696750999894,True
3,26,4,reused-client,1,small_24x18px,zstd_128,ZSTD,128,1,51811,1,51811,72.33550000091782,72.15837499825284,True
3,27,2,reused-client,1,small_24x18px,lzw_512,LZW,512,1,1117985,1,1117985,2054.8175430012634,2054.589291998127,True
3,28,3,reused-client,1,reference_49x36px,lzw_512,LZW,512,1,1117985,1,1117985,2915.2070429991,2915.159626998502,True
3,29,5,reused-client,1,viewport_98x72px,deflate_256,DEFLATE,256,2,422487,2,422487,858.2009589990776,857.9827079956885,True
3,30,1,reused-client,1,viewport_196x144px,deflate_128,DEFLATE,128,6,315912,6,315912,977.0873750021565,976.2954999932845,True
3,31,3,reused-client,1,viewport_98x72px,lzw_128,LZW,128,2,137850,2,137850,356.48212600062834,356.0275839990936,True
3,32,2,reused-client,1,large_aoi_392x288px,zstd_128,ZSTD,128,12,618903,12,618903,1984.5386250017327,1983.06987199976,True
3,33,1,reused-client,1,tiny_12x9px,zstd_256,ZSTD,256,1,206793,1,206793,236.90658399937092,236.72766700110515,True
3,34,4,reused-client,1,reference_49x36px,deflate_256,DEFLATE,256,2,422487,2,422487,565.1348760002293,564.7435000028054,True
3,35,1,reused-client,1,tiny_12x9px,zstd_128,ZSTD,128,1,51811,1,51811,197.20758400217164,197.00949999969453,True
3,36,1,reused-client,1,viewport_98x72px,lzw_128,LZW,128,2,137850,2,137850,226.66633399785496,226.5497080006753,True
3,37,2,reused-client,1,viewport_196x144px,zstd_256,ZSTD,256,4,826507,4,826507,1419.2249589978019,1418.671125000401,True
3,38,2,reused-client,1,small_24x18px,zstd_256,ZSTD,256,1,206793,1,206793,325.044875000458,324.87966700136894,True
3,39,1,reused-client,1,viewport_196x144px,deflate_256,DEFLATE,256,4,840293,4,840293,862.9275420025806,862.4391259982076,True
3,40,4,reused-client,1,tiny_12x9px,zstd_512,ZSTD,512,1,829285,1,829285,549.1842920018826,549.0281259990297,True
3,41,1,reused-client,1,viewport_196x144px,lzw_512,LZW,512,2,2215302,2,2215302,2642.7318759997434,2642.3248759965645,True
3,42,5,reused-client,1,viewport_98x72px,lzw_512,LZW,512,1,1117985,1,1117985,1410.802959002467,1410.5997080005181,True
3,43,4,reused-client,1,small_24x18px,lzw_128,LZW,128,1,69651,1,69651,101.51558299912722,101.4071249992412,True
3,44,5,reused-client,1,small_24x18px,deflate_128,DEFLATE,128,1,52579,1,52579,112.12333399816998,111.8942920002155,True
3,45,3,reused-client,1,small_24x18px,lzw_256,LZW,256,1,277518,1,277518,269.5265830006974,269.41987499958486,True
3,46,1,reused-client,1,viewport_98x72px,zstd_512,ZSTD,512,1,829285,1,829285,865.6128340007854,865.4190839988587,True
3,47,1,reused-client,1,viewport_98x72px,zstd_128,ZSTD,128,2,102669,2,102669,165.14095900129178,164.95362399655278,True
3,48,2,reused-client,1,tiny_12x9px,lzw_128,LZW,128,1,69651,1,69651,121.64458400002331,121.45812499875319,True
3,49,5,reused-client,1,reference_49x36px,zstd_512,ZSTD,512,1,829285,1,829285,853.0053329996008,852.7961260006123,True
3,50,5,reused-client,1,large_aoi_392x288px,deflate_512,DEFLATE,512,2,1676140,2,1676140,1582.27383400299,1581.8789590011875,True
3,51,2,reused-client,1,reference_49x36px,deflate_512,DEFLATE,512,1,845637,1,845637,687.0974999983446,686.888458996691,True
3,52,2,reused-client,1,reference_49x36px,lzw_256,LZW,256,2,559615,2,559615,511.6171670015319,511.28520899874275,True
3,53,4,reused-client,1,viewport_196x144px,lzw_128,LZW,128,6,417819,6,417819,594.1784169990569,593.6363759938104,True
3,54,3,reused-client,1,large_aoi_392x288px,deflate_512,DEFLATE,512,2,1676140,2,1676140,1531.5836669979035,1531.2925430007454,True
3,55,2,reused-client,1,viewport_98x72px,deflate_256,DEFLATE,256,2,422487,2,422487,365.3320839985099,365.06883399852086,True
3,56,1,reused-client,1,reference_49x36px,deflate_256,DEFLATE,256,2,422487,2,422487,790.0737919990206,789.7872089997691,True
3,57,2,reused-client,1,large_aoi_392x288px,zstd_256,ZSTD,256,4,826507,4,826507,1613.019833999715,1612.4745839952084,True
3,58,3,reused-client,1,large_aoi_392x288px,deflate_128,DEFLATE,128,12,628423,12,628423,1716.0387099975196,1714.7324590041535,True
3,59,1,reused-client,1,small_24x18px,lzw_512,LZW,512,1,1117985,1,1117985,766.5065009969112,766.3014169993403,True
3,60,2,reused-client,1,large_aoi_392x288px,lzw_128,LZW,128,12,829141,12,829141,1641.436125999462,1639.9462049994327,True
3,61,3,reused-client,1,tiny_12x9px,zstd_512,ZSTD,512,1,829285,1,829285,1104.6775430004345,1104.490251000243,True
3,62,1,reused-client,1,tiny_12x9px,lzw_128,LZW,128,1,69651,1,69651,77.27079200049047,77.12179200098035,True
3,63,4,reused-client,1,tiny_12x9px,lzw_512,LZW,512,1,1117985,1,1117985,690.6404170003952,690.5304169995361,True
3,64,2,reused-client,1,viewport_196x144px,deflate_256,DEFLATE,256,4,840293,4,840293,1100.5833330018504,1100.2127100000507,True
3,65,3,reused-client,1,large_aoi_392x288px,deflate_256,DEFLATE,256,4,840293,4,840293,744.6810000001278,744.1962079974473,True
3,66,5,reused-client,1,viewport_98x72px,zstd_512,ZSTD,512,1,829285,1,829285,467.620249997708,467.48329199908767,True
3,67,1,reused-client,1,tiny_12x9px,deflate_256,DEFLATE,256,1,210593,1,210593,152.56470799795352,152.34774999771616,True
3,68,3,reused-client,1,large_aoi_392x288px,zstd_512,ZSTD,512,2,1646298,2,1646298,1362.5304589986627,1362.202416999935,True
3,69,1,reused-client,1,large_aoi_392x288px,lzw_512,LZW,512,2,2215302,2,2215302,1221.6493339983572,1221.4306260029844,True
3,70,1,reused-client,1,reference_49x36px,zstd_128,ZSTD,128,2,102669,2,102669,204.6367500006454,204.4231250001758,True
3,71,5,reused-client,1,viewport_196x144px,zstd_128,ZSTD,128,6,311204,6,311204,583.3920840013889,582.784542999434,True
3,72,4,reused-client,1,viewport_98x72px,deflate_512,DEFLATE,512,1,845637,1,845637,435.16408399955253,434.99795900061144,True
3,73,2,reused-client,1,reference_49x36px,lzw_128,LZW,128,2,137850,2,137850,150.9559169971908,150.71766700202716,True
3,74,5,reused-client,1,viewport_196x144px,lzw_128,LZW,128,6,417819,6,417819,561.4127090011607,560.9954579995247,True
3,75,4,reused-client,1,tiny_12x9px,zstd_128,ZSTD,128,1,51811,1,51811,43.90816600061953,43.83741700075916,True
3,76,4,reused-client,1,tiny_12x9px,zstd_256,ZSTD,256,1,206793,1,206793,77.9432919989631,77.80929100044887,True
3,77,2,reused-client,1,reference_49x36px,deflate_256,DEFLATE,256,2,422487,2,422487,210.36391699817614,210.22508299938636,True
3,78,3,reused-client,1,viewport_196x144px,lzw_512,LZW,512,2,2215302,2,2215302,1201.6178339981707,1201.4072090023546,True
3,79,1,reused-client,1,small_24x18px,zstd_512,ZSTD,512,1,829285,1,829285,720.4247510017012,720.256167001935,True
3,80,2,reused-client,1,small_24x18px,lzw_256,LZW,256,1,277518,1,277518,216.69720799764036,216.5564999995695,True
3,81,2,reused-client,1,large_aoi_392x288px,lzw_256,LZW,256,4,1111779,4,1111779,1205.0470419999328,1204.3779999985418,True
3,82,3,reused-client,1,viewport_196x144px,deflate_512,DEFLATE,512,2,1676140,2,1676140,945.4428749995714,944.9281249981141,True
3,83,1,reused-client,1,large_aoi_392x288px,zstd_256,ZSTD,256,4,826507,4,826507,732.1887920006702,731.7627919983352,True
3,84,5,reused-client,1,reference_49x36px,zstd_256,ZSTD,256,2,415577,2,415577,317.10916699739755,316.9194590009283,True
3,85,4,reused-client,1,large_aoi_392x288px,deflate_256,DEFLATE,256,4,840293,4,840293,929.105499999423,928.6634999989474,True
3,86,4,reused-client,1,large_aoi_392x288px,lzw_256,LZW,256,4,1111779,4,1111779,1022.0864590010024,1021.6718339979707,True
3,87,4,reused-client,1,viewport_98x72px,zstd_512,ZSTD,512,1,829285,1,829285,1032.7383340008964,1032.54433300026,True
3,88,1,reused-client,1,tiny_12x9px,deflate_512,DEFLATE,512,1,845637,1,845637,897.3354999980074,897.049249997508,True
3,89,3,reused-client,1,small_24x18px,deflate_128,DEFLATE,128,1,52579,1,52579,81.43441699940013,81.25762500276323,True
3,90,2,reused-client,1,viewport_196x144px,lzw_512,LZW,512,2,2215302,2,2215302,2921.4212509978097,2921.127167999657,True
3,91,5,reused-client,1,tiny_12x9px,deflate_512,DEFLATE,512,1,845637,1,845637,1436.6336249986489,1436.5315430004557,True
3,92,1,reused-client,1,reference_49x36px,lzw_256,LZW,256,2,559615,2,559615,1106.8585419998271,1106.671916997584,True
3,93,4,reused-client,1,tiny_12x9px,lzw_256,LZW,256,1,277518,1,277518,440.514499998244,440.33179200050654,True
3,94,4,reused-client,1,tiny_12x9px,deflate_128,DEFLATE,128,1,52579,1,52579,97.60054199796286,97.4454160023015,True
3,95,2,reused-client,1,small_24x18px,zstd_128,ZSTD,128,1,51811,1,51811,75.99966699854122,75.87462499941466,True
3,96,1,reused-client,1,reference_49x36px,deflate_128,DEFLATE,128,2,104009,2,104009,167.6000000006752,167.34716599603416,True
3,97,1,reused-client,1,viewport_98x72px,deflate_256,DEFLATE,256,2,422487,2,422487,400.9399589995155,400.75091700055054,True
3,98,5,reused-client,1,viewport_196x144px,lzw_512,LZW,512,2,2215302,2,2215302,1383.9429170002404,1383.5268760012696,True
3,99,5,reused-client,1,small_24x18px,zstd_128,ZSTD,128,1,51811,1,51811,270.00208299796213,269.9189579980157,True
3,100,2,reused-client,1,large_aoi_392x288px,lzw_512,LZW,512,2,2215302,2,2215302,1291.4987090007344,1291.295376002381,True
3,101,3,reused-client,1,viewport_196x144px,deflate_256,DEFLATE,256,4,840293,4,840293,1431.3208759995177,1430.8417920001375,True
3,102,1,reused-client,1,large_aoi_392x288px,deflate_128,DEFLATE,128,12,628423,12,628423,1414.0157509973506,1413.017917999241,True
3,103,2,reused-client,1,tiny_12x9px,lzw_256,LZW,256,1,277518,1,277518,448.24595899990527,448.0436669982737,True
3,104,3,reused-client,1,viewport_196x144px,deflate_128,DEFLATE,128,6,315912,6,315912,1074.662751001597,1073.8212930045847,True
3,105,4,reused-client,1,viewport_196x144px,zstd_512,ZSTD,512,2,1646298,2,1646298,1227.5895000020682,1227.4651669977175,True
3,106,4,reused-client,1,tiny_12x9px,deflate_256,DEFLATE,256,1,210593,1,210593,707.9801669970038,707.8083759988658,True
3,107,3,reused-client,1,reference_49x36px,zstd_512,ZSTD,512,1,829285,1,829285,1527.9453759976604,1527.783958998043,True
3,108,4,reused-client,1,viewport_196x144px,lzw_512,LZW,512,2,2215302,2,2215302,2965.0874600010866,2964.7076270011894,True
3,109,3,reused-client,1,viewport_98x72px,zstd_128,ZSTD,128,2,102669,2,102669,193.28670800314285,193.12370799889322,True
3,110,1,reused-client,1,small_24x18px,zstd_128,ZSTD,128,1,51811,1,51811,57.055792000028305,56.91912499969476,True
3,111,5,reused-client,1,small_24x18px,deflate_256,DEFLATE,256,1,210593,1,210593,168.63079099857714,168.50820800027577,True
3,112,4,reused-client,1,viewport_196x144px,zstd_256,ZSTD,256,4,826507,4,826507,680.07495799975,679.6202919977077,True
3,113,4,reused-client,1,small_24x18px,deflate_512,DEFLATE,512,1,845637,1,845637,527.9807509978127,527.7027089978219,True
3,114,2,reused-client,1,viewport_196x144px,zstd_512,ZSTD,512,2,1646298,2,1646298,803.8990419991023,803.549792002741,True
3,115,5,reused-client,1,small_24x18px,deflate_512,DEFLATE,512,1,845637,1,845637,249.3972920019587,249.2698339992785,True
3,116,4,reused-client,1,reference_49x36px,lzw_256,LZW,256,2,559615,2,559615,363.7457919976441,363.5044580005342,True
3,117,4,reused-client,1,viewport_196x144px,lzw_256,LZW,256,4,1111779,4,1111779,1097.2240009978123,1096.8057499958377,True
3,118,2,reused-client,1,viewport_98x72px,lzw_512,LZW,512,1,1117985,1,1117985,1135.7260000004317,1135.560376002104,True
3,119,3,reused-client,1,tiny_12x9px,deflate_512,DEFLATE,512,1,845637,1,845637,867.7875010034768,867.6448750011332,True
3,120,5,reused-client,1,viewport_98x72px,deflate_512,DEFLATE,512,1,845637,1,845637,1177.0955000029062,1176.9667500011565,True
3,121,5,reused-client,1,viewport_196x144px,deflate_512,DEFLATE,512,2,1676140,2,1676140,3537.106001000211,3536.78595999736,True
3,122,5,reused-client,1,viewport_196x144px,zstd_512,ZSTD,512,2,1646298,2,1646298,1086.3773340024636,1086.0358749996522,True
3,123,2,reused-client,1,viewport_196x144px,lzw_128,LZW,128,6,417819,6,417819,460.37620800052537,459.4387920005829,True
3,124,3,reused-client,1,large_aoi_392x288px,lzw_256,LZW,256,4,1111779,4,1111779,963.1061250001949,962.7675410010852,True
3,125,5,reused-client,1,small_24x18px,zstd_512,ZSTD,512,1,829285,1,829285,778.1842090007558,778.01845799695,True
3,126,4,reused-client,1,large_aoi_392x288px,deflate_128,DEFLATE,128,12,628423,12,628423,1224.368458999379,1223.1647089975013,True
3,127,3,reused-client,1,reference_49x36px,zstd_256,ZSTD,256,2,415577,2,415577,355.88862499935203,355.6275819973962,True
3,128,1,reused-client,1,small_24x18px,deflate_256,DEFLATE,256,1,210593,1,210593,224.17658300037147,224.05591700226068,True
3,129,5,reused-client,1,reference_49x36px,lzw_512,LZW,512,1,1117985,1,1117985,891.6479590006929,891.5173750028771,True
3,130,3,reused-client,1,viewport_196x144px,lzw_128,LZW,128,6,417819,6,417819,680.7378749981581,680.3082090009411,True
3,131,4,reused-client,1,small_24x18px,deflate_128,DEFLATE,128,1,52579,1,52579,102.18658300073002,102.1540420006204,True
3,132,2,reused-client,1,viewport_98x72px,deflate_128,DEFLATE,128,2,104009,2,104009,150.29445799882524,150.2114579998306,True
3,133,3,reused-client,1,tiny_12x9px,lzw_128,LZW,128,1,69651,1,69651,98.49566599950776,98.39408300103969,True
3,134,4,reused-client,1,reference_49x36px,zstd_256,ZSTD,256,2,415577,2,415577,456.75308399950154,456.51612500296324,True
3,135,1,reused-client,1,large_aoi_392x288px,deflate_512,DEFLATE,512,2,1676140,2,1676140,863.7653760015382,863.5122510022484,True
3,136,2,reused-client,1,tiny_12x9px,deflate_256,DEFLATE,256,1,210593,1,210593,116.98791700109723,116.82041600215598,True
3,137,1,reused-client,1,viewport_98x72px,zstd_256,ZSTD,256,2,415577,2,415577,293.4098340010678,293.20454300250276,True
3,138,5,reused-client,1,tiny_12x9px,deflate_256,DEFLATE,256,1,210593,1,210593,126.3799590014969,126.34329199863714,True
3,139,1,reused-client,1,tiny_12x9px,lzw_256,LZW,256,1,277518,1,277518,208.2970839983318,208.1564170002821,True
3,140,5,reused-client,1,viewport_98x72px,zstd_128,ZSTD,128,2,102669,2,102669,413.77975099749165,413.3847920020344,True
3,141,2,reused-client,1,tiny_12x9px,zstd_512,ZSTD,512,1,829285,1,829285,352.1782499992696,352.06325000035577,True
3,142,2,reused-client,1,reference_49x36px,zstd_512,ZSTD,512,1,829285,1,829285,568.6457499978133,568.3777500016731,True
3,143,2,reused-client,1,tiny_12x9px,lzw_512,LZW,512,1,1117985,1,1117985,703.4804169998097,703.3373749982275,True
3,144,2,reused-client,1,small_24x18px,deflate_512,DEFLATE,512,1,845637,1,845637,661.7142089999106,661.6007510019699,True
3,145,2,reused-client,1,small_24x18px,deflate_128,DEFLATE,128,1,52579,1,52579,53.409292002470465,53.225958999973955,True
3,146,1,reused-client,1,viewport_98x72px,deflate_512,DEFLATE,512,1,845637,1,845637,561.3576670002658,561.2104589999944,True
3,147,3,reused-client,1,viewport_196x144px,lzw_256,LZW,256,4,1111779,4,1111779,697.9427500009479,697.570917000121,True
3,148,5,reused-client,1,reference_49x36px,lzw_128,LZW,128,2,137850,2,137850,169.35066699807066,169.13254100290942,True
3,149,3,reused-client,1,small_24x18px,deflate_512,DEFLATE,512,1,845637,1,845637,727.4482920001901,727.2960839982261,True
3,150,4,reused-client,1,tiny_12x9px,lzw_128,LZW,128,1,69651,1,69651,79.16954200118198,79.03725000142003,True
3,151,2,reused-client,1,reference_49x36px,zstd_256,ZSTD,256,2,415577,2,415577,239.85208299927763,239.5842090008955,True
3,152,5,reused-client,1,viewport_196x144px,zstd_256,ZSTD,256,4,826507,4,826507,656.2463750015013,655.753665996599,True
3,153,5,reused-client,1,viewport_98x72px,lzw_128,LZW,128,2,137850,2,137850,136.35737500226242,136.0989580025489,True
3,154,4,reused-client,1,viewport_98x72px,deflate_128,DEFLATE,128,2,104009,2,104009,125.46370899872272,125.32975000067381,True
3,155,1,reused-client,1,large_aoi_392x288px,zstd_128,ZSTD,128,12,618903,12,618903,1088.1292509984632,1087.081918005424,True
3,156,5,reused-client,1,viewport_196x144px,deflate_128,DEFLATE,128,6,315912,6,315912,543.7498339997546,543.0782490038837,True
3,157,5,reused-client,1,viewport_98x72px,deflate_128,DEFLATE,128,2,104009,2,104009,114.1141250009241,113.91104200083646,True
3,158,5,reused-client,1,small_24x18px,lzw_256,LZW,256,1,277518,1,277518,172.12020800070604,172.058707998076,True
3,159,1,reused-client,1,large_aoi_392x288px,lzw_256,LZW,256,4,1111779,4,1111779,717.4010000017006,716.9365000008838,True
3,160,4,reused-client,1,large_aoi_392x288px,lzw_512,LZW,512,2,2215302,2,2215302,1272.0362510008272,1271.7952919992968,True
3,161,3,reused-client,1,large_aoi_392x288px,lzw_128,LZW,128,12,829141,12,829141,1019.6953759987082,1018.5205839989067,True
3,162,3,reused-client,1,tiny_12x9px,lzw_256,LZW,256,1,277518,1,277518,174.7447910020128,174.58500000066124,True
3,163,5,reused-client,1,reference_49x36px,zstd_128,ZSTD,128,2,102669,2,102669,133.06570799977635,132.86216800042894,True
3,164,4,reused-client,1,reference_49x36px,lzw_128,LZW,128,2,137850,2,137850,157.4367089997395,157.25787499832222,True
3,165,1,reused-client,1,small_24x18px,lzw_256,LZW,256,1,277518,1,277518,305.71887499900186,305.526459000248,True
3,166,3,reused-client,1,reference_49x36px,lzw_128,LZW,128,2,137850,2,137850,123.4543329992448,123.24416599585675,True
3,167,4,reused-client,1,large_aoi_392x288px,lzw_128,LZW,128,12,829141,12,829141,988.2778339997458,987.2885000004317,True
3,168,5,reused-client,1,reference_49x36px,deflate_512,DEFLATE,512,1,845637,1,845637,500.6046670023352,500.4168329978711,True
3,169,3,reused-client,1,viewport_98x72px,zstd_512,ZSTD,512,1,829285,1,829285,412.5716669987014,412.35312500066357,True
3,170,5,reused-client,1,tiny_12x9px,zstd_512,ZSTD,512,1,829285,1,829285,406.9350009995105,406.7302090006706,True
3,171,4,reused-client,1,large_aoi_392x288px,zstd_128,ZSTD,128,12,618903,12,618903,902.040124998166,901.2560840055812,True
3,172,2,reused-client,1,tiny_12x9px,deflate_128,DEFLATE,128,1,52579,1,52579,74.63774999996531,74.54058400253416,True
3,173,5,reused-client,1,viewport_98x72px,zstd_256,ZSTD,256,2,415577,2,415577,305.82108400267316,305.5653749979683,True
3,174,3,reused-client,1,tiny_12x9px,deflate_128,DEFLATE,128,1,52579,1,52579,76.89316699907067,76.74829100142233,True
3,175,3,reused-client,1,reference_49x36px,deflate_512,DEFLATE,512,1,845637,1,845637,463.9961659995606,463.7391670003126,True
3,176,1,reused-client,1,viewport_196x144px,deflate_512,DEFLATE,512,2,1676140,2,1676140,891.1692080000648,890.8481669968751,True
3,177,5,reused-client,1,small_24x18px,lzw_128,LZW,128,1,69651,1,69651,103.55629200057592,103.37699999945471,True
3,178,5,reused-client,1,large_aoi_392x288px,zstd_512,ZSTD,512,2,1646298,2,1646298,973.1939589983085,972.902959001658,True
3,179,2,reused-client,1,large_aoi_392x288px,deflate_256,DEFLATE,256,4,840293,4,840293,520.2342090015009,519.8020000025281,True
3,180,2,reused-client,1,viewport_98x72px,deflate_512,DEFLATE,512,1,845637,1,845637,342.33608299837215,342.11375000086264,True
3,181,4,reused-client,1,viewport_98x72px,lzw_256,LZW,256,2,559615,2,559615,415.65716699915356,415.4261680014315,True
3,182,1,reused-client,1,reference_49x36px,zstd_256,ZSTD,256,2,415577,2,415577,306.918541999039,306.72279200007324,True
3,183,3,reused-client,1,tiny_12x9px,zstd_256,ZSTD,256,1,206793,1,206793,113.57337499794085,113.46754199985298,True
3,184,4,reused-client,1,reference_49x36px,deflate_512,DEFLATE,512,1,845637,1,845637,630.4762920008216,630.2667919990199,True
3,185,5,reused-client,1,tiny_12x9px,lzw_128,LZW,128,1,69651,1,69651,67.85800000216113,67.77362499997253,True
3,186,1,reused-client,1,tiny_12x9px,lzw_512,LZW,512,1,1117985,1,1117985,560.7807090018468,560.5752920018858,True
3,187,3,reused-client,1,large_aoi_392x288px,zstd_128,ZSTD,128,12,618903,12,618903,1293.1640839997272,1292.1246260011685,True
3,188,2,reused-client,1,small_24x18px,deflate_256,DEFLATE,256,1,210593,1,210593,127.54216699977405,127.44383399694925,True
3,189,1,reused-client,1,small_24x18px,lzw_128,LZW,128,1,69651,1,69651,78.43516700086184,78.35020800121129,True
3,190,3,reused-client,1,small_24x18px,zstd_256,ZSTD,256,1,206793,1,206793,143.89054200000828,143.76350000020466,True
3,191,2,reused-client,1,viewport_98x72px,zstd_256,ZSTD,256,2,415577,2,415577,237.81387499911943,237.57608300365973,True
3,192,2,reused-client,1,viewport_196x144px,deflate_512,DEFLATE,512,2,1676140,2,1676140,790.4046670009848,790.0922090011591,True
3,193,3,reused-client,1,reference_49x36px,deflate_256,DEFLATE,256,2,422487,2,422487,273.82104199932655,273.6137499996403,True
3,194,3,reused-client,1,reference_49x36px,zstd_128,ZSTD,128,2,102669,2,102669,149.00612499695853,148.8735419989098,True
3,195,3,reused-client,1,large_aoi_392x288px,zstd_256,ZSTD,256,4,826507,4,826507,772.9291670002567,772.3277079967374,True
3,196,1,reused-client,1,viewport_196x144px,zstd_512,ZSTD,512,2,1646298,2,1646298,1639.5300840013078,1639.2629169968131,True
3,197,3,reused-client,1,small_24x18px,zstd_512,ZSTD,512,1,829285,1,829285,1007.0278759994835,1006.9600429997081,True
3,198,1,reused-client,1,reference_49x36px,lzw_128,LZW,128,2,137850,2,137850,142.6030830007221,142.44658399911714,True
3,199,2,reused-client,1,viewport_98x72px,lzw_256,LZW,256,2,559615,2,559615,459.5210000006773,459.28237499902025,True
3,200,5,reused-client,1,reference_49x36px,deflate_256,DEFLATE,256,2,422487,2,422487,487.0472090005933,486.7800829997577,True
3,201,2,reused-client,1,tiny_12x9px,deflate_512,DEFLATE,512,1,845637,1,845637,470.8175419982581,470.6403339987446,True
3,202,3,reused-client,1,small_24x18px,lzw_512,LZW,512,1,1117985,1,1117985,1001.7257920007978,1001.5594579999743,True
3,203,5,reused-client,1,viewport_196x144px,lzw_256,LZW,256,4,1111779,4,1111779,961.8818339986319,961.3685409967729,True
3,204,4,reused-client,1,reference_49x36px,deflate_128,DEFLATE,128,2,104009,2,104009,151.50754199930816,151.344624999183,True
3,205,5,reused-client,1,large_aoi_392x288px,lzw_128,LZW,128,12,829141,12,829141,1478.8867500028573,1477.686542999436,True
3,206,4,reused-client,1,large_aoi_392x288px,zstd_256,ZSTD,256,4,826507,4,826507,1069.374668000819,1068.8221259988495,True
3,207,3,reused-client,1,tiny_12x9px,zstd_128,ZSTD,128,1,51811,1,51811,55.87737499809009,55.77700000139885,True
3,208,5,reused-client,1,large_aoi_392x288px,lzw_512,LZW,512,2,2215302,2,2215302,1346.8291249992035,1346.599125998182,True
3,209,5,reused-client,1,reference_49x36px,deflate_128,DEFLATE,128,2,104009,2,104009,163.10533300202223,162.92591800447553,True
3,210,3,reused-client,1,small_24x18px,deflate_256,DEFLATE,256,1,210593,1,210593,124.49737499991897,124.33920900002704,True
3,211,4,reused-client,1,viewport_196x144px,zstd_128,ZSTD,128,6,311204,6,311204,1011.378874998627,1010.6635440024547,True
3,212,3,reused-client,1,viewport_98x72px,deflate_128,DEFLATE,128,2,104009,2,104009,128.3994579971477,128.24237499808078,True
3,213,3,reused-client,1,tiny_12x9px,lzw_512,LZW,512,1,1117985,1,1117985,1336.761626000225,1336.6040420005447,True
3,214,3,reused-client,1,large_aoi_392x288px,lzw_512,LZW,512,2,2215302,2,2215302,2821.0770430014236,2820.7541669980856,True
3,215,4,reused-client,1,viewport_98x72px,lzw_128,LZW,128,2,137850,2,137850,397.3714999992808,397.09441699960735,True
3,216,5,reused-client,1,tiny_12x9px,deflate_128,DEFLATE,128,1,52579,1,52579,94.52862499892944,94.4367920019431,True
3,217,5,reused-client,1,reference_49x36px,lzw_256,LZW,256,2,559615,2,559615,1286.2715420014865,1285.8785419994092,True
3,218,4,reused-client,1,reference_49x36px,zstd_128,ZSTD,128,2,102669,2,102669,150.42225000070175,150.2535000036005,True
3,219,5,reused-client,1,viewport_196x144px,deflate_256,DEFLATE,256,4,840293,4,840293,1130.6829169989214,1130.1786260046356,True
3,220,4,reused-client,1,viewport_98x72px,zstd_128,ZSTD,128,2,102669,2,102669,197.16387500011479,196.93887600078597,True
3,221,1,reused-client,1,small_24x18px,deflate_128,DEFLATE,128,1,52579,1,52579,209.1680420016928,208.97566699932213,True
3,222,3,reused-client,1,viewport_98x72px,deflate_256,DEFLATE,256,2,422487,2,422487,511.6432499999064,511.35870900179725,True
3,223,1,reused-client,1,tiny_12x9px,deflate_128,DEFLATE,128,1,52579,1,52579,101.28800000165938,101.2036669999361,True
3,224,1,reused-client,1,tiny_12x9px,zstd_512,ZSTD,512,1,829285,1,829285,545.1385409978684,544.9369580019265,True
3,225,2,reused-client,1,large_aoi_392x288px,deflate_128,DEFLATE,128,12,628423,12,628423,1519.7368759982055,1518.8201700075297,True
3,226,5,reused-client,1,large_aoi_392x288px,zstd_256,ZSTD,256,4,826507,4,826507,685.613875000854,685.2408749946335,True
3,227,1,reused-client,1,viewport_98x72px,lzw_256,LZW,256,2,559615,2,559615,424.17604200090864,423.91754100390244,True
3,228,2,reused-client,1,tiny_12x9px,zstd_128,ZSTD,128,1,51811,1,51811,54.868625000381144,54.766000001109205,True
3,229,1,reused-client,1,reference_49x36px,lzw_512,LZW,512,1,1117985,1,1117985,738.8750840000284,738.6975010012975,True
3,230,4,reused-client,1,viewport_98x72px,deflate_256,DEFLATE,256,2,422487,2,422487,324.45237599677057,324.1495420006686,True
3,231,4,reused-client,1,viewport_196x144px,deflate_256,DEFLATE,256,4,840293,4,840293,1967.9947510012425,1967.3602099974232,True
3,232,4,reused-client,1,viewport_196x144px,deflate_128,DEFLATE,128,6,315912,6,315912,663.7399169994751,663.2161660018028,True
3,233,4,reused-client,1,large_aoi_392x288px,deflate_512,DEFLATE,512,2,1676140,2,1676140,3701.030167998397,3700.7143769988033,True
3,234,5,reused-client,1,tiny_12x9px,lzw_512,LZW,512,1,1117985,1,1117985,1385.6112920002488,1385.42441699974,True
3,235,2,reused-client,1,viewport_98x72px,lzw_128,LZW,128,2,137850,2,137850,278.4728330007056,278.2083340025565,True
3,236,4,reused-client,1,small_24x18px,deflate_256,DEFLATE,256,1,210593,1,210593,276.91658299954724,276.74329199726344,True
3,237,5,reused-client,1,large_aoi_392x288px,lzw_256,LZW,256,4,1111779,4,1111779,1517.7360000016051,1517.251084002055,True
3,238,1,reused-client,1,reference_49x36px,deflate_512,DEFLATE,512,1,845637,1,845637,1516.833208999742,1516.5745839985902,True
3,239,5,reused-client,1,viewport_98x72px,lzw_256,LZW,256,2,559615,2,559615,989.7875420028868,989.4049579997954,True
3,240,3,reused-client,1,reference_49x36px,lzw_256,LZW,256,2,559615,2,559615,1025.733376001881,1025.3647089994047,True
3,241,1,reused-client,1,viewport_196x144px,lzw_128,LZW,128,6,417819,6,417819,1516.2754170014523,1515.46558499831,True
3,242,4,reused-client,1,large_aoi_392x288px,zstd_512,ZSTD,512,2,1646298,2,1646298,3553.6524599992845,3553.2983359989885,True
3,243,3,reused-client,1,viewport_98x72px,lzw_512,LZW,512,1,1117985,1,1117985,551.779291999992,551.5806670009624,True
3,244,1,reused-client,1,large_aoi_392x288px,deflate_256,DEFLATE,256,4,840293,4,840293,942.8819590029889,942.2935000038706,True
3,245,1,reused-client,1,small_24x18px,zstd_256,ZSTD,256,1,206793,1,206793,223.23466700254357,223.14454200022737,True
3,246,4,reused-client,1,reference_49x36px,lzw_512,LZW,512,1,1117985,1,1117985,828.3107089991972,828.1118760023674,True
3,247,2,reused-client,1,viewport_196x144px,zstd_128,ZSTD,128,6,311204,6,311204,760.1209169988579,759.5430009969277,True
3,248,2,reused-client,1,reference_49x36px,deflate_128,DEFLATE,128,2,104009,2,104009,200.01883299846668,199.81824999922537,True
3,249,2,reused-client,1,viewport_98x72px,zstd_128,ZSTD,128,2,102669,2,102669,285.3989579998597,285.24429200115264,True
3,250,4,reused-client,1,tiny_12x9px,deflate_512,DEFLATE,512,1,845637,1,845637,1252.4818339988997,1252.3409589994117,True
3,251,2,reused-client,1,viewport_196x144px,lzw_256,LZW,256,4,1111779,4,1111779,1341.9271259990637,1341.2815849987965,True
3,252,5,reused-client,1,tiny_12x9px,zstd_128,ZSTD,128,1,51811,1,51811,70.7232919994567,70.6129169993801,True
3,253,2,reused-client,1,viewport_196x144px,deflate_128,DEFLATE,128,6,315912,6,315912,661.7624169994087,661.1670009951922,True
3,254,1,reused-client,1,large_aoi_392x288px,lzw_128,LZW,128,12,829141,12,829141,1350.9342510005808,1349.9554159971012,True
3,255,3,reused-client,1,viewport_98x72px,lzw_256,LZW,256,2,559615,2,559615,478.47533299864153,478.2214169972576,True
3,256,4,reused-client,1,small_24x18px,zstd_256,ZSTD,256,1,206793,1,206793,255.86208299864666,255.69516600080533,True
3,257,5,reused-client,1,small_24x18px,zstd_256,ZSTD,256,1,206793,1,206793,226.38799999913317,226.23566600304912,True
3,258,3,reused-client,1,viewport_98x72px,zstd_256,ZSTD,256,2,415577,2,415577,569.1676669994195,568.9308749970223,True
3,259,2,reused-client,1,large_aoi_392x288px,zstd_512,ZSTD,512,2,1646298,2,1646298,1912.0355010018102,1911.7085420002695,True
3,260,5,reused-client,1,tiny_12x9px,zstd_256,ZSTD,256,1,206793,1,206793,486.12620900166803,485.96099999849685,True
3,261,1,reused-client,1,reference_49x36px,zstd_512,ZSTD,512,1,829285,1,829285,851.0605419978674,850.8821249997709,True
3,262,4,reused-client,1,viewport_196x144px,deflate_512,DEFLATE,512,2,1676140,2,1676140,2793.236125999101,2792.96416699799,True
3,263,5,reused-client,1,large_aoi_392x288px,deflate_256,DEFLATE,256,4,840293,4,840293,965.5920830009563,965.0970840048103,True
3,264,2,reused-client,1,viewport_98x72px,zstd_512,ZSTD,512,1,829285,1,829285,387.76583400249365,387.57895899834693,True
3,265,4,reused-client,1,small_24x18px,zstd_512,ZSTD,512,1,829285,1,829285,512.1168750010838,511.93591699848184,True
3,266,1,reused-client,1,viewport_98x72px,deflate_128,DEFLATE,128,2,104009,2,104009,251.86150000081398,251.67583300208207,True
3,267,4,reused-client,1,reference_49x36px,zstd_512,ZSTD,512,1,829285,1,829285,2354.3730009987485,2354.1406260010262,True
3,268,2,reused-client,1,small_24x18px,zstd_512,ZSTD,512,1,829285,1,829285,533.4797920004348,533.2597499982512,True
3,269,3,reused-client,1,viewport_98x72px,deflate_512,DEFLATE,512,1,845637,1,845637,803.888583999651,803.7185419998423,True
3,270,4,reused-client,1,small_24x18px,lzw_512,LZW,512,1,1117985,1,1117985,824.9323759991967,824.7269170024083,True
