round,sequence,run,mode,concurrency,scenario,variant,compression,blocksize,tiles_touched,expected_bytes,completed_gets,response_body_bytes,bbox_wall_ms,request_total_ms_sum,all_valid
1,1,2,fresh-client,1,interior,deflate_512,DEFLATE,512,1,854635,1,854635,571.2596669982304,569.6608340003877,True
1,2,5,fresh-client,1,cross_256_corner,zstd_128,ZSTD,128,4,210703,4,210703,912.8436249993683,909.0329579958052,True
1,3,4,fresh-client,1,interior,deflate_128,DEFLATE,128,1,55101,1,55101,321.1892079998506,319.4733330019517,True
1,4,4,fresh-client,1,cross_256_edge,zstd_512,ZSTD,512,1,839680,1,839680,584.3984580023971,582.88199999879,True
1,5,4,fresh-client,1,cross_512_corner,lzw_512,LZW,512,4,4453002,4,4453002,3782.3042099989834,3776.261793998856,True
1,6,1,fresh-client,1,interior,zstd_256,ZSTD,256,1,213027,1,213027,365.48195800060057,363.8075420021778,True
1,7,4,fresh-client,1,interior,zstd_512,ZSTD,512,1,839680,1,839680,667.0917500014184,666.1449170023843,True
1,8,3,fresh-client,1,cross_512_corner,lzw_256,LZW,256,4,1119359,4,1119359,1480.3200839996862,1475.5395850006607,True
1,9,1,fresh-client,1,cross_512_corner,lzw_128,LZW,128,4,281701,4,281701,1020.3839589994459,1016.1590419920685,True
1,10,5,fresh-client,1,cross_128_corner,lzw_128,LZW,128,4,286916,4,286916,1036.8632079989766,1032.6724579972506,True
1,11,3,fresh-client,1,cross_256_corner,lzw_512,LZW,512,1,1132359,1,1132359,671.488916999806,670.1214170025196,True
1,12,5,fresh-client,1,cross_256_corner,zstd_512,ZSTD,512,1,839680,1,839680,405.0849169980211,403.47441699850606,True
1,13,1,fresh-client,1,cross_128_corner,zstd_256,ZSTD,256,1,213027,1,213027,397.65962500314345,396.08537499952945,True
1,14,5,fresh-client,1,cross_512_corner,deflate_512,DEFLATE,512,4,3358246,4,3358246,2939.9232089999714,2934.3199190007,True
1,15,1,fresh-client,1,interior,zstd_128,ZSTD,128,1,54047,1,54047,291.2963749986375,290.77308399791946,True
1,16,3,fresh-client,1,cross_512_edge,zstd_512,ZSTD,512,2,1659734,2,1659734,1068.480207999528,1065.9386670013191,True
1,17,3,fresh-client,1,cross_512_corner,lzw_512,LZW,512,4,4453002,4,4453002,2813.2983340001374,2807.0955849980237,True
1,18,4,fresh-client,1,cross_128_corner,zstd_128,ZSTD,128,4,213549,4,213549,1049.2795419995673,1045.3588739983388,True
1,19,5,fresh-client,1,cross_256_edge,deflate_512,DEFLATE,512,1,854635,1,854635,869.1433340027288,867.5582920004672,True
1,20,4,fresh-client,1,cross_128_edge,zstd_256,ZSTD,256,1,213027,1,213027,279.27400099724764,277.71695900082705,True
1,21,5,fresh-client,1,interior,zstd_128,ZSTD,128,1,54047,1,54047,279.7611669993785,277.9972499993164,True
1,22,2,fresh-client,1,cross_512_edge,deflate_256,DEFLATE,256,2,418008,2,418008,570.3393330004474,567.343124999752,True
1,23,1,fresh-client,1,cross_256_corner,deflate_256,DEFLATE,256,4,854526,4,854526,1447.4553340005514,1441.0960009990958,True
1,24,3,fresh-client,1,cross_128_edge,deflate_256,DEFLATE,256,1,216896,1,216896,398.4495840013551,397.3110419974546,True
1,25,5,fresh-client,1,cross_256_edge,lzw_512,LZW,512,1,1132359,1,1132359,680.3672919995734,679.435124999145,True
1,26,4,fresh-client,1,cross_512_edge,lzw_128,LZW,128,2,136799,2,136799,544.046500002878,541.5271669990034,True
1,27,2,fresh-client,1,cross_128_corner,zstd_256,ZSTD,256,1,213027,1,213027,271.97458400041796,269.893000000593,True
1,28,5,fresh-client,1,cross_128_corner,zstd_128,ZSTD,128,4,213549,4,213549,780.6368330020632,778.9815409996663,True
1,29,4,fresh-client,1,cross_256_edge,zstd_128,ZSTD,128,2,104575,2,104575,495.4742090012587,493.76637499881326,True
1,30,4,fresh-client,1,cross_512_edge,lzw_256,LZW,256,2,552383,2,552383,688.5374590019637,685.6255839993537,True
1,31,4,fresh-client,1,cross_256_edge,lzw_128,LZW,128,2,139785,2,139785,674.545334000868,671.8848750024335,True
1,32,4,fresh-client,1,cross_512_corner,lzw_128,LZW,128,4,281701,4,281701,1094.4142090011155,1091.382334001537,True
1,33,2,fresh-client,1,cross_256_edge,lzw_256,LZW,256,2,565161,2,565161,677.8316670024651,674.4267100002617,True
1,34,3,fresh-client,1,cross_128_corner,lzw_128,LZW,128,4,286916,4,286916,999.5322920003673,996.2860840023495,True
1,35,5,fresh-client,1,cross_512_edge,lzw_256,LZW,256,2,552383,2,552383,507.2395419992972,504.904291999992,True
1,36,1,fresh-client,1,cross_512_corner,deflate_128,DEFLATE,128,4,212896,4,212896,1150.2360839986068,1145.6769180040283,True
1,37,2,fresh-client,1,cross_512_edge,zstd_256,ZSTD,256,2,411669,2,411669,557.1977500003413,554.2039179963467,True
1,38,2,fresh-client,1,cross_128_edge,lzw_256,LZW,256,1,287238,1,287238,357.1291250009381,355.67966700182296,True
1,39,4,fresh-client,1,cross_512_edge,deflate_512,DEFLATE,512,2,1686890,2,1686890,1687.8807100001723,1684.7503350036277,True
1,40,3,fresh-client,1,cross_128_edge,zstd_256,ZSTD,256,1,213027,1,213027,482.8939580002043,480.8328340004664,True
1,41,2,fresh-client,1,cross_512_corner,deflate_512,DEFLATE,512,4,3358246,4,3358246,2188.5800429990923,2182.306293001602,True
1,42,2,fresh-client,1,cross_128_edge,zstd_256,ZSTD,256,1,213027,1,213027,676.2430420021701,675.0424589990871,True
1,43,2,fresh-client,1,cross_128_edge,lzw_512,LZW,512,1,1132359,1,1132359,935.5201260004833,934.6387500008859,True
1,44,4,fresh-client,1,cross_128_corner,lzw_128,LZW,128,4,286916,4,286916,1019.562583998777,1016.0573330067564,True
1,45,5,fresh-client,1,cross_256_corner,lzw_128,LZW,128,4,283558,4,283558,889.7928339974897,886.5258340010769,True
1,46,1,fresh-client,1,cross_512_edge,zstd_256,ZSTD,256,2,411669,2,411669,573.1661669997266,570.261083998048,True
1,47,4,fresh-client,1,cross_128_corner,deflate_128,DEFLATE,128,4,217343,4,217343,1098.3077089986182,1095.5576250016748,True
1,48,4,fresh-client,1,cross_128_corner,zstd_256,ZSTD,256,1,213027,1,213027,288.5306669995771,287.05587500007823,True
1,49,4,fresh-client,1,interior,lzw_512,LZW,512,1,1132359,1,1132359,791.9632920020376,790.0067499977013,True
1,50,2,fresh-client,1,cross_512_corner,lzw_256,LZW,256,4,1119359,4,1119359,1491.5424179998809,1485.6289590024971,True
1,51,5,fresh-client,1,cross_512_corner,lzw_128,LZW,128,4,281701,4,281701,880.2508749977278,877.3416250005539,True
1,52,2,fresh-client,1,cross_512_edge,deflate_512,DEFLATE,512,2,1686890,2,1686890,1026.6755420016125,1024.0619589967537,True
1,53,5,fresh-client,1,cross_128_edge,zstd_512,ZSTD,512,1,839680,1,839680,755.8897500020976,753.8192500032892,True
1,54,2,fresh-client,1,cross_256_corner,deflate_256,DEFLATE,256,4,854526,4,854526,1336.163290998229,1331.5370829986932,True
1,55,1,fresh-client,1,cross_512_edge,lzw_256,LZW,256,2,552383,2,552383,714.0828749979846,710.5377080006292,True
1,56,5,fresh-client,1,interior,deflate_128,DEFLATE,128,1,55101,1,55101,245.3843750008673,244.19291699814494,True
1,57,1,fresh-client,1,cross_128_edge,lzw_256,LZW,256,1,287238,1,287238,355.5097079988627,353.9597080016392,True
1,58,4,fresh-client,1,interior,zstd_128,ZSTD,128,1,54047,1,54047,230.55041699990397,229.6282909992442,True
1,59,4,fresh-client,1,cross_256_corner,lzw_512,LZW,512,1,1132359,1,1132359,1325.9255419980036,1324.360834001709,True
1,60,1,fresh-client,1,interior,deflate_512,DEFLATE,512,1,854635,1,854635,764.0361669982667,762.4243749996822,True
1,61,4,fresh-client,1,cross_512_edge,deflate_256,DEFLATE,256,2,418008,2,418008,601.3770419995126,598.2335420012532,True
1,62,2,fresh-client,1,interior,deflate_256,DEFLATE,256,1,216896,1,216896,308.6822920013219,306.5272920030111,True
1,63,2,fresh-client,1,cross_512_corner,lzw_512,LZW,512,4,4453002,4,4453002,2255.1605430016934,2250.254042999586,True
1,64,1,fresh-client,1,cross_256_corner,zstd_512,ZSTD,512,1,839680,1,839680,496.24416699953144,494.7545009999885,True
1,65,2,fresh-client,1,cross_256_edge,deflate_256,DEFLATE,256,2,427599,2,427599,735.1943339999707,732.1400009968784,True
1,66,4,fresh-client,1,cross_256_corner,lzw_128,LZW,128,4,283558,4,283558,1275.4802090021258,1270.4232069991122,True
1,67,4,fresh-client,1,interior,lzw_256,LZW,256,1,287238,1,287238,401.8865830003051,400.1568749990838,True
1,68,2,fresh-client,1,cross_256_edge,zstd_128,ZSTD,128,2,104575,2,104575,415.25462600111496,414.2886669942527,True
1,69,2,fresh-client,1,cross_256_corner,lzw_256,LZW,256,4,1132408,4,1132408,1376.7339590012853,1370.763001996238,True
1,70,3,fresh-client,1,cross_512_corner,deflate_128,DEFLATE,128,4,212896,4,212896,978.5201249978854,975.1316239999142,True
1,71,4,fresh-client,1,cross_128_corner,deflate_256,DEFLATE,256,1,216896,1,216896,364.83658400175045,363.70241699842154,True
1,72,5,fresh-client,1,cross_128_corner,zstd_256,ZSTD,256,1,213027,1,213027,248.75587499991525,247.67341700135148,True
1,73,2,fresh-client,1,cross_256_corner,deflate_128,DEFLATE,128,4,214354,4,214354,1076.5740839997306,1071.7829999957758,True
1,74,2,fresh-client,1,cross_512_edge,lzw_256,LZW,256,2,552383,2,552383,1036.1125839990564,1032.9437520013016,True
1,75,3,fresh-client,1,cross_512_edge,lzw_128,LZW,128,2,136799,2,136799,538.7275840002985,536.080582998693,True
1,76,1,fresh-client,1,cross_256_corner,lzw_256,LZW,256,4,1132408,4,1132408,1388.9224589984224,1382.6144999984535,True
1,77,2,fresh-client,1,cross_512_corner,deflate_256,DEFLATE,256,4,844868,4,844868,1230.8484580025834,1224.8853749988484,True
1,78,1,fresh-client,1,cross_128_corner,zstd_128,ZSTD,128,4,213549,4,213549,991.8517929982045,987.9411250003614,True
1,79,4,fresh-client,1,cross_256_edge,deflate_256,DEFLATE,256,2,427599,2,427599,812.794583998766,809.8984169992036,True
1,80,3,fresh-client,1,cross_512_corner,zstd_128,ZSTD,128,4,209361,4,209361,1325.748499999463,1321.82329099669,True
1,81,2,fresh-client,1,cross_256_edge,lzw_128,LZW,128,2,139785,2,139785,665.4818749993865,662.07158400357,True
1,82,5,fresh-client,1,cross_256_edge,lzw_128,LZW,128,2,139785,2,139785,424.355667000782,423.07029199946555,True
1,83,3,fresh-client,1,cross_512_edge,lzw_256,LZW,256,2,552383,2,552383,760.3851669991855,757.1829589978734,True
1,84,3,fresh-client,1,interior,lzw_512,LZW,512,1,1132359,1,1132359,563.0768329974671,561.9057080002676,True
1,85,1,fresh-client,1,cross_256_corner,lzw_128,LZW,128,4,283558,4,283558,899.2130009974062,896.1251250002533,True
1,86,5,fresh-client,1,cross_128_corner,lzw_256,LZW,256,1,287238,1,287238,305.8503339998424,304.13812500046333,True
1,87,3,fresh-client,1,cross_512_corner,lzw_128,LZW,128,4,281701,4,281701,1029.8080840002513,1025.7092509964423,True
1,88,2,fresh-client,1,interior,lzw_128,LZW,128,1,72771,1,72771,371.6236250002112,371.2107499995909,True
1,89,2,fresh-client,1,cross_256_corner,zstd_128,ZSTD,128,4,210703,4,210703,889.4202090014005,886.7188750009518,True
1,90,4,fresh-client,1,cross_512_corner,deflate_256,DEFLATE,256,4,844868,4,844868,1213.4839169993938,1207.3522099926777,True
1,91,5,fresh-client,1,cross_512_corner,lzw_512,LZW,512,4,4453002,4,4453002,4393.050626000331,4385.774084996228,True
1,92,5,fresh-client,1,cross_512_edge,deflate_512,DEFLATE,512,2,1686890,2,1686890,907.2153759989305,903.9873750007246,True
1,93,3,fresh-client,1,cross_256_edge,zstd_512,ZSTD,512,1,839680,1,839680,847.8622090005956,846.641501000704,True
1,94,1,fresh-client,1,cross_128_edge,zstd_128,ZSTD,128,2,106966,2,106966,504.0810419995978,501.6002079937607,True
1,95,4,fresh-client,1,cross_512_corner,deflate_512,DEFLATE,512,4,3358246,4,3358246,1984.9026669980958,1980.068125998514,True
1,96,3,fresh-client,1,cross_512_edge,zstd_128,ZSTD,128,2,102567,2,102567,415.10187500171014,414.19116700126324,True
1,97,1,fresh-client,1,cross_512_edge,deflate_256,DEFLATE,256,2,418008,2,418008,604.2777090005984,603.429958999186,True
1,98,3,fresh-client,1,cross_256_edge,zstd_128,ZSTD,128,2,104575,2,104575,377.12808400101494,376.17483400026686,True
1,99,2,fresh-client,1,cross_128_edge,zstd_512,ZSTD,512,1,839680,1,839680,723.2482090003032,720.5122919986024,True
1,100,4,fresh-client,1,cross_128_corner,lzw_512,LZW,512,1,1132359,1,1132359,430.5229999990843,422.93145900111995,True
1,101,1,fresh-client,1,cross_128_edge,zstd_512,ZSTD,512,1,839680,1,839680,1075.659624999389,1074.0310839973972,True
1,102,2,fresh-client,1,cross_128_edge,lzw_128,LZW,128,2,143804,2,143804,531.6928749998624,530.2184170031978,True
1,103,5,fresh-client,1,cross_256_edge,deflate_128,DEFLATE,128,2,106188,2,106188,418.5942920012167,417.0503749992349,True
1,104,3,fresh-client,1,cross_128_edge,zstd_128,ZSTD,128,2,106966,2,106966,514.614250001614,512.860124999861,True
1,105,1,fresh-client,1,cross_256_edge,deflate_256,DEFLATE,256,2,427599,2,427599,812.4676670013287,809.4148759992095,True
1,106,3,fresh-client,1,interior,zstd_256,ZSTD,256,1,213027,1,213027,269.57183299964527,268.36770799855003,True
1,107,1,fresh-client,1,cross_256_corner,zstd_128,ZSTD,128,4,210703,4,210703,869.3639169978269,866.715665000811,True
1,108,5,fresh-client,1,cross_256_corner,deflate_512,DEFLATE,512,1,854635,1,854635,457.47420900079305,456.0155830004078,True
1,109,5,fresh-client,1,interior,lzw_256,LZW,256,1,287238,1,287238,377.4183749992517,376.9836259998556,True
1,110,5,fresh-client,1,cross_512_edge,zstd_512,ZSTD,512,2,1659734,2,1659734,916.2656669977878,912.8742499997315,True
1,111,3,fresh-client,1,cross_512_edge,deflate_128,DEFLATE,128,2,103909,2,103909,519.8517509998055,517.7259999982198,True
1,112,5,fresh-client,1,cross_512_corner,zstd_512,ZSTD,512,4,3308140,4,3308140,4376.419086001988,4371.419668997987,True
1,113,4,fresh-client,1,cross_256_edge,deflate_512,DEFLATE,512,1,854635,1,854635,866.5497080000932,865.0029170021298,True
1,114,2,fresh-client,1,cross_256_corner,zstd_256,ZSTD,256,4,839847,4,839847,1295.845125001506,1290.743625995674,True
1,115,3,fresh-client,1,cross_256_edge,zstd_256,ZSTD,256,2,420443,2,420443,932.0340840022254,929.9918750002689,True
1,116,1,fresh-client,1,interior,lzw_128,LZW,128,1,72771,1,72771,240.51270799827762,239.48849999942468,True
1,117,3,fresh-client,1,interior,deflate_128,DEFLATE,128,1,55101,1,55101,200.01037499969243,199.50083300136612,True
1,118,3,fresh-client,1,cross_128_corner,deflate_256,DEFLATE,256,1,216896,1,216896,336.62591699976474,335.3091669996502,True
1,119,3,fresh-client,1,cross_256_edge,lzw_128,LZW,128,2,139785,2,139785,449.54683299874887,448.0626669974299,True
1,120,1,fresh-client,1,cross_512_corner,lzw_256,LZW,256,4,1119359,4,1119359,1828.100834001816,1821.7439579966594,True
1,121,2,fresh-client,1,cross_512_edge,deflate_128,DEFLATE,128,2,103909,2,103909,388.5260000024573,387.660793003306,True
1,122,4,fresh-client,1,cross_128_edge,lzw_512,LZW,512,1,1132359,1,1132359,672.0026249968214,670.4503749970172,True
1,123,1,fresh-client,1,cross_256_edge,zstd_256,ZSTD,256,2,420443,2,420443,567.1647919989482,564.4643329978862,True
1,124,1,fresh-client,1,cross_128_corner,lzw_512,LZW,512,1,1132359,1,1132359,632.23708300211,631.4815000005183,True
1,125,5,fresh-client,1,cross_512_corner,zstd_256,ZSTD,256,4,831289,4,831289,1434.659416001523,1429.53666700123,True
1,126,5,fresh-client,1,interior,zstd_512,ZSTD,512,1,839680,1,839680,608.065958997031,607.0570000010775,True
1,127,5,fresh-client,1,cross_128_edge,deflate_128,DEFLATE,128,2,108933,2,108933,436.5907920000609,435.0078349962132,True
1,128,1,fresh-client,1,cross_256_edge,deflate_128,DEFLATE,128,2,106188,2,106188,554.1515420009091,551.3913739996497,True
1,129,5,fresh-client,1,cross_512_edge,deflate_256,DEFLATE,256,2,418008,2,418008,565.8354160004819,562.898457999836,True
1,130,2,fresh-client,1,interior,zstd_512,ZSTD,512,1,839680,1,839680,689.2603339983907,687.4767090012028,True
1,131,3,fresh-client,1,cross_256_corner,zstd_256,ZSTD,256,4,839847,4,839847,1166.5640419996635,1161.8592089944286,True
1,132,2,fresh-client,1,cross_128_edge,deflate_128,DEFLATE,128,2,108933,2,108933,456.2772089993814,454.7719170041091,True
1,133,2,fresh-client,1,cross_512_corner,deflate_128,DEFLATE,128,4,212896,4,212896,1126.8047920020763,1123.483542996837,True
1,134,5,fresh-client,1,cross_512_corner,zstd_128,ZSTD,128,4,209361,4,209361,878.9507090004918,874.9722089996794,True
1,135,5,fresh-client,1,cross_256_edge,deflate_256,DEFLATE,256,2,427599,2,427599,595.5523339980573,592.8851250027947,True
1,136,1,fresh-client,1,cross_256_edge,deflate_512,DEFLATE,512,1,854635,1,854635,1815.9579180028231,1814.1940419991442,True
1,137,2,fresh-client,1,cross_128_corner,deflate_256,DEFLATE,256,1,216896,1,216896,274.7823339996103,273.35062500060303,True
1,138,3,fresh-client,1,cross_256_edge,deflate_128,DEFLATE,128,2,106188,2,106188,552.3885840011644,549.9003330005507,True
1,139,1,fresh-client,1,cross_256_corner,deflate_512,DEFLATE,512,1,854635,1,854635,596.1735009987024,594.6192920018802,True
1,140,3,fresh-client,1,cross_128_edge,lzw_512,LZW,512,1,1132359,1,1132359,769.1984169978241,767.7593330008676,True
1,141,5,fresh-client,1,cross_128_corner,deflate_128,DEFLATE,128,4,217343,4,217343,1008.4022510018258,1004.9757930028136,True
1,142,3,fresh-client,1,cross_256_corner,lzw_128,LZW,128,4,283558,4,283558,1213.7472920003347,1209.0063749965339,True
1,143,3,fresh-client,1,cross_512_corner,deflate_256,DEFLATE,256,4,844868,4,844868,1152.7459590033686,1147.029333998944,True
1,144,5,fresh-client,1,cross_512_corner,deflate_256,DEFLATE,256,4,844868,4,844868,1181.7151260001992,1175.4937510013406,True
1,145,5,fresh-client,1,cross_512_edge,lzw_128,LZW,128,2,136799,2,136799,531.8330410009366,529.4819589980762,True
1,146,1,fresh-client,1,cross_128_edge,lzw_128,LZW,128,2,143804,2,143804,428.2838750004885,426.9401659948926,True
1,147,3,fresh-client,1,cross_512_corner,zstd_512,ZSTD,512,4,3308140,4,3308140,2524.199667997891,2518.5567929984245,True
1,148,4,fresh-client,1,cross_256_edge,lzw_256,LZW,256,2,565161,2,565161,810.243375999562,807.6899590014364,True
1,149,2,fresh-client,1,cross_128_edge,deflate_256,DEFLATE,256,1,216896,1,216896,648.2485420019657,646.4369999994233,True
1,150,1,fresh-client,1,cross_128_corner,deflate_512,DEFLATE,512,1,854635,1,854635,456.97479100272176,455.84824999968987,True
1,151,3,fresh-client,1,cross_256_corner,deflate_512,DEFLATE,512,1,854635,1,854635,488.79575000319164,487.0792090005125,True
1,152,3,fresh-client,1,interior,lzw_128,LZW,128,1,72771,1,72771,314.3015000023297,312.75133400049526,True
1,153,1,fresh-client,1,cross_256_edge,lzw_512,LZW,512,1,1132359,1,1132359,502.6407500008645,501.3182499969844,True
1,154,1,fresh-client,1,cross_512_corner,zstd_128,ZSTD,128,4,209361,4,209361,915.2717090000806,911.4897499966901,True
1,155,1,fresh-client,1,interior,deflate_128,DEFLATE,128,1,55101,1,55101,319.1148330006399,317.51749999966705,True
1,156,5,fresh-client,1,cross_128_corner,lzw_512,LZW,512,1,1132359,1,1132359,573.4761259991501,572.4938329985889,True
1,157,3,fresh-client,1,interior,deflate_256,DEFLATE,256,1,216896,1,216896,313.872500002617,312.57970800288604,True
1,158,1,fresh-client,1,cross_512_edge,lzw_512,LZW,512,2,2233847,2,2233847,2092.2891260015604,2089.5021259966597,True
1,159,4,fresh-client,1,cross_128_edge,lzw_128,LZW,128,2,143804,2,143804,745.8715829998255,742.7087920004851,True
1,160,3,fresh-client,1,cross_512_corner,zstd_256,ZSTD,256,4,831289,4,831289,1607.6821669994388,1602.7918340005272,True
1,161,1,fresh-client,1,cross_512_corner,zstd_512,ZSTD,512,4,3308140,4,3308140,2394.204084001103,2389.9785419962427,True
1,162,2,fresh-client,1,cross_128_corner,lzw_128,LZW,128,4,286916,4,286916,969.7241670000949,966.341001996625,True
1,163,5,fresh-client,1,interior,deflate_512,DEFLATE,512,1,854635,1,854635,839.1502919985214,837.2005839992198,True
1,164,1,fresh-client,1,cross_128_edge,lzw_512,LZW,512,1,1132359,1,1132359,512.542125001346,510.9289579995675,True
1,165,2,fresh-client,1,cross_128_edge,deflate_512,DEFLATE,512,1,854635,1,854635,455.45366700025625,454.301249999844,True
1,166,1,fresh-client,1,cross_512_edge,deflate_128,DEFLATE,128,2,103909,2,103909,500.89037499856204,498.78979200002505,True
1,167,2,fresh-client,1,cross_128_edge,zstd_128,ZSTD,128,2,106966,2,106966,631.7289590006112,629.1164180001942,True
1,168,3,fresh-client,1,cross_128_edge,zstd_512,ZSTD,512,1,839680,1,839680,752.4675839995325,750.4190420004306,True
1,169,5,fresh-client,1,cross_256_edge,lzw_256,LZW,256,2,565161,2,565161,655.5053339980077,652.434583997092,True
1,170,4,fresh-client,1,cross_128_edge,deflate_256,DEFLATE,256,1,216896,1,216896,473.6632500025735,472.12108399980934,True
1,171,5,fresh-client,1,cross_128_edge,zstd_256,ZSTD,256,1,213027,1,213027,340.29854199980036,338.5949170005915,True
1,172,3,fresh-client,1,cross_128_corner,zstd_512,ZSTD,512,1,839680,1,839680,620.8317509990593,619.2710830000578,True
1,173,2,fresh-client,1,cross_512_edge,zstd_128,ZSTD,128,2,102567,2,102567,615.0739999975485,613.0805419998069,True
1,174,2,fresh-client,1,cross_128_corner,lzw_256,LZW,256,1,287238,1,287238,389.7319999996398,388.153666001017,True
1,175,5,fresh-client,1,interior,lzw_512,LZW,512,1,1132359,1,1132359,568.6262919989531,566.7708749970188,True
1,176,4,fresh-client,1,cross_512_corner,zstd_128,ZSTD,128,4,209361,4,209361,918.9855010008614,916.0706669972569,True
1,177,1,fresh-client,1,cross_512_edge,zstd_512,ZSTD,512,2,1659734,2,1659734,1304.7702090007078,1301.2470430003305,True
1,178,5,fresh-client,1,cross_512_edge,zstd_256,ZSTD,256,2,411669,2,411669,685.0547499998356,682.2796250016836,True
1,179,4,fresh-client,1,cross_512_corner,zstd_256,ZSTD,256,4,831289,4,831289,1951.0025009985839,1945.202793001954,True
1,180,5,fresh-client,1,interior,lzw_128,LZW,128,1,72771,1,72771,199.1142500010028,198.6609999985376,True
1,181,4,fresh-client,1,cross_256_corner,zstd_256,ZSTD,256,4,839847,4,839847,1619.1718340014631,1612.3446249948756,True
1,182,1,fresh-client,1,interior,zstd_512,ZSTD,512,1,839680,1,839680,559.8532910007634,558.2741660000465,True
1,183,3,fresh-client,1,cross_256_edge,lzw_256,LZW,256,2,565161,2,565161,710.5777090000629,707.2699589953118,True
1,184,2,fresh-client,1,cross_512_edge,lzw_512,LZW,512,2,2233847,2,2233847,1316.2948339995637,1313.1243339994398,True
1,185,3,fresh-client,1,interior,zstd_512,ZSTD,512,1,839680,1,839680,667.2404999990249,666.1335009994218,True
1,186,5,fresh-client,1,cross_128_edge,zstd_128,ZSTD,128,2,106966,2,106966,432.34291699991445,431.04974999732804,True
1,187,5,fresh-client,1,cross_256_corner,lzw_512,LZW,512,1,1132359,1,1132359,1132.770584001264,1131.2921250028012,True
1,188,5,fresh-client,1,cross_512_corner,deflate_128,DEFLATE,128,4,212896,4,212896,1177.7131670023664,1174.0877510019345,True
1,189,1,fresh-client,1,cross_512_corner,lzw_512,LZW,512,4,4453002,4,4453002,2468.896376001794,2463.1730440014508,True
1,190,2,fresh-client,1,interior,lzw_256,LZW,256,1,287238,1,287238,341.44608299902757,339.90429200275685,True
1,191,3,fresh-client,1,interior,lzw_256,LZW,256,1,287238,1,287238,310.48837500202353,308.6070839999593,True
1,192,1,fresh-client,1,cross_128_edge,deflate_256,DEFLATE,256,1,216896,1,216896,415.32466699936776,413.3358750004845,True
1,193,1,fresh-client,1,cross_512_edge,lzw_128,LZW,128,2,136799,2,136799,440.5502500012517,439.0809159995115,True
1,194,3,fresh-client,1,cross_128_corner,zstd_128,ZSTD,128,4,213549,4,213549,1073.5692500020377,1069.0902499954973,True
1,195,5,fresh-client,1,cross_128_corner,deflate_256,DEFLATE,256,1,216896,1,216896,269.76299999660114,268.38012500229524,True
1,196,1,fresh-client,1,cross_256_edge,lzw_256,LZW,256,2,565161,2,565161,761.5164579983684,758.3534170007624,True
1,197,1,fresh-client,1,interior,lzw_256,LZW,256,1,287238,1,287238,614.9469999982102,613.5279160007485,True
1,198,5,fresh-client,1,cross_256_edge,zstd_256,ZSTD,256,2,420443,2,420443,734.3536670014146,731.7380829990725,True
1,199,2,fresh-client,1,cross_128_corner,deflate_128,DEFLATE,128,4,217343,4,217343,943.0148339997686,939.6093329996802,True
1,200,4,fresh-client,1,interior,zstd_256,ZSTD,256,1,213027,1,213027,366.459875000146,364.89362599968445,True
1,201,1,fresh-client,1,cross_256_corner,lzw_512,LZW,512,1,1132359,1,1132359,676.3607080029033,675.0243339993176,True
1,202,5,fresh-client,1,cross_512_corner,lzw_256,LZW,256,4,1119359,4,1119359,1634.3051680014469,1628.3591669998714,True
1,203,2,fresh-client,1,cross_128_corner,zstd_128,ZSTD,128,4,213549,4,213549,964.980626002216,961.5243340012967,True
1,204,3,fresh-client,1,cross_128_edge,deflate_128,DEFLATE,128,2,108933,2,108933,500.0612080002611,497.319250000146,True
1,205,4,fresh-client,1,cross_512_edge,zstd_128,ZSTD,128,2,102567,2,102567,591.9992090020969,591.0980840017146,True
1,206,4,fresh-client,1,cross_256_corner,deflate_512,DEFLATE,512,1,854635,1,854635,595.5600000015693,595.0932090017886,True
1,207,4,fresh-client,1,cross_256_corner,zstd_512,ZSTD,512,1,839680,1,839680,539.8781669973687,538.3920839994971,True
1,208,5,fresh-client,1,cross_512_edge,zstd_128,ZSTD,128,2,102567,2,102567,508.63583300088067,506.6716660003294,True
1,209,1,fresh-client,1,cross_128_corner,deflate_256,DEFLATE,256,1,216896,1,216896,373.59024999750545,371.73070900098537,True
1,210,4,fresh-client,1,interior,deflate_256,DEFLATE,256,1,216896,1,216896,390.70795900261146,389.1765000007581,True
1,211,2,fresh-client,1,cross_256_edge,zstd_512,ZSTD,512,1,839680,1,839680,2175.5835429976287,2173.89708400151,True
1,212,1,fresh-client,1,cross_512_edge,zstd_128,ZSTD,128,2,102567,2,102567,512.812250002753,510.36504200237687,True
1,213,1,fresh-client,1,cross_512_corner,deflate_256,DEFLATE,256,4,844868,4,844868,1436.4566679978452,1430.5192499959958,True
1,214,3,fresh-client,1,cross_128_corner,deflate_128,DEFLATE,128,4,217343,4,217343,938.650542000687,935.7888769991405,True
1,215,4,fresh-client,1,cross_512_edge,lzw_512,LZW,512,2,2233847,2,2233847,2043.9790840027854,2041.5492079991964,True
1,216,3,fresh-client,1,cross_256_corner,lzw_256,LZW,256,4,1132408,4,1132408,1799.7145420013112,1793.8454179966357,True
1,217,4,fresh-client,1,cross_512_edge,zstd_256,ZSTD,256,2,411669,2,411669,700.2729169980739,697.791499998857,True
1,218,2,fresh-client,1,cross_256_edge,deflate_128,DEFLATE,128,2,106188,2,106188,540.3774170008546,538.1671249997453,True
1,219,3,fresh-client,1,interior,zstd_128,ZSTD,128,1,54047,1,54047,198.6175420024665,198.2302919968788,True
1,220,1,fresh-client,1,cross_128_edge,deflate_128,DEFLATE,128,2,108933,2,108933,448.62641699728556,447.12625100146397,True
1,221,3,fresh-client,1,cross_256_corner,deflate_256,DEFLATE,256,4,854526,4,854526,1131.725416998961,1127.1497500019905,True
1,222,1,fresh-client,1,cross_128_corner,zstd_512,ZSTD,512,1,839680,1,839680,515.3382499993313,514.0384590013127,True
1,223,4,fresh-client,1,cross_128_edge,zstd_512,ZSTD,512,1,839680,1,839680,493.2729169995582,491.9172919981065,True
1,224,3,fresh-client,1,cross_512_corner,deflate_512,DEFLATE,512,4,3358246,4,3358246,2679.9009179994755,2673.446791999595,True
1,225,2,fresh-client,1,cross_256_corner,lzw_512,LZW,512,1,1132359,1,1132359,619.7770830003719,618.1861669974751,True
1,226,4,fresh-client,1,interior,deflate_512,DEFLATE,512,1,854635,1,854635,427.7170000023034,425.8217919996241,True
1,227,4,fresh-client,1,cross_256_corner,deflate_128,DEFLATE,128,4,214354,4,214354,1082.3141669970937,1077.2728759984602,True
1,228,4,fresh-client,1,cross_512_edge,zstd_512,ZSTD,512,2,1659734,2,1659734,1276.9759180009714,1273.9417089978815,True
1,229,1,fresh-client,1,cross_128_edge,deflate_512,DEFLATE,512,1,854635,1,854635,624.9590010011161,622.9716670022754,True
1,230,5,fresh-client,1,cross_128_edge,lzw_128,LZW,128,2,143804,2,143804,402.6167500014708,401.7284590045165,True
1,231,5,fresh-client,1,cross_512_edge,lzw_512,LZW,512,2,2233847,2,2233847,1232.789708999917,1229.7372499997437,True
1,232,2,fresh-client,1,cross_256_edge,deflate_512,DEFLATE,512,1,854635,1,854635,613.3256260000053,612.2701669992239,True
1,233,2,fresh-client,1,cross_128_corner,lzw_512,LZW,512,1,1132359,1,1132359,691.5199590002885,689.9364170021727,True
1,234,5,fresh-client,1,cross_256_corner,deflate_128,DEFLATE,128,4,214354,4,214354,1131.3014590014063,1128.4851250020438,True
1,235,5,fresh-client,1,cross_128_corner,zstd_512,ZSTD,512,1,839680,1,839680,731.9373749996885,730.3987089981092,True
1,236,3,fresh-client,1,interior,deflate_512,DEFLATE,512,1,854635,1,854635,625.6303749978542,623.7290410026617,True
1,237,4,fresh-client,1,cross_256_edge,zstd_256,ZSTD,256,2,420443,2,420443,655.5715419999615,652.5876249979774,True
1,238,2,fresh-client,1,cross_512_corner,zstd_512,ZSTD,512,4,3308140,4,3308140,2387.5620850012638,2381.618792998779,True
1,239,4,fresh-client,1,cross_256_corner,deflate_256,DEFLATE,256,4,854526,4,854526,1271.861417000764,1266.511542002263,True
1,240,5,fresh-client,1,cross_512_edge,deflate_128,DEFLATE,128,2,103909,2,103909,613.8794170001347,611.1547090004024,True
1,241,4,fresh-client,1,cross_256_corner,lzw_256,LZW,256,4,1132408,4,1132408,2608.8197930002934,2602.724042000773,True
1,242,4,fresh-client,1,cross_128_edge,lzw_256,LZW,256,1,287238,1,287238,395.21774999957415,393.5538750010892,True
1,243,1,fresh-client,1,cross_128_corner,deflate_128,DEFLATE,128,4,217343,4,217343,911.8198750002193,907.9832090028503,True
1,244,3,fresh-client,1,cross_512_edge,lzw_512,LZW,512,2,2233847,2,2233847,1377.5084590015467,1375.1227500033565,True
1,245,3,fresh-client,1,cross_256_edge,deflate_512,DEFLATE,512,1,854635,1,854635,524.0858750003099,522.4231669999426,True
1,246,1,fresh-client,1,cross_512_corner,deflate_512,DEFLATE,512,4,3358246,4,3358246,2444.2377510022197,2437.9722509984276,True
1,247,4,fresh-client,1,cross_128_edge,zstd_128,ZSTD,128,2,106966,2,106966,504.5780839973304,502.1050830036984,True
1,248,4,fresh-client,1,interior,lzw_128,LZW,128,1,72771,1,72771,369.2986669993843,367.81504199825577,True
1,249,3,fresh-client,1,cross_256_edge,lzw_512,LZW,512,1,1132359,1,1132359,765.2565839998715,763.7540840005386,True
1,250,4,fresh-client,1,cross_256_corner,zstd_128,ZSTD,128,4,210703,4,210703,1165.4563339980086,1162.458291000803,True
1,251,2,fresh-client,1,interior,deflate_128,DEFLATE,128,1,55101,1,55101,315.3930839980603,314.055250997626,True
1,252,5,fresh-client,1,interior,zstd_256,ZSTD,256,1,213027,1,213027,301.22695899990504,299.8137089998636,True
1,253,5,fresh-client,1,cross_128_edge,lzw_512,LZW,512,1,1132359,1,1132359,602.2775419987738,600.5822500010254,True
1,254,3,fresh-client,1,cross_512_edge,zstd_256,ZSTD,256,2,411669,2,411669,837.7014170000621,834.3897080012539,True
1,255,2,fresh-client,1,interior,zstd_128,ZSTD,128,1,54047,1,54047,210.43633400040562,209.94962500117254,True
1,256,4,fresh-client,1,cross_128_corner,deflate_512,DEFLATE,512,1,854635,1,854635,582.0266250011628,580.4611670027953,True
1,257,1,fresh-client,1,cross_256_edge,zstd_512,ZSTD,512,1,839680,1,839680,466.26562500023283,464.72708400324336,True
1,258,4,fresh-client,1,cross_128_edge,deflate_128,DEFLATE,128,2,108933,2,108933,599.2714999993041,596.7797930024972,True
1,259,2,fresh-client,1,cross_512_corner,zstd_128,ZSTD,128,4,209361,4,209361,1044.0277089983283,1039.4017919970793,True
1,260,2,fresh-client,1,cross_256_edge,lzw_512,LZW,512,1,1132359,1,1132359,793.4997510019457,792.4505839982885,True
1,261,1,fresh-client,1,interior,lzw_512,LZW,512,1,1132359,1,1132359,982.5597090020892,981.3373750002938,True
1,262,1,fresh-client,1,cross_512_corner,zstd_256,ZSTD,256,4,831289,4,831289,2191.2779589983984,2185.8017520025896,True
1,263,1,fresh-client,1,cross_256_edge,lzw_128,LZW,128,2,139785,2,139785,455.9714589995565,454.64541600085795,True
1,264,5,fresh-client,1,cross_128_edge,deflate_512,DEFLATE,512,1,854635,1,854635,509.8960409995925,508.6254160014505,True
1,265,5,fresh-client,1,cross_128_corner,deflate_512,DEFLATE,512,1,854635,1,854635,589.1527500025404,587.2540840027796,True
1,266,2,fresh-client,1,cross_256_edge,zstd_256,ZSTD,256,2,420443,2,420443,623.3369590008806,620.1873749996594,True
1,267,5,fresh-client,1,cross_256_corner,lzw_256,LZW,256,4,1132408,4,1132408,1240.167209001811,1234.3447919956816,True
1,268,3,fresh-client,1,cross_256_corner,zstd_128,ZSTD,128,4,210703,4,210703,935.8126669976627,932.2040409933834,True
1,269,4,fresh-client,1,cross_256_edge,lzw_512,LZW,512,1,1132359,1,1132359,1005.0515430011728,1003.4633750001376,True
1,270,4,fresh-client,1,cross_512_edge,deflate_128,DEFLATE,128,2,103909,2,103909,615.2451250018203,613.7911250007164,True
1,271,3,fresh-client,1,cross_128_corner,deflate_512,DEFLATE,512,1,854635,1,854635,485.5862910008,484.4324170007894,True
1,272,3,fresh-client,1,cross_128_edge,deflate_512,DEFLATE,512,1,854635,1,854635,470.08833400104777,467.9508339977474,True
1,273,2,fresh-client,1,cross_128_corner,deflate_512,DEFLATE,512,1,854635,1,854635,551.3518330008083,550.1039589980792,True
1,274,3,fresh-client,1,cross_256_edge,deflate_256,DEFLATE,256,2,427599,2,427599,560.0899170021876,557.917666996218,True
1,275,2,fresh-client,1,cross_256_corner,zstd_512,ZSTD,512,1,839680,1,839680,568.1891669992183,566.7868339987763,True
1,276,4,fresh-client,1,cross_128_corner,zstd_512,ZSTD,512,1,839680,1,839680,617.1624160015199,615.4963340013637,True
1,277,4,fresh-client,1,cross_256_edge,deflate_128,DEFLATE,128,2,106188,2,106188,427.29370900269714,426.28541700469214,True
1,278,5,fresh-client,1,cross_256_corner,deflate_256,DEFLATE,256,4,854526,4,854526,1461.402001001261,1455.4696670020348,True
1,279,5,fresh-client,1,cross_256_edge,zstd_128,ZSTD,128,2,104575,2,104575,478.5984999980428,476.6495410040079,True
1,280,5,fresh-client,1,cross_256_edge,zstd_512,ZSTD,512,1,839680,1,839680,592.9333759995643,591.5376669981924,True
1,281,2,fresh-client,1,cross_128_corner,zstd_512,ZSTD,512,1,839680,1,839680,715.9296669997275,714.6373340001446,True
1,282,1,fresh-client,1,interior,deflate_256,DEFLATE,256,1,216896,1,216896,596.6988759973901,594.9617920014134,True
1,283,3,fresh-client,1,cross_512_edge,deflate_256,DEFLATE,256,2,418008,2,418008,649.6417919988744,646.6292080003768,True
1,284,4,fresh-client,1,cross_128_corner,lzw_256,LZW,256,1,287238,1,287238,572.7730420003354,571.256541999901,True
1,285,3,fresh-client,1,cross_256_corner,deflate_128,DEFLATE,128,4,214354,4,214354,910.223834001954,907.0912099923589,True
1,286,1,fresh-client,1,cross_128_corner,lzw_256,LZW,256,1,287238,1,287238,373.0098329979228,371.4928749977844,True
1,287,2,fresh-client,1,cross_512_edge,zstd_512,ZSTD,512,2,1659734,2,1659734,1230.395624999801,1227.2523749998072,True
1,288,1,fresh-client,1,cross_256_edge,zstd_128,ZSTD,128,2,104575,2,104575,511.85412499762606,509.46720899810316,True
1,289,3,fresh-client,1,cross_512_edge,deflate_512,DEFLATE,512,2,1686890,2,1686890,985.6765419972362,982.4925840002834,True
1,290,2,fresh-client,1,cross_256_corner,lzw_128,LZW,128,4,283558,4,283558,1029.094334000547,1025.773624998692,True
1,291,5,fresh-client,1,interior,deflate_256,DEFLATE,256,1,216896,1,216896,496.7705000017304,495.24791699877824,True
1,292,3,fresh-client,1,cross_128_corner,lzw_512,LZW,512,1,1132359,1,1132359,617.4417500005802,616.0055830005149,True
1,293,5,fresh-client,1,cross_128_edge,lzw_256,LZW,256,1,287238,1,287238,268.7071250002191,267.6279590014019,True
1,294,4,fresh-client,1,cross_512_corner,deflate_128,DEFLATE,128,4,212896,4,212896,1031.960791999154,1026.4712490024976,True
1,295,5,fresh-client,1,cross_256_corner,zstd_256,ZSTD,256,4,839847,4,839847,1910.3853760025231,1904.6522509997885,True
1,296,2,fresh-client,1,cross_256_corner,deflate_512,DEFLATE,512,1,854635,1,854635,434.8647089973383,433.80879200049094,True
1,297,5,fresh-client,1,cross_128_edge,deflate_256,DEFLATE,256,1,216896,1,216896,321.33600000088336,319.7234170002048,True
1,298,2,fresh-client,1,cross_512_corner,zstd_256,ZSTD,256,4,831289,4,831289,2005.065500998171,1999.3650009964767,True
1,299,1,fresh-client,1,cross_128_edge,zstd_256,ZSTD,256,1,213027,1,213027,344.3963749996328,342.79733399671386,True
1,300,3,fresh-client,1,cross_256_corner,zstd_512,ZSTD,512,1,839680,1,839680,628.8506669989147,627.4387919984292,True
1,301,2,fresh-client,1,interior,zstd_256,ZSTD,256,1,213027,1,213027,452.35608399889315,451.200167000934,True
1,302,3,fresh-client,1,cross_128_edge,lzw_256,LZW,256,1,287238,1,287238,278.5296250003739,276.7434579982364,True
1,303,4,fresh-client,1,cross_128_edge,deflate_512,DEFLATE,512,1,854635,1,854635,470.82958399914787,469.8510419984814,True
1,304,2,fresh-client,1,cross_512_edge,lzw_128,LZW,128,2,136799,2,136799,492.63937499927124,490.84962499910034,True
1,305,3,fresh-client,1,cross_128_edge,lzw_128,LZW,128,2,143804,2,143804,442.0422920011333,440.6940420012688,True
1,306,4,fresh-client,1,cross_512_corner,lzw_256,LZW,256,4,1119359,4,1119359,2532.2387510022963,2526.6652520040225,True
1,307,3,fresh-client,1,cross_128_corner,lzw_256,LZW,256,1,287238,1,287238,288.84683300202596,287.25112499887473,True
1,308,4,fresh-client,1,cross_512_corner,zstd_512,ZSTD,512,4,3308140,4,3308140,2763.838417999068,2758.4598760004155,True
1,309,1,fresh-client,1,cross_256_corner,zstd_256,ZSTD,256,4,839847,4,839847,1723.6644589975185,1718.0982930003665,True
1,310,2,fresh-client,1,interior,lzw_512,LZW,512,1,1132359,1,1132359,743.7669999999343,742.4835839992738,True
1,311,1,fresh-client,1,cross_512_edge,deflate_512,DEFLATE,512,2,1686890,2,1686890,2314.260417002515,2310.7953340004315,True
1,312,3,fresh-client,1,cross_128_corner,zstd_256,ZSTD,256,1,213027,1,213027,468.4454169982928,467.0595419993333,True
1,313,2,fresh-client,1,cross_512_corner,lzw_128,LZW,128,4,281701,4,281701,982.3895420013287,977.3281669949938,True
1,314,1,fresh-client,1,cross_128_corner,lzw_128,LZW,128,4,286916,4,286916,1053.0997930000012,1048.7415410025278,True
1,315,1,fresh-client,1,cross_256_corner,deflate_128,DEFLATE,128,4,214354,4,214354,834.6532090035907,832.3043750024226,True
2,1,5,fresh-client,1,cross_256_edge,deflate_512,DEFLATE,512,1,854635,1,854635,1023.6408759992628,1021.9776679987262,True
2,2,2,fresh-client,1,cross_128_edge,zstd_256,ZSTD,256,1,213027,1,213027,291.91029199864715,290.18795800220687,True
2,3,1,fresh-client,1,cross_128_corner,zstd_256,ZSTD,256,1,213027,1,213027,416.0068329983915,414.52249999929336,True
2,4,5,fresh-client,1,cross_128_corner,lzw_512,LZW,512,1,1132359,1,1132359,533.9805840012559,532.5129579978238,True
2,5,4,fresh-client,1,cross_128_corner,deflate_512,DEFLATE,512,1,854635,1,854635,562.7799579997372,559.7800830000779,True
2,6,3,fresh-client,1,cross_128_corner,lzw_128,LZW,128,4,286916,4,286916,1396.897333997913,1392.8441239986569,True
2,7,5,fresh-client,1,cross_512_corner,zstd_128,ZSTD,128,4,209361,4,209361,860.5138339989935,858.2462089980254,True
2,8,2,fresh-client,1,interior,zstd_512,ZSTD,512,1,839680,1,839680,459.40029099801905,457.98679200015613,True
2,9,1,fresh-client,1,cross_128_edge,deflate_256,DEFLATE,256,1,216896,1,216896,382.81358299718704,381.3990000016929,True
2,10,1,fresh-client,1,cross_512_corner,deflate_128,DEFLATE,128,4,212896,4,212896,977.0799590005481,973.7427510008274,True
2,11,1,fresh-client,1,cross_128_edge,lzw_256,LZW,256,1,287238,1,287238,478.6322920008388,477.14887500114855,True
2,12,4,fresh-client,1,cross_512_corner,deflate_512,DEFLATE,512,4,3358246,4,3358246,2813.6524590008776,2808.1601659978332,True
2,13,5,fresh-client,1,cross_256_corner,zstd_128,ZSTD,128,4,210703,4,210703,1087.8995419989224,1082.8101260012772,True
2,14,2,fresh-client,1,cross_128_edge,zstd_512,ZSTD,512,1,839680,1,839680,520.8782500012603,518.8407079986064,True
2,15,2,fresh-client,1,cross_256_corner,zstd_256,ZSTD,256,4,839847,4,839847,1389.0916670025035,1382.8638339982717,True
2,16,4,fresh-client,1,cross_128_edge,zstd_512,ZSTD,512,1,839680,1,839680,516.0950839999714,514.5327500031271,True
2,17,3,fresh-client,1,cross_512_corner,lzw_256,LZW,256,4,1119359,4,1119359,1508.576209002058,1502.2177520004334,True
2,18,2,fresh-client,1,cross_512_corner,deflate_128,DEFLATE,128,4,212896,4,212896,1283.7319169993862,1279.4622930014157,True
2,19,5,fresh-client,1,cross_512_corner,lzw_512,LZW,512,4,4453002,4,4453002,4144.5510019984795,4137.942627006851,True
2,20,5,fresh-client,1,interior,zstd_256,ZSTD,256,1,213027,1,213027,294.62816700106487,293.1855839997297,True
2,21,1,fresh-client,1,interior,deflate_128,DEFLATE,128,1,55101,1,55101,211.26099999673897,210.73012499982724,True
2,22,3,fresh-client,1,interior,zstd_256,ZSTD,256,1,213027,1,213027,360.9407910007576,359.39574999792967,True
2,23,3,fresh-client,1,cross_128_corner,zstd_256,ZSTD,256,1,213027,1,213027,274.0905009995913,273.25083300092956,True
2,24,3,fresh-client,1,cross_128_edge,deflate_512,DEFLATE,512,1,854635,1,854635,503.5257090021332,502.054083000985,True
2,25,3,fresh-client,1,interior,lzw_256,LZW,256,1,287238,1,287238,395.0554999973974,393.46829199712374,True
2,26,5,fresh-client,1,cross_128_corner,deflate_512,DEFLATE,512,1,854635,1,854635,511.6255419998197,510.20066700220923,True
2,27,4,fresh-client,1,cross_256_corner,deflate_512,DEFLATE,512,1,854635,1,854635,661.7546669986041,659.9332080004388,True
2,28,4,fresh-client,1,cross_256_corner,zstd_512,ZSTD,512,1,839680,1,839680,491.78987499908544,490.19883399887476,True
2,29,4,fresh-client,1,cross_256_edge,zstd_256,ZSTD,256,2,420443,2,420443,609.5564589995774,606.4526259979175,True
2,30,2,fresh-client,1,cross_512_edge,lzw_256,LZW,256,2,552383,2,552383,918.4553340019193,915.4445409985783,True
2,31,4,fresh-client,1,cross_512_corner,zstd_128,ZSTD,128,4,209361,4,209361,902.0684179995442,898.4694999999192,True
2,32,2,fresh-client,1,cross_512_corner,lzw_256,LZW,256,4,1119359,4,1119359,1475.8491669999785,1470.3963750034745,True
2,33,4,fresh-client,1,cross_128_edge,zstd_128,ZSTD,128,2,106966,2,106966,574.5307090001006,571.6461259980861,True
2,34,3,fresh-client,1,cross_256_edge,deflate_128,DEFLATE,128,2,106188,2,106188,499.47858299856307,497.3479589971248,True
2,35,2,fresh-client,1,interior,lzw_128,LZW,128,1,72771,1,72771,278.00687499984633,276.29287599847885,True
2,36,1,fresh-client,1,cross_512_corner,deflate_512,DEFLATE,512,4,3358246,4,3358246,2472.1139180001046,2467.246667998552,True
2,37,1,fresh-client,1,cross_256_corner,zstd_512,ZSTD,512,1,839680,1,839680,662.7161670003261,660.9738339975593,True
2,38,4,fresh-client,1,interior,zstd_512,ZSTD,512,1,839680,1,839680,481.70500000196625,480.4420000000391,True
2,39,1,fresh-client,1,cross_128_corner,lzw_256,LZW,256,1,287238,1,287238,437.14879199978895,435.65912600024603,True
2,40,4,fresh-client,1,cross_512_edge,zstd_128,ZSTD,128,2,102567,2,102567,609.6155000013823,607.6175000016519,True
2,41,4,fresh-client,1,cross_256_edge,zstd_512,ZSTD,512,1,839680,1,839680,440.77699999979814,439.1987910021271,True
2,42,5,fresh-client,1,interior,zstd_512,ZSTD,512,1,839680,1,839680,490.20812600065256,488.65720899993903,True
2,43,1,fresh-client,1,cross_512_edge,lzw_256,LZW,256,2,552383,2,552383,711.1087089979264,708.1865840009414,True
2,44,2,fresh-client,1,cross_512_corner,zstd_512,ZSTD,512,4,3308140,4,3308140,3770.1318350009387,3764.0244589965732,True
2,45,5,fresh-client,1,cross_256_corner,zstd_256,ZSTD,256,4,839847,4,839847,1408.7590839990298,1403.8600839994615,True
2,46,5,fresh-client,1,interior,deflate_256,DEFLATE,256,1,216896,1,216896,402.14516700143577,400.4702090023784,True
2,47,2,fresh-client,1,cross_512_edge,lzw_128,LZW,128,2,136799,2,136799,607.9849590023514,606.6146260018286,True
2,48,2,fresh-client,1,cross_128_edge,deflate_128,DEFLATE,128,2,108933,2,108933,427.61708299804013,426.1011670023436,True
2,49,1,fresh-client,1,cross_512_edge,zstd_128,ZSTD,128,2,102567,2,102567,444.38437600183534,442.89212499643327,True
2,50,3,fresh-client,1,cross_512_edge,deflate_256,DEFLATE,256,2,418008,2,418008,596.4253750025819,594.0066670009401,True
2,51,1,fresh-client,1,cross_512_corner,lzw_512,LZW,512,4,4453002,4,4453002,2428.085584000655,2422.0527930010576,True
2,52,1,fresh-client,1,cross_256_corner,deflate_128,DEFLATE,128,4,214354,4,214354,891.8771669996204,888.9168750029057,True
2,53,2,fresh-client,1,cross_128_corner,lzw_256,LZW,256,1,287238,1,287238,322.0257909997599,319.2592919986055,True
2,54,4,fresh-client,1,cross_256_edge,zstd_128,ZSTD,128,2,104575,2,104575,480.0211669971759,478.0856670004141,True
2,55,2,fresh-client,1,cross_256_edge,zstd_512,ZSTD,512,1,839680,1,839680,367.0000410020293,365.6035419990076,True
2,56,2,fresh-client,1,cross_256_edge,zstd_128,ZSTD,128,2,104575,2,104575,780.9133329974429,778.8585840025917,True
2,57,3,fresh-client,1,interior,lzw_512,LZW,512,1,1132359,1,1132359,540.3401670009771,538.8105419988278,True
2,58,1,fresh-client,1,cross_128_edge,deflate_128,DEFLATE,128,2,108933,2,108933,490.978833000554,488.5249999970256,True
2,59,3,fresh-client,1,cross_256_corner,lzw_128,LZW,128,4,283558,4,283558,794.2975840014697,791.8655830035277,True
2,60,2,fresh-client,1,cross_128_edge,deflate_512,DEFLATE,512,1,854635,1,854635,471.5319159986393,470.031041000766,True
2,61,4,fresh-client,1,cross_128_edge,lzw_256,LZW,256,1,287238,1,287238,322.75087499874644,321.098542000982,True
2,62,5,fresh-client,1,cross_512_edge,deflate_512,DEFLATE,512,2,1686890,2,1686890,1174.7572499989474,1171.6737919996376,True
2,63,3,fresh-client,1,cross_512_corner,zstd_256,ZSTD,256,4,831289,4,831289,1301.7877919992316,1296.5363350012922,True
2,64,4,fresh-client,1,cross_128_corner,lzw_128,LZW,128,4,286916,4,286916,1106.5036250001867,1103.008251004212,True
2,65,1,fresh-client,1,cross_128_corner,deflate_256,DEFLATE,256,1,216896,1,216896,284.8705000033078,283.03370800131233,True
2,66,5,fresh-client,1,cross_512_edge,lzw_256,LZW,256,2,552383,2,552383,570.524334001675,567.7406670001801,True
2,67,1,fresh-client,1,interior,lzw_128,LZW,128,1,72771,1,72771,313.4145420008281,311.57716599773266,True
2,68,3,fresh-client,1,cross_256_edge,lzw_512,LZW,512,1,1132359,1,1132359,690.5692079999426,689.0559170024062,True
2,69,4,fresh-client,1,cross_512_corner,zstd_512,ZSTD,512,4,3308140,4,3308140,4050.442376999854,4043.6965849949047,True
2,70,3,fresh-client,1,interior,zstd_128,ZSTD,128,1,54047,1,54047,329.041541001061,327.62554199871374,True
2,71,3,fresh-client,1,cross_512_corner,zstd_128,ZSTD,128,4,209361,4,209361,745.6637089999276,744.4290849962272,True
2,72,4,fresh-client,1,cross_512_edge,zstd_256,ZSTD,256,2,411669,2,411669,634.7764169986476,632.5723749978351,True
2,73,1,fresh-client,1,cross_256_corner,lzw_256,LZW,256,4,1132408,4,1132408,1462.49354199972,1458.0489580039284,True
2,74,4,fresh-client,1,cross_256_edge,lzw_256,LZW,256,2,565161,2,565161,730.5137920011475,727.5263750016165,True
2,75,4,fresh-client,1,interior,deflate_256,DEFLATE,256,1,216896,1,216896,264.3597919995955,263.06462600041414,True
2,76,3,fresh-client,1,interior,zstd_512,ZSTD,512,1,839680,1,839680,537.1436659988831,535.3069999982836,True
2,77,4,fresh-client,1,cross_512_corner,lzw_128,LZW,128,4,281701,4,281701,1194.395334001456,1189.583291998133,True
2,78,2,fresh-client,1,cross_512_corner,lzw_512,LZW,512,4,4453002,4,4453002,2362.3478340014117,2356.799666002189,True
2,79,1,fresh-client,1,cross_128_edge,lzw_128,LZW,128,2,143804,2,143804,519.7478339978261,517.6386249986535,True
2,80,3,fresh-client,1,cross_256_corner,zstd_256,ZSTD,256,4,839847,4,839847,1347.0815000000584,1342.207874997257,True
2,81,5,fresh-client,1,cross_256_corner,lzw_256,LZW,256,4,1132408,4,1132408,1287.6758759994118,1282.9723750000994,True
2,82,1,fresh-client,1,cross_512_edge,lzw_512,LZW,512,2,2233847,2,2233847,1028.956209000171,1026.2966680020327,True
2,83,4,fresh-client,1,cross_256_corner,lzw_256,LZW,256,4,1132408,4,1132408,1301.25895799938,1295.2760410007613,True
2,84,2,fresh-client,1,cross_128_corner,zstd_128,ZSTD,128,4,213549,4,213549,917.0259589991474,913.7491259971284,True
2,85,1,fresh-client,1,cross_128_corner,deflate_512,DEFLATE,512,1,854635,1,854635,3282.0071679998364,3280.619334000221,True
2,86,4,fresh-client,1,cross_512_corner,lzw_256,LZW,256,4,1119359,4,1119359,2800.6719180011714,2795.25050200391,True
2,87,5,fresh-client,1,cross_512_edge,deflate_128,DEFLATE,128,2,103909,2,103909,611.0827920019801,608.3915410017653,True
2,88,3,fresh-client,1,cross_256_edge,deflate_512,DEFLATE,512,1,854635,1,854635,496.291374998691,494.466125001054,True
2,89,2,fresh-client,1,cross_256_edge,lzw_512,LZW,512,1,1132359,1,1132359,734.0785419983149,732.8306259987585,True
2,90,4,fresh-client,1,cross_256_corner,deflate_128,DEFLATE,128,4,214354,4,214354,928.3465839980636,925.623123999685,True
2,91,1,fresh-client,1,cross_256_edge,deflate_512,DEFLATE,512,1,854635,1,854635,460.25791699867113,458.89200000237906,True
2,92,4,fresh-client,1,cross_256_edge,deflate_128,DEFLATE,128,2,106188,2,106188,523.7800419999985,521.8331679971016,True
2,93,5,fresh-client,1,cross_128_edge,lzw_128,LZW,128,2,143804,2,143804,421.58629199911957,420.26995699779945,True
2,94,2,fresh-client,1,cross_256_corner,deflate_128,DEFLATE,128,4,214354,4,214354,886.558417998458,883.7698770003044,True
2,95,3,fresh-client,1,cross_512_edge,lzw_128,LZW,128,2,136799,2,136799,740.285291998589,738.290708999557,True
2,96,4,fresh-client,1,cross_512_edge,deflate_256,DEFLATE,256,2,418008,2,418008,544.2522920020565,541.8377079986385,True
2,97,1,fresh-client,1,cross_512_edge,lzw_128,LZW,128,2,136799,2,136799,547.756208001374,545.5545000004349,True
2,98,4,fresh-client,1,cross_512_edge,lzw_256,LZW,256,2,552383,2,552383,626.9524169983924,624.1572919971077,True
2,99,4,fresh-client,1,interior,lzw_256,LZW,256,1,287238,1,287238,412.65404200021294,404.89516699744854,True
2,100,5,fresh-client,1,cross_512_corner,lzw_256,LZW,256,4,1119359,4,1119359,1528.3425009984057,1522.8521680000995,True
2,101,1,fresh-client,1,cross_512_corner,lzw_256,LZW,256,4,1119359,4,1119359,1312.9187930026092,1307.940167000197,True
2,102,3,fresh-client,1,cross_512_edge,deflate_512,DEFLATE,512,2,1686890,2,1686890,1313.0470420001075,1309.6516260011413,True
2,103,4,fresh-client,1,cross_512_edge,lzw_128,LZW,128,2,136799,2,136799,617.7440009996644,616.3157080009114,True
2,104,1,fresh-client,1,cross_128_edge,deflate_512,DEFLATE,512,1,854635,1,854635,632.8381249986705,631.2038760006544,True
2,105,2,fresh-client,1,interior,lzw_512,LZW,512,1,1132359,1,1132359,733.2121670006018,731.959958000516,True
2,106,2,fresh-client,1,cross_512_corner,zstd_256,ZSTD,256,4,831289,4,831289,1356.7734169992036,1351.363167999807,True
2,107,4,fresh-client,1,cross_512_corner,zstd_256,ZSTD,256,4,831289,4,831289,1274.084666998533,1267.7921670001524,True
2,108,2,fresh-client,1,cross_512_corner,lzw_128,LZW,128,4,281701,4,281701,959.9454180024622,957.089792998886,True
2,109,3,fresh-client,1,cross_128_edge,zstd_256,ZSTD,256,1,213027,1,213027,351.99283300244133,350.3957499997341,True
2,110,5,fresh-client,1,cross_128_corner,lzw_256,LZW,256,1,287238,1,287238,431.7652919999091,431.48083399864845,True
2,111,1,fresh-client,1,interior,lzw_512,LZW,512,1,1132359,1,1132359,1022.4291249978705,1021.3112919991545,True
2,112,1,fresh-client,1,interior,deflate_256,DEFLATE,256,1,216896,1,216896,535.2469999997993,534.3303750014456,True
2,113,2,fresh-client,1,cross_256_corner,zstd_128,ZSTD,128,4,210703,4,210703,884.1499170011957,880.4621249983029,True
2,114,5,fresh-client,1,cross_512_corner,zstd_256,ZSTD,256,4,831289,4,831289,1268.3659590002208,1262.4921669994364,True
2,115,4,fresh-client,1,cross_128_edge,deflate_256,DEFLATE,256,1,216896,1,216896,413.7263750017155,412.693666999985,True
2,116,1,fresh-client,1,cross_128_edge,zstd_512,ZSTD,512,1,839680,1,839680,586.0028339993733,584.730499998841,True
2,117,5,fresh-client,1,cross_512_edge,zstd_512,ZSTD,512,2,1659734,2,1659734,1035.6227500014938,1032.0812500031025,True
2,118,4,fresh-client,1,cross_128_corner,zstd_256,ZSTD,256,1,213027,1,213027,265.4922500005341,263.92775000203983,True
2,119,1,fresh-client,1,cross_128_edge,zstd_256,ZSTD,256,1,213027,1,213027,346.6775000015332,345.69941699737683,True
2,120,3,fresh-client,1,cross_256_corner,zstd_512,ZSTD,512,1,839680,1,839680,435.62116700195475,434.05170899859513,True
2,121,5,fresh-client,1,cross_128_corner,zstd_512,ZSTD,512,1,839680,1,839680,576.9337919991813,575.6919169980392,True
2,122,2,fresh-client,1,cross_512_edge,zstd_512,ZSTD,512,2,1659734,2,1659734,1131.203959001141,1128.896458001691,True
2,123,2,fresh-client,1,cross_128_corner,zstd_256,ZSTD,256,1,213027,1,213027,497.32575100279064,496.09912500091013,True
2,124,4,fresh-client,1,cross_256_corner,lzw_128,LZW,128,4,283558,4,283558,1004.2167079991486,1000.1207070054079,True
2,125,1,fresh-client,1,cross_256_edge,zstd_128,ZSTD,128,2,104575,2,104575,850.657750001119,848.0900829999882,True
2,126,3,fresh-client,1,cross_256_corner,lzw_512,LZW,512,1,1132359,1,1132359,987.1675829999731,985.413250997226,True
2,127,5,fresh-client,1,cross_512_corner,zstd_512,ZSTD,512,4,3308140,4,3308140,2571.8066270019335,2566.446584994992,True
2,128,1,fresh-client,1,interior,zstd_256,ZSTD,256,1,213027,1,213027,363.34487500062096,362.2025000004214,True
2,129,3,fresh-client,1,cross_128_edge,deflate_128,DEFLATE,128,2,108933,2,108933,385.5408340023132,384.7771670007205,True
2,130,4,fresh-client,1,cross_512_corner,deflate_128,DEFLATE,128,4,212896,4,212896,970.3954590004287,967.5920000008773,True
2,131,2,fresh-client,1,cross_128_edge,lzw_512,LZW,512,1,1132359,1,1132359,1118.8417919984204,1117.3879590023716,True
2,132,4,fresh-client,1,cross_256_edge,deflate_256,DEFLATE,256,2,427599,2,427599,683.1741249989136,679.8827909988177,True
2,133,4,fresh-client,1,interior,lzw_512,LZW,512,1,1132359,1,1132359,635.4095419992518,633.9718759991229,True
2,134,5,fresh-client,1,cross_128_corner,lzw_128,LZW,128,4,286916,4,286916,1035.8271259974572,1031.3141660008114,True
2,135,2,fresh-client,1,cross_512_edge,deflate_512,DEFLATE,512,2,1686890,2,1686890,1026.6637089989672,1024.0078339993488,True
2,136,3,fresh-client,1,cross_128_edge,deflate_256,DEFLATE,256,1,216896,1,216896,378.8230009995459,377.4032500004978,True
2,137,1,fresh-client,1,interior,zstd_128,ZSTD,128,1,54047,1,54047,253.20216699765297,252.0173330012767,True
2,138,2,fresh-client,1,interior,zstd_128,ZSTD,128,1,54047,1,54047,241.79333400024916,241.42000000210828,True
2,139,5,fresh-client,1,cross_256_corner,deflate_256,DEFLATE,256,4,854526,4,854526,1699.5690839976305,1693.452209001407,True
2,140,2,fresh-client,1,interior,deflate_256,DEFLATE,256,1,216896,1,216896,280.7569169999624,279.30312500029686,True
2,141,5,fresh-client,1,cross_128_edge,lzw_512,LZW,512,1,1132359,1,1132359,764.9826249980833,763.6455009997007,True
2,142,2,fresh-client,1,cross_128_corner,deflate_512,DEFLATE,512,1,854635,1,854635,857.149291998212,855.792250000377,True
2,143,2,fresh-client,1,cross_256_edge,lzw_256,LZW,256,2,565161,2,565161,838.3963329979451,834.6709170000395,True
2,144,3,fresh-client,1,cross_256_corner,zstd_128,ZSTD,128,4,210703,4,210703,967.4875839991728,964.2557080005645,True
2,145,1,fresh-client,1,cross_512_edge,deflate_256,DEFLATE,256,2,418008,2,418008,771.499958998902,768.1534999974247,True
2,146,5,fresh-client,1,cross_512_corner,deflate_128,DEFLATE,128,4,212896,4,212896,1008.5655420007242,1004.5242099986353,True
2,147,4,fresh-client,1,cross_512_corner,lzw_512,LZW,512,4,4453002,4,4453002,2748.793292998016,2742.9630429978715,True
2,148,2,fresh-client,1,interior,deflate_128,DEFLATE,128,1,55101,1,55101,212.0098749983299,211.5328750005574,True
2,149,5,fresh-client,1,cross_256_corner,deflate_512,DEFLATE,512,1,854635,1,854635,606.4507509981922,605.3429169987794,True
2,150,4,fresh-client,1,cross_128_edge,lzw_128,LZW,128,2,143804,2,143804,659.2802920022223,657.7456260019972,True
2,151,5,fresh-client,1,cross_512_edge,zstd_128,ZSTD,128,2,102567,2,102567,622.437791997072,619.7822920003091,True
2,152,3,fresh-client,1,cross_512_edge,deflate_128,DEFLATE,128,2,103909,2,103909,437.74725000184844,436.71549999999115,True
2,153,5,fresh-client,1,cross_512_corner,deflate_256,DEFLATE,256,4,844868,4,844868,1260.3691670010448,1255.012875997636,True
2,154,5,fresh-client,1,cross_512_edge,zstd_256,ZSTD,256,2,411669,2,411669,722.5215420003224,720.2967909979634,True
2,155,1,fresh-client,1,cross_256_edge,lzw_128,LZW,128,2,139785,2,139785,472.60562499650405,470.57904100438464,True
2,156,3,fresh-client,1,cross_512_edge,lzw_512,LZW,512,2,2233847,2,2233847,1252.0775839984708,1249.7432090021903,True
2,157,4,fresh-client,1,cross_128_corner,zstd_512,ZSTD,512,1,839680,1,839680,456.1792919994332,454.32220800284995,True
2,158,2,fresh-client,1,cross_256_edge,deflate_256,DEFLATE,256,2,427599,2,427599,635.3594160027569,633.1477500025358,True
2,159,5,fresh-client,1,cross_256_edge,zstd_128,ZSTD,128,2,104575,2,104575,769.6156679994601,767.122750999988,True
2,160,5,fresh-client,1,cross_256_edge,zstd_256,ZSTD,256,2,420443,2,420443,679.8715420009103,677.1726670012868,True
2,161,2,fresh-client,1,cross_128_corner,zstd_512,ZSTD,512,1,839680,1,839680,667.8692499990575,667.3246249993099,True
2,162,3,fresh-client,1,cross_128_edge,lzw_512,LZW,512,1,1132359,1,1132359,729.3405420023191,727.7643749985145,True
2,163,1,fresh-client,1,cross_512_corner,zstd_128,ZSTD,128,4,209361,4,209361,1025.0106249986857,1021.3167499969131,True
2,164,1,fresh-client,1,interior,lzw_256,LZW,256,1,287238,1,287238,366.84533299921895,365.2299170025799,True
2,165,2,fresh-client,1,cross_512_corner,zstd_128,ZSTD,128,4,209361,4,209361,981.7670000011276,977.6445839961525,True
2,166,1,fresh-client,1,cross_256_edge,deflate_128,DEFLATE,128,2,106188,2,106188,406.47445899958257,405.6134579986974,True
2,167,1,fresh-client,1,cross_512_corner,zstd_512,ZSTD,512,4,3308140,4,3308140,2056.891167998401,2051.422252003249,True
2,168,4,fresh-client,1,interior,zstd_256,ZSTD,256,1,213027,1,213027,283.4546669982956,281.916750001983,True
2,169,4,fresh-client,1,cross_256_corner,zstd_128,ZSTD,128,4,210703,4,210703,1026.5803750007763,1021.1722090025432,True
2,170,5,fresh-client,1,interior,zstd_128,ZSTD,128,1,54047,1,54047,202.339084000414,201.92704199871514,True
2,171,5,fresh-client,1,cross_128_corner,deflate_256,DEFLATE,256,1,216896,1,216896,479.6302499999001,478.23083299954305,True
2,172,3,fresh-client,1,cross_256_edge,deflate_256,DEFLATE,256,2,427599,2,427599,580.592667000019,577.4797090016364,True
2,173,5,fresh-client,1,cross_512_corner,lzw_128,LZW,128,4,281701,4,281701,1375.190876002307,1369.3575020006392,True
2,174,5,fresh-client,1,cross_256_edge,deflate_256,DEFLATE,256,2,427599,2,427599,541.1178340000333,538.7522499986517,True
2,175,3,fresh-client,1,cross_256_corner,deflate_256,DEFLATE,256,4,854526,4,854526,1441.4648759993725,1436.7467919983028,True
2,176,3,fresh-client,1,cross_256_edge,zstd_256,ZSTD,256,2,420443,2,420443,591.335707998951,588.2634170011443,True
2,177,2,fresh-client,1,cross_256_corner,deflate_512,DEFLATE,512,1,854635,1,854635,543.775125999673,542.7180840015353,True
2,178,5,fresh-client,1,cross_256_corner,lzw_128,LZW,128,4,283558,4,283558,959.4314579990169,956.5696259996912,True
2,179,1,fresh-client,1,cross_128_corner,lzw_128,LZW,128,4,286916,4,286916,1077.4737510000705,1072.9378329997417,True
2,180,5,fresh-client,1,cross_512_edge,lzw_128,LZW,128,2,136799,2,136799,494.65500000223983,492.16158400304266,True
2,181,4,fresh-client,1,cross_256_corner,zstd_256,ZSTD,256,4,839847,4,839847,1252.2164590009197,1246.9647910002095,True
2,182,1,fresh-client,1,cross_512_edge,zstd_512,ZSTD,512,2,1659734,2,1659734,2247.5221259992395,2244.0495429982548,True
2,183,1,fresh-client,1,cross_512_corner,zstd_256,ZSTD,256,4,831289,4,831289,1536.0920839993923,1532.485291994817,True
2,184,1,fresh-client,1,cross_128_edge,lzw_512,LZW,512,1,1132359,1,1132359,436.4595420011028,435.25966699962737,True
2,185,1,fresh-client,1,cross_256_corner,lzw_128,LZW,128,4,283558,4,283558,1024.8162919997412,1021.4519599976484,True
2,186,1,fresh-client,1,cross_128_corner,lzw_512,LZW,512,1,1132359,1,1132359,511.39429199974984,510.0665410027432,True
2,187,1,fresh-client,1,cross_256_edge,lzw_512,LZW,512,1,1132359,1,1132359,472.6111669988313,471.28462600085186,True
2,188,4,fresh-client,1,cross_128_corner,lzw_512,LZW,512,1,1132359,1,1132359,699.1810420004185,697.9698760005704,True
2,189,5,fresh-client,1,interior,lzw_512,LZW,512,1,1132359,1,1132359,564.657167000405,563.0202499996813,True
2,190,1,fresh-client,1,cross_512_corner,lzw_128,LZW,128,4,281701,4,281701,935.1434999989579,930.9358350037655,True
2,191,1,fresh-client,1,cross_256_corner,zstd_256,ZSTD,256,4,839847,4,839847,1728.8296680017083,1722.9294590033533,True
2,192,2,fresh-client,1,cross_128_corner,deflate_128,DEFLATE,128,4,217343,4,217343,992.2240839987353,988.7534590052383,True
2,193,3,fresh-client,1,cross_128_corner,zstd_128,ZSTD,128,4,213549,4,213549,908.1252919968392,904.5188739983132,True
2,194,3,fresh-client,1,cross_512_corner,deflate_128,DEFLATE,128,4,212896,4,212896,892.5558760020067,889.191458994901,True
2,195,4,fresh-client,1,cross_256_edge,lzw_512,LZW,512,1,1132359,1,1132359,791.3156239992531,789.391832997353,True
2,196,3,fresh-client,1,cross_256_corner,deflate_128,DEFLATE,128,4,214354,4,214354,1362.677333996544,1357.8355839999858,True
2,197,2,fresh-client,1,cross_512_corner,deflate_512,DEFLATE,512,4,3358246,4,3358246,1959.6902929988573,1953.816627003107,True
2,198,1,fresh-client,1,cross_256_corner,deflate_256,DEFLATE,256,4,854526,4,854526,1135.8271249991958,1131.0002079990227,True
2,199,5,fresh-client,1,cross_128_corner,zstd_128,ZSTD,128,4,213549,4,213549,837.6404999980878,835.0218739979027,True
2,200,1,fresh-client,1,cross_256_corner,deflate_512,DEFLATE,512,1,854635,1,854635,456.05362499918556,454.4162089987367,True
2,201,3,fresh-client,1,cross_512_edge,zstd_512,ZSTD,512,2,1659734,2,1659734,880.0899589987239,877.5827089993982,True
2,202,5,fresh-client,1,cross_256_edge,lzw_512,LZW,512,1,1132359,1,1132359,1153.6756670029717,1151.7659589990217,True
2,203,5,fresh-client,1,cross_256_edge,deflate_128,DEFLATE,128,2,106188,2,106188,808.0234580011165,805.2982499975769,True
2,204,1,fresh-client,1,cross_256_corner,zstd_128,ZSTD,128,4,210703,4,210703,912.0887509998283,908.459167003457,True
2,205,3,fresh-client,1,interior,deflate_128,DEFLATE,128,1,55101,1,55101,226.79779199825134,225.50129200317315,True
2,206,4,fresh-client,1,cross_512_edge,deflate_128,DEFLATE,128,2,103909,2,103909,481.0921659991436,478.61437399842544,True
2,207,5,fresh-client,1,cross_128_edge,zstd_512,ZSTD,512,1,839680,1,839680,1559.1120839999348,1536.2280840017775,True
2,208,2,fresh-client,1,interior,lzw_256,LZW,256,1,287238,1,287238,267.03741700112005,265.9537090003141,True
2,209,2,fresh-client,1,cross_512_corner,deflate_256,DEFLATE,256,4,844868,4,844868,1160.5577929985884,1155.2619180001784,True
2,210,3,fresh-client,1,cross_128_corner,deflate_256,DEFLATE,256,1,216896,1,216896,506.0643329998129,504.4072499986214,True
2,211,3,fresh-client,1,cross_256_edge,zstd_128,ZSTD,128,2,104575,2,104575,389.96516699990025,389.17249999940395,True
2,212,3,fresh-client,1,cross_128_corner,deflate_128,DEFLATE,128,4,217343,4,217343,1107.0140000010724,1103.5522920064977,True
2,213,4,fresh-client,1,cross_256_corner,lzw_512,LZW,512,1,1132359,1,1132359,442.82679200114217,441.26545900144265,True
2,214,5,fresh-client,1,cross_128_edge,deflate_512,DEFLATE,512,1,854635,1,854635,917.6939999997558,915.9270009986358,True
2,215,1,fresh-client,1,interior,deflate_512,DEFLATE,512,1,854635,1,854635,695.4243330001191,694.0805000012915,True
2,216,2,fresh-client,1,cross_256_corner,lzw_256,LZW,256,4,1132408,4,1132408,1246.2592510019022,1239.8400439997204,True
2,217,4,fresh-client,1,cross_128_corner,zstd_128,ZSTD,128,4,213549,4,213549,954.3721259979066,951.3297919984325,True
2,218,5,fresh-client,1,cross_256_corner,deflate_128,DEFLATE,128,4,214354,4,214354,988.0388749988924,984.0136670027277,True
2,219,4,fresh-client,1,cross_128_edge,deflate_128,DEFLATE,128,2,108933,2,108933,398.24391699949047,397.23099999901024,True
2,220,3,fresh-client,1,cross_512_edge,zstd_256,ZSTD,256,2,411669,2,411669,711.2340000021504,708.5467079996306,True
2,221,4,fresh-client,1,interior,zstd_128,ZSTD,128,1,54047,1,54047,229.94412499974715,229.48358400026336,True
2,222,2,fresh-client,1,cross_512_edge,zstd_256,ZSTD,256,2,411669,2,411669,694.721458999993,691.0679180036823,True
2,223,3,fresh-client,1,cross_512_corner,deflate_256,DEFLATE,256,4,844868,4,844868,1547.5228750001406,1541.484291996312,True
2,224,3,fresh-client,1,cross_256_edge,zstd_512,ZSTD,512,1,839680,1,839680,511.3847510001506,510.08725100109586,True
2,225,1,fresh-client,1,cross_128_edge,zstd_128,ZSTD,128,2,106966,2,106966,438.3418340003118,436.8440830039617,True
2,226,4,fresh-client,1,cross_128_edge,deflate_512,DEFLATE,512,1,854635,1,854635,611.3748760035378,609.789501002524,True
2,227,3,fresh-client,1,cross_512_edge,zstd_128,ZSTD,128,2,102567,2,102567,392.1760010016442,391.0947079966718,True
2,228,5,fresh-client,1,cross_256_corner,lzw_512,LZW,512,1,1132359,1,1132359,617.5447500027076,615.8704999979818,True
2,229,4,fresh-client,1,cross_512_edge,deflate_512,DEFLATE,512,2,1686890,2,1686890,1104.7824579982262,1101.3208760014095,True
2,230,2,fresh-client,1,cross_128_edge,zstd_128,ZSTD,128,2,106966,2,106966,563.264167001762,562.2062509974057,True
2,231,1,fresh-client,1,cross_512_edge,deflate_512,DEFLATE,512,2,1686890,2,1686890,1107.4930840004527,1104.9378349998733,True
2,232,1,fresh-client,1,cross_128_corner,zstd_128,ZSTD,128,4,213549,4,213549,897.1439580018341,894.6107510018919,True
2,233,3,fresh-client,1,cross_128_corner,lzw_256,LZW,256,1,287238,1,287238,942.4136259985971,940.1888749998761,True
2,234,2,fresh-client,1,cross_256_corner,lzw_512,LZW,512,1,1132359,1,1132359,552.93950000123,551.4617920016462,True
2,235,3,fresh-client,1,cross_256_edge,lzw_256,LZW,256,2,565161,2,565161,607.1011669992004,604.3876250005269,True
2,236,2,fresh-client,1,cross_512_edge,deflate_256,DEFLATE,256,2,418008,2,418008,622.5629170003231,619.5007919995987,True
2,237,5,fresh-client,1,interior,lzw_256,LZW,256,1,287238,1,287238,342.84541699889814,341.49458299725666,True
2,238,2,fresh-client,1,cross_128_corner,deflate_256,DEFLATE,256,1,216896,1,216896,286.30791600153316,285.11354199872585,True
2,239,4,fresh-client,1,cross_512_edge,zstd_512,ZSTD,512,2,1659734,2,1659734,1203.934291999758,1200.7739170003333,True
2,240,5,fresh-client,1,cross_128_edge,lzw_256,LZW,256,1,287238,1,287238,285.6692080022185,284.4630409999809,True
2,241,3,fresh-client,1,cross_128_corner,deflate_512,DEFLATE,512,1,854635,1,854635,388.0700009976863,386.8206259976432,True
2,242,2,fresh-client,1,cross_128_edge,deflate_256,DEFLATE,256,1,216896,1,216896,463.4992079991207,462.11104199755937,True
2,243,4,fresh-client,1,cross_128_corner,deflate_256,DEFLATE,256,1,216896,1,216896,227.22958400117932,226.5205000003334,True
2,244,3,fresh-client,1,cross_128_edge,lzw_256,LZW,256,1,287238,1,287238,258.07499999791617,256.93191600294085,True
2,245,1,fresh-client,1,cross_256_edge,zstd_512,ZSTD,512,1,839680,1,839680,492.1435830001428,490.5120830007945,True
2,246,4,fresh-client,1,cross_256_edge,deflate_512,DEFLATE,512,1,854635,1,854635,420.6879999983357,418.83012499965844,True
2,247,5,fresh-client,1,cross_128_edge,deflate_128,DEFLATE,128,2,108933,2,108933,432.4468340018939,431.063167998218,True
2,248,2,fresh-client,1,cross_512_edge,deflate_128,DEFLATE,128,2,103909,2,103909,437.00245799846016,436.4127919980092,True
2,249,3,fresh-client,1,interior,lzw_128,LZW,128,1,72771,1,72771,195.49100000222097,194.924750001519,True
2,250,2,fresh-client,1,cross_256_corner,deflate_256,DEFLATE,256,4,854526,4,854526,1780.5813339982706,1775.0582510016102,True
2,251,5,fresh-client,1,cross_512_edge,deflate_256,DEFLATE,256,2,418008,2,418008,596.9897079994553,594.8407089999819,True
2,252,5,fresh-client,1,cross_512_edge,lzw_512,LZW,512,2,2233847,2,2233847,1125.109209002403,1123.2153339988145,True
2,253,4,fresh-client,1,interior,deflate_512,DEFLATE,512,1,854635,1,854635,420.08158300086507,419.0881659997103,True
2,254,1,fresh-client,1,cross_512_edge,deflate_128,DEFLATE,128,2,103909,2,103909,655.8191249969241,654.5808339978976,True
2,255,2,fresh-client,1,cross_512_edge,zstd_128,ZSTD,128,2,102567,2,102567,522.8402919965447,521.0446680030145,True
2,256,3,fresh-client,1,cross_512_corner,lzw_128,LZW,128,4,281701,4,281701,1337.5752499996452,1333.6512919995585,True
2,257,2,fresh-client,1,cross_256_corner,lzw_128,LZW,128,4,283558,4,283558,1514.2964170008781,1510.3279999966617,True
2,258,1,fresh-client,1,cross_256_edge,deflate_256,DEFLATE,256,2,427599,2,427599,631.3818339986028,629.029209001601,True
2,259,5,fresh-client,1,cross_128_edge,deflate_256,DEFLATE,256,1,216896,1,216896,347.70729199954076,346.24629199970514,True
2,260,1,fresh-client,1,cross_128_corner,deflate_128,DEFLATE,128,4,217343,4,217343,863.9816249997239,861.2474599976849,True
2,261,3,fresh-client,1,cross_512_edge,lzw_256,LZW,256,2,552383,2,552383,748.2077919994481,746.5739579965884,True
2,262,2,fresh-client,1,cross_256_edge,lzw_128,LZW,128,2,139785,2,139785,556.2819170008879,554.14862500038,True
2,263,4,fresh-client,1,cross_128_edge,zstd_256,ZSTD,256,1,213027,1,213027,356.73966700051096,355.2296660018328,True
2,264,5,fresh-client,1,cross_128_corner,zstd_256,ZSTD,256,1,213027,1,213027,264.4727500010049,263.6178330030816,True
2,265,5,fresh-client,1,cross_512_corner,deflate_512,DEFLATE,512,4,3358246,4,3358246,1952.167293002276,1947.2323349982616,True
2,266,4,fresh-client,1,cross_256_edge,lzw_128,LZW,128,2,139785,2,139785,505.67025000054855,503.3514169990667,True
2,267,3,fresh-client,1,cross_256_edge,lzw_128,LZW,128,2,139785,2,139785,398.01262600303744,397.15783399879,True
2,268,3,fresh-client,1,cross_128_corner,lzw_512,LZW,512,1,1132359,1,1132359,478.31508300077985,477.3425000021234,True
2,269,4,fresh-client,1,interior,lzw_128,LZW,128,1,72771,1,72771,290.0777510003536,288.4232090000296,True
2,270,5,fresh-client,1,interior,deflate_128,DEFLATE,128,1,55101,1,55101,210.1415420002013,209.7301249996235,True
2,271,5,fresh-client,1,cross_128_edge,zstd_128,ZSTD,128,2,106966,2,106966,570.101874996908,568.2198329996027,True
2,272,3,fresh-client,1,cross_512_corner,deflate_512,DEFLATE,512,4,3358246,4,3358246,2467.335708999599,2462.605834007263,True
2,273,5,fresh-client,1,cross_256_edge,lzw_256,LZW,256,2,565161,2,565161,608.0145419982728,605.8995000021241,True
2,274,3,fresh-client,1,interior,deflate_256,DEFLATE,256,1,216896,1,216896,339.658667002368,338.5709169997426,True
2,275,1,fresh-client,1,interior,zstd_512,ZSTD,512,1,839680,1,839680,974.0220419989782,972.8827079998155,True
2,276,1,fresh-client,1,cross_512_edge,zstd_256,ZSTD,256,2,411669,2,411669,562.2042089999013,559.5596250022936,True
2,277,3,fresh-client,1,cross_256_corner,deflate_512,DEFLATE,512,1,854635,1,854635,510.741499998403,508.7034170028346,True
2,278,5,fresh-client,1,cross_128_corner,deflate_128,DEFLATE,128,4,217343,4,217343,1050.9073329994862,1045.6057510018582,True
2,279,5,fresh-client,1,interior,lzw_128,LZW,128,1,72771,1,72771,276.69595900079,275.06575000006706,True
2,280,5,fresh-client,1,cross_128_edge,zstd_256,ZSTD,256,1,213027,1,213027,287.15637500135927,285.729082999751,True
2,281,5,fresh-client,1,cross_256_corner,zstd_512,ZSTD,512,1,839680,1,839680,444.95541700234753,443.6634590019821,True
2,282,5,fresh-client,1,cross_256_edge,zstd_512,ZSTD,512,1,839680,1,839680,453.668917001778,452.4710830010008,True
2,283,1,fresh-client,1,cross_256_edge,zstd_256,ZSTD,256,2,420443,2,420443,754.4608339994738,751.8244589991809,True
2,284,3,fresh-client,1,cross_128_edge,lzw_128,LZW,128,2,143804,2,143804,402.15200099919457,401.29104199877474,True
2,285,3,fresh-client,1,cross_128_edge,zstd_512,ZSTD,512,1,839680,1,839680,550.1709589989332,548.4559169999557,True
2,286,4,fresh-client,1,cross_128_corner,lzw_256,LZW,256,1,287238,1,287238,275.8170839988452,274.3135839991737,True
2,287,2,fresh-client,1,cross_256_edge,zstd_256,ZSTD,256,2,420443,2,420443,521.9562090023828,520.2506669957074,True
2,288,5,fresh-client,1,interior,deflate_512,DEFLATE,512,1,854635,1,854635,823.8425839990668,821.9758750019537,True
2,289,2,fresh-client,1,cross_512_edge,lzw_512,LZW,512,2,2233847,2,2233847,1560.1806249978836,1557.4999599957664,True
2,290,2,fresh-client,1,interior,deflate_512,DEFLATE,512,1,854635,1,854635,542.7672500009066,541.830124999251,True
2,291,3,fresh-client,1,cross_512_corner,lzw_512,LZW,512,4,4453002,4,4453002,1949.313876000815,1943.6706269989372,True
2,292,3,fresh-client,1,interior,deflate_512,DEFLATE,512,1,854635,1,854635,417.7502079983242,416.6389580022951,True
2,293,4,fresh-client,1,interior,deflate_128,DEFLATE,128,1,55101,1,55101,278.0520409978635,276.49345800091396,True
2,294,2,fresh-client,1,cross_256_corner,zstd_512,ZSTD,512,1,839680,1,839680,368.51908300013747,367.29662499783444,True
2,295,2,fresh-client,1,cross_128_corner,lzw_512,LZW,512,1,1132359,1,1132359,1104.3206670001382,1102.6215000019874,True
2,296,4,fresh-client,1,cross_512_edge,lzw_512,LZW,512,2,2233847,2,2233847,1003.5634170017147,1000.7550009977422,True
2,297,1,fresh-client,1,cross_512_corner,deflate_256,DEFLATE,256,4,844868,4,844868,1130.4447920010716,1125.996041999315,True
2,298,4,fresh-client,1,cross_128_edge,lzw_512,LZW,512,1,1132359,1,1132359,508.3628329994099,506.8769169993175,True
2,299,1,fresh-client,1,cross_128_corner,zstd_512,ZSTD,512,1,839680,1,839680,359.3986670020968,357.50458300026366,True
2,300,2,fresh-client,1,cross_128_corner,lzw_128,LZW,128,4,286916,4,286916,970.8035840012599,967.5569589999213,True
2,301,3,fresh-client,1,cross_256_corner,lzw_256,LZW,256,4,1132408,4,1132408,1335.2097919996595,1330.0463750019844,True
2,302,3,fresh-client,1,cross_512_corner,zstd_512,ZSTD,512,4,3308140,4,3308140,1886.7026260013517,1881.6455010055506,True
2,303,4,fresh-client,1,cross_256_corner,deflate_256,DEFLATE,256,4,854526,4,854526,1167.1257089983555,1161.4440849953098,True
2,304,3,fresh-client,1,cross_128_edge,zstd_128,ZSTD,128,2,106966,2,106966,500.23533399871667,498.4737500017218,True
2,305,2,fresh-client,1,cross_256_edge,deflate_512,DEFLATE,512,1,854635,1,854635,467.8900409999187,466.48237500266987,True
2,306,1,fresh-client,1,cross_256_corner,lzw_512,LZW,512,1,1132359,1,1132359,550.102708999475,548.6897919981857,True
2,307,4,fresh-client,1,cross_128_corner,deflate_128,DEFLATE,128,4,217343,4,217343,1121.9652930012671,1116.1392499998328,True
2,308,2,fresh-client,1,cross_256_edge,deflate_128,DEFLATE,128,2,106188,2,106188,415.7649590015353,414.7929169994313,True
2,309,2,fresh-client,1,interior,zstd_256,ZSTD,256,1,213027,1,213027,241.3011259995983,240.29937500017695,True
2,310,2,fresh-client,1,cross_128_edge,lzw_256,LZW,256,1,287238,1,287238,387.246291997144,386.90595899970504,True
2,311,2,fresh-client,1,cross_128_edge,lzw_128,LZW,128,2,143804,2,143804,660.0885830011975,658.2124590022431,True
2,312,4,fresh-client,1,cross_512_corner,deflate_256,DEFLATE,256,4,844868,4,844868,1537.9393340008392,1532.3142919987731,True
2,313,5,fresh-client,1,cross_256_edge,lzw_128,LZW,128,2,139785,2,139785,408.921709000424,407.97200000451994,True
2,314,3,fresh-client,1,cross_128_corner,zstd_512,ZSTD,512,1,839680,1,839680,485.13595800250187,483.43691699847113,True
2,315,1,fresh-client,1,cross_256_edge,lzw_256,LZW,256,2,565161,2,565161,674.1587090000394,671.162959002686,True
3,1,4,fresh-client,1,cross_128_edge,zstd_128,ZSTD,128,2,106966,2,106966,544.6143340013805,542.0682490002946,True
3,2,3,fresh-client,1,cross_128_edge,lzw_128,LZW,128,2,143804,2,143804,754.3023329999414,751.9474170003377,True
3,3,1,fresh-client,1,cross_256_edge,deflate_256,DEFLATE,256,2,427599,2,427599,554.7629169996071,552.0683340037067,True
3,4,4,fresh-client,1,cross_512_corner,zstd_256,ZSTD,256,4,831289,4,831289,1319.7052510004141,1315.1437929955136,True
3,5,2,fresh-client,1,cross_512_corner,zstd_512,ZSTD,512,4,3308140,4,3308140,2393.659792996914,2388.319876998139,True
3,6,2,fresh-client,1,cross_128_edge,lzw_256,LZW,256,1,287238,1,287238,341.4952919993084,340.0217500020517,True
3,7,5,fresh-client,1,cross_512_corner,deflate_128,DEFLATE,128,4,212896,4,212896,901.8130840013328,899.0951249979844,True
3,8,4,fresh-client,1,cross_512_corner,lzw_128,LZW,128,4,281701,4,281701,1102.049207998789,1099.129249996622,True
3,9,1,fresh-client,1,cross_256_edge,lzw_128,LZW,128,2,139785,2,139785,446.0243330031517,444.396124999912,True
3,10,3,fresh-client,1,interior,deflate_512,DEFLATE,512,1,854635,1,854635,518.2305840025947,516.8698750021576,True
3,11,1,fresh-client,1,cross_512_corner,lzw_512,LZW,512,4,4453002,4,4453002,2202.1455009999045,2196.5245429964853,True
3,12,4,fresh-client,1,cross_512_edge,lzw_256,LZW,256,2,552383,2,552383,847.1822499996051,844.9284580019594,True
3,13,5,fresh-client,1,cross_128_edge,zstd_512,ZSTD,512,1,839680,1,839680,355.50666700146394,353.8950420006586,True
3,14,3,fresh-client,1,cross_512_corner,lzw_256,LZW,256,4,1119359,4,1119359,1232.5458339983015,1228.1218340031046,True
3,15,1,fresh-client,1,cross_256_edge,zstd_512,ZSTD,512,1,839680,1,839680,420.7691250012431,419.6472910007287,True
3,16,5,fresh-client,1,cross_128_edge,zstd_128,ZSTD,128,2,106966,2,106966,429.78845899779117,428.38087500058464,True
3,17,5,fresh-client,1,cross_128_corner,lzw_256,LZW,256,1,287238,1,287238,279.1641250005341,277.9088750030496,True
3,18,1,fresh-client,1,cross_256_corner,zstd_256,ZSTD,256,4,839847,4,839847,1102.1846680014278,1097.0163760066498,True
3,19,5,fresh-client,1,cross_512_edge,zstd_256,ZSTD,256,2,411669,2,411669,700.1860829986981,697.9787090022,True
3,20,4,fresh-client,1,cross_128_edge,lzw_128,LZW,128,2,143804,2,143804,505.315000002156,503.581959001167,True
3,21,2,fresh-client,1,cross_256_corner,lzw_512,LZW,512,1,1132359,1,1132359,1108.5002929976326,1106.5715420008928,True
3,22,2,fresh-client,1,cross_256_edge,lzw_256,LZW,256,2,565161,2,565161,588.4263749976526,586.2083759966481,True
3,23,1,fresh-client,1,cross_512_corner,deflate_512,DEFLATE,512,4,3358246,4,3358246,1946.0155839988147,1941.0430019925116,True
3,24,4,fresh-client,1,cross_256_edge,zstd_256,ZSTD,256,2,420443,2,420443,563.6155829997733,562.6647919998504,True
3,25,5,fresh-client,1,cross_128_corner,deflate_128,DEFLATE,128,4,217343,4,217343,1613.1005009992805,1610.084542997356,True
3,26,1,fresh-client,1,cross_128_corner,zstd_512,ZSTD,512,1,839680,1,839680,590.5691250009113,589.4914170021366,True
3,27,3,fresh-client,1,cross_256_edge,zstd_128,ZSTD,128,2,104575,2,104575,635.9931670012884,634.6997509972425,True
3,28,3,fresh-client,1,cross_256_edge,zstd_512,ZSTD,512,1,839680,1,839680,865.7492510028533,864.3809589993907,True
3,29,3,fresh-client,1,cross_256_edge,lzw_256,LZW,256,2,565161,2,565161,634.2114999970363,632.0687920015189,True
3,30,5,fresh-client,1,cross_512_edge,lzw_256,LZW,256,2,552383,2,552383,567.3524160010857,565.652625002258,True
3,31,2,fresh-client,1,cross_512_corner,lzw_512,LZW,512,4,4453002,4,4453002,2276.0150020003493,2269.418960000621,True
3,32,5,fresh-client,1,cross_128_edge,zstd_256,ZSTD,256,1,213027,1,213027,311.87995899745147,310.88083299982827,True
3,33,5,fresh-client,1,cross_256_edge,lzw_512,LZW,512,1,1132359,1,1132359,412.6556669980346,411.8980000021111,True
3,34,4,fresh-client,1,interior,deflate_512,DEFLATE,512,1,854635,1,854635,524.3021249989397,523.5270419980225,True
3,35,3,fresh-client,1,cross_512_edge,lzw_512,LZW,512,2,2233847,2,2233847,1786.4078349994088,1783.5078339994652,True
3,36,2,fresh-client,1,cross_128_edge,lzw_512,LZW,512,1,1132359,1,1132359,553.3197510012542,552.8067080012988,True
3,37,5,fresh-client,1,cross_256_corner,deflate_512,DEFLATE,512,1,854635,1,854635,529.2989590016077,528.0875009993906,True
3,38,1,fresh-client,1,interior,zstd_256,ZSTD,256,1,213027,1,213027,529.5409160025883,528.9470829993661,True
3,39,4,fresh-client,1,cross_256_corner,deflate_256,DEFLATE,256,4,854526,4,854526,1354.0319589992578,1350.1480009981606,True
3,40,4,fresh-client,1,cross_512_corner,zstd_128,ZSTD,128,4,209361,4,209361,861.6940840001917,858.708043997467,True
3,41,4,fresh-client,1,cross_512_corner,zstd_512,ZSTD,512,4,3308140,4,3308140,1809.318751002138,1803.964585000358,True
3,42,2,fresh-client,1,cross_128_corner,lzw_256,LZW,256,1,287238,1,287238,287.8732079989277,286.8538330003503,True
3,43,5,fresh-client,1,interior,zstd_512,ZSTD,512,1,839680,1,839680,363.33495800136006,362.25637499956065,True
3,44,4,fresh-client,1,cross_128_edge,deflate_512,DEFLATE,512,1,854635,1,854635,501.6275419984595,500.3296670001873,True
3,45,3,fresh-client,1,cross_256_corner,zstd_512,ZSTD,512,1,839680,1,839680,409.384417002002,408.4651669982122,True
3,46,1,fresh-client,1,cross_512_corner,zstd_512,ZSTD,512,4,3308140,4,3308140,1550.7257919998665,1544.9543770009768,True
3,47,2,fresh-client,1,cross_512_edge,deflate_128,DEFLATE,128,2,103909,2,103909,577.9508750019886,576.8882080010371,True
3,48,3,fresh-client,1,cross_512_edge,lzw_256,LZW,256,2,552383,2,552383,692.3121260006155,689.1570010011492,True
3,49,1,fresh-client,1,cross_128_edge,zstd_128,ZSTD,128,2,106966,2,106966,445.60200100022485,444.360001001769,True
3,50,3,fresh-client,1,cross_128_corner,lzw_256,LZW,256,1,287238,1,287238,346.40245899936417,344.9924579981598,True
3,51,3,fresh-client,1,cross_256_corner,lzw_128,LZW,128,4,283558,4,283558,994.4498340009886,990.833042000304,True
3,52,3,fresh-client,1,cross_512_edge,zstd_512,ZSTD,512,2,1659734,2,1659734,816.3457490009023,814.2796660031308,True
3,53,3,fresh-client,1,cross_512_corner,deflate_512,DEFLATE,512,4,3358246,4,3358246,2274.957125999208,2269.9208759986504,True
3,54,2,fresh-client,1,interior,zstd_512,ZSTD,512,1,839680,1,839680,1338.789542001905,1336.8737089986098,True
3,55,1,fresh-client,1,cross_512_corner,zstd_256,ZSTD,256,4,831289,4,831289,2309.89266799952,2304.9915849987883,True
3,56,3,fresh-client,1,cross_512_edge,zstd_128,ZSTD,128,2,102567,2,102567,550.5152080004336,549.0807910027797,True
3,57,2,fresh-client,1,cross_256_corner,zstd_512,ZSTD,512,1,839680,1,839680,378.2221670007857,376.9993339992652,True
3,58,4,fresh-client,1,cross_128_corner,zstd_512,ZSTD,512,1,839680,1,839680,610.0528749993828,608.9148749997548,True
3,59,1,fresh-client,1,cross_512_edge,zstd_128,ZSTD,128,2,102567,2,102567,481.6057499992894,478.9699590000964,True
3,60,3,fresh-client,1,interior,lzw_256,LZW,256,1,287238,1,287238,605.3715420021035,604.0287079995323,True
3,61,1,fresh-client,1,cross_512_edge,zstd_512,ZSTD,512,2,1659734,2,1659734,807.0701670003473,804.1431259989622,True
3,62,4,fresh-client,1,cross_512_edge,lzw_128,LZW,128,2,136799,2,136799,454.4456250005169,452.9174999988754,True
3,63,2,fresh-client,1,cross_256_edge,deflate_256,DEFLATE,256,2,427599,2,427599,554.2187089995423,551.7876249978144,True
3,64,3,fresh-client,1,interior,zstd_128,ZSTD,128,1,54047,1,54047,354.8600419999275,354.45287599941366,True
3,65,2,fresh-client,1,interior,deflate_256,DEFLATE,256,1,216896,1,216896,227.3731659988698,226.4246250015276,True
3,66,5,fresh-client,1,cross_256_corner,lzw_256,LZW,256,4,1132408,4,1132408,1999.127208997379,1995.0896670015936,True
3,67,1,fresh-client,1,interior,lzw_512,LZW,512,1,1132359,1,1132359,376.28604199926485,375.24158300220734,True
3,68,3,fresh-client,1,cross_128_edge,deflate_256,DEFLATE,256,1,216896,1,216896,258.5177510009089,257.5989169999957,True
3,69,5,fresh-client,1,cross_512_corner,zstd_256,ZSTD,256,4,831289,4,831289,1286.2712080022902,1281.8001250016096,True
3,70,1,fresh-client,1,cross_128_corner,deflate_128,DEFLATE,128,4,217343,4,217343,1392.9597509995801,1389.204498998879,True
3,71,1,fresh-client,1,cross_128_corner,deflate_512,DEFLATE,512,1,854635,1,854635,730.9145420003915,729.3494170007762,True
3,72,3,fresh-client,1,cross_256_corner,deflate_128,DEFLATE,128,4,214354,4,214354,803.3615839995036,800.5819589998282,True
3,73,4,fresh-client,1,cross_128_corner,deflate_512,DEFLATE,512,1,854635,1,854635,434.003541002312,432.97187499774736,True
3,74,1,fresh-client,1,cross_512_edge,deflate_512,DEFLATE,512,2,1686890,2,1686890,1620.5323340000177,1618.8187090010615,True
3,75,3,fresh-client,1,cross_256_corner,deflate_512,DEFLATE,512,1,854635,1,854635,597.4023750022752,595.5038749998494,True
3,76,1,fresh-client,1,cross_128_edge,deflate_128,DEFLATE,128,2,108933,2,108933,427.98750099973404,426.566082998761,True
3,77,2,fresh-client,1,cross_512_edge,lzw_256,LZW,256,2,552383,2,552383,689.5680420020653,686.7354589994648,True
3,78,3,fresh-client,1,cross_256_corner,zstd_256,ZSTD,256,4,839847,4,839847,1227.8032510002959,1222.2579169974779,True
3,79,5,fresh-client,1,interior,zstd_128,ZSTD,128,1,54047,1,54047,201.01179199991748,200.45679099712288,True
3,80,4,fresh-client,1,cross_128_corner,zstd_128,ZSTD,128,4,213549,4,213549,1039.0895419986919,1033.4008749996428,True
3,81,1,fresh-client,1,cross_256_corner,zstd_128,ZSTD,128,4,210703,4,210703,1258.9590420029708,1254.4150829962746,True
3,82,1,fresh-client,1,cross_512_edge,deflate_128,DEFLATE,128,2,103909,2,103909,381.5344590002496,380.64054300048156,True
3,83,2,fresh-client,1,interior,lzw_256,LZW,256,1,287238,1,287238,342.59366699916427,340.6954999991285,True
3,84,1,fresh-client,1,cross_128_corner,deflate_256,DEFLATE,256,1,216896,1,216896,362.1378749994619,360.58533399773296,True
3,85,2,fresh-client,1,cross_512_corner,zstd_256,ZSTD,256,4,831289,4,831289,1071.6625419991033,1067.5600420036062,True
3,86,4,fresh-client,1,cross_256_edge,lzw_256,LZW,256,2,565161,2,565161,558.7332510003762,556.4604170031089,True
3,87,2,fresh-client,1,cross_256_edge,zstd_256,ZSTD,256,2,420443,2,420443,604.0697089993046,601.003250998474,True
3,88,3,fresh-client,1,cross_512_edge,deflate_512,DEFLATE,512,2,1686890,2,1686890,733.9478750000126,731.8916250005714,True
3,89,2,fresh-client,1,cross_512_edge,deflate_512,DEFLATE,512,2,1686890,2,1686890,1912.5011260002793,1909.7414180032501,True
3,90,1,fresh-client,1,cross_128_corner,lzw_512,LZW,512,1,1132359,1,1132359,866.1471250015893,864.5219169993652,True
3,91,3,fresh-client,1,cross_256_corner,deflate_256,DEFLATE,256,4,854526,4,854526,1253.144667000015,1247.7127510028367,True
3,92,2,fresh-client,1,cross_512_edge,deflate_256,DEFLATE,256,2,418008,2,418008,595.142500998918,592.4010420021659,True
3,93,5,fresh-client,1,cross_256_edge,zstd_512,ZSTD,512,1,839680,1,839680,545.9963339999376,544.6290419968136,True
3,94,5,fresh-client,1,cross_512_corner,lzw_256,LZW,256,4,1119359,4,1119359,1318.7694170010218,1312.9397520024213,True
3,95,4,fresh-client,1,cross_256_corner,zstd_512,ZSTD,512,1,839680,1,839680,396.7025419988204,395.94887500061304,True
3,96,4,fresh-client,1,cross_256_edge,lzw_128,LZW,128,2,139785,2,139785,421.63150099804625,420.1613749974058,True
3,97,2,fresh-client,1,cross_256_edge,lzw_128,LZW,128,2,139785,2,139785,499.19712499831803,497.29266600115807,True
3,98,2,fresh-client,1,interior,deflate_128,DEFLATE,128,1,55101,1,55101,228.06341699833865,227.08925000188174,True
3,99,5,fresh-client,1,interior,lzw_512,LZW,512,1,1132359,1,1132359,991.8065000019851,990.9278750019439,True
3,100,1,fresh-client,1,cross_512_edge,lzw_128,LZW,128,2,136799,2,136799,604.1077919981035,601.9299580002553,True
3,101,3,fresh-client,1,cross_256_edge,deflate_512,DEFLATE,512,1,854635,1,854635,727.3000419991149,725.9144580020802,True
3,102,1,fresh-client,1,cross_128_edge,lzw_512,LZW,512,1,1132359,1,1132359,500.45062599747325,498.71512499885284,True
3,103,4,fresh-client,1,cross_512_edge,deflate_512,DEFLATE,512,2,1686890,2,1686890,811.2209999999322,809.1324170018197,True
3,104,3,fresh-client,1,cross_128_corner,deflate_128,DEFLATE,128,4,217343,4,217343,1158.1094169996504,1155.3968750085915,True
3,105,3,fresh-client,1,cross_128_edge,zstd_512,ZSTD,512,1,839680,1,839680,374.79070799963665,373.4209579997696,True
3,106,1,fresh-client,1,interior,deflate_512,DEFLATE,512,1,854635,1,854635,587.8562920006516,586.2432089998038,True
3,107,2,fresh-client,1,cross_512_corner,zstd_128,ZSTD,128,4,209361,4,209361,855.9992919981596,853.7896260022535,True
3,108,5,fresh-client,1,interior,zstd_256,ZSTD,256,1,213027,1,213027,362.598584000807,360.8100839992403,True
3,109,4,fresh-client,1,cross_128_corner,deflate_128,DEFLATE,128,4,217343,4,217343,951.6717090009479,946.2782919981692,True
3,110,5,fresh-client,1,cross_128_edge,lzw_256,LZW,256,1,287238,1,287238,597.06183399976,596.7115420025948,True
3,111,2,fresh-client,1,cross_256_corner,lzw_256,LZW,256,4,1132408,4,1132408,1100.5044579978858,1096.2772910061176,True
3,112,3,fresh-client,1,cross_128_corner,zstd_128,ZSTD,128,4,213549,4,213549,871.0653750022175,867.8567089991702,True
3,113,5,fresh-client,1,cross_128_corner,lzw_128,LZW,128,4,286916,4,286916,991.706584001804,988.6173750019225,True
3,114,2,fresh-client,1,cross_128_edge,deflate_512,DEFLATE,512,1,854635,1,854635,923.0545000027632,921.8476669993834,True
3,115,4,fresh-client,1,cross_128_corner,lzw_128,LZW,128,4,286916,4,286916,1152.9468759981683,1149.1152929993405,True
3,116,2,fresh-client,1,cross_256_edge,deflate_128,DEFLATE,128,2,106188,2,106188,673.4523340019223,671.7483749998792,True
3,117,5,fresh-client,1,cross_128_corner,deflate_512,DEFLATE,512,1,854635,1,854635,375.37437499850057,374.2346670005645,True
3,118,4,fresh-client,1,cross_256_corner,lzw_512,LZW,512,1,1132359,1,1132359,727.2406670017517,726.0077509999974,True
3,119,4,fresh-client,1,cross_256_corner,deflate_512,DEFLATE,512,1,854635,1,854635,375.94979200002854,374.76600000081817,True
3,120,2,fresh-client,1,cross_256_corner,zstd_256,ZSTD,256,4,839847,4,839847,1244.4882929994492,1239.338167000824,True
3,121,1,fresh-client,1,cross_256_corner,deflate_256,DEFLATE,256,4,854526,4,854526,1089.3825839993951,1083.371625001746,True
3,122,3,fresh-client,1,cross_512_corner,lzw_512,LZW,512,4,4453002,4,4453002,3955.0717519996397,3950.058916994749,True
3,123,5,fresh-client,1,cross_512_corner,zstd_128,ZSTD,128,4,209361,4,209361,1148.0831669978215,1145.141083994531,True
3,124,4,fresh-client,1,interior,deflate_256,DEFLATE,256,1,216896,1,216896,269.29083299910417,267.72300000084215,True
3,125,1,fresh-client,1,cross_512_corner,deflate_128,DEFLATE,128,4,212896,4,212896,920.2624999998079,916.9696680037305,True
3,126,1,fresh-client,1,cross_128_edge,zstd_512,ZSTD,512,1,839680,1,839680,460.3087079995021,458.3025419997284,True
3,127,5,fresh-client,1,cross_512_edge,deflate_256,DEFLATE,256,2,418008,2,418008,557.4631249983213,555.3797499997017,True
3,128,4,fresh-client,1,cross_256_corner,deflate_128,DEFLATE,128,4,214354,4,214354,926.5993330009223,923.7942520012439,True
3,129,2,fresh-client,1,cross_256_edge,zstd_512,ZSTD,512,1,839680,1,839680,547.7044170002046,546.3327510005911,True
3,130,1,fresh-client,1,cross_128_edge,deflate_256,DEFLATE,256,1,216896,1,216896,284.11562600012985,282.4687920001452,True
3,131,2,fresh-client,1,cross_256_edge,zstd_128,ZSTD,128,2,104575,2,104575,520.5576660009683,519.3226670016884,True
3,132,4,fresh-client,1,cross_512_edge,deflate_128,DEFLATE,128,2,103909,2,103909,498.540916996717,496.50833399937255,True
3,133,3,fresh-client,1,cross_512_corner,deflate_128,DEFLATE,128,4,212896,4,212896,1168.128584002261,1166.019750002306,True
3,134,4,fresh-client,1,cross_512_edge,zstd_256,ZSTD,256,2,411669,2,411669,618.789125001058,617.0082079988788,True
3,135,3,fresh-client,1,cross_512_corner,zstd_256,ZSTD,256,4,831289,4,831289,1886.5648339997279,1882.1846259997983,True
3,136,3,fresh-client,1,cross_256_edge,deflate_256,DEFLATE,256,2,427599,2,427599,663.6788760006311,660.9547500011104,True
3,137,1,fresh-client,1,cross_128_edge,lzw_128,LZW,128,2,143804,2,143804,571.1778760014568,569.2289159997017,True
3,138,1,fresh-client,1,cross_256_edge,deflate_128,DEFLATE,128,2,106188,2,106188,532.029167003202,529.8706670000684,True
3,139,5,fresh-client,1,cross_512_corner,zstd_512,ZSTD,512,4,3308140,4,3308140,3635.536626999965,3629.3985430020257,True
3,140,5,fresh-client,1,cross_256_edge,deflate_512,DEFLATE,512,1,854635,1,854635,524.1768339983537,523.1879999992088,True
3,141,4,fresh-client,1,cross_512_corner,deflate_128,DEFLATE,128,4,212896,4,212896,982.8882080000767,980.2298760041595,True
3,142,2,fresh-client,1,cross_128_corner,zstd_256,ZSTD,256,1,213027,1,213027,228.4258330000739,227.0259580000129,True
3,143,5,fresh-client,1,interior,lzw_256,LZW,256,1,287238,1,287238,493.2596249964263,484.9132500021369,True
3,144,1,fresh-client,1,cross_512_corner,lzw_256,LZW,256,4,1119359,4,1119359,1407.877459001611,1403.1012510022265,True
3,145,4,fresh-client,1,cross_128_edge,lzw_256,LZW,256,1,287238,1,287238,537.360374997661,535.6167089994415,True
3,146,5,fresh-client,1,cross_128_corner,lzw_512,LZW,512,1,1132359,1,1132359,437.3672500005341,436.08954199953587,True
3,147,3,fresh-client,1,cross_128_edge,zstd_256,ZSTD,256,1,213027,1,213027,341.2887079975917,339.27541700177244,True
3,148,5,fresh-client,1,cross_256_corner,zstd_512,ZSTD,512,1,839680,1,839680,525.966042001528,524.5746260006854,True
3,149,5,fresh-client,1,cross_128_corner,zstd_128,ZSTD,128,4,213549,4,213549,1296.2910839996766,1291.762168002606,True
3,150,2,fresh-client,1,cross_256_edge,deflate_512,DEFLATE,512,1,854635,1,854635,361.5312920010183,360.49916699994355,True
3,151,2,fresh-client,1,cross_512_edge,lzw_512,LZW,512,2,2233847,2,2233847,1084.9289589968976,1082.9501669977617,True
3,152,4,fresh-client,1,cross_128_corner,lzw_256,LZW,256,1,287238,1,287238,362.0910419995198,361.0589589989104,True
3,153,2,fresh-client,1,cross_128_corner,deflate_256,DEFLATE,256,1,216896,1,216896,336.0909169969091,334.7271250022459,True
3,154,1,fresh-client,1,cross_256_corner,lzw_128,LZW,128,4,283558,4,283558,1143.046750999929,1137.9986259998986,True
3,155,5,fresh-client,1,cross_256_edge,lzw_128,LZW,128,2,139785,2,139785,457.17079199675936,455.76170799904503,True
3,156,3,fresh-client,1,cross_128_corner,deflate_256,DEFLATE,256,1,216896,1,216896,298.554167002294,297.576625001966,True
3,157,4,fresh-client,1,cross_512_corner,deflate_512,DEFLATE,512,4,3358246,4,3358246,1794.413291998353,1789.3450830015354,True
3,158,3,fresh-client,1,cross_512_corner,deflate_256,DEFLATE,256,4,844868,4,844868,1524.0655010020419,1517.8497080014495,True
3,159,4,fresh-client,1,cross_256_corner,zstd_256,ZSTD,256,4,839847,4,839847,1229.643708000367,1223.5020400039502,True
3,160,1,fresh-client,1,cross_128_corner,lzw_256,LZW,256,1,287238,1,287238,382.73591700271936,381.56650000019,True
3,161,4,fresh-client,1,cross_128_corner,zstd_256,ZSTD,256,1,213027,1,213027,345.2154590013379,343.2743749981455,True
3,162,3,fresh-client,1,cross_512_edge,deflate_256,DEFLATE,256,2,418008,2,418008,712.3169170008623,709.6157919986581,True
3,163,1,fresh-client,1,cross_128_corner,zstd_128,ZSTD,128,4,213549,4,213549,856.8742079987715,854.4060420026653,True
3,164,2,fresh-client,1,cross_128_edge,lzw_128,LZW,128,2,143804,2,143804,572.2914170000877,570.2268330023799,True
3,165,4,fresh-client,1,cross_512_edge,zstd_128,ZSTD,128,2,102567,2,102567,416.58654200000456,415.47150000042166,True
3,166,3,fresh-client,1,cross_128_corner,deflate_512,DEFLATE,512,1,854635,1,854635,426.55379100324353,424.6928329994262,True
3,167,5,fresh-client,1,cross_256_edge,zstd_128,ZSTD,128,2,104575,2,104575,926.5729590006231,924.4179600027564,True
3,168,3,fresh-client,1,cross_256_edge,lzw_512,LZW,512,1,1132359,1,1132359,424.1452499991283,423.1090409994067,True
3,169,5,fresh-client,1,cross_512_edge,deflate_512,DEFLATE,512,2,1686890,2,1686890,772.9754590000084,769.1941670018423,True
3,170,2,fresh-client,1,cross_512_edge,zstd_128,ZSTD,128,2,102567,2,102567,417.45954200087,416.36125100194477,True
3,171,1,fresh-client,1,cross_512_corner,lzw_128,LZW,128,4,281701,4,281701,1064.6773759981443,1060.0374580026255,True
3,172,4,fresh-client,1,cross_512_corner,lzw_256,LZW,256,4,1119359,4,1119359,1234.500709000713,1228.5516259980795,True
3,173,4,fresh-client,1,cross_128_corner,lzw_512,LZW,512,1,1132359,1,1132359,1328.7454589990375,1326.9525840005372,True
3,174,4,fresh-client,1,cross_512_corner,lzw_512,LZW,512,4,4453002,4,4453002,2051.6453339987493,2046.9435419945512,True
3,175,4,fresh-client,1,cross_128_edge,zstd_512,ZSTD,512,1,839680,1,839680,382.75112500195974,381.3888330005284,True
3,176,3,fresh-client,1,cross_128_corner,lzw_128,LZW,128,4,286916,4,286916,875.5049589999544,873.1509590033966,True
3,177,4,fresh-client,1,cross_256_edge,zstd_512,ZSTD,512,1,839680,1,839680,328.6752499989234,327.6021250021586,True
3,178,4,fresh-client,1,interior,zstd_128,ZSTD,128,1,54047,1,54047,213.54395899834344,213.09829199890373,True
3,179,5,fresh-client,1,cross_128_corner,zstd_512,ZSTD,512,1,839680,1,839680,385.1153340001474,383.7502919996041,True
3,180,3,fresh-client,1,interior,lzw_128,LZW,128,1,72771,1,72771,194.13825000083307,193.79516700064414,True
3,181,2,fresh-client,1,cross_512_edge,zstd_512,ZSTD,512,2,1659734,2,1659734,841.7182919984043,839.0013339994766,True
3,182,5,fresh-client,1,cross_512_edge,lzw_512,LZW,512,2,2233847,2,2233847,943.7002920021769,940.6308750003518,True
3,183,2,fresh-client,1,cross_512_corner,lzw_256,LZW,256,4,1119359,4,1119359,1206.5657509992889,1200.754750003398,True
3,184,1,fresh-client,1,interior,zstd_128,ZSTD,128,1,54047,1,54047,202.6733749989944,202.13033300024108,True
3,185,5,fresh-client,1,cross_128_corner,deflate_256,DEFLATE,256,1,216896,1,216896,477.99433399995905,477.46804199778126,True
3,186,2,fresh-client,1,cross_128_edge,zstd_512,ZSTD,512,1,839680,1,839680,426.84320799889974,425.9304160004831,True
3,187,2,fresh-client,1,cross_128_corner,lzw_128,LZW,128,4,286916,4,286916,1024.3504589998338,1020.4405829972529,True
3,188,4,fresh-client,1,cross_256_corner,zstd_128,ZSTD,128,4,210703,4,210703,947.6165840023896,944.2835410009138,True
3,189,5,fresh-client,1,cross_256_edge,lzw_256,LZW,256,2,565161,2,565161,990.9938759992656,986.9471669990162,True
3,190,4,fresh-client,1,interior,lzw_256,LZW,256,1,287238,1,287238,351.9843750000291,349.34666700064554,True
3,191,2,fresh-client,1,cross_256_corner,deflate_256,DEFLATE,256,4,854526,4,854526,1167.4915420007892,1162.310167994292,True
3,192,1,fresh-client,1,cross_128_edge,zstd_256,ZSTD,256,1,213027,1,213027,210.99154200055636,210.62429099765723,True
3,193,4,fresh-client,1,cross_256_edge,zstd_128,ZSTD,128,2,104575,2,104575,676.2114590019337,674.7657920022903,True
3,194,1,fresh-client,1,cross_128_corner,zstd_256,ZSTD,256,1,213027,1,213027,268.750707997242,267.80662500095787,True
3,195,5,fresh-client,1,cross_128_edge,deflate_512,DEFLATE,512,1,854635,1,854635,433.15883399918675,432.08879200028605,True
3,196,1,fresh-client,1,cross_256_edge,lzw_256,LZW,256,2,565161,2,565161,589.2143759992905,587.0848330014269,True
3,197,5,fresh-client,1,cross_128_edge,deflate_256,DEFLATE,256,1,216896,1,216896,324.6421250005369,323.03762499941513,True
3,198,1,fresh-client,1,cross_512_edge,lzw_512,LZW,512,2,2233847,2,2233847,792.1708760004549,789.9941249997937,True
3,199,1,fresh-client,1,cross_512_edge,lzw_256,LZW,256,2,552383,2,552383,669.526166999276,667.0549999980722,True
3,200,5,fresh-client,1,cross_256_corner,deflate_256,DEFLATE,256,4,854526,4,854526,1113.7000009985059,1109.9063740002748,True
3,201,2,fresh-client,1,interior,deflate_512,DEFLATE,512,1,854635,1,854635,785.338251000212,784.2450419993838,True
3,202,1,fresh-client,1,interior,deflate_128,DEFLATE,128,1,55101,1,55101,205.5832090009062,205.2126259986835,True
3,203,3,fresh-client,1,cross_256_corner,zstd_128,ZSTD,128,4,210703,4,210703,1171.5324580000015,1167.7642510039732,True
3,204,1,fresh-client,1,interior,lzw_128,LZW,128,1,72771,1,72771,609.2543759987166,607.8784999990603,True
3,205,4,fresh-client,1,cross_256_edge,deflate_256,DEFLATE,256,2,427599,2,427599,582.1465839981101,579.3862089994946,True
3,206,1,fresh-client,1,cross_128_edge,deflate_512,DEFLATE,512,1,854635,1,854635,330.56854200185626,329.63858299990534,True
3,207,4,fresh-client,1,cross_128_edge,zstd_256,ZSTD,256,1,213027,1,213027,286.8865830023424,286.54533400185755,True
3,208,5,fresh-client,1,cross_256_edge,deflate_256,DEFLATE,256,2,427599,2,427599,505.22537600045325,503.26891700024134,True
3,209,1,fresh-client,1,cross_512_edge,zstd_256,ZSTD,256,2,411669,2,411669,566.4350829974865,564.7283750040515,True
3,210,4,fresh-client,1,cross_128_edge,lzw_512,LZW,512,1,1132359,1,1132359,644.9931670031219,644.1702500014799,True
3,211,5,fresh-client,1,cross_128_edge,lzw_128,LZW,128,2,143804,2,143804,580.1340420002816,577.5265839984058,True
3,212,2,fresh-client,1,cross_512_edge,zstd_256,ZSTD,256,2,411669,2,411669,549.1199999996752,545.1544589959667,True
3,213,2,fresh-client,1,cross_128_edge,deflate_256,DEFLATE,256,1,216896,1,216896,298.66691599818296,297.65062499791384,True
3,214,5,fresh-client,1,interior,deflate_128,DEFLATE,128,1,55101,1,55101,194.3811259989161,193.93687499905354,True
3,215,2,fresh-client,1,cross_256_edge,lzw_512,LZW,512,1,1132359,1,1132359,418.50574999989476,417.3761249985546,True
3,216,5,fresh-client,1,interior,lzw_128,LZW,128,1,72771,1,72771,181.60329199963599,181.2088760016195,True
3,217,2,fresh-client,1,cross_256_corner,deflate_128,DEFLATE,128,4,214354,4,214354,964.6356249977543,962.7270420023706,True
3,218,2,fresh-client,1,cross_256_corner,zstd_128,ZSTD,128,4,210703,4,210703,894.3300829996588,891.8494999998074,True
3,219,3,fresh-client,1,cross_512_corner,zstd_128,ZSTD,128,4,209361,4,209361,874.0733330014336,871.6591680058627,True
3,220,4,fresh-client,1,cross_512_edge,zstd_512,ZSTD,512,2,1659734,2,1659734,823.3864180001547,821.0290000024543,True
3,221,1,fresh-client,1,cross_128_corner,lzw_128,LZW,128,4,286916,4,286916,847.8119999999763,845.6634590038448,True
3,222,3,fresh-client,1,cross_128_edge,lzw_512,LZW,512,1,1132359,1,1132359,489.35958400033996,488.5727079999924,True
3,223,4,fresh-client,1,cross_256_edge,lzw_512,LZW,512,1,1132359,1,1132359,775.218541999493,773.9750010005082,True
3,224,3,fresh-client,1,cross_512_edge,deflate_128,DEFLATE,128,2,103909,2,103909,439.5402079971973,438.07729199761525,True
3,225,3,fresh-client,1,interior,deflate_256,DEFLATE,256,1,216896,1,216896,322.77554200118175,321.1262920012814,True
3,226,2,fresh-client,1,interior,zstd_256,ZSTD,256,1,213027,1,213027,281.49362499971176,280.34116700291634,True
3,227,4,fresh-client,1,cross_256_edge,deflate_512,DEFLATE,512,1,854635,1,854635,365.1581250014715,363.8438749985653,True
3,228,3,fresh-client,1,cross_256_edge,zstd_256,ZSTD,256,2,420443,2,420443,533.7367499996617,531.6474990031566,True
3,229,1,fresh-client,1,cross_128_edge,lzw_256,LZW,256,1,287238,1,287238,239.51962600040133,238.57383399808896,True
3,230,2,fresh-client,1,cross_128_edge,zstd_256,ZSTD,256,1,213027,1,213027,282.3634169981233,281.4049589978822,True
3,231,1,fresh-client,1,cross_256_corner,lzw_256,LZW,256,4,1132408,4,1132408,1834.3180010015203,1828.8125829967612,True
3,232,2,fresh-client,1,cross_512_edge,lzw_128,LZW,128,2,136799,2,136799,448.46408299781615,447.48637399970903,True
3,233,5,fresh-client,1,cross_256_corner,lzw_512,LZW,512,1,1132359,1,1132359,530.5737920025422,529.307416996744,True
3,234,5,fresh-client,1,cross_256_corner,deflate_128,DEFLATE,128,4,214354,4,214354,1051.1517510021804,1048.2982930006983,True
3,235,4,fresh-client,1,cross_128_edge,deflate_256,DEFLATE,256,1,216896,1,216896,302.75849999816273,301.09120799897937,True
3,236,1,fresh-client,1,cross_256_corner,zstd_512,ZSTD,512,1,839680,1,839680,511.3487090020499,509.2951670012553,True
3,237,5,fresh-client,1,cross_128_edge,deflate_128,DEFLATE,128,2,108933,2,108933,396.7994170016027,395.989250002458,True
3,238,3,fresh-client,1,cross_128_corner,zstd_512,ZSTD,512,1,839680,1,839680,593.3898340008454,591.9089169983636,True
3,239,5,fresh-client,1,cross_512_corner,deflate_256,DEFLATE,256,4,844868,4,844868,1354.086292001739,1347.905543003435,True
3,240,3,fresh-client,1,cross_256_corner,lzw_256,LZW,256,4,1132408,4,1132408,1292.9068759985967,1287.3565000045346,True
3,241,1,fresh-client,1,interior,zstd_512,ZSTD,512,1,839680,1,839680,457.56625099966186,456.2705830030609,True
3,242,2,fresh-client,1,cross_128_edge,deflate_128,DEFLATE,128,2,108933,2,108933,550.5344160010281,547.1872080015601,True
3,243,2,fresh-client,1,cross_128_corner,deflate_512,DEFLATE,512,1,854635,1,854635,360.7691249999334,359.64783399685984,True
3,244,1,fresh-client,1,cross_256_edge,zstd_256,ZSTD,256,2,420443,2,420443,763.9091249984631,762.074209003913,True
3,245,4,fresh-client,1,cross_256_corner,lzw_256,LZW,256,4,1132408,4,1132408,1163.9169169975503,1158.931207999558,True
3,246,1,fresh-client,1,interior,deflate_256,DEFLATE,256,1,216896,1,216896,371.48258299930603,370.20833299902733,True
3,247,2,fresh-client,1,interior,zstd_128,ZSTD,128,1,54047,1,54047,240.87941700054216,239.89204200188396,True
3,248,4,fresh-client,1,cross_256_corner,lzw_128,LZW,128,4,283558,4,283558,1021.254625000438,1017.1789579981123,True
3,249,5,fresh-client,1,interior,deflate_512,DEFLATE,512,1,854635,1,854635,364.49529199671815,362.69395899944357,True
3,250,5,fresh-client,1,cross_512_edge,zstd_512,ZSTD,512,2,1659734,2,1659734,945.0948340017931,942.2879580015433,True
3,251,1,fresh-client,1,cross_256_edge,lzw_512,LZW,512,1,1132359,1,1132359,491.8789580005978,490.20937499881256,True
3,252,5,fresh-client,1,cross_512_edge,deflate_128,DEFLATE,128,2,103909,2,103909,443.3195000019623,441.7357919992355,True
3,253,5,fresh-client,1,cross_512_corner,deflate_512,DEFLATE,512,4,3358246,4,3358246,2344.8328759986907,2338.9181249985995,True
3,254,2,fresh-client,1,cross_128_corner,lzw_512,LZW,512,1,1132359,1,1132359,631.2072499968053,629.997292002372,True
3,255,2,fresh-client,1,cross_128_corner,zstd_512,ZSTD,512,1,839680,1,839680,383.4283750002214,381.98716699844226,True
3,256,4,fresh-client,1,cross_128_corner,deflate_256,DEFLATE,256,1,216896,1,216896,237.1120419993531,236.10383400227875,True
3,257,4,fresh-client,1,cross_512_edge,deflate_256,DEFLATE,256,2,418008,2,418008,639.1192920018511,636.3649580016499,True
3,258,3,fresh-client,1,cross_128_corner,zstd_256,ZSTD,256,1,213027,1,213027,241.61758400077815,240.3841260020272,True
3,259,1,fresh-client,1,cross_256_edge,deflate_512,DEFLATE,512,1,854635,1,854635,446.03683300010744,445.06470800115494,True
3,260,1,fresh-client,1,cross_256_corner,deflate_128,DEFLATE,128,4,214354,4,214354,697.2071249983856,695.5531669991615,True
3,261,5,fresh-client,1,cross_256_edge,deflate_128,DEFLATE,128,2,106188,2,106188,509.2035420020693,506.11029299761867,True
3,262,5,fresh-client,1,cross_512_edge,lzw_128,LZW,128,2,136799,2,136799,466.5431260000332,464.798624998366,True
3,263,3,fresh-client,1,cross_256_corner,lzw_512,LZW,512,1,1132359,1,1132359,536.0297089973756,534.4652499989024,True
3,264,1,fresh-client,1,interior,lzw_256,LZW,256,1,287238,1,287238,578.1067079988134,576.6713750017516,True
3,265,1,fresh-client,1,cross_256_corner,lzw_512,LZW,512,1,1132359,1,1132359,541.7787090009369,540.4217920004157,True
3,266,3,fresh-client,1,cross_512_edge,lzw_128,LZW,128,2,136799,2,136799,437.61341700155754,436.69600000430364,True
3,267,2,fresh-client,1,cross_128_corner,deflate_128,DEFLATE,128,4,217343,4,217343,903.678917002253,900.6229160040675,True
3,268,1,fresh-client,1,cross_512_corner,zstd_128,ZSTD,128,4,209361,4,209361,882.0798339984322,879.2410019996169,True
3,269,3,fresh-client,1,interior,lzw_512,LZW,512,1,1132359,1,1132359,690.0125840002147,688.0092089995742,True
3,270,2,fresh-client,1,interior,lzw_512,LZW,512,1,1132359,1,1132359,518.2973750015663,516.406751001341,True
3,271,3,fresh-client,1,cross_256_edge,deflate_128,DEFLATE,128,2,106188,2,106188,442.34808400142356,440.6500830009463,True
3,272,2,fresh-client,1,interior,lzw_128,LZW,128,1,72771,1,72771,195.66549999944982,195.29545800105552,True
3,273,3,fresh-client,1,cross_128_edge,deflate_512,DEFLATE,512,1,854635,1,854635,358.53420900093624,357.4097509990679,True
3,274,2,fresh-client,1,cross_128_corner,zstd_128,ZSTD,128,4,213549,4,213549,1007.6382090010156,1005.6667079988983,True
3,275,1,fresh-client,1,cross_512_edge,deflate_256,DEFLATE,256,2,418008,2,418008,557.1452920012234,554.5357919982052,True
3,276,3,fresh-client,1,interior,zstd_512,ZSTD,512,1,839680,1,839680,470.7379169994965,469.4083750000573,True
3,277,5,fresh-client,1,cross_256_edge,zstd_256,ZSTD,256,2,420443,2,420443,591.0389999990002,588.3510420026141,True
3,278,3,fresh-client,1,cross_512_edge,zstd_256,ZSTD,256,2,411669,2,411669,538.139542000863,535.7823750018724,True
3,279,4,fresh-client,1,cross_256_edge,deflate_128,DEFLATE,128,2,106188,2,106188,501.5871249997872,499.76550100473105,True
3,280,2,fresh-client,1,cross_256_corner,deflate_512,DEFLATE,512,1,854635,1,854635,491.12220800088835,489.6740829972259,True
3,281,5,fresh-client,1,cross_512_corner,lzw_512,LZW,512,4,4453002,4,4453002,2336.198542998318,2328.755917998933,True
3,282,2,fresh-client,1,cross_256_corner,lzw_128,LZW,128,4,283558,4,283558,1370.4802930005826,1366.5858349995688,True
3,283,5,fresh-client,1,cross_256_corner,zstd_256,ZSTD,256,4,839847,4,839847,1230.4547509993427,1224.2717099979927,True
3,284,5,fresh-client,1,cross_256_corner,zstd_128,ZSTD,128,4,210703,4,210703,890.0156670024444,886.8115009936446,True
3,285,3,fresh-client,1,cross_128_edge,zstd_128,ZSTD,128,2,106966,2,106966,503.6660000005213,501.92287599566043,True
3,286,2,fresh-client,1,cross_128_edge,zstd_128,ZSTD,128,2,106966,2,106966,358.9892089985369,358.1746249983553,True
3,287,1,fresh-client,1,cross_512_corner,deflate_256,DEFLATE,256,4,844868,4,844868,1191.0528340013116,1185.8759999995527,True
3,288,2,fresh-client,1,cross_512_corner,deflate_512,DEFLATE,512,4,3358246,4,3358246,1947.3567929999263,1941.1170009989291,True
3,289,3,fresh-client,1,cross_256_edge,lzw_128,LZW,128,2,139785,2,139785,550.8642079985293,547.5082909979392,True
3,290,5,fresh-client,1,cross_512_corner,lzw_128,LZW,128,4,281701,4,281701,948.1857089995174,945.4705429925525,True
3,291,3,fresh-client,1,cross_512_corner,zstd_512,ZSTD,512,4,3308140,4,3308140,2390.3795839978557,2385.1959600033297,True
3,292,4,fresh-client,1,interior,zstd_256,ZSTD,256,1,213027,1,213027,281.85333399960655,280.51358399898163,True
3,293,3,fresh-client,1,interior,deflate_128,DEFLATE,128,1,55101,1,55101,299.95045800023945,298.3212500002992,True
3,294,3,fresh-client,1,interior,zstd_256,ZSTD,256,1,213027,1,213027,295.19845799950417,292.89979199893423,True
3,295,5,fresh-client,1,interior,deflate_256,DEFLATE,256,1,216896,1,216896,278.1080420027138,276.95245900031296,True
3,296,4,fresh-client,1,interior,lzw_512,LZW,512,1,1132359,1,1132359,523.0972919998749,521.5277919996879,True
3,297,3,fresh-client,1,cross_512_corner,lzw_128,LZW,128,4,281701,4,281701,1070.3710419984418,1067.7353339997353,True
3,298,5,fresh-client,1,cross_128_corner,zstd_256,ZSTD,256,1,213027,1,213027,203.48229199953494,202.51220800128067,True
3,299,5,fresh-client,1,cross_256_corner,lzw_128,LZW,128,4,283558,4,283558,913.2794170000125,910.151373998815,True
3,300,4,fresh-client,1,interior,lzw_128,LZW,128,1,72771,1,72771,184.20845899890992,183.7393339992559,True
3,301,3,fresh-client,1,cross_128_edge,deflate_128,DEFLATE,128,2,108933,2,108933,396.67662600186304,395.352167000965,True
3,302,5,fresh-client,1,cross_512_edge,zstd_128,ZSTD,128,2,102567,2,102567,501.14591700184974,499.1909169984865,True
3,303,3,fresh-client,1,cross_128_edge,lzw_256,LZW,256,1,287238,1,287238,307.75208399791154,305.96979199981433,True
3,304,2,fresh-client,1,cross_512_corner,deflate_256,DEFLATE,256,4,844868,4,844868,1761.3241260005452,1756.0371260005923,True
3,305,4,fresh-client,1,interior,zstd_512,ZSTD,512,1,839680,1,839680,1086.6549999991548,1085.4834589990787,True
3,306,2,fresh-client,1,cross_512_corner,lzw_128,LZW,128,4,281701,4,281701,1330.7847929972922,1326.2944990019605,True
3,307,3,fresh-client,1,cross_128_corner,lzw_512,LZW,512,1,1132359,1,1132359,523.7496250010736,521.3033340005495,True
3,308,1,fresh-client,1,cross_256_corner,deflate_512,DEFLATE,512,1,854635,1,854635,367.558582998754,366.215583999292,True
3,309,1,fresh-client,1,cross_256_edge,zstd_128,ZSTD,128,2,104575,2,104575,411.2466669976129,410.225999999966,True
3,310,4,fresh-client,1,cross_512_edge,lzw_512,LZW,512,2,2233847,2,2233847,962.8822500017122,960.0183339971409,True
3,311,4,fresh-client,1,cross_128_edge,deflate_128,DEFLATE,128,2,108933,2,108933,479.40179200304556,478.0188340009772,True
3,312,4,fresh-client,1,interior,deflate_128,DEFLATE,128,1,55101,1,55101,182.0532909987378,181.56579199785483,True
3,313,2,fresh-client,1,cross_512_corner,deflate_128,DEFLATE,128,4,212896,4,212896,893.5890839966305,890.7284579981933,True
3,314,5,fresh-client,1,cross_128_edge,lzw_512,LZW,512,1,1132359,1,1132359,876.8418750005367,873.7154170012218,True
3,315,4,fresh-client,1,cross_512_corner,deflate_256,DEFLATE,256,4,844868,4,844868,1356.869500999892,1352.90929200346,True
1,1,2,reused-client,1,interior,zstd_256,ZSTD,256,1,213027,1,213027,102.33912500189035,102.26241700001992,True
1,2,3,reused-client,1,cross_128_corner,lzw_512,LZW,512,1,1132359,1,1132359,351.42629199981457,351.34650100008,True
1,3,2,reused-client,1,cross_256_edge,deflate_256,DEFLATE,256,2,427599,2,427599,174.2090840016317,174.00416700183996,True
1,4,2,reused-client,1,cross_512_edge,zstd_128,ZSTD,128,2,102567,2,102567,100.8412090013735,100.72258400396095,True
1,5,2,reused-client,1,cross_512_edge,deflate_128,DEFLATE,128,2,103909,2,103909,140.32050000241725,140.22262599974056,True
1,6,1,reused-client,1,cross_256_corner,lzw_128,LZW,128,4,283558,4,283558,280.12520799893537,279.7122509982728,True
1,7,5,reused-client,1,interior,zstd_512,ZSTD,512,1,839680,1,839680,210.66458399945986,210.52204100124072,True
1,8,5,reused-client,1,cross_128_edge,zstd_256,ZSTD,256,1,213027,1,213027,108.97699999986799,108.92020800019964,True
1,9,5,reused-client,1,cross_512_corner,lzw_256,LZW,256,4,1119359,4,1119359,384.58375000118394,384.28187599856756,True
1,10,4,reused-client,1,cross_128_edge,zstd_256,ZSTD,256,1,213027,1,213027,94.38708299785503,94.32333299992024,True
1,11,2,reused-client,1,cross_512_corner,deflate_128,DEFLATE,128,4,212896,4,212896,288.11933300312376,287.8967500037106,True
1,12,5,reused-client,1,cross_256_corner,deflate_256,DEFLATE,256,4,854526,4,854526,329.54008399974555,329.3165839968424,True
1,13,3,reused-client,1,cross_512_edge,lzw_512,LZW,512,2,2233847,2,2233847,589.2253330021049,589.0871670017077,True
1,14,3,reused-client,1,cross_256_edge,lzw_512,LZW,512,1,1132359,1,1132359,299.1173339978559,298.9928749993851,True
1,15,3,reused-client,1,cross_128_edge,deflate_128,DEFLATE,128,2,108933,2,108933,156.37629100092454,156.20900000430993,True
1,16,1,reused-client,1,cross_512_edge,deflate_128,DEFLATE,128,2,103909,2,103909,366.51550000169664,366.36729200108675,True
1,17,3,reused-client,1,cross_512_corner,zstd_256,ZSTD,256,4,831289,4,831289,654.7886670014123,654.3567930020799,True
1,18,5,reused-client,1,cross_512_corner,zstd_128,ZSTD,128,4,209361,4,209361,228.7837080002646,228.53004200442228,True
1,19,4,reused-client,1,interior,deflate_128,DEFLATE,128,1,55101,1,55101,53.06650000056834,52.943709000828676,True
1,20,4,reused-client,1,cross_256_corner,lzw_128,LZW,128,4,283558,4,283558,390.080916997249,389.7532500013767,True
1,21,1,reused-client,1,cross_128_corner,deflate_512,DEFLATE,512,1,854635,1,854635,612.9625840003428,612.8534999988915,True
1,22,3,reused-client,1,cross_256_edge,lzw_256,LZW,256,2,565161,2,565161,492.97691700121504,492.8124159996514,True
1,23,2,reused-client,1,cross_512_edge,zstd_256,ZSTD,256,2,411669,2,411669,252.9555410001194,252.78850000177044,True
1,24,5,reused-client,1,cross_128_edge,zstd_512,ZSTD,512,1,839680,1,839680,383.38637499691686,383.2887919998029,True
1,25,3,reused-client,1,interior,deflate_128,DEFLATE,128,1,55101,1,55101,46.657250000862405,46.5602910007874,True
1,26,3,reused-client,1,cross_256_edge,zstd_256,ZSTD,256,2,420443,2,420443,302.0173340009933,301.8309169965505,True
1,27,4,reused-client,1,cross_128_corner,lzw_256,LZW,256,1,287238,1,287238,144.8500000005879,144.7084999999788,True
1,28,5,reused-client,1,cross_512_corner,deflate_128,DEFLATE,128,4,212896,4,212896,264.31975000014063,264.0739170019515,True
1,29,2,reused-client,1,cross_128_corner,deflate_128,DEFLATE,128,4,217343,4,217343,208.78666599674034,208.596790995216,True
1,30,5,reused-client,1,cross_256_corner,lzw_256,LZW,256,4,1132408,4,1132408,968.8060420012334,968.5440840003139,True
1,31,4,reused-client,1,interior,zstd_512,ZSTD,512,1,839680,1,839680,636.2332499993499,636.0372510025627,True
1,32,2,reused-client,1,cross_128_corner,lzw_512,LZW,512,1,1132359,1,1132359,585.1573750005628,585.0490000011632,True
1,33,5,reused-client,1,cross_512_edge,deflate_512,DEFLATE,512,2,1686890,2,1686890,730.2352499973495,729.9898340024811,True
1,34,5,reused-client,1,interior,lzw_128,LZW,128,1,72771,1,72771,52.31491700033075,52.21783299930394,True
1,35,4,reused-client,1,cross_128_edge,deflate_128,DEFLATE,128,2,108933,2,108933,135.51445799748763,135.23270799851161,True
1,36,5,reused-client,1,cross_512_edge,lzw_128,LZW,128,2,136799,2,136799,98.28995899806614,98.14166700016358,True
1,37,5,reused-client,1,cross_512_edge,zstd_512,ZSTD,512,2,1659734,2,1659734,748.8354999986768,748.6039170034928,True
1,38,5,reused-client,1,interior,deflate_128,DEFLATE,128,1,55101,1,55101,93.74620800008415,93.65920900017954,True
1,39,5,reused-client,1,cross_128_edge,deflate_128,DEFLATE,128,2,108933,2,108933,110.34358300094027,110.14358299871674,True
1,40,5,reused-client,1,cross_256_edge,zstd_512,ZSTD,512,1,839680,1,839680,305.0701250031125,304.9093339977844,True
1,41,5,reused-client,1,interior,deflate_256,DEFLATE,256,1,216896,1,216896,186.01133300035144,185.93795799824875,True
1,42,4,reused-client,1,cross_512_edge,zstd_128,ZSTD,128,2,102567,2,102567,88.76816599877202,88.66029099954176,True
1,43,5,reused-client,1,cross_512_edge,lzw_256,LZW,256,2,552383,2,552383,163.03816700019524,162.86133299945504,True
1,44,2,reused-client,1,interior,deflate_128,DEFLATE,128,1,55101,1,55101,52.927791999536566,52.85487500077579,True
1,45,2,reused-client,1,cross_512_edge,lzw_512,LZW,512,2,2233847,2,2233847,472.0740829980059,471.89204299866105,True
1,46,4,reused-client,1,cross_128_edge,lzw_256,LZW,256,1,287238,1,287238,83.3632080029929,83.16895899770316,True
1,47,5,reused-client,1,cross_512_edge,zstd_256,ZSTD,256,2,411669,2,411669,353.5202919993026,353.35275000034017,True
1,48,1,reused-client,1,cross_128_corner,zstd_256,ZSTD,256,1,213027,1,213027,69.41758299944922,69.32858299842337,True
1,49,1,reused-client,1,cross_128_edge,deflate_128,DEFLATE,128,2,108933,2,108933,92.31329100293806,92.20029099742533,True
1,50,3,reused-client,1,cross_256_corner,zstd_256,ZSTD,256,4,839847,4,839847,383.0891670004348,382.765874001052,True
1,51,2,reused-client,1,cross_256_edge,zstd_128,ZSTD,128,2,104575,2,104575,257.08600000143633,256.74745899959817,True
1,52,4,reused-client,1,cross_512_edge,lzw_256,LZW,256,2,552383,2,552383,288.7382910012093,288.50074999718345,True
1,53,2,reused-client,1,cross_512_edge,lzw_256,LZW,256,2,552383,2,552383,335.1753339993593,334.90874999552034,True
1,54,4,reused-client,1,cross_512_corner,deflate_128,DEFLATE,128,4,212896,4,212896,249.7548330029531,249.44891600171104,True
1,55,2,reused-client,1,cross_256_edge,zstd_256,ZSTD,256,2,420443,2,420443,305.2438339982473,304.9453330022516,True
1,56,5,reused-client,1,cross_128_edge,lzw_128,LZW,128,2,143804,2,143804,114.6079579993966,114.36883300120826,True
1,57,2,reused-client,1,interior,zstd_128,ZSTD,128,1,54047,1,54047,74.27470900074695,74.20729200021015,True
1,58,2,reused-client,1,cross_256_corner,zstd_128,ZSTD,128,4,210703,4,210703,226.56450000067707,226.28754199831747,True
1,59,3,reused-client,1,cross_512_edge,deflate_256,DEFLATE,256,2,418008,2,418008,170.4036660012207,170.14566700163414,True
1,60,2,reused-client,1,cross_128_corner,deflate_256,DEFLATE,256,1,216896,1,216896,189.02291700214846,188.90858400118304,True
1,61,4,reused-client,1,cross_512_edge,deflate_256,DEFLATE,256,2,418008,2,418008,341.28045800025575,340.9767910015944,True
1,62,3,reused-client,1,interior,deflate_256,DEFLATE,256,1,216896,1,216896,103.0516249993525,102.92783299883013,True
1,63,1,reused-client,1,cross_128_edge,zstd_256,ZSTD,256,1,213027,1,213027,130.1197510001657,129.9513330013724,True
1,64,4,reused-client,1,cross_128_edge,deflate_512,DEFLATE,512,1,854635,1,854635,288.39179200076615,288.2552500013844,True
1,65,3,reused-client,1,cross_128_edge,lzw_256,LZW,256,1,287238,1,287238,107.39041700071539,107.25966700192657,True
1,66,2,reused-client,1,cross_512_corner,zstd_128,ZSTD,128,4,209361,4,209361,290.2052919998823,289.9425839968899,True
1,67,2,reused-client,1,cross_512_edge,zstd_512,ZSTD,512,2,1659734,2,1659734,814.5092930026294,814.2367510045005,True
1,68,5,reused-client,1,cross_256_corner,deflate_128,DEFLATE,128,4,214354,4,214354,298.11754199909046,297.84396000468405,True
1,69,4,reused-client,1,cross_512_corner,lzw_128,LZW,128,4,281701,4,281701,457.9012499998498,457.5116669948329,True
1,70,5,reused-client,1,cross_256_edge,deflate_256,DEFLATE,256,2,427599,2,427599,546.4316259967745,546.2271260003035,True
1,71,2,reused-client,1,cross_512_corner,zstd_512,ZSTD,512,4,3308140,4,3308140,2279.8815010028193,2279.481334000593,True
1,72,3,reused-client,1,cross_512_corner,deflate_128,DEFLATE,128,4,212896,4,212896,878.8344999993569,878.4274580029887,True
1,73,3,reused-client,1,cross_512_corner,lzw_128,LZW,128,4,281701,4,281701,371.22337500113645,370.95037499966566,True
1,74,2,reused-client,1,cross_256_corner,deflate_256,DEFLATE,256,4,854526,4,854526,841.9995000003837,841.4719590000459,True
1,75,4,reused-client,1,cross_256_corner,lzw_256,LZW,256,4,1132408,4,1132408,643.0957510019653,642.2515429985651,True
1,76,1,reused-client,1,cross_512_edge,lzw_256,LZW,256,2,552383,2,552383,399.4575420001638,399.1289590012457,True
1,77,2,reused-client,1,cross_128_corner,lzw_128,LZW,128,4,286916,4,286916,265.06787499965867,264.71620900338166,True
1,78,1,reused-client,1,cross_128_edge,lzw_256,LZW,256,1,287238,1,287238,147.1844580009929,147.08204199996544,True
1,79,5,reused-client,1,cross_256_edge,deflate_128,DEFLATE,128,2,106188,2,106188,147.9358750002575,147.78641699740547,True
1,80,4,reused-client,1,cross_256_edge,zstd_256,ZSTD,256,2,420443,2,420443,255.44250099846977,255.09770799908438,True
1,81,3,reused-client,1,cross_128_corner,lzw_256,LZW,256,1,287238,1,287238,105.69570799998473,105.58129200217081,True
1,82,4,reused-client,1,cross_256_corner,deflate_256,DEFLATE,256,4,854526,4,854526,375.90500000078464,375.5049989995314,True
1,83,3,reused-client,1,cross_128_edge,lzw_128,LZW,128,2,143804,2,143804,101.44999999829452,101.24670900040655,True
1,84,1,reused-client,1,cross_256_edge,deflate_256,DEFLATE,256,2,427599,2,427599,178.59462599881226,178.45029199816054,True
1,85,1,reused-client,1,cross_256_corner,deflate_256,DEFLATE,256,4,854526,4,854526,642.8916259974358,642.4800010026956,True
1,86,1,reused-client,1,cross_256_corner,zstd_512,ZSTD,512,1,839680,1,839680,370.8879169971624,370.6424590018287,True
1,87,4,reused-client,1,cross_128_edge,deflate_256,DEFLATE,256,1,216896,1,216896,162.87104200091562,162.76975000073435,True
1,88,2,reused-client,1,cross_128_edge,lzw_128,LZW,128,2,143804,2,143804,228.05800000060117,227.75645900401287,True
1,89,1,reused-client,1,interior,lzw_128,LZW,128,1,72771,1,72771,112.93370900239097,112.81808399871807,True
1,90,1,reused-client,1,cross_512_edge,deflate_256,DEFLATE,256,2,418008,2,418008,267.32724999965285,267.19216700075776,True
1,91,2,reused-client,1,cross_256_edge,deflate_512,DEFLATE,512,1,854635,1,854635,694.6012509979482,694.4058750013937,True
1,92,3,reused-client,1,cross_256_corner,lzw_128,LZW,128,4,283558,4,283558,381.7806250008289,377.53820899888524,True
1,93,3,reused-client,1,cross_512_edge,lzw_256,LZW,256,2,552383,2,552383,312.5321660008922,312.3712919987156,True
1,94,2,reused-client,1,cross_128_corner,lzw_256,LZW,256,1,287238,1,287238,246.762040998874,246.59866699948907,True
1,95,1,reused-client,1,cross_256_corner,deflate_512,DEFLATE,512,1,854635,1,854635,352.847042002395,352.7094169985503,True
1,96,5,reused-client,1,cross_128_corner,zstd_256,ZSTD,256,1,213027,1,213027,94.81316600067657,94.71670800121501,True
1,97,5,reused-client,1,cross_256_corner,zstd_512,ZSTD,512,1,839680,1,839680,290.0460419987212,289.89520800314494,True
1,98,1,reused-client,1,cross_512_corner,zstd_512,ZSTD,512,4,3308140,4,3308140,1102.969709001627,1102.4655399960466,True
1,99,5,reused-client,1,cross_128_corner,lzw_128,LZW,128,4,286916,4,286916,297.1428340024431,296.8532490049256,True
1,100,5,reused-client,1,interior,zstd_256,ZSTD,256,1,213027,1,213027,81.64829099769122,81.2362500000745,True
1,101,5,reused-client,1,cross_128_edge,deflate_512,DEFLATE,512,1,854635,1,854635,348.0752079995,347.896541999944,True
1,102,3,reused-client,1,cross_128_corner,lzw_128,LZW,128,4,286916,4,286916,263.4544590000587,263.1428759996197,True
1,103,5,reused-client,1,cross_256_edge,lzw_256,LZW,256,2,565161,2,565161,360.99170799934654,360.7100420013012,True
1,104,4,reused-client,1,cross_512_edge,zstd_256,ZSTD,256,2,411669,2,411669,189.77595899923472,189.57666599817458,True
1,105,4,reused-client,1,cross_128_corner,zstd_512,ZSTD,512,1,839680,1,839680,409.85891700256616,409.7843749987078,True
1,106,4,reused-client,1,cross_128_edge,lzw_128,LZW,128,2,143804,2,143804,651.8017089983914,651.5040840022266,True
1,107,3,reused-client,1,interior,lzw_128,LZW,128,1,72771,1,72771,117.47683299836353,117.37150000044494,True
1,108,4,reused-client,1,cross_128_corner,deflate_256,DEFLATE,256,1,216896,1,216896,212.40329200009,212.26654100246378,True
1,109,5,reused-client,1,cross_128_corner,deflate_256,DEFLATE,256,1,216896,1,216896,194.5465829994646,194.3807919997198,True
1,110,3,reused-client,1,cross_512_edge,lzw_128,LZW,128,2,136799,2,136799,272.17416699932073,271.91674999994575,True
1,111,2,reused-client,1,cross_128_edge,deflate_256,DEFLATE,256,1,216896,1,216896,178.56208399825846,178.43495799752418,True
1,112,4,reused-client,1,cross_256_edge,deflate_128,DEFLATE,128,2,106188,2,106188,198.23337500201887,198.01558400286012,True
1,113,3,reused-client,1,cross_256_edge,deflate_512,DEFLATE,512,1,854635,1,854635,825.0614999997197,824.8867089969281,True
1,114,1,reused-client,1,cross_512_corner,zstd_256,ZSTD,256,4,831289,4,831289,687.7937509998446,687.3608749992854,True
1,115,1,reused-client,1,interior,lzw_256,LZW,256,1,287238,1,287238,260.7106659997953,260.54116600062116,True
1,116,1,reused-client,1,cross_512_corner,deflate_256,DEFLATE,256,4,844868,4,844868,510.0352919980651,509.7319169981347,True
1,117,4,reused-client,1,cross_256_edge,lzw_256,LZW,256,2,565161,2,565161,323.55358300264925,323.2211249960528,True
1,118,1,reused-client,1,cross_512_corner,lzw_256,LZW,256,4,1119359,4,1119359,601.4039170004253,601.0080849991937,True
1,119,2,reused-client,1,cross_128_edge,zstd_512,ZSTD,512,1,839680,1,839680,392.79187500142143,392.6735000022745,True
1,120,5,reused-client,1,cross_512_edge,zstd_128,ZSTD,128,2,102567,2,102567,202.25612500144052,201.41641599911964,True
1,121,1,reused-client,1,cross_128_corner,deflate_128,DEFLATE,128,4,217343,4,217343,246.62966599862557,246.26249900393304,True
1,122,1,reused-client,1,interior,deflate_256,DEFLATE,256,1,216896,1,216896,114.9673330000951,114.86758299724897,True
1,123,5,reused-client,1,cross_512_edge,deflate_128,DEFLATE,128,2,103909,2,103909,91.15816700068535,91.01741699851118,True
1,124,4,reused-client,1,cross_512_corner,deflate_512,DEFLATE,512,4,3358246,4,3358246,1306.0271670001384,1305.4695019964129,True
1,125,2,reused-client,1,cross_128_corner,deflate_512,DEFLATE,512,1,854635,1,854635,397.7267500013113,397.5955839996459,True
1,126,3,reused-client,1,cross_256_corner,lzw_256,LZW,256,4,1132408,4,1132408,398.13800000047195,397.6937090046704,True
1,127,1,reused-client,1,cross_256_edge,deflate_128,DEFLATE,128,2,106188,2,106188,133.13687499976368,132.95733300037682,True
1,128,1,reused-client,1,cross_256_corner,zstd_256,ZSTD,256,4,839847,4,839847,450.03416699910304,449.60550000178046,True
1,129,2,reused-client,1,interior,deflate_256,DEFLATE,256,1,216896,1,216896,104.74450000037905,104.67808400062495,True
1,130,1,reused-client,1,cross_128_corner,lzw_512,LZW,512,1,1132359,1,1132359,324.25762499769917,324.0291250003793,True
1,131,3,reused-client,1,cross_256_corner,zstd_512,ZSTD,512,1,839680,1,839680,303.43174999870826,303.2224159978796,True
1,132,4,reused-client,1,cross_128_corner,zstd_128,ZSTD,128,4,213549,4,213549,368.27583400008734,368.07933400268666,True
1,133,1,reused-client,1,interior,zstd_256,ZSTD,256,1,213027,1,213027,86.53575000062119,86.43154200035497,True
1,134,5,reused-client,1,cross_256_edge,lzw_512,LZW,512,1,1132359,1,1132359,347.0800830000371,347.0092090028629,True
1,135,2,reused-client,1,cross_128_corner,zstd_256,ZSTD,256,1,213027,1,213027,99.7732920004637,99.69791700132191,True
1,136,4,reused-client,1,cross_512_corner,lzw_512,LZW,512,4,4453002,4,4453002,1285.4105010010244,1285.1114590012003,True
1,137,3,reused-client,1,cross_512_edge,zstd_256,ZSTD,256,2,411669,2,411669,254.8916250016191,254.66091700218385,True
1,138,1,reused-client,1,interior,zstd_512,ZSTD,512,1,839680,1,839680,229.76158299934468,229.6495420014253,True
1,139,5,reused-client,1,cross_128_corner,lzw_256,LZW,256,1,287238,1,287238,100.67720799997915,100.57124999730149,True
1,140,1,reused-client,1,cross_128_corner,lzw_128,LZW,128,4,286916,4,286916,213.09195900175837,212.7912500000093,True
1,141,1,reused-client,1,interior,lzw_512,LZW,512,1,1132359,1,1132359,356.16674999982934,356.03112500029965,True
1,142,1,reused-client,1,cross_512_corner,lzw_128,LZW,128,4,281701,4,281701,314.6296670020092,314.2627929992159,True
1,143,2,reused-client,1,cross_512_corner,zstd_256,ZSTD,256,4,831289,4,831289,357.2613750002347,356.8902919978427,True
1,144,1,reused-client,1,cross_128_edge,deflate_512,DEFLATE,512,1,854635,1,854635,294.3340840029123,294.20041699995636,True
1,145,1,reused-client,1,cross_512_corner,deflate_128,DEFLATE,128,4,212896,4,212896,287.5781669972639,287.3382500038133,True
1,146,5,reused-client,1,cross_512_edge,deflate_256,DEFLATE,256,2,418008,2,418008,186.50220799827366,186.21391600026982,True
1,147,5,reused-client,1,interior,zstd_128,ZSTD,128,1,54047,1,54047,45.41370799779543,45.29000000184169,True
1,148,3,reused-client,1,cross_256_edge,deflate_256,DEFLATE,256,2,427599,2,427599,569.1480419991422,568.9158749992203,True
1,149,4,reused-client,1,cross_512_corner,lzw_256,LZW,256,4,1119359,4,1119359,902.8482510002505,902.217044000281,True
1,150,1,reused-client,1,interior,deflate_128,DEFLATE,128,1,55101,1,55101,375.6820000016887,375.4992920003133,True
1,151,5,reused-client,1,cross_128_corner,zstd_512,ZSTD,512,1,839680,1,839680,532.9280420010036,532.7521250001155,True
1,152,4,reused-client,1,cross_128_edge,lzw_512,LZW,512,1,1132359,1,1132359,589.672875998076,589.5800010002858,True
1,153,1,reused-client,1,cross_128_corner,lzw_256,LZW,256,1,287238,1,287238,155.63474999726168,155.46050000193645,True
1,154,2,reused-client,1,cross_256_corner,deflate_512,DEFLATE,512,1,854635,1,854635,372.03662500178325,371.84937500205706,True
1,155,5,reused-client,1,cross_256_edge,deflate_512,DEFLATE,512,1,854635,1,854635,619.708375998016,619.5014999975683,True
1,156,5,reused-client,1,cross_256_edge,lzw_128,LZW,128,2,139785,2,139785,163.538917000551,163.27941600320628,True
1,157,3,reused-client,1,cross_512_corner,zstd_128,ZSTD,128,4,209361,4,209361,231.65162499935832,231.37445699831005,True
1,158,2,reused-client,1,cross_512_edge,lzw_128,LZW,128,2,136799,2,136799,162.29037499942933,162.00350100189098,True
1,159,3,reused-client,1,cross_256_corner,deflate_128,DEFLATE,128,4,214354,4,214354,322.15016600093804,321.82533200102625,True
1,160,3,reused-client,1,cross_128_edge,lzw_512,LZW,512,1,1132359,1,1132359,1017.7852080014418,1017.6422090007691,True
1,161,2,reused-client,1,cross_128_edge,zstd_256,ZSTD,256,1,213027,1,213027,174.9107499999809,174.72929199720966,True
1,162,1,reused-client,1,cross_256_corner,deflate_128,DEFLATE,128,4,214354,4,214354,238.85641699962434,238.45875099505065,True
1,163,5,reused-client,1,cross_128_corner,deflate_512,DEFLATE,512,1,854635,1,854635,719.5612920004351,719.3928329979826,True
1,164,1,reused-client,1,cross_256_corner,lzw_256,LZW,256,4,1132408,4,1132408,728.4993749999558,727.9224999983853,True
1,165,2,reused-client,1,cross_256_corner,lzw_256,LZW,256,4,1132408,4,1132408,699.9218330020085,699.5110420066339,True
1,166,4,reused-client,1,interior,deflate_256,DEFLATE,256,1,216896,1,216896,93.73487500124611,93.56937499978812,True
1,167,3,reused-client,1,cross_128_edge,zstd_128,ZSTD,128,2,106966,2,106966,124.62075000075856,124.45779100016807,True
1,168,2,reused-client,1,cross_512_corner,lzw_128,LZW,128,4,281701,4,281701,324.4343329970434,324.2106249999779,True
1,169,5,reused-client,1,cross_256_corner,deflate_512,DEFLATE,512,1,854635,1,854635,481.17720799928065,481.03066600015154,True
1,170,5,reused-client,1,cross_128_edge,lzw_256,LZW,256,1,287238,1,287238,176.0160839985474,175.86558400216745,True
1,171,2,reused-client,1,cross_256_corner,lzw_128,LZW,128,4,283558,4,283558,395.16220899895416,394.73933500266867,True
1,172,1,reused-client,1,cross_512_corner,lzw_512,LZW,512,4,4453002,4,4453002,2667.732250996778,2667.2200850007357,True
1,173,3,reused-client,1,cross_128_corner,deflate_256,DEFLATE,256,1,216896,1,216896,221.42116599934525,221.27133399771992,True
1,174,2,reused-client,1,cross_256_corner,zstd_256,ZSTD,256,4,839847,4,839847,664.8626669993973,664.2615429991565,True
1,175,3,reused-client,1,cross_128_edge,deflate_512,DEFLATE,512,1,854635,1,854635,375.1090000005206,374.9444580025738,True
1,176,3,reused-client,1,cross_128_corner,deflate_128,DEFLATE,128,4,217343,4,217343,312.23729100020137,311.89899999299087,True
1,177,5,reused-client,1,cross_128_corner,deflate_128,DEFLATE,128,4,217343,4,217343,277.5751249973837,277.23512400189065,True
1,178,4,reused-client,1,cross_512_edge,lzw_128,LZW,128,2,136799,2,136799,132.2355010015599,131.99154199901386,True
1,179,2,reused-client,1,cross_256_edge,lzw_128,LZW,128,2,139785,2,139785,154.89637499922537,154.68937500190805,True
1,180,1,reused-client,1,cross_128_edge,lzw_512,LZW,512,1,1132359,1,1132359,505.993667000439,505.86316699991585,True
1,181,4,reused-client,1,cross_128_corner,deflate_128,DEFLATE,128,4,217343,4,217343,248.36141700143344,248.0590420018416,True
1,182,1,reused-client,1,cross_256_edge,zstd_512,ZSTD,512,1,839680,1,839680,276.3218330001109,276.09579199997825,True
1,183,1,reused-client,1,cross_128_corner,deflate_256,DEFLATE,256,1,216896,1,216896,80.50675000049523,80.32845799971255,True
1,184,4,reused-client,1,interior,zstd_256,ZSTD,256,1,213027,1,213027,144.03725000011036,143.86833300159196,True
1,185,3,reused-client,1,interior,zstd_256,ZSTD,256,1,213027,1,213027,105.564499997854,105.40725000100792,True
1,186,4,reused-client,1,cross_256_edge,deflate_512,DEFLATE,512,1,854635,1,854635,388.3120409991534,388.1503749980766,True
1,187,1,reused-client,1,cross_256_edge,zstd_256,ZSTD,256,2,420443,2,420443,269.55425000051036,269.35012400281266,True
1,188,5,reused-client,1,interior,lzw_512,LZW,512,1,1132359,1,1132359,559.498499998881,559.3915009994817,True
1,189,1,reused-client,1,cross_512_edge,zstd_256,ZSTD,256,2,411669,2,411669,217.82466700096847,217.63487499629264,True
1,190,4,reused-client,1,cross_256_edge,deflate_256,DEFLATE,256,2,427599,2,427599,288.3009580000362,288.0767909991846,True
1,191,2,reused-client,1,cross_512_corner,deflate_256,DEFLATE,256,4,844868,4,844868,667.2020420010085,666.9281659997068,True
1,192,3,reused-client,1,cross_512_edge,deflate_128,DEFLATE,128,2,103909,2,103909,104.6137080011249,104.49199999857228,True
1,193,2,reused-client,1,cross_256_edge,deflate_128,DEFLATE,128,2,106188,2,106188,111.48070900162566,111.39120899679256,True
1,194,3,reused-client,1,interior,zstd_512,ZSTD,512,1,839680,1,839680,373.60329200237175,373.5004170011962,True
1,195,5,reused-client,1,cross_128_edge,deflate_256,DEFLATE,256,1,216896,1,216896,105.41316700255265,105.31016599998111,True
1,196,3,reused-client,1,cross_256_edge,lzw_128,LZW,128,2,139785,2,139785,184.84608400103753,184.70541699571186,True
1,197,1,reused-client,1,interior,zstd_128,ZSTD,128,1,54047,1,54047,40.53429100167705,40.47904199978802,True
1,198,3,reused-client,1,cross_512_corner,lzw_512,LZW,512,4,4453002,4,4453002,2268.382834001386,2267.839667001681,True
1,199,1,reused-client,1,cross_256_edge,lzw_256,LZW,256,2,565161,2,565161,297.16941700098687,296.4299579980434,True
1,200,3,reused-client,1,cross_512_corner,lzw_256,LZW,256,4,1119359,4,1119359,721.0136260000581,720.4077919996053,True
1,201,2,reused-client,1,cross_128_corner,zstd_512,ZSTD,512,1,839680,1,839680,615.9332499992161,615.7869169983314,True
1,202,3,reused-client,1,cross_256_corner,lzw_512,LZW,512,1,1132359,1,1132359,862.7112089998263,862.5491249986226,True
1,203,5,reused-client,1,cross_256_corner,lzw_512,LZW,512,1,1132359,1,1132359,784.9645009991946,784.7668340000382,True
1,204,1,reused-client,1,cross_512_edge,lzw_512,LZW,512,2,2233847,2,2233847,2440.422709001723,2440.0605840019125,True
1,205,2,reused-client,1,cross_128_corner,zstd_128,ZSTD,128,4,213549,4,213549,500.96037500043167,500.36666600135504,True
1,206,1,reused-client,1,cross_128_edge,deflate_256,DEFLATE,256,1,216896,1,216896,143.64029199714423,143.4716660005506,True
1,207,4,reused-client,1,cross_512_edge,zstd_512,ZSTD,512,2,1659734,2,1659734,867.2963339995476,867.0454590028385,True
1,208,1,reused-client,1,cross_256_corner,zstd_128,ZSTD,128,4,210703,4,210703,256.25645800027996,255.87500099936733,True
1,209,2,reused-client,1,interior,lzw_512,LZW,512,1,1132359,1,1132359,380.9732090012403,380.80004199946416,True
1,210,3,reused-client,1,cross_128_edge,zstd_512,ZSTD,512,1,839680,1,839680,321.90991699826554,321.7158340012247,True
1,211,4,reused-client,1,cross_128_corner,zstd_256,ZSTD,256,1,213027,1,213027,158.3617090000189,158.1745840012445,True
1,212,5,reused-client,1,cross_512_corner,zstd_256,ZSTD,256,4,831289,4,831289,453.8987920022919,453.40154099903884,True
1,213,3,reused-client,1,cross_512_edge,deflate_512,DEFLATE,512,2,1686890,2,1686890,728.5010000014154,728.2238340012555,True
1,214,4,reused-client,1,interior,lzw_512,LZW,512,1,1132359,1,1132359,365.3881249992992,365.22708399934345,True
1,215,4,reused-client,1,cross_512_edge,deflate_128,DEFLATE,128,2,103909,2,103909,99.34487499776878,99.21549999489798,True
1,216,4,reused-client,1,cross_256_corner,deflate_128,DEFLATE,128,4,214354,4,214354,317.85341700015124,317.5932930025738,True
1,217,4,reused-client,1,cross_512_corner,zstd_128,ZSTD,128,4,209361,4,209361,227.42533400014509,227.17874900263269,True
1,218,2,reused-client,1,cross_128_edge,zstd_128,ZSTD,128,2,106966,2,106966,98.26275000159512,98.12245799912489,True
1,219,2,reused-client,1,interior,zstd_512,ZSTD,512,1,839680,1,839680,205.99495799979195,205.83616599833476,True
1,220,1,reused-client,1,cross_128_edge,zstd_128,ZSTD,128,2,106966,2,106966,117.01525100215804,116.83270900175557,True
1,221,3,reused-client,1,cross_512_edge,zstd_128,ZSTD,128,2,102567,2,102567,103.24341700106743,103.03474999818718,True
1,222,5,reused-client,1,cross_512_edge,lzw_512,LZW,512,2,2233847,2,2233847,1167.5223339989316,1167.223707998346,True
1,223,1,reused-client,1,cross_256_edge,deflate_512,DEFLATE,512,1,854635,1,854635,1507.040042000881,1506.9034999978612,True
1,224,4,reused-client,1,cross_512_corner,deflate_256,DEFLATE,256,4,844868,4,844868,795.123916999728,794.6622100025706,True
1,225,5,reused-client,1,cross_128_edge,zstd_128,ZSTD,128,2,106966,2,106966,109.09108299892978,108.92983300072956,True
1,226,1,reused-client,1,cross_512_edge,deflate_512,DEFLATE,512,2,1686890,2,1686890,926.7917500001204,926.4963749992603,True
1,227,2,reused-client,1,cross_512_corner,lzw_256,LZW,256,4,1119359,4,1119359,846.2347089989635,845.6490009994013,True
1,228,3,reused-client,1,interior,zstd_128,ZSTD,128,1,54047,1,54047,160.70562599998084,160.53020800245577,True
1,229,4,reused-client,1,cross_256_edge,zstd_512,ZSTD,512,1,839680,1,839680,636.9532919998164,636.8575419983245,True
1,230,4,reused-client,1,cross_256_corner,zstd_128,ZSTD,128,4,210703,4,210703,239.33041700001922,239.08837499766378,True
1,231,5,reused-client,1,cross_512_corner,deflate_256,DEFLATE,256,4,844868,4,844868,756.2450829973386,755.7134160051646,True
1,232,3,reused-client,1,cross_256_edge,zstd_128,ZSTD,128,2,104575,2,104575,84.60224999726051,84.4579580007121,True
1,233,3,reused-client,1,cross_128_edge,deflate_256,DEFLATE,256,1,216896,1,216896,120.2173749989015,120.11262500163866,True
1,234,3,reused-client,1,cross_128_corner,deflate_512,DEFLATE,512,1,854635,1,854635,462.91287500207545,462.7362080027524,True
1,235,4,reused-client,1,cross_128_edge,zstd_128,ZSTD,128,2,106966,2,106966,119.25120899832109,119.110792002175,True
1,236,1,reused-client,1,cross_128_corner,zstd_128,ZSTD,128,4,213549,4,213549,237.4450000024808,237.09537500326405,True
1,237,4,reused-client,1,interior,deflate_512,DEFLATE,512,1,854635,1,854635,468.0922080005985,468.00404200257617,True
1,238,1,reused-client,1,cross_256_edge,lzw_128,LZW,128,2,139785,2,139785,117.48891599927447,117.28283399861539,True
1,239,1,reused-client,1,cross_128_edge,lzw_128,LZW,128,2,143804,2,143804,107.23133299688925,107.08066699953633,True
1,240,2,reused-client,1,cross_256_edge,lzw_256,LZW,256,2,565161,2,565161,257.706500000495,257.42279100450105,True
1,241,1,reused-client,1,cross_512_edge,lzw_128,LZW,128,2,136799,2,136799,168.2999580007163,168.003624999983,True
1,242,4,reused-client,1,interior,zstd_128,ZSTD,128,1,54047,1,54047,128.66133299758076,128.5901669980376,True
1,243,2,reused-client,1,cross_512_edge,deflate_512,DEFLATE,512,2,1686890,2,1686890,683.7488329983898,683.5574589968019,True
1,244,4,reused-client,1,cross_128_corner,lzw_512,LZW,512,1,1132359,1,1132359,292.952083000273,292.8340840007877,True
1,245,4,reused-client,1,interior,lzw_256,LZW,256,1,287238,1,287238,125.57787500190898,125.51512500067474,True
1,246,2,reused-client,1,cross_128_edge,deflate_512,DEFLATE,512,1,854635,1,854635,245.7039580003766,245.6327500003681,True
1,247,4,reused-client,1,cross_256_corner,lzw_512,LZW,512,1,1132359,1,1132359,250.320584000292,250.20416699771886,True
1,248,5,reused-client,1,cross_512_corner,lzw_512,LZW,512,4,4453002,4,4453002,2864.66241800008,2864.2868339993584,True
1,249,2,reused-client,1,cross_256_edge,zstd_512,ZSTD,512,1,839680,1,839680,1090.5961669996032,1090.4224589976366,True
1,250,4,reused-client,1,cross_128_corner,lzw_128,LZW,128,4,286916,4,286916,563.0271250010992,562.6537080024718,True
1,251,4,reused-client,1,cross_512_corner,zstd_256,ZSTD,256,4,831289,4,831289,796.6581670007145,796.1776239972096,True
1,252,5,reused-client,1,cross_256_corner,lzw_128,LZW,128,4,283558,4,283558,391.38020899918047,390.81316599913407,True
1,253,2,reused-client,1,interior,lzw_256,LZW,256,1,287238,1,287238,311.6443330000038,311.4683750027325,True
1,254,1,reused-client,1,cross_512_corner,zstd_128,ZSTD,128,4,209361,4,209361,246.48700000034296,246.07449900213396,True
1,255,5,reused-client,1,cross_256_edge,zstd_256,ZSTD,256,2,420443,2,420443,230.2305420016637,230.01662500246312,True
1,256,3,reused-client,1,cross_512_corner,zstd_512,ZSTD,512,4,3308140,4,3308140,2798.9991270005703,2798.539752002398,True
1,257,5,reused-client,1,interior,deflate_512,DEFLATE,512,1,854635,1,854635,987.6931259968842,987.5202499970328,True
1,258,3,reused-client,1,cross_256_corner,deflate_256,DEFLATE,256,4,854526,4,854526,713.8373749985476,713.388042004226,True
1,259,5,reused-client,1,cross_512_corner,zstd_512,ZSTD,512,4,3308140,4,3308140,2020.3762509991066,2019.8245440005849,True
1,260,2,reused-client,1,cross_512_corner,lzw_512,LZW,512,4,4453002,4,4453002,3084.7360849984398,3084.285335000459,True
1,261,2,reused-client,1,cross_128_edge,deflate_128,DEFLATE,128,2,108933,2,108933,125.45166700147092,125.33654300204944,True
1,262,4,reused-client,1,cross_512_edge,deflate_512,DEFLATE,512,2,1686890,2,1686890,944.4942080008332,944.2908330020146,True
1,263,3,reused-client,1,cross_512_corner,deflate_256,DEFLATE,256,4,844868,4,844868,1173.074333997647,1172.5200420005422,True
1,264,5,reused-client,1,cross_128_corner,lzw_512,LZW,512,1,1132359,1,1132359,720.4136670006847,720.2450839977246,True
1,265,1,reused-client,1,cross_256_edge,zstd_128,ZSTD,128,2,104575,2,104575,93.063541000447,92.93070800049463,True
1,266,2,reused-client,1,interior,deflate_512,DEFLATE,512,1,854635,1,854635,379.29895900015254,379.1259589997935,True
1,267,3,reused-client,1,cross_256_edge,zstd_512,ZSTD,512,1,839680,1,839680,428.2720419978432,428.12879200209863,True
1,268,1,reused-client,1,cross_256_corner,lzw_512,LZW,512,1,1132359,1,1132359,522.6018329994986,522.4393329990562,True
1,269,4,reused-client,1,cross_256_edge,lzw_128,LZW,128,2,139785,2,139785,204.8239169998851,204.69570899877,True
1,270,3,reused-client,1,interior,lzw_512,LZW,512,1,1132359,1,1132359,298.0154169999878,297.8568339967751,True
1,271,1,reused-client,1,cross_128_corner,zstd_512,ZSTD,512,1,839680,1,839680,247.11733299773186,246.93158299851348,True
1,272,1,reused-client,1,cross_256_edge,lzw_512,LZW,512,1,1132359,1,1132359,227.7151669986779,227.51774999778718,True
1,273,2,reused-client,1,cross_256_corner,zstd_512,ZSTD,512,1,839680,1,839680,304.0957509983855,303.95449999923585,True
1,274,5,reused-client,1,cross_256_corner,zstd_256,ZSTD,256,4,839847,4,839847,319.2015410022577,318.8016250023793,True
1,275,2,reused-client,1,cross_128_edge,lzw_512,LZW,512,1,1132359,1,1132359,232.17720899992855,232.00654199899873,True
1,276,2,reused-client,1,cross_256_edge,lzw_512,LZW,512,1,1132359,1,1132359,258.82854199880967,258.6311669983843,True
1,277,3,reused-client,1,cross_512_corner,deflate_512,DEFLATE,512,4,3358246,4,3358246,1958.6786680010846,1958.135000000766,True
1,278,2,reused-client,1,cross_512_corner,deflate_512,DEFLATE,512,4,3358246,4,3358246,1712.0830420026323,1711.6867500008084,True
1,279,3,reused-client,1,cross_128_corner,zstd_512,ZSTD,512,1,839680,1,839680,410.584208999353,410.3621669964923,True
1,280,5,reused-client,1,cross_512_corner,lzw_128,LZW,128,4,281701,4,281701,317.70212500123307,317.3782910052978,True
1,281,1,reused-client,1,cross_512_edge,zstd_512,ZSTD,512,2,1659734,2,1659734,2307.5607089995174,2307.240499998443,True
1,282,5,reused-client,1,cross_512_corner,deflate_512,DEFLATE,512,4,3358246,4,3358246,1680.5000849999487,1679.900835002627,True
1,283,3,reused-client,1,cross_256_edge,deflate_128,DEFLATE,128,2,106188,2,106188,261.2367500005348,261.07170799878077,True
1,284,4,reused-client,1,cross_512_corner,zstd_512,ZSTD,512,4,3308140,4,3308140,2377.2032520028006,2376.6123770001286,True
1,285,1,reused-client,1,cross_512_edge,zstd_128,ZSTD,128,2,102567,2,102567,120.95220899936976,120.82274999920628,True
1,286,5,reused-client,1,cross_128_edge,lzw_512,LZW,512,1,1132359,1,1132359,486.1666670003615,486.0752499989758,True
1,287,3,reused-client,1,cross_512_edge,zstd_512,ZSTD,512,2,1659734,2,1659734,1199.1347500006668,1198.837084997649,True
1,288,3,reused-client,1,cross_128_corner,zstd_128,ZSTD,128,4,213549,4,213549,244.46104200251284,244.19391699848347,True
1,289,4,reused-client,1,cross_512_edge,lzw_512,LZW,512,2,2233847,2,2233847,929.4187080013216,929.1270000030636,True
1,290,2,reused-client,1,interior,lzw_128,LZW,128,1,72771,1,72771,57.16145800033701,57.025541998882545,True
1,291,1,reused-client,1,cross_512_corner,deflate_512,DEFLATE,512,4,3358246,4,3358246,1191.3386669984902,1190.6907920019876,True
1,292,4,reused-client,1,interior,lzw_128,LZW,128,1,72771,1,72771,55.94995800129254,55.84533300134353,True
1,293,4,reused-client,1,cross_256_corner,zstd_512,ZSTD,512,1,839680,1,839680,194.39908400090644,194.18962499912595,True
1,294,2,reused-client,1,cross_512_edge,deflate_256,DEFLATE,256,2,418008,2,418008,230.73862499950337,230.42833299768972,True
1,295,3,reused-client,1,cross_256_corner,deflate_512,DEFLATE,512,1,854635,1,854635,331.56050099933054,331.4109169987205,True
1,296,4,reused-client,1,cross_256_corner,zstd_256,ZSTD,256,4,839847,4,839847,372.60466699808603,372.07970899908105,True
1,297,3,reused-client,1,interior,lzw_256,LZW,256,1,287238,1,287238,112.13670800134423,111.8858759982686,True
1,298,4,reused-client,1,cross_256_corner,deflate_512,DEFLATE,512,1,854635,1,854635,196.73004200012656,196.5827910025837,True
1,299,3,reused-client,1,cross_256_corner,zstd_128,ZSTD,128,4,210703,4,210703,301.76154199943994,301.51708299672464,True
1,300,3,reused-client,1,cross_128_edge,zstd_256,ZSTD,256,1,213027,1,213027,360.06162500052596,359.8614170005021,True
1,301,4,reused-client,1,cross_128_edge,zstd_512,ZSTD,512,1,839680,1,839680,449.385625001014,449.2605839986936,True
1,302,1,reused-client,1,cross_128_edge,zstd_512,ZSTD,512,1,839680,1,839680,639.0758750021632,638.8808749979944,True
1,303,2,reused-client,1,cross_256_corner,lzw_512,LZW,512,1,1132359,1,1132359,848.5745840007439,848.428834000515,True
1,304,5,reused-client,1,cross_256_corner,zstd_128,ZSTD,128,4,210703,4,210703,576.4260840005591,575.926248999167,True
1,305,3,reused-client,1,cross_128_corner,zstd_256,ZSTD,256,1,213027,1,213027,659.9593329992786,659.8466670002381,True
1,306,4,reused-client,1,cross_256_edge,lzw_512,LZW,512,1,1132359,1,1132359,1024.2894170005457,1024.218918002589,True
1,307,1,reused-client,1,interior,deflate_512,DEFLATE,512,1,854635,1,854635,441.031499998644,440.9392499983369,True
1,308,5,reused-client,1,cross_128_corner,zstd_128,ZSTD,128,4,213549,4,213549,321.66816699827905,321.4132509929186,True
1,309,4,reused-client,1,cross_256_edge,zstd_128,ZSTD,128,2,104575,2,104575,97.46083299978636,97.33029099515988,True
1,310,3,reused-client,1,interior,deflate_512,DEFLATE,512,1,854635,1,854635,432.0159999988391,431.8519580010616,True
1,311,4,reused-client,1,cross_128_corner,deflate_512,DEFLATE,512,1,854635,1,854635,380.6306670012418,380.46520900024916,True
1,312,2,reused-client,1,cross_256_corner,deflate_128,DEFLATE,128,4,214354,4,214354,280.54050100035965,280.2491260008537,True
1,313,2,reused-client,1,cross_128_edge,lzw_256,LZW,256,1,287238,1,287238,114.23187500258791,114.08891700193635,True
1,314,5,reused-client,1,cross_256_edge,zstd_128,ZSTD,128,2,104575,2,104575,101.6874579981959,101.54345900082262,True
1,315,5,reused-client,1,interior,lzw_256,LZW,256,1,287238,1,287238,118.62158300209558,118.46000000150525,True
2,1,4,reused-client,1,cross_128_edge,deflate_512,DEFLATE,512,1,854635,1,854635,317.83983299828833,317.6642080034071,True
2,2,2,reused-client,1,cross_512_edge,zstd_256,ZSTD,256,2,411669,2,411669,190.81220799853327,190.64004100073362,True
2,3,3,reused-client,1,cross_256_edge,deflate_512,DEFLATE,512,1,854635,1,854635,264.1209999965213,263.9558750015567,True
2,4,3,reused-client,1,cross_256_corner,lzw_512,LZW,512,1,1132359,1,1132359,339.62350000001607,339.4802090006124,True
2,5,1,reused-client,1,cross_512_edge,lzw_128,LZW,128,2,136799,2,136799,229.98016599740367,229.67174999939743,True
2,6,3,reused-client,1,cross_256_edge,lzw_512,LZW,512,1,1132359,1,1132359,369.39995899956557,369.264667002426,True
2,7,2,reused-client,1,interior,zstd_512,ZSTD,512,1,839680,1,839680,405.522540997481,405.32012499897974,True
2,8,1,reused-client,1,cross_512_edge,zstd_512,ZSTD,512,2,1659734,2,1659734,502.69837499945424,502.35274999795365,True
2,9,2,reused-client,1,cross_128_edge,deflate_128,DEFLATE,128,2,108933,2,108933,144.96641699952306,144.66566600094666,True
2,10,1,reused-client,1,cross_512_edge,deflate_256,DEFLATE,256,2,418008,2,418008,250.39195799763547,250.0093749986263,True
2,11,5,reused-client,1,cross_128_corner,lzw_256,LZW,256,1,287238,1,287238,134.944124998583,134.75787499919534,True
2,12,4,reused-client,1,cross_256_corner,deflate_256,DEFLATE,256,4,854526,4,854526,371.00441599977785,370.4308740016131,True
2,13,3,reused-client,1,cross_128_edge,lzw_128,LZW,128,2,143804,2,143804,107.13137499988079,106.98229300032835,True
2,14,1,reused-client,1,cross_128_corner,zstd_512,ZSTD,512,1,839680,1,839680,255.35266699807835,255.1285840017954,True
2,15,5,reused-client,1,interior,lzw_256,LZW,256,1,287238,1,287238,169.44629199861083,169.3142500007525,True
2,16,1,reused-client,1,cross_256_corner,zstd_128,ZSTD,128,4,210703,4,210703,225.84249999999884,225.24008300024434,True
2,17,5,reused-client,1,cross_128_edge,deflate_256,DEFLATE,256,1,216896,1,216896,106.5626669987978,106.34383399883518,True
2,18,5,reused-client,1,cross_256_corner,zstd_128,ZSTD,128,4,210703,4,210703,238.13383300148416,237.8085410055064,True
2,19,3,reused-client,1,cross_256_edge,lzw_128,LZW,128,2,139785,2,139785,143.93274999747518,143.8261249968491,True
2,20,2,reused-client,1,interior,lzw_512,LZW,512,1,1132359,1,1132359,500.31666699942434,500.161958996614,True
2,21,1,reused-client,1,cross_128_corner,zstd_256,ZSTD,256,1,213027,1,213027,139.8414169998432,139.729416998307,True
2,22,3,reused-client,1,cross_512_corner,zstd_256,ZSTD,256,4,831289,4,831289,405.82454099785537,405.4151249983988,True
2,23,1,reused-client,1,cross_512_corner,zstd_256,ZSTD,256,4,831289,4,831289,969.7318340004131,969.0525010009878,True
2,24,1,reused-client,1,cross_256_corner,deflate_128,DEFLATE,128,4,214354,4,214354,397.9822500004957,397.58374999655643,True
2,25,5,reused-client,1,cross_128_edge,zstd_512,ZSTD,512,1,839680,1,839680,699.08979200045,698.9025420007238,True
2,26,3,reused-client,1,cross_512_edge,deflate_128,DEFLATE,128,2,103909,2,103909,105.67258400260471,105.47204199974658,True
2,27,1,reused-client,1,cross_256_edge,deflate_256,DEFLATE,256,2,427599,2,427599,814.3586250007502,814.096416997927,True
2,28,1,reused-client,1,cross_128_corner,lzw_512,LZW,512,1,1132359,1,1132359,908.9340840000659,908.7726260004274,True
2,29,1,reused-client,1,cross_128_corner,deflate_128,DEFLATE,128,4,217343,4,217343,274.48508300221874,274.142958001903,True
2,30,1,reused-client,1,cross_128_edge,deflate_256,DEFLATE,256,1,216896,1,216896,168.47954200056847,168.3497920021182,True
2,31,4,reused-client,1,cross_256_edge,deflate_128,DEFLATE,128,2,106188,2,106188,236.37766699903295,236.14054200152168,True
2,32,1,reused-client,1,cross_128_edge,deflate_512,DEFLATE,512,1,854635,1,854635,626.5429170016432,626.3252509997983,True
2,33,3,reused-client,1,cross_512_edge,lzw_512,LZW,512,2,2233847,2,2233847,1152.9630420009198,1152.6700840004196,True
2,34,4,reused-client,1,cross_256_corner,lzw_256,LZW,256,4,1132408,4,1132408,948.7365009990754,948.1757509965973,True
2,35,4,reused-client,1,cross_512_corner,deflate_512,DEFLATE,512,4,3358246,4,3358246,1621.3330430000497,1620.7007909943059,True
2,36,5,reused-client,1,interior,lzw_128,LZW,128,1,72771,1,72771,66.50795899986406,66.41654199847835,True
2,37,5,reused-client,1,cross_256_edge,lzw_512,LZW,512,1,1132359,1,1132359,342.85845900012646,342.6979169998958,True
2,38,5,reused-client,1,cross_128_edge,lzw_512,LZW,512,1,1132359,1,1132359,402.80825000081677,402.67066700107534,True
2,39,3,reused-client,1,cross_256_edge,zstd_512,ZSTD,512,1,839680,1,839680,213.34533399931388,213.17312600149307,True
2,40,1,reused-client,1,cross_256_edge,lzw_128,LZW,128,2,139785,2,139785,100.51591700175777,100.29125000073691,True
2,41,2,reused-client,1,cross_256_edge,deflate_256,DEFLATE,256,2,427599,2,427599,235.94791700088535,235.6385830025829,True
2,42,5,reused-client,1,cross_128_corner,lzw_128,LZW,128,4,286916,4,286916,244.16833400027826,243.84591700072633,True
2,43,1,reused-client,1,interior,lzw_128,LZW,128,1,72771,1,72771,117.5613749983313,117.4749999991036,True
2,44,3,reused-client,1,cross_128_edge,zstd_512,ZSTD,512,1,839680,1,839680,357.88537500047823,357.7056249996531,True
2,45,1,reused-client,1,cross_256_edge,zstd_512,ZSTD,512,1,839680,1,839680,313.0407089993241,312.85804199796985,True
2,46,4,reused-client,1,cross_512_edge,zstd_256,ZSTD,256,2,411669,2,411669,217.80337499876623,217.52166700025555,True
2,47,1,reused-client,1,cross_128_edge,deflate_128,DEFLATE,128,2,108933,2,108933,125.4994999981136,125.35333300183993,True
2,48,2,reused-client,1,cross_256_corner,zstd_128,ZSTD,128,4,210703,4,210703,317.1325840012287,316.85362600183,True
2,49,3,reused-client,1,cross_512_corner,lzw_512,LZW,512,4,4453002,4,4453002,2285.3570009974646,2284.827167997719,True
2,50,1,reused-client,1,interior,lzw_256,LZW,256,1,287238,1,287238,124.94995800079778,124.9104160015122,True
2,51,2,reused-client,1,cross_128_edge,deflate_256,DEFLATE,256,1,216896,1,216896,120.23804199998267,120.21266700321576,True
2,52,5,reused-client,1,cross_512_corner,deflate_128,DEFLATE,128,4,212896,4,212896,209.73304200015264,209.53245900091133,True
2,53,3,reused-client,1,cross_256_corner,zstd_512,ZSTD,512,1,839680,1,839680,380.1346250002098,379.9838750019262,True
2,54,3,reused-client,1,cross_256_corner,deflate_256,DEFLATE,256,4,854526,4,854526,413.65612499794224,413.14733499166323,True
2,55,2,reused-client,1,cross_128_corner,deflate_256,DEFLATE,256,1,216896,1,216896,170.16275000059977,169.99912500250502,True
2,56,2,reused-client,1,cross_512_edge,deflate_512,DEFLATE,512,2,1686890,2,1686890,1180.866917999083,1180.561000997841,True
2,57,4,reused-client,1,interior,zstd_256,ZSTD,256,1,213027,1,213027,338.0347089987481,337.86008300012327,True
2,58,1,reused-client,1,interior,deflate_512,DEFLATE,512,1,854635,1,854635,1183.6897510002018,1183.516625998891,True
2,59,1,reused-client,1,cross_512_corner,zstd_512,ZSTD,512,4,3308140,4,3308140,2086.6929599978903,2086.017168003309,True
2,60,2,reused-client,1,cross_256_corner,zstd_256,ZSTD,256,4,839847,4,839847,621.160875998612,620.7438749952416,True
2,61,4,reused-client,1,cross_512_edge,deflate_512,DEFLATE,512,2,1686890,2,1686890,971.0262919979868,970.7567090008524,True
2,62,3,reused-client,1,interior,lzw_512,LZW,512,1,1132359,1,1132359,488.3072920019913,488.20204199728323,True
2,63,1,reused-client,1,cross_512_edge,lzw_512,LZW,512,2,2233847,2,2233847,665.1264580032148,664.8391249982524,True
2,64,4,reused-client,1,cross_512_edge,lzw_128,LZW,128,2,136799,2,136799,210.45454100021743,210.27416600190918,True
2,65,4,reused-client,1,cross_256_corner,zstd_512,ZSTD,512,1,839680,1,839680,220.04520799964666,219.8593749999418,True
2,66,2,reused-client,1,cross_128_edge,lzw_128,LZW,128,2,143804,2,143804,141.4511670009233,141.19645800019498,True
2,67,4,reused-client,1,interior,deflate_512,DEFLATE,512,1,854635,1,854635,327.16816700121854,327.04062500124564,True
2,68,3,reused-client,1,cross_128_corner,lzw_128,LZW,128,4,286916,4,286916,344.4401669985382,344.1512090030301,True
2,69,2,reused-client,1,cross_512_edge,lzw_256,LZW,256,2,552383,2,552383,223.54270799769438,223.28550000020186,True
2,70,1,reused-client,1,cross_128_edge,lzw_256,LZW,256,1,287238,1,287238,154.4136670017906,154.22166699863737,True
2,71,5,reused-client,1,interior,deflate_512,DEFLATE,512,1,854635,1,854635,420.01066700322554,419.80695899837883,True
2,72,2,reused-client,1,cross_128_corner,lzw_512,LZW,512,1,1132359,1,1132359,500.4592910008796,500.2580840009614,True
2,73,2,reused-client,1,cross_512_corner,zstd_256,ZSTD,256,4,831289,4,831289,854.2865429990343,853.6380009973072,True
2,74,1,reused-client,1,cross_512_edge,zstd_256,ZSTD,256,2,411669,2,411669,288.9575410008547,288.6392499967769,True
2,75,5,reused-client,1,cross_128_corner,deflate_128,DEFLATE,128,4,217343,4,217343,684.9976249977772,684.5085410022875,True
2,76,5,reused-client,1,cross_512_edge,lzw_512,LZW,512,2,2233847,2,2233847,1269.4672510006058,1269.1386259975843,True
2,77,2,reused-client,1,cross_256_edge,deflate_128,DEFLATE,128,2,106188,2,106188,123.74054199972306,123.49416700089932,True
2,78,4,reused-client,1,cross_512_corner,zstd_128,ZSTD,128,4,209361,4,209361,204.7942499993951,204.5765409966407,True
2,79,5,reused-client,1,cross_128_edge,lzw_128,LZW,128,2,143804,2,143804,110.03416599851334,109.91091699543176,True
2,80,4,reused-client,1,cross_128_corner,zstd_256,ZSTD,256,1,213027,1,213027,105.75420899840537,105.54408399912063,True
2,81,5,reused-client,1,cross_512_edge,lzw_128,LZW,128,2,136799,2,136799,103.8999580014206,103.7296249960491,True
2,82,4,reused-client,1,cross_128_edge,zstd_512,ZSTD,512,1,839680,1,839680,397.904749999725,397.8352090016415,True
2,83,5,reused-client,1,cross_512_corner,zstd_256,ZSTD,256,4,831289,4,831289,410.4113339999458,410.0234579964308,True
2,84,3,reused-client,1,interior,zstd_256,ZSTD,256,1,213027,1,213027,161.19383300247137,160.9926670025743,True
2,85,2,reused-client,1,cross_128_corner,zstd_128,ZSTD,128,4,213549,4,213549,309.5947089968831,309.3624999964959,True
2,86,3,reused-client,1,cross_512_edge,zstd_256,ZSTD,256,2,411669,2,411669,251.69987499975832,251.42508399949293,True
2,87,1,reused-client,1,cross_256_edge,zstd_128,ZSTD,128,2,104575,2,104575,101.84975000083796,101.71683299995493,True
2,88,1,reused-client,1,cross_128_edge,zstd_128,ZSTD,128,2,106966,2,106966,97.92504099823418,97.79374999925494,True
2,89,5,reused-client,1,cross_128_corner,deflate_256,DEFLATE,256,1,216896,1,216896,119.2729579997831,119.16049999854295,True
2,90,1,reused-client,1,cross_512_corner,zstd_128,ZSTD,128,4,209361,4,209361,747.2269999998389,746.6834160077269,True
2,91,2,reused-client,1,interior,lzw_128,LZW,128,1,72771,1,72771,107.94745800012606,107.73866699673817,True
2,92,2,reused-client,1,cross_256_corner,lzw_512,LZW,512,1,1132359,1,1132359,1199.4558750011493,1199.3367920003948,True
2,93,1,reused-client,1,cross_128_edge,lzw_512,LZW,512,1,1132359,1,1132359,804.996751001454,804.8040840003523,True
2,94,2,reused-client,1,cross_128_edge,lzw_256,LZW,256,1,287238,1,287238,260.1073340010771,259.9181670011603,True
2,95,4,reused-client,1,cross_256_corner,zstd_256,ZSTD,256,4,839847,4,839847,565.0605840019125,564.5937490007782,True
2,96,4,reused-client,1,cross_128_edge,lzw_512,LZW,512,1,1132359,1,1132359,418.58050000155345,418.4052499986137,True
2,97,5,reused-client,1,cross_256_edge,deflate_128,DEFLATE,128,2,106188,2,106188,123.17316600092454,123.05049999849871,True
2,98,3,reused-client,1,cross_128_corner,lzw_512,LZW,512,1,1132359,1,1132359,456.9955000006303,456.84416700169095,True
2,99,2,reused-client,1,interior,zstd_256,ZSTD,256,1,213027,1,213027,71.33420900208876,71.06933300019591,True
2,100,3,reused-client,1,cross_512_corner,deflate_512,DEFLATE,512,4,3358246,4,3358246,2077.6946669975587,2077.1957089964417,True
2,101,3,reused-client,1,cross_256_edge,lzw_256,LZW,256,2,565161,2,565161,471.58262499942794,471.3114579972171,True
2,102,4,reused-client,1,cross_512_edge,deflate_256,DEFLATE,256,2,418008,2,418008,464.04358400104684,463.73324999876786,True
2,103,2,reused-client,1,cross_256_corner,deflate_128,DEFLATE,128,4,214354,4,214354,265.74400100071216,265.20866700229817,True
2,104,3,reused-client,1,cross_256_corner,lzw_128,LZW,128,4,283558,4,283558,276.2741250007821,275.74270799959777,True
2,105,5,reused-client,1,cross_512_corner,deflate_256,DEFLATE,256,4,844868,4,844868,626.7429170002288,626.158460003353,True
2,106,3,reused-client,1,cross_256_edge,deflate_128,DEFLATE,128,2,106188,2,106188,92.86670800065622,92.72345800127368,True
2,107,2,reused-client,1,interior,zstd_128,ZSTD,128,1,54047,1,54047,61.66970899721491,61.57983299999614,True
2,108,3,reused-client,1,cross_128_edge,deflate_256,DEFLATE,256,1,216896,1,216896,149.93062500070664,149.7403339999437,True
2,109,4,reused-client,1,cross_128_corner,lzw_128,LZW,128,4,286916,4,286916,214.00200000061886,213.6691659979988,True
2,110,3,reused-client,1,cross_512_edge,deflate_512,DEFLATE,512,2,1686890,2,1686890,902.4068760008959,902.078666997113,True
2,111,4,reused-client,1,cross_128_corner,lzw_256,LZW,256,1,287238,1,287238,127.5789999999688,127.40608300009626,True
2,112,2,reused-client,1,cross_512_corner,lzw_256,LZW,256,4,1119359,4,1119359,580.4475000004459,579.9924159982766,True
2,113,4,reused-client,1,cross_512_corner,deflate_256,DEFLATE,256,4,844868,4,844868,378.56570900112274,377.7906239993172,True
2,114,3,reused-client,1,cross_256_corner,lzw_256,LZW,256,4,1132408,4,1132408,367.32466600005864,366.7461240038392,True
2,115,3,reused-client,1,cross_512_corner,zstd_128,ZSTD,128,4,209361,4,209361,249.72379199971328,249.45425000260002,True
2,116,2,reused-client,1,cross_512_corner,lzw_128,LZW,128,4,281701,4,281701,213.65141699789092,213.31691600425984,True
2,117,2,reused-client,1,cross_128_edge,lzw_512,LZW,512,1,1132359,1,1132359,347.6723329986271,347.5199589993281,True
2,118,5,reused-client,1,cross_128_corner,zstd_512,ZSTD,512,1,839680,1,839680,477.31508299693814,477.1388750014012,True
2,119,1,reused-client,1,cross_512_edge,deflate_512,DEFLATE,512,2,1686890,2,1686890,719.5042499988631,719.1387500024575,True
2,120,3,reused-client,1,cross_128_edge,zstd_128,ZSTD,128,2,106966,2,106966,217.52716699847952,217.31308299786178,True
2,121,4,reused-client,1,interior,lzw_512,LZW,512,1,1132359,1,1132359,578.9272919973882,578.7892080006714,True
2,122,4,reused-client,1,cross_512_edge,zstd_128,ZSTD,128,2,102567,2,102567,114.6026249989518,114.43891600356437,True
2,123,2,reused-client,1,cross_512_edge,lzw_512,LZW,512,2,2233847,2,2233847,1556.681751000724,1556.3881670022965,True
2,124,4,reused-client,1,cross_128_edge,lzw_128,LZW,128,2,143804,2,143804,207.6277919986751,207.34195800469024,True
2,125,2,reused-client,1,cross_128_edge,zstd_128,ZSTD,128,2,106966,2,106966,104.46241699901293,104.3338749987015,True
2,126,2,reused-client,1,cross_128_corner,lzw_128,LZW,128,4,286916,4,286916,390.64212499943096,390.1341250020778,True
2,127,1,reused-client,1,cross_256_edge,lzw_256,LZW,256,2,565161,2,565161,461.7947919978178,461.5251260001969,True
2,128,3,reused-client,1,cross_128_edge,lzw_512,LZW,512,1,1132359,1,1132359,457.77475100112497,457.654249999905,True
2,129,5,reused-client,1,cross_256_corner,deflate_128,DEFLATE,128,4,214354,4,214354,317.71391599977505,317.2987910002121,True
2,130,1,reused-client,1,interior,deflate_256,DEFLATE,256,1,216896,1,216896,104.42854199936846,104.25783299797331,True
2,131,2,reused-client,1,cross_256_corner,lzw_256,LZW,256,4,1132408,4,1132408,531.8157910005539,531.3295830019342,True
2,132,1,reused-client,1,cross_256_corner,deflate_256,DEFLATE,256,4,854526,4,854526,945.1725840008294,944.6477509991382,True
2,133,4,reused-client,1,cross_512_corner,zstd_512,ZSTD,512,4,3308140,4,3308140,2961.0625429995707,2959.507959003531,True
2,134,1,reused-client,1,interior,zstd_128,ZSTD,128,1,54047,1,54047,81.3029999990249,81.14945800116402,True
2,135,4,reused-client,1,cross_512_edge,lzw_512,LZW,512,2,2233847,2,2233847,1045.9829169994919,1045.6583330051217,True
2,136,5,reused-client,1,cross_128_corner,zstd_256,ZSTD,256,1,213027,1,213027,96.80479199960246,96.62787499837577,True
2,137,2,reused-client,1,interior,deflate_128,DEFLATE,128,1,55101,1,55101,60.781750002206536,60.56354199972702,True
2,138,2,reused-client,1,cross_256_corner,deflate_512,DEFLATE,512,1,854635,1,854635,294.55837500063353,294.3805840004643,True
2,139,2,reused-client,1,cross_256_edge,lzw_256,LZW,256,2,565161,2,565161,322.17116699757753,321.857209000882,True
2,140,2,reused-client,1,cross_256_edge,lzw_128,LZW,128,2,139785,2,139785,103.31349999978556,103.09570900062681,True
2,141,1,reused-client,1,cross_128_corner,zstd_128,ZSTD,128,4,213549,4,213549,215.36425000158488,215.09650100051658,True
2,142,3,reused-client,1,cross_512_edge,deflate_256,DEFLATE,256,2,418008,2,418008,171.32737499923678,171.03708400100004,True
2,143,5,reused-client,1,cross_256_corner,zstd_256,ZSTD,256,4,839847,4,839847,639.5283759993617,639.0037089986436,True
2,144,4,reused-client,1,cross_512_corner,deflate_128,DEFLATE,128,4,212896,4,212896,333.41987499807146,333.0903749993013,True
2,145,4,reused-client,1,cross_256_edge,zstd_128,ZSTD,128,2,104575,2,104575,119.65791700276895,119.49037500380655,True
2,146,2,reused-client,1,cross_512_edge,lzw_128,LZW,128,2,136799,2,136799,163.17091699966113,162.91520799859427,True
2,147,5,reused-client,1,cross_128_edge,deflate_128,DEFLATE,128,2,108933,2,108933,195.00504099778482,194.82445799803827,True
2,148,5,reused-client,1,interior,lzw_512,LZW,512,1,1132359,1,1132359,488.42283300109557,488.23900000206777,True
2,149,5,reused-client,1,cross_512_corner,lzw_128,LZW,128,4,281701,4,281701,273.18462599941995,272.74570900044637,True
2,150,5,reused-client,1,cross_256_corner,lzw_256,LZW,256,4,1132408,4,1132408,575.2690840017749,574.4647909996274,True
2,151,5,reused-client,1,cross_512_edge,deflate_256,DEFLATE,256,2,418008,2,418008,196.31020900123985,196.02041599864606,True
2,152,4,reused-client,1,cross_256_edge,lzw_256,LZW,256,2,565161,2,565161,209.92554199983715,209.74175000446849,True
2,153,3,reused-client,1,cross_256_corner,zstd_256,ZSTD,256,4,839847,4,839847,424.71937500158674,424.39850099617615,True
2,154,1,reused-client,1,cross_128_corner,deflate_256,DEFLATE,256,1,216896,1,216896,69.6524170016346,69.50720900204033,True
2,155,4,reused-client,1,cross_128_edge,zstd_256,ZSTD,256,1,213027,1,213027,68.20375000097556,68.06595799935167,True
2,156,3,reused-client,1,cross_256_edge,zstd_128,ZSTD,128,2,104575,2,104575,109.49458300092374,109.36087500158465,True
2,157,2,reused-client,1,cross_256_corner,zstd_512,ZSTD,512,1,839680,1,839680,250.81770899851108,250.63720800244482,True
2,158,5,reused-client,1,cross_256_edge,lzw_256,LZW,256,2,565161,2,565161,251.16029199853074,250.83229200390633,True
2,159,4,reused-client,1,cross_128_corner,lzw_512,LZW,512,1,1132359,1,1132359,484.7234579974611,484.5387919995119,True
2,160,1,reused-client,1,cross_128_corner,deflate_512,DEFLATE,512,1,854635,1,854635,359.6640839969041,359.490167000331,True
2,161,3,reused-client,1,cross_512_corner,lzw_256,LZW,256,4,1119359,4,1119359,764.2538340005558,763.7909580007545,True
2,162,3,reused-client,1,cross_512_corner,zstd_512,ZSTD,512,4,3308140,4,3308140,1802.0808340006624,1801.593917003629,True
2,163,5,reused-client,1,cross_256_corner,deflate_512,DEFLATE,512,1,854635,1,854635,644.5003750013711,644.331957999384,True
2,164,3,reused-client,1,cross_128_corner,deflate_256,DEFLATE,256,1,216896,1,216896,179.63541700009955,179.38204199890606,True
2,165,5,reused-client,1,interior,zstd_256,ZSTD,256,1,213027,1,213027,281.32616700168,281.172749997495,True
2,166,3,reused-client,1,cross_128_edge,deflate_512,DEFLATE,512,1,854635,1,854635,514.8532089988294,514.7207500012883,True
2,167,2,reused-client,1,cross_512_edge,zstd_512,ZSTD,512,2,1659734,2,1659734,1227.2522920029587,1226.9878339975548,True
2,168,5,reused-client,1,interior,deflate_256,DEFLATE,256,1,216896,1,216896,255.64341700010118,255.47408299826202,True
2,169,3,reused-client,1,cross_512_corner,deflate_256,DEFLATE,256,4,844868,4,844868,604.731000999891,604.2369599963422,True
2,170,5,reused-client,1,cross_256_edge,zstd_512,ZSTD,512,1,839680,1,839680,519.4019169975945,519.2568749989732,True
2,171,5,reused-client,1,cross_128_edge,zstd_128,ZSTD,128,2,106966,2,106966,148.76370899946778,148.62420800272957,True
2,172,4,reused-client,1,interior,deflate_128,DEFLATE,128,1,55101,1,55101,52.29325000254903,52.19004099853919,True
2,173,4,reused-client,1,cross_128_corner,zstd_512,ZSTD,512,1,839680,1,839680,380.58633399850805,380.4674170023645,True
2,174,2,reused-client,1,cross_256_edge,deflate_512,DEFLATE,512,1,854635,1,854635,589.9630420026369,589.808583001286,True
2,175,2,reused-client,1,cross_128_corner,deflate_128,DEFLATE,128,4,217343,4,217343,222.01287599818897,221.53387499201926,True
2,176,3,reused-client,1,interior,deflate_512,DEFLATE,512,1,854635,1,854635,436.4534999986063,436.3359160015534,True
2,177,5,reused-client,1,cross_256_edge,zstd_256,ZSTD,256,2,420443,2,420443,430.85391700151376,430.6512919974921,True
2,178,2,reused-client,1,cross_128_edge,deflate_512,DEFLATE,512,1,854635,1,854635,469.63454200158594,469.4666249997681,True
2,179,4,reused-client,1,cross_256_corner,lzw_128,LZW,128,4,283558,4,283558,348.75191699757124,348.415083000873,True
2,180,4,reused-client,1,interior,lzw_256,LZW,256,1,287238,1,287238,133.51724999665748,133.34812500033877,True
2,181,1,reused-client,1,cross_512_edge,lzw_256,LZW,256,2,552383,2,552383,310.75316699934774,310.49783299749834,True
2,182,3,reused-client,1,cross_128_edge,zstd_256,ZSTD,256,1,213027,1,213027,131.03070799843408,130.9779580005852,True
2,183,2,reused-client,1,cross_512_corner,lzw_512,LZW,512,4,4453002,4,4453002,2730.0334589999693,2729.626667998673,True
2,184,1,reused-client,1,cross_512_edge,deflate_128,DEFLATE,128,2,103909,2,103909,159.9790000000212,159.77620899866452,True
2,185,3,reused-client,1,cross_256_edge,deflate_256,DEFLATE,256,2,427599,2,427599,274.9850840009458,274.70687499589985,True
2,186,5,reused-client,1,cross_512_edge,zstd_128,ZSTD,128,2,102567,2,102567,143.37737499954528,143.12683299795026,True
2,187,2,reused-client,1,cross_512_edge,deflate_128,DEFLATE,128,2,103909,2,103909,101.85420800189604,101.67345800073235,True
2,188,3,reused-client,1,cross_512_edge,zstd_512,ZSTD,512,2,1659734,2,1659734,813.2405840005958,812.8811660026258,True
2,189,2,reused-client,1,cross_512_corner,deflate_128,DEFLATE,128,4,212896,4,212896,195.7813749977504,195.47224899724824,True
2,190,2,reused-client,1,interior,deflate_512,DEFLATE,512,1,854635,1,854635,402.0877090006252,401.95191699967836,True
2,191,1,reused-client,1,cross_256_corner,lzw_128,LZW,128,4,283558,4,283558,271.8433330010157,271.34887400097796,True
2,192,5,reused-client,1,cross_512_corner,deflate_512,DEFLATE,512,4,3358246,4,3358246,1440.0352089978696,1439.5516270014923,True
2,193,1,reused-client,1,cross_512_edge,zstd_128,ZSTD,128,2,102567,2,102567,123.42199999693548,123.24904199704179,True
2,194,2,reused-client,1,cross_256_corner,lzw_128,LZW,128,4,283558,4,283558,364.12741700041806,363.7517920033133,True
2,195,4,reused-client,1,cross_512_edge,zstd_512,ZSTD,512,2,1659734,2,1659734,870.2002080026432,869.964165998681,True
2,196,2,reused-client,1,cross_256_edge,zstd_256,ZSTD,256,2,420443,2,420443,203.27816699864343,202.9573750005511,True
2,197,3,reused-client,1,cross_256_corner,zstd_128,ZSTD,128,4,210703,4,210703,201.6857919988979,201.44900100058294,True
2,198,5,reused-client,1,cross_128_corner,lzw_512,LZW,512,1,1132359,1,1132359,330.0068749995262,329.8027919991,True
2,199,3,reused-client,1,cross_512_edge,zstd_128,ZSTD,128,2,102567,2,102567,228.82525000022724,228.63941600371618,True
2,200,4,reused-client,1,cross_128_corner,deflate_256,DEFLATE,256,1,216896,1,216896,119.68320899904938,119.55583400049363,True
2,201,3,reused-client,1,cross_128_corner,deflate_512,DEFLATE,512,1,854635,1,854635,327.1615000012389,327.0392080012243,True
2,202,2,reused-client,1,cross_512_corner,zstd_512,ZSTD,512,4,3308140,4,3308140,1851.6464169988467,1851.3690430008864,True
2,203,5,reused-client,1,cross_512_edge,zstd_256,ZSTD,256,2,411669,2,411669,213.44837499782443,213.1864589973702,True
2,204,5,reused-client,1,interior,zstd_128,ZSTD,128,1,54047,1,54047,76.15254100164748,75.99954200122738,True
2,205,3,reused-client,1,cross_512_edge,lzw_256,LZW,256,2,552383,2,552383,261.791249999078,261.60900100148865,True
2,206,4,reused-client,1,cross_128_edge,lzw_256,LZW,256,1,287238,1,287238,188.98229200203787,188.90437499794643,True
2,207,2,reused-client,1,interior,lzw_256,LZW,256,1,287238,1,287238,206.15950000137673,206.07783400191693,True
2,208,3,reused-client,1,cross_512_edge,lzw_128,LZW,128,2,136799,2,136799,186.539582999103,186.38595899756183,True
2,209,5,reused-client,1,cross_256_corner,deflate_256,DEFLATE,256,4,854526,4,854526,453.76033399952576,453.4671690016694,True
2,210,4,reused-client,1,cross_256_corner,deflate_128,DEFLATE,128,4,214354,4,214354,345.1747509971028,344.9342090061691,True
2,211,5,reused-client,1,cross_256_edge,deflate_256,DEFLATE,256,2,427599,2,427599,201.3536659978854,201.1192919962923,True
2,212,4,reused-client,1,cross_128_corner,deflate_512,DEFLATE,512,1,854635,1,854635,260.283708001225,260.2036250027595,True
2,213,5,reused-client,1,cross_512_edge,zstd_512,ZSTD,512,2,1659734,2,1659734,439.56183399859583,439.3313330037927,True
2,214,4,reused-client,1,cross_256_edge,deflate_256,DEFLATE,256,2,427599,2,427599,246.13570899964543,245.92949900397798,True
2,215,5,reused-client,1,interior,zstd_512,ZSTD,512,1,839680,1,839680,279.0304579975782,278.8852499979839,True
2,216,5,reused-client,1,cross_128_corner,deflate_512,DEFLATE,512,1,854635,1,854635,232.12133400011226,232.00470799929462,True
2,217,5,reused-client,1,cross_128_corner,zstd_128,ZSTD,128,4,213549,4,213549,221.88783299861825,221.67745800106786,True
2,218,1,reused-client,1,interior,zstd_256,ZSTD,256,1,213027,1,213027,173.7829170015175,173.6408750002738,True
2,219,1,reused-client,1,cross_512_corner,deflate_128,DEFLATE,128,4,212896,4,212896,216.51691700026277,216.24254200287396,True
2,220,2,reused-client,1,cross_256_edge,zstd_128,ZSTD,128,2,104575,2,104575,179.45454199798405,179.29695899874787,True
2,221,5,reused-client,1,cross_128_edge,zstd_256,ZSTD,256,1,213027,1,213027,134.0724580004462,133.93583299694,True
2,222,1,reused-client,1,cross_512_corner,deflate_256,DEFLATE,256,4,844868,4,844868,716.2474169999768,715.7976670059725,True
2,223,1,reused-client,1,cross_512_corner,lzw_128,LZW,128,4,281701,4,281701,331.9417920029082,331.57791800113046,True
2,224,1,reused-client,1,cross_256_corner,lzw_512,LZW,512,1,1132359,1,1132359,710.7444169996597,710.6345419997524,True
2,225,4,reused-client,1,cross_256_edge,zstd_256,ZSTD,256,2,420443,2,420443,277.0658750014263,276.8840420030756,True
2,226,3,reused-client,1,cross_128_corner,lzw_256,LZW,256,1,287238,1,287238,139.4754169996304,139.39254200158757,True
2,227,4,reused-client,1,cross_512_corner,lzw_256,LZW,256,4,1119359,4,1119359,865.2329169999575,864.8061680032697,True
2,228,3,reused-client,1,cross_512_corner,lzw_128,LZW,128,4,281701,4,281701,389.1953329984972,388.80383200375945,True
2,229,4,reused-client,1,cross_128_corner,zstd_128,ZSTD,128,4,213549,4,213549,350.65920899796765,350.427250003122,True
2,230,5,reused-client,1,cross_256_edge,lzw_128,LZW,128,2,139785,2,139785,190.7012079973356,190.43458300438942,True
2,231,4,reused-client,1,cross_256_corner,deflate_512,DEFLATE,512,1,854635,1,854635,504.74374999976135,504.6392080002988,True
2,232,1,reused-client,1,cross_128_edge,zstd_512,ZSTD,512,1,839680,1,839680,916.9452089990955,916.8595419978374,True
2,233,4,reused-client,1,cross_256_edge,zstd_512,ZSTD,512,1,839680,1,839680,1017.0378760012682,1016.873292002856,True
2,234,3,reused-client,1,cross_256_corner,deflate_512,DEFLATE,512,1,854635,1,854635,889.844584002276,889.6712089990615,True
2,235,1,reused-client,1,cross_128_corner,lzw_128,LZW,128,4,286916,4,286916,329.7034170027473,329.07349999732105,True
2,236,3,reused-client,1,interior,deflate_128,DEFLATE,128,1,55101,1,55101,73.64687500012224,73.35208299991791,True
2,237,5,reused-client,1,cross_256_corner,lzw_512,LZW,512,1,1132359,1,1132359,618.2090830006928,618.0382080019626,True
2,238,1,reused-client,1,cross_256_edge,zstd_256,ZSTD,256,2,420443,2,420443,228.13454199786065,227.88849999415106,True
2,239,1,reused-client,1,cross_128_edge,lzw_128,LZW,128,2,143804,2,143804,233.7404999998398,233.41662500388338,True
2,240,4,reused-client,1,cross_256_edge,deflate_512,DEFLATE,512,1,854635,1,854635,1909.9168339998869,1909.4103759998688,True
2,241,2,reused-client,1,cross_128_corner,zstd_512,ZSTD,512,1,839680,1,839680,997.6468749991909,997.591667000961,True
2,242,5,reused-client,1,cross_512_corner,zstd_512,ZSTD,512,4,3308140,4,3308140,1975.1373340004648,1974.6616250013176,True
2,243,2,reused-client,1,cross_256_edge,lzw_512,LZW,512,1,1132359,1,1132359,747.5045840001258,747.3237919984967,True
2,244,4,reused-client,1,cross_512_corner,zstd_256,ZSTD,256,4,831289,4,831289,658.5742499992193,657.9930419975426,True
2,245,2,reused-client,1,cross_256_corner,deflate_256,DEFLATE,256,4,854526,4,854526,564.3452500007697,563.9591260005545,True
2,246,4,reused-client,1,cross_256_corner,zstd_128,ZSTD,128,4,210703,4,210703,297.6384590001544,296.85924899968086,True
2,247,2,reused-client,1,cross_512_edge,zstd_128,ZSTD,128,2,102567,2,102567,174.64837499937858,174.45858299834072,True
2,248,1,reused-client,1,cross_512_corner,lzw_256,LZW,256,4,1119359,4,1119359,595.4053339992242,594.8027089980314,True
2,249,3,reused-client,1,cross_256_corner,deflate_128,DEFLATE,128,4,214354,4,214354,206.54820900017512,206.3079590043344,True
2,250,2,reused-client,1,cross_128_corner,lzw_256,LZW,256,1,287238,1,287238,115.88525000115624,115.74091600050451,True
2,251,3,reused-client,1,interior,deflate_256,DEFLATE,256,1,216896,1,216896,128.12620800104924,128.01133299944922,True
2,252,2,reused-client,1,cross_128_corner,deflate_512,DEFLATE,512,1,854635,1,854635,369.0387080023356,368.86504200083436,True
2,253,1,reused-client,1,interior,lzw_512,LZW,512,1,1132359,1,1132359,248.4636249973846,248.28908299969044,True
2,254,1,reused-client,1,cross_512_corner,lzw_512,LZW,512,4,4453002,4,4453002,990.1489170006244,989.7274600007222,True
2,255,4,reused-client,1,cross_512_corner,lzw_512,LZW,512,4,4453002,4,4453002,1141.887666999537,1141.4560430021083,True
2,256,5,reused-client,1,cross_512_corner,lzw_512,LZW,512,4,4453002,4,4453002,1266.1404169994057,1265.5700420036737,True
2,257,1,reused-client,1,cross_512_corner,deflate_512,DEFLATE,512,4,3358246,4,3358246,815.8809169981396,815.3181240049889,True
2,258,3,reused-client,1,cross_128_edge,deflate_128,DEFLATE,128,2,108933,2,108933,116.28516700147884,116.11704100141651,True
2,259,5,reused-client,1,cross_512_edge,lzw_256,LZW,256,2,552383,2,552383,168.29812500145636,168.06462599924998,True
2,260,2,reused-client,1,interior,deflate_256,DEFLATE,256,1,216896,1,216896,161.10779200243996,160.9251250010857,True
2,261,3,reused-client,1,cross_128_corner,zstd_128,ZSTD,128,4,213549,4,213549,292.4275420009508,292.07112500080257,True
2,262,1,reused-client,1,cross_256_edge,deflate_512,DEFLATE,512,1,854635,1,854635,210.06958300131373,209.9773340014508,True
2,263,5,reused-client,1,cross_512_edge,deflate_128,DEFLATE,128,2,103909,2,103909,110.45200000080513,110.29958400104078,True
2,264,5,reused-client,1,cross_512_corner,zstd_128,ZSTD,128,4,209361,4,209361,221.83691700047348,221.5753329983272,True
2,265,5,reused-client,1,interior,deflate_128,DEFLATE,128,1,55101,1,55101,46.95837499821209,46.82016700098757,True
2,266,4,reused-client,1,interior,deflate_256,DEFLATE,256,1,216896,1,216896,86.88483300284133,86.77987500050222,True
2,267,4,reused-client,1,cross_512_edge,lzw_256,LZW,256,2,552383,2,552383,427.5895419996232,427.3613329969521,True
2,268,4,reused-client,1,cross_256_edge,lzw_128,LZW,128,2,139785,2,139785,115.37404200134915,115.23500099792727,True
2,269,3,reused-client,1,interior,lzw_128,LZW,128,1,72771,1,72771,52.985499998612795,52.882415999192744,True
2,270,1,reused-client,1,cross_128_corner,lzw_256,LZW,256,1,287238,1,287238,93.1940839982417,92.9894159999094,True
2,271,4,reused-client,1,cross_128_edge,zstd_128,ZSTD,128,2,106966,2,106966,117.93816599674756,117.7507499960484,True
2,272,1,reused-client,1,cross_256_corner,deflate_512,DEFLATE,512,1,854635,1,854635,232.9868329979945,232.75979200116126,True
2,273,4,reused-client,1,interior,lzw_128,LZW,128,1,72771,1,72771,47.773083999345545,47.682750002422836,True
2,274,1,reused-client,1,cross_256_corner,lzw_256,LZW,256,4,1132408,4,1132408,779.2105000007723,778.5327510027855,True
2,275,4,reused-client,1,cross_512_edge,deflate_128,DEFLATE,128,2,103909,2,103909,93.78295900023659,93.65204199639265,True
2,276,1,reused-client,1,interior,deflate_128,DEFLATE,128,1,55101,1,55101,90.584375000617,90.418875002797,True
2,277,3,reused-client,1,interior,lzw_256,LZW,256,1,287238,1,287238,248.357083000883,248.3079169978737,True
2,278,5,reused-client,1,cross_128_edge,lzw_256,LZW,256,1,287238,1,287238,456.1331250006333,456.00041700163274,True
2,279,2,reused-client,1,cross_512_corner,zstd_128,ZSTD,128,4,209361,4,209361,349.4545419998758,349.08304100099485,True
2,280,5,reused-client,1,cross_512_corner,lzw_256,LZW,256,4,1119359,4,1119359,1331.8237499988754,1331.451250007376,True
2,281,4,reused-client,1,cross_128_edge,deflate_256,DEFLATE,256,1,216896,1,216896,137.51500000216765,137.33754200075055,True
2,282,2,reused-client,1,cross_128_edge,zstd_256,ZSTD,256,1,213027,1,213027,116.55995800174423,116.39062600079342,True
2,283,2,reused-client,1,cross_512_corner,deflate_256,DEFLATE,256,4,844868,4,844868,532.0611659990391,531.6601669983356,True
2,284,5,reused-client,1,cross_128_edge,deflate_512,DEFLATE,512,1,854635,1,854635,426.9882089974999,426.8886250029027,True
2,285,5,reused-client,1,cross_256_edge,zstd_128,ZSTD,128,2,104575,2,104575,103.3472500021162,103.17229099746328,True
2,286,5,reused-client,1,cross_512_edge,deflate_512,DEFLATE,512,2,1686890,2,1686890,1056.680834000872,1056.4213760007988,True
2,287,1,reused-client,1,cross_256_corner,zstd_256,ZSTD,256,4,839847,4,839847,801.5049169989652,801.1097930029791,True
2,288,3,reused-client,1,cross_128_corner,zstd_256,ZSTD,256,1,213027,1,213027,157.9898330019205,157.89504100030172,True
2,289,3,reused-client,1,cross_128_corner,zstd_512,ZSTD,512,1,839680,1,839680,410.44712599978084,410.20724999907543,True
2,290,3,reused-client,1,cross_128_edge,lzw_256,LZW,256,1,287238,1,287238,148.36704100162024,148.26075000019046,True
2,291,2,reused-client,1,cross_512_edge,deflate_256,DEFLATE,256,2,418008,2,418008,314.9158750020433,314.7627910002484,True
2,292,2,reused-client,1,cross_512_corner,deflate_512,DEFLATE,512,4,3358246,4,3358246,1200.4021259999718,1200.041626001621,True
2,293,3,reused-client,1,interior,zstd_512,ZSTD,512,1,839680,1,839680,205.4206669999985,205.34545900227386,True
2,294,2,reused-client,1,cross_128_corner,zstd_256,ZSTD,256,1,213027,1,213027,66.71512500179233,66.58016700021108,True
2,295,1,reused-client,1,cross_128_edge,zstd_256,ZSTD,256,1,213027,1,213027,77.6601670004311,77.48337500015623,True
2,296,1,reused-client,1,interior,zstd_512,ZSTD,512,1,839680,1,839680,194.91583299895865,194.78000100207282,True
2,297,4,reused-client,1,interior,zstd_128,ZSTD,128,1,54047,1,54047,57.759791998250876,57.681791000504745,True
2,298,2,reused-client,1,cross_128_edge,zstd_512,ZSTD,512,1,839680,1,839680,273.13320800021756,272.93175000158953,True
2,299,1,reused-client,1,cross_256_edge,lzw_512,LZW,512,1,1132359,1,1132359,280.67545899830293,280.5024580011377,True
2,300,3,reused-client,1,cross_128_corner,deflate_128,DEFLATE,128,4,217343,4,217343,216.94066700001713,216.60608300226158,True
2,301,5,reused-client,1,cross_256_corner,lzw_128,LZW,128,4,283558,4,283558,269.61458399819094,269.2042909984593,True
2,302,4,reused-client,1,cross_512_corner,lzw_128,LZW,128,4,281701,4,281701,343.76520899968455,343.2228349993238,True
2,303,3,reused-client,1,cross_256_edge,zstd_256,ZSTD,256,2,420443,2,420443,299.3092910000996,298.9036250000936,True
2,304,1,reused-client,1,cross_256_edge,deflate_128,DEFLATE,128,2,106188,2,106188,84.21687499867403,84.10625000033178,True
2,305,4,reused-client,1,cross_128_corner,deflate_128,DEFLATE,128,4,217343,4,217343,218.71866699802922,218.3379589987453,True
2,306,3,reused-client,1,cross_512_corner,deflate_128,DEFLATE,128,4,212896,4,212896,339.11512499980745,338.89383399582584,True
2,307,1,reused-client,1,cross_256_corner,zstd_512,ZSTD,512,1,839680,1,839680,543.4085010019771,543.2367920002434,True
2,308,5,reused-client,1,cross_256_edge,deflate_512,DEFLATE,512,1,854635,1,854635,368.49845799952163,368.376583999634,True
2,309,2,reused-client,1,cross_256_edge,zstd_512,ZSTD,512,1,839680,1,839680,412.54241700153216,412.449542000104,True
2,310,3,reused-client,1,interior,zstd_128,ZSTD,128,1,54047,1,54047,62.35779200142133,62.28733399984776,True
2,311,4,reused-client,1,cross_256_edge,lzw_512,LZW,512,1,1132359,1,1132359,421.133126001223,420.9980009982246,True
2,312,4,reused-client,1,cross_256_corner,lzw_512,LZW,512,1,1132359,1,1132359,404.2365419991256,403.96954100287985,True
2,313,5,reused-client,1,cross_256_corner,zstd_512,ZSTD,512,1,839680,1,839680,996.4827920011885,996.2951259985857,True
2,314,4,reused-client,1,cross_128_edge,deflate_128,DEFLATE,128,2,108933,2,108933,153.25104200019268,153.00783399652573,True
2,315,4,reused-client,1,interior,zstd_512,ZSTD,512,1,839680,1,839680,489.1155000004801,488.9694170014991,True
3,1,2,reused-client,1,cross_128_edge,lzw_256,LZW,256,1,287238,1,287238,177.6737089967355,177.55650099934428,True
3,2,3,reused-client,1,interior,lzw_128,LZW,128,1,72771,1,72771,67.07920799817657,66.96999999985565,True
3,3,4,reused-client,1,cross_128_corner,zstd_512,ZSTD,512,1,839680,1,839680,339.9554169991461,339.8495420005929,True
3,4,2,reused-client,1,interior,lzw_256,LZW,256,1,287238,1,287238,632.3117079991789,632.158292002714,True
3,5,1,reused-client,1,cross_128_corner,lzw_128,LZW,128,4,286916,4,286916,659.7612089972245,659.4670829981624,True
3,6,2,reused-client,1,cross_128_corner,deflate_128,DEFLATE,128,4,217343,4,217343,504.88654199943994,504.60729300175444,True
3,7,1,reused-client,1,cross_256_edge,lzw_512,LZW,512,1,1132359,1,1132359,1872.6186669991876,1872.4245009980223,True
3,8,1,reused-client,1,cross_256_corner,deflate_256,DEFLATE,256,4,854526,4,854526,667.4019170022802,667.1610010016593,True
3,9,3,reused-client,1,cross_512_edge,deflate_256,DEFLATE,256,2,418008,2,418008,457.94512500287965,457.7563339989865,True
3,10,5,reused-client,1,cross_128_corner,deflate_128,DEFLATE,128,4,217343,4,217343,307.3997920000693,307.00270899615134,True
3,11,4,reused-client,1,cross_256_edge,lzw_128,LZW,128,2,139785,2,139785,159.78733399970224,159.66074999596458,True
3,12,1,reused-client,1,cross_128_corner,deflate_128,DEFLATE,128,4,217343,4,217343,284.60774999985006,284.062750000885,True
3,13,1,reused-client,1,cross_128_corner,zstd_128,ZSTD,128,4,213549,4,213549,374.4900420024351,374.13187499987544,True
3,14,2,reused-client,1,interior,deflate_256,DEFLATE,256,1,216896,1,216896,237.51537499992992,237.35591700096847,True
3,15,4,reused-client,1,cross_128_corner,deflate_256,DEFLATE,256,1,216896,1,216896,301.47383300209185,301.34341699886136,True
3,16,2,reused-client,1,cross_512_edge,lzw_128,LZW,128,2,136799,2,136799,292.65966700040735,292.4792499979958,True
3,17,3,reused-client,1,cross_128_edge,deflate_256,DEFLATE,256,1,216896,1,216896,210.70445800069137,210.59562499794993,True
3,18,5,reused-client,1,cross_128_corner,deflate_512,DEFLATE,512,1,854635,1,854635,582.0707919992856,581.8639999997686,True
3,19,1,reused-client,1,cross_512_corner,zstd_256,ZSTD,256,4,831289,4,831289,812.9960829974152,812.499834002665,True
3,20,1,reused-client,1,cross_256_edge,deflate_128,DEFLATE,128,2,106188,2,106188,178.91445800341899,178.55929099823697,True
3,21,3,reused-client,1,cross_256_edge,lzw_512,LZW,512,1,1132359,1,1132359,742.8256669991242,742.6480840003933,True
3,22,5,reused-client,1,interior,lzw_512,LZW,512,1,1132359,1,1132359,670.0877920011408,669.8475419980241,True
3,23,1,reused-client,1,cross_512_edge,zstd_512,ZSTD,512,2,1659734,2,1659734,831.8985839978268,831.6376670009049,True
3,24,4,reused-client,1,cross_256_edge,lzw_512,LZW,512,1,1132359,1,1132359,483.3112499982235,483.13983299885876,True
3,25,3,reused-client,1,cross_128_edge,zstd_256,ZSTD,256,1,213027,1,213027,114.39529099880019,114.21574999985751,True
3,26,2,reused-client,1,cross_512_edge,deflate_128,DEFLATE,128,2,103909,2,103909,102.89916699912283,102.73904200221295,True
3,27,5,reused-client,1,cross_256_corner,deflate_512,DEFLATE,512,1,854635,1,854635,279.90116699947976,279.82949999932316,True
3,28,5,reused-client,1,cross_512_corner,zstd_128,ZSTD,128,4,209361,4,209361,232.8345409987378,232.5672080005461,True
3,29,5,reused-client,1,interior,deflate_256,DEFLATE,256,1,216896,1,216896,162.32241699981387,162.2612079991086,True
3,30,4,reused-client,1,cross_128_corner,zstd_128,ZSTD,128,4,213549,4,213549,300.8540839982743,300.587165998877,True
3,31,3,reused-client,1,cross_512_corner,deflate_512,DEFLATE,512,4,3358246,4,3358246,3370.9665019996464,3370.5185009966954,True
3,32,2,reused-client,1,cross_128_corner,lzw_512,LZW,512,1,1132359,1,1132359,813.286042000982,813.2136249987525,True
3,33,5,reused-client,1,interior,deflate_128,DEFLATE,128,1,55101,1,55101,75.29674999750569,71.15799999883166,True
3,34,2,reused-client,1,cross_128_edge,lzw_128,LZW,128,2,143804,2,143804,146.73112500167917,146.56370900047477,True
3,35,3,reused-client,1,cross_128_edge,lzw_128,LZW,128,2,143804,2,143804,169.60766700140084,169.49091700007557,True
3,36,5,reused-client,1,cross_256_corner,deflate_128,DEFLATE,128,4,214354,4,214354,354.4167089967232,354.1732499979844,True
3,37,3,reused-client,1,cross_128_edge,deflate_128,DEFLATE,128,2,108933,2,108933,175.80575000101817,175.65745799947763,True
3,38,3,reused-client,1,cross_128_corner,lzw_256,LZW,256,1,287238,1,287238,258.332084002177,258.2703339976433,True
3,39,1,reused-client,1,cross_512_corner,lzw_128,LZW,128,4,281701,4,281701,418.08470799878705,417.3922079971817,True
3,40,4,reused-client,1,cross_128_corner,zstd_256,ZSTD,256,1,213027,1,213027,258.22354199772235,258.05358400248224,True
3,41,2,reused-client,1,cross_128_edge,deflate_512,DEFLATE,512,1,854635,1,854635,791.3460839990876,791.1564589994668,True
3,42,1,reused-client,1,cross_512_edge,deflate_512,DEFLATE,512,2,1686890,2,1686890,1439.7223339983611,1439.4567929994082,True
3,43,1,reused-client,1,interior,deflate_128,DEFLATE,128,1,55101,1,55101,73.98579100117786,73.8057079979626,True
3,44,2,reused-client,1,cross_128_corner,lzw_256,LZW,256,1,287238,1,287238,238.77583400098956,238.6625839972112,True
3,45,4,reused-client,1,cross_256_edge,lzw_256,LZW,256,2,565161,2,565161,462.36133400088875,462.0741660000931,True
3,46,2,reused-client,1,cross_256_edge,lzw_128,LZW,128,2,139785,2,139785,161.29408300184878,161.1070830040262,True
3,47,1,reused-client,1,cross_512_corner,lzw_512,LZW,512,4,4453002,4,4453002,2006.6173340019304,2006.2112919949868,True
3,48,1,reused-client,1,cross_512_corner,deflate_128,DEFLATE,128,4,212896,4,212896,191.35812500098837,191.1384180020832,True
3,49,1,reused-client,1,cross_512_corner,zstd_128,ZSTD,128,4,209361,4,209361,251.73333299972,251.4424590008275,True
3,50,1,reused-client,1,cross_128_corner,lzw_256,LZW,256,1,287238,1,287238,122.32270800086553,122.2272500017425,True
3,51,3,reused-client,1,cross_256_corner,zstd_128,ZSTD,128,4,210703,4,210703,418.31816600097227,417.99145900222356,True
3,52,3,reused-client,1,cross_512_edge,lzw_256,LZW,256,2,552383,2,552383,386.9529990006413,386.77683300193166,True
3,53,2,reused-client,1,cross_256_edge,lzw_512,LZW,512,1,1132359,1,1132359,605.4027499994845,605.3002500011644,True
3,54,2,reused-client,1,cross_128_corner,deflate_256,DEFLATE,256,1,216896,1,216896,122.96791600238066,122.87595800080453,True
3,55,4,reused-client,1,cross_128_edge,zstd_512,ZSTD,512,1,839680,1,839680,388.99270899855765,388.91604200034635,True
3,56,4,reused-client,1,cross_512_corner,zstd_512,ZSTD,512,4,3308140,4,3308140,2017.5668340016273,2017.1736260017497,True
3,57,4,reused-client,1,cross_256_corner,deflate_256,DEFLATE,256,4,854526,4,854526,541.8890420005482,541.2785000007716,True
3,58,5,reused-client,1,cross_512_corner,lzw_128,LZW,128,4,281701,4,281701,249.92550000024494,249.62008299917215,True
3,59,5,reused-client,1,cross_512_edge,lzw_256,LZW,256,2,552383,2,552383,317.6562080006988,317.3560830000497,True
3,60,1,reused-client,1,interior,deflate_256,DEFLATE,256,1,216896,1,216896,92.64533400346409,92.56683299827273,True
3,61,5,reused-client,1,cross_256_corner,lzw_128,LZW,128,4,283558,4,283558,693.6972090006748,693.3960410024156,True
3,62,3,reused-client,1,cross_256_edge,deflate_256,DEFLATE,256,2,427599,2,427599,419.9798750014452,419.8431669974525,True
3,63,5,reused-client,1,cross_512_edge,zstd_256,ZSTD,256,2,411669,2,411669,698.7232499996026,698.2980830034649,True
3,64,5,reused-client,1,cross_512_edge,zstd_128,ZSTD,128,2,102567,2,102567,203.91037499939557,203.5721249958442,True
3,65,2,reused-client,1,cross_256_edge,deflate_512,DEFLATE,512,1,854635,1,854635,754.4707499982906,754.3375000022934,True
3,66,2,reused-client,1,cross_128_edge,deflate_256,DEFLATE,256,1,216896,1,216896,171.64579200107255,171.55912500311388,True
3,67,3,reused-client,1,cross_128_corner,lzw_512,LZW,512,1,1132359,1,1132359,1094.9506249999104,1094.767458998831,True
3,68,1,reused-client,1,cross_512_corner,zstd_512,ZSTD,512,4,3308140,4,3308140,2072.5615010014735,2072.173209999164,True
3,69,3,reused-client,1,cross_512_edge,lzw_128,LZW,128,2,136799,2,136799,120.68329099929542,120.50166699918918,True
3,70,4,reused-client,1,cross_256_edge,zstd_512,ZSTD,512,1,839680,1,839680,354.1708340017067,353.9722499990603,True
3,71,4,reused-client,1,cross_512_edge,zstd_512,ZSTD,512,2,1659734,2,1659734,567.4144999975397,567.2200010012602,True
3,72,2,reused-client,1,cross_256_edge,zstd_256,ZSTD,256,2,420443,2,420443,233.8739170008921,233.64850000143633,True
3,73,4,reused-client,1,cross_128_edge,deflate_128,DEFLATE,128,2,108933,2,108933,89.26791599878925,89.23204100210569,True
3,74,1,reused-client,1,cross_256_corner,lzw_512,LZW,512,1,1132359,1,1132359,486.1077919995296,486.04933400201844,True
3,75,1,reused-client,1,cross_128_corner,lzw_512,LZW,512,1,1132359,1,1132359,393.95054100168636,393.88816700011375,True
3,76,4,reused-client,1,cross_128_edge,zstd_256,ZSTD,256,1,213027,1,213027,129.62195900036022,129.546083000605,True
3,77,4,reused-client,1,cross_512_corner,deflate_512,DEFLATE,512,4,3358246,4,3358246,1367.645917001937,1367.3052090016427,True
3,78,1,reused-client,1,cross_256_corner,deflate_512,DEFLATE,512,1,854635,1,854635,506.95579199964413,506.9050839992997,True
3,79,4,reused-client,1,cross_512_corner,lzw_256,LZW,256,4,1119359,4,1119359,770.0409999997646,769.6049580008548,True
3,80,2,reused-client,1,cross_256_edge,lzw_256,LZW,256,2,565161,2,565161,417.3752919996332,417.13583399905474,True
3,81,1,reused-client,1,interior,zstd_128,ZSTD,128,1,54047,1,54047,65.30916699921363,65.16850000116392,True
3,82,4,reused-client,1,cross_512_corner,deflate_128,DEFLATE,128,4,212896,4,212896,338.11908399729873,337.7925829991,True
3,83,2,reused-client,1,cross_512_corner,zstd_128,ZSTD,128,4,209361,4,209361,232.2042080013489,231.91720900285873,True
3,84,1,reused-client,1,cross_128_edge,lzw_512,LZW,512,1,1132359,1,1132359,407.72266699786996,407.5635829976818,True
3,85,4,reused-client,1,interior,lzw_256,LZW,256,1,287238,1,287238,107.61791600089055,107.49762500199722,True
3,86,1,reused-client,1,cross_512_edge,deflate_256,DEFLATE,256,2,418008,2,418008,643.1380009998975,642.8188339996268,True
3,87,4,reused-client,1,cross_256_edge,zstd_128,ZSTD,128,2,104575,2,104575,248.21587599944905,247.8060009998444,True
3,88,3,reused-client,1,cross_128_corner,zstd_128,ZSTD,128,4,213549,4,213549,501.9434159985394,501.54008400204475,True
3,89,5,reused-client,1,interior,lzw_256,LZW,256,1,287238,1,287238,198.54258399936953,198.3756670015282,True
3,90,3,reused-client,1,cross_256_edge,zstd_256,ZSTD,256,2,420443,2,420443,242.92070800220245,242.60958400191157,True
3,91,3,reused-client,1,cross_512_edge,lzw_512,LZW,512,2,2233847,2,2233847,1876.3517090010282,1875.986543000181,True
3,92,3,reused-client,1,cross_512_corner,zstd_512,ZSTD,512,4,3308140,4,3308140,3289.458584997192,3289.1086689996882,True
3,93,2,reused-client,1,cross_256_corner,zstd_256,ZSTD,256,4,839847,4,839847,811.4683339990734,810.9969180004555,True
3,94,2,reused-client,1,cross_256_corner,lzw_128,LZW,128,4,283558,4,283558,397.07766699939384,396.46600099877105,True
3,95,5,reused-client,1,cross_128_corner,zstd_128,ZSTD,128,4,213549,4,213549,267.12754199979827,266.7731250003271,True
3,96,4,reused-client,1,cross_128_corner,lzw_128,LZW,128,4,286916,4,286916,388.77920800223364,388.38333300009253,True
3,97,4,reused-client,1,interior,lzw_128,LZW,128,1,72771,1,72771,94.6610419996432,94.5445839970489,True
3,98,3,reused-client,1,interior,zstd_256,ZSTD,256,1,213027,1,213027,130.01587499820744,129.76100000014412,True
3,99,3,reused-client,1,cross_256_edge,deflate_512,DEFLATE,512,1,854635,1,854635,410.1754580005945,409.98079199925996,True
3,100,1,reused-client,1,cross_128_edge,deflate_512,DEFLATE,512,1,854635,1,854635,348.288417000731,348.2049160011229,True
3,101,2,reused-client,1,cross_128_edge,lzw_512,LZW,512,1,1132359,1,1132359,439.2510420002509,439.13858399901073,True
3,102,4,reused-client,1,cross_512_edge,lzw_256,LZW,256,2,552383,2,552383,542.3637500025507,541.9514179993712,True
3,103,3,reused-client,1,cross_256_corner,lzw_128,LZW,128,4,283558,4,283558,542.1099170016532,541.6080849972786,True
3,104,1,reused-client,1,interior,zstd_512,ZSTD,512,1,839680,1,839680,698.6682089991518,698.4925840006326,True
3,105,3,reused-client,1,cross_128_edge,zstd_512,ZSTD,512,1,839680,1,839680,449.1908330019214,448.88141699993866,True
3,106,1,reused-client,1,cross_128_edge,lzw_128,LZW,128,2,143804,2,143804,138.31470699733472,138.17624899820657,True
3,107,4,reused-client,1,interior,deflate_512,DEFLATE,512,1,854635,1,854635,757.7264169995033,757.554916999652,True
3,108,2,reused-client,1,cross_256_corner,lzw_512,LZW,512,1,1132359,1,1132359,980.1604580025014,979.9716670022462,True
3,109,1,reused-client,1,cross_256_corner,zstd_512,ZSTD,512,1,839680,1,839680,462.33466700141435,462.20899999752874,True
3,110,3,reused-client,1,cross_512_corner,lzw_512,LZW,512,4,4453002,4,4453002,2401.1167509997904,2400.5259170007776,True
3,111,4,reused-client,1,cross_512_edge,deflate_128,DEFLATE,128,2,103909,2,103909,122.20433299808064,122.05079199702595,True
3,112,1,reused-client,1,cross_256_corner,zstd_128,ZSTD,128,4,210703,4,210703,272.9254170008062,272.6918750013283,True
3,113,4,reused-client,1,cross_512_edge,lzw_512,LZW,512,2,2233847,2,2233847,856.9479580000916,856.7679160005355,True
3,114,3,reused-client,1,cross_128_corner,deflate_512,DEFLATE,512,1,854635,1,854635,297.4731670001347,297.33800000030897,True
3,115,2,reused-client,1,cross_256_edge,deflate_128,DEFLATE,128,2,106188,2,106188,105.20262499994715,104.88824999993085,True
3,116,5,reused-client,1,cross_128_corner,lzw_128,LZW,128,4,286916,4,286916,335.94887499930337,335.6620420017862,True
3,117,1,reused-client,1,cross_512_edge,lzw_128,LZW,128,2,136799,2,136799,100.39200000028359,100.24304100079462,True
3,118,5,reused-client,1,cross_128_corner,deflate_256,DEFLATE,256,1,216896,1,216896,119.45858399849385,119.22370799948112,True
3,119,3,reused-client,1,interior,lzw_256,LZW,256,1,287238,1,287238,153.6005420020956,153.44750100121018,True
3,120,4,reused-client,1,cross_256_corner,zstd_512,ZSTD,512,1,839680,1,839680,575.3924170021492,575.1805840009183,True
3,121,4,reused-client,1,cross_128_edge,zstd_128,ZSTD,128,2,106966,2,106966,155.82795899899793,155.5698760021187,True
3,122,1,reused-client,1,cross_256_corner,lzw_256,LZW,256,4,1132408,4,1132408,699.8719170005643,699.3951259973983,True
3,123,5,reused-client,1,cross_512_edge,deflate_128,DEFLATE,128,2,103909,2,103909,197.15545799772372,196.97387600172078,True
3,124,3,reused-client,1,cross_128_corner,lzw_128,LZW,128,4,286916,4,286916,440.1196250000794,439.70295999679365,True
3,125,3,reused-client,1,cross_256_corner,deflate_256,DEFLATE,256,4,854526,4,854526,996.1115839978447,995.6259589998808,True
3,126,5,reused-client,1,cross_256_edge,deflate_128,DEFLATE,128,2,106188,2,106188,480.1933749986347,479.5748750002531,True
3,127,3,reused-client,1,cross_256_corner,deflate_512,DEFLATE,512,1,854635,1,854635,791.8915010013734,791.7287089985621,True
3,128,3,reused-client,1,cross_256_edge,lzw_128,LZW,128,2,139785,2,139785,176.95016599827795,176.6712919998099,True
3,129,3,reused-client,1,interior,zstd_512,ZSTD,512,1,839680,1,839680,605.5173339991597,605.305833996681,True
3,130,1,reused-client,1,cross_128_corner,deflate_256,DEFLATE,256,1,216896,1,216896,164.0077919983014,163.85725000145612,True
3,131,3,reused-client,1,cross_512_corner,zstd_256,ZSTD,256,4,831289,4,831289,769.2872499974328,768.8499999967462,True
3,132,5,reused-client,1,cross_256_edge,lzw_512,LZW,512,1,1132359,1,1132359,421.0863749976852,420.8932090004964,True
3,133,3,reused-client,1,interior,zstd_128,ZSTD,128,1,54047,1,54047,59.091333001561,58.997500000259606,True
3,134,4,reused-client,1,cross_256_corner,lzw_256,LZW,256,4,1132408,4,1132408,539.8794169996108,539.2524600028992,True
3,135,2,reused-client,1,cross_512_edge,deflate_512,DEFLATE,512,2,1686890,2,1686890,445.9328330012795,445.56124999871827,True
3,136,2,reused-client,1,cross_256_corner,zstd_128,ZSTD,128,4,210703,4,210703,233.8701669978036,233.58966799787595,True
3,137,1,reused-client,1,cross_256_edge,zstd_256,ZSTD,256,2,420443,2,420443,291.90154200114193,291.5823739967891,True
3,138,2,reused-client,1,cross_512_corner,zstd_512,ZSTD,512,4,3308140,4,3308140,1199.6026679989882,1199.0402090050338,True
3,139,2,reused-client,1,cross_128_edge,deflate_128,DEFLATE,128,2,108933,2,108933,128.82345899924985,128.6135420014034,True
3,140,5,reused-client,1,cross_256_edge,zstd_512,ZSTD,512,1,839680,1,839680,446.77983400106314,446.6032499985886,True
3,141,5,reused-client,1,interior,lzw_128,LZW,128,1,72771,1,72771,196.8460000025516,196.64983300026506,True
3,142,1,reused-client,1,cross_256_edge,lzw_256,LZW,256,2,565161,2,565161,806.4433760009706,806.029084000329,True
3,143,3,reused-client,1,cross_512_corner,lzw_128,LZW,128,4,281701,4,281701,543.5408759985876,543.0234170053154,True
3,144,5,reused-client,1,interior,zstd_128,ZSTD,128,1,54047,1,54047,135.82429199959734,135.67541700103902,True
3,145,5,reused-client,1,cross_128_edge,lzw_128,LZW,128,2,143804,2,143804,143.85820800089277,143.66758300093352,True
3,146,1,reused-client,1,cross_256_edge,zstd_128,ZSTD,128,2,104575,2,104575,178.68787499901373,178.35920800280292,True
3,147,1,reused-client,1,interior,lzw_512,LZW,512,1,1132359,1,1132359,780.8192499978759,780.6351260005613,True
3,148,2,reused-client,1,cross_512_edge,zstd_512,ZSTD,512,2,1659734,2,1659734,1355.1719170027354,1354.8459179983183,True
3,149,2,reused-client,1,cross_128_corner,deflate_512,DEFLATE,512,1,854635,1,854635,534.1631250012142,533.9828340001986,True
3,150,1,reused-client,1,cross_512_edge,deflate_128,DEFLATE,128,2,103909,2,103909,140.71529200009536,140.5891660033376,True
3,151,4,reused-client,1,cross_256_corner,deflate_128,DEFLATE,128,4,214354,4,214354,259.0271670014772,258.71583399930387,True
3,152,2,reused-client,1,cross_256_corner,lzw_256,LZW,256,4,1132408,4,1132408,821.549917000084,821.1385820031865,True
3,153,2,reused-client,1,cross_512_corner,zstd_256,ZSTD,256,4,831289,4,831289,759.6112920000451,759.0303330034658,True
3,154,1,reused-client,1,cross_512_edge,lzw_512,LZW,512,2,2233847,2,2233847,1821.3120010004786,1820.9813339999528,True
3,155,3,reused-client,1,cross_128_corner,zstd_512,ZSTD,512,1,839680,1,839680,893.1768750007905,893.0008330025885,True
3,156,2,reused-client,1,interior,lzw_128,LZW,128,1,72771,1,72771,97.34350000144332,97.16033400036395,True
3,157,4,reused-client,1,cross_512_corner,lzw_512,LZW,512,4,4453002,4,4453002,3804.7802920009417,3804.3630849970214,True
3,158,5,reused-client,1,cross_512_edge,deflate_512,DEFLATE,512,2,1686890,2,1686890,1476.361042001372,1476.0674179997295,True
3,159,5,reused-client,1,cross_256_corner,lzw_512,LZW,512,1,1132359,1,1132359,610.4294169999775,610.2485420015,True
3,160,1,reused-client,1,interior,deflate_512,DEFLATE,512,1,854635,1,854635,328.991042002599,328.81712499874993,True
3,161,1,reused-client,1,cross_512_edge,zstd_256,ZSTD,256,2,411669,2,411669,440.8304999997199,440.56191699564806,True
3,162,5,reused-client,1,cross_512_corner,zstd_256,ZSTD,256,4,831289,4,831289,587.9057919992192,587.5066669977969,True
3,163,2,reused-client,1,cross_512_edge,lzw_256,LZW,256,2,552383,2,552383,500.36254199949326,500.0728330051061,True
3,164,2,reused-client,1,cross_128_corner,zstd_512,ZSTD,512,1,839680,1,839680,534.0544590035279,533.9162500022212,True
3,165,2,reused-client,1,cross_256_corner,deflate_512,DEFLATE,512,1,854635,1,854635,528.5956260013336,528.5234170005424,True
3,166,3,reused-client,1,cross_128_edge,lzw_512,LZW,512,1,1132359,1,1132359,811.5092090010876,811.3606670012814,True
3,167,3,reused-client,1,cross_128_edge,deflate_512,DEFLATE,512,1,854635,1,854635,720.7594999999856,720.6460839988722,True
3,168,1,reused-client,1,cross_128_corner,zstd_256,ZSTD,256,1,213027,1,213027,174.67350000151782,174.58999999871594,True
3,169,5,reused-client,1,cross_128_edge,deflate_512,DEFLATE,512,1,854635,1,854635,680.052291998436,679.9090009990323,True
3,170,4,reused-client,1,cross_256_corner,zstd_128,ZSTD,128,4,210703,4,210703,355.0994580000406,354.64808300093864,True
3,171,4,reused-client,1,cross_512_edge,deflate_256,DEFLATE,256,2,418008,2,418008,410.1896249994752,409.82987499955925,True
3,172,5,reused-client,1,cross_512_edge,lzw_128,LZW,128,2,136799,2,136799,150.8671259980474,150.601249999454,True
3,173,4,reused-client,1,interior,zstd_512,ZSTD,512,1,839680,1,839680,488.3113329997286,488.1943339969439,True
3,174,2,reused-client,1,interior,zstd_512,ZSTD,512,1,839680,1,839680,888.613749997603,888.3586669981014,True
3,175,5,reused-client,1,cross_256_corner,lzw_256,LZW,256,4,1132408,4,1132408,1002.2843759979878,1001.6920829948504,True
3,176,1,reused-client,1,cross_128_edge,zstd_128,ZSTD,128,2,106966,2,106966,99.96016600052826,99.82670800309279,True
3,177,4,reused-client,1,cross_256_corner,lzw_512,LZW,512,1,1132359,1,1132359,634.1124170030525,633.9054999989457,True
3,178,4,reused-client,1,cross_512_corner,deflate_256,DEFLATE,256,4,844868,4,844868,514.0648749984393,513.5084169996844,True
3,179,3,reused-client,1,cross_512_corner,deflate_256,DEFLATE,256,4,844868,4,844868,503.1586250006512,502.6578329925542,True
3,180,4,reused-client,1,cross_128_corner,deflate_128,DEFLATE,128,4,217343,4,217343,286.49104199939757,286.2304179943749,True
3,181,2,reused-client,1,cross_512_edge,zstd_256,ZSTD,256,2,411669,2,411669,162.00112500155228,161.7524159992172,True
3,182,4,reused-client,1,interior,zstd_256,ZSTD,256,1,213027,1,213027,103.89891700106091,103.71029199814075,True
3,183,3,reused-client,1,cross_128_edge,zstd_128,ZSTD,128,2,106966,2,106966,189.9072080013866,189.77345899838838,True
3,184,1,reused-client,1,cross_256_corner,deflate_128,DEFLATE,128,4,214354,4,214354,211.4285009993182,211.14345799651346,True
3,185,1,reused-client,1,cross_128_corner,zstd_512,ZSTD,512,1,839680,1,839680,198.48366599762812,198.2579169998644,True
3,186,5,reused-client,1,cross_512_corner,zstd_512,ZSTD,512,4,3308140,4,3308140,1421.4245840012154,1420.926334001706,True
3,187,5,reused-client,1,cross_256_edge,lzw_128,LZW,128,2,139785,2,139785,98.3500419970369,98.18020800230443,True
3,188,4,reused-client,1,cross_128_edge,lzw_128,LZW,128,2,143804,2,143804,181.09629200262134,180.94304199985345,True
3,189,4,reused-client,1,cross_512_corner,zstd_256,ZSTD,256,4,831289,4,831289,606.0834579984657,605.5485830001999,True
3,190,3,reused-client,1,cross_512_edge,zstd_256,ZSTD,256,2,411669,2,411669,268.5275420008111,268.1292500019481,True
3,191,1,reused-client,1,interior,lzw_128,LZW,128,1,72771,1,72771,113.86791599943535,113.79129200213356,True
3,192,1,reused-client,1,interior,zstd_256,ZSTD,256,1,213027,1,213027,132.68641699687578,132.50566699935007,True
3,193,1,reused-client,1,cross_256_edge,deflate_256,DEFLATE,256,2,427599,2,427599,221.6320409970649,221.39933299695258,True
3,194,5,reused-client,1,cross_256_corner,zstd_512,ZSTD,512,1,839680,1,839680,404.5127089993912,404.3950839986792,True
3,195,5,reused-client,1,cross_256_edge,lzw_256,LZW,256,2,565161,2,565161,1002.0300420001149,1001.6312509978889,True
3,196,3,reused-client,1,cross_512_corner,deflate_128,DEFLATE,128,4,212896,4,212896,841.4825840009144,840.8591679981328,True
3,197,5,reused-client,1,cross_512_corner,lzw_256,LZW,256,4,1119359,4,1119359,1189.3694999998843,1188.8446669981931,True
3,198,5,reused-client,1,cross_128_edge,deflate_256,DEFLATE,256,1,216896,1,216896,162.7898759979871,162.7467920006893,True
3,199,5,reused-client,1,cross_256_edge,deflate_512,DEFLATE,512,1,854635,1,854635,652.7228750019276,652.5650000003225,True
3,200,3,reused-client,1,interior,deflate_128,DEFLATE,128,1,55101,1,55101,69.72512500215089,69.61829200008651,True
3,201,1,reused-client,1,cross_512_corner,deflate_256,DEFLATE,256,4,844868,4,844868,442.68587500118883,442.15916599932825,True
3,202,1,reused-client,1,cross_256_edge,deflate_512,DEFLATE,512,1,854635,1,854635,322.1488759991189,322.0004169997992,True
3,203,4,reused-client,1,cross_512_edge,deflate_512,DEFLATE,512,2,1686890,2,1686890,547.9455000022426,547.676042002422,True
3,204,3,reused-client,1,interior,deflate_256,DEFLATE,256,1,216896,1,216896,118.23887499849661,118.09437499687192,True
3,205,2,reused-client,1,interior,zstd_256,ZSTD,256,1,213027,1,213027,229.93270799997845,229.83354200187023,True
3,206,5,reused-client,1,cross_128_corner,lzw_256,LZW,256,1,287238,1,287238,110.88670800018008,110.75912500018603,True
3,207,3,reused-client,1,cross_256_edge,zstd_128,ZSTD,128,2,104575,2,104575,125.70470799983013,125.58245800391887,True
3,208,2,reused-client,1,cross_256_corner,deflate_256,DEFLATE,256,4,854526,4,854526,438.86295899937977,438.5092929987877,True
3,209,5,reused-client,1,cross_256_corner,zstd_256,ZSTD,256,4,839847,4,839847,730.1731250008743,729.7482909998507,True
3,210,5,reused-client,1,cross_512_corner,lzw_512,LZW,512,4,4453002,4,4453002,1780.95875100189,1780.5455009984144,True
3,211,4,reused-client,1,cross_512_edge,zstd_256,ZSTD,256,2,411669,2,411669,174.3877499975497,174.14074999760487,True
3,212,5,reused-client,1,cross_512_edge,lzw_512,LZW,512,2,2233847,2,2233847,936.8554579996271,936.6004590010562,True
3,213,2,reused-client,1,cross_256_corner,zstd_512,ZSTD,512,1,839680,1,839680,305.18700100219576,304.9641259967757,True
3,214,5,reused-client,1,cross_128_edge,zstd_128,ZSTD,128,2,106966,2,106966,170.75695899984566,170.59333400175092,True
3,215,1,reused-client,1,cross_256_edge,lzw_128,LZW,128,2,139785,2,139785,186.89170899961027,186.7653329973109,True
3,216,2,reused-client,1,cross_512_corner,deflate_512,DEFLATE,512,4,3358246,4,3358246,1338.1421679987398,1337.7794999978505,True
3,217,3,reused-client,1,cross_128_corner,deflate_256,DEFLATE,256,1,216896,1,216896,127.00887499886448,126.9719170013559,True
3,218,4,reused-client,1,cross_128_corner,lzw_512,LZW,512,1,1132359,1,1132359,684.9169580018497,684.572500998911,True
3,219,2,reused-client,1,interior,lzw_512,LZW,512,1,1132359,1,1132359,475.0682070007315,474.92795799917076,True
3,220,2,reused-client,1,interior,zstd_128,ZSTD,128,1,54047,1,54047,59.38487499952316,59.29712500073947,True
3,221,4,reused-client,1,interior,deflate_256,DEFLATE,256,1,216896,1,216896,131.81641600021976,131.73462499980815,True
3,222,5,reused-client,1,interior,deflate_512,DEFLATE,512,1,854635,1,854635,389.5257500007574,389.4070009991992,True
3,223,2,reused-client,1,cross_256_edge,zstd_512,ZSTD,512,1,839680,1,839680,362.1560409992526,362.0258329974604,True
3,224,4,reused-client,1,cross_128_edge,lzw_256,LZW,256,1,287238,1,287238,132.39050000265706,132.26962500266382,True
3,225,1,reused-client,1,cross_128_edge,zstd_512,ZSTD,512,1,839680,1,839680,344.3712919979589,344.2676259983273,True
3,226,2,reused-client,1,cross_512_corner,deflate_256,DEFLATE,256,4,844868,4,844868,954.0107920001901,953.6648340035754,True
3,227,2,reused-client,1,cross_128_corner,zstd_128,ZSTD,128,4,213549,4,213549,576.7257090010389,576.2264570003026,True
3,228,5,reused-client,1,cross_512_corner,deflate_128,DEFLATE,128,4,212896,4,212896,351.62674999810406,351.09387500051525,True
3,229,1,reused-client,1,cross_512_corner,deflate_512,DEFLATE,512,4,3358246,4,3358246,14286.569380998117,14286.003338998853,True
3,230,4,reused-client,1,cross_128_edge,deflate_256,DEFLATE,256,1,216896,1,216896,191.55037499876926,191.39508300213492,True
3,231,3,reused-client,1,cross_256_corner,lzw_512,LZW,512,1,1132359,1,1132359,619.6210000016436,619.4352499987872,True
3,232,2,reused-client,1,cross_512_edge,zstd_128,ZSTD,128,2,102567,2,102567,229.10912500083214,228.63341699849116,True
3,233,1,reused-client,1,cross_256_edge,zstd_512,ZSTD,512,1,839680,1,839680,443.1421250010317,442.944250000437,True
3,234,2,reused-client,1,interior,deflate_128,DEFLATE,128,1,55101,1,55101,80.47733399871504,80.35837499846821,True
3,235,3,reused-client,1,cross_256_corner,deflate_128,DEFLATE,128,4,214354,4,214354,271.4673340014997,271.0103350036661,True
3,236,5,reused-client,1,cross_128_edge,deflate_128,DEFLATE,128,2,108933,2,108933,238.83945800116635,238.68795800444786,True
3,237,4,reused-client,1,cross_256_edge,zstd_256,ZSTD,256,2,420443,2,420443,565.7695840018278,565.4266259989527,True
3,238,5,reused-client,1,cross_128_corner,zstd_256,ZSTD,256,1,213027,1,213027,230.41033299887204,230.28845799854025,True
3,239,3,reused-client,1,interior,deflate_512,DEFLATE,512,1,854635,1,854635,557.0348340006603,556.8703340031789,True
3,240,4,reused-client,1,interior,zstd_128,ZSTD,128,1,54047,1,54047,106.9749589987623,106.8384159989364,True
3,241,4,reused-client,1,cross_512_edge,zstd_128,ZSTD,128,2,102567,2,102567,112.65000000275904,112.43166599524557,True
3,242,2,reused-client,1,cross_256_edge,zstd_128,ZSTD,128,2,104575,2,104575,151.48470900021493,151.35012500104494,True
3,243,4,reused-client,1,cross_512_edge,lzw_128,LZW,128,2,136799,2,136799,161.12308299852884,161.00250000090455,True
3,244,3,reused-client,1,interior,lzw_512,LZW,512,1,1132359,1,1132359,628.5863750017597,628.4622090024641,True
3,245,3,reused-client,1,cross_512_corner,zstd_128,ZSTD,128,4,209361,4,209361,381.08250000004773,380.68524999471265,True
3,246,1,reused-client,1,cross_512_edge,zstd_128,ZSTD,128,2,102567,2,102567,215.2319169981638,215.04837600150495,True
3,247,2,reused-client,1,cross_512_edge,deflate_256,DEFLATE,256,2,418008,2,418008,244.08229099935852,243.77820800145855,True
3,248,2,reused-client,1,cross_128_corner,zstd_256,ZSTD,256,1,213027,1,213027,127.3109169997042,127.09020900001633,True
3,249,4,reused-client,1,cross_128_edge,lzw_512,LZW,512,1,1132359,1,1132359,432.28029200327,432.19445800059475,True
3,250,4,reused-client,1,cross_256_edge,deflate_256,DEFLATE,256,2,427599,2,427599,290.6583750009304,290.3361249991576,True
3,251,2,reused-client,1,cross_512_corner,lzw_512,LZW,512,4,4453002,4,4453002,1964.8941259983985,1964.469418002409,True
3,252,4,reused-client,1,cross_512_corner,zstd_128,ZSTD,128,4,209361,4,209361,491.4792089984985,491.0920830006944,True
3,253,5,reused-client,1,cross_512_corner,deflate_256,DEFLATE,256,4,844868,4,844868,529.700083003263,529.3905419966904,True
3,254,4,reused-client,1,cross_256_corner,deflate_512,DEFLATE,512,1,854635,1,854635,531.5574589985772,531.261333002476,True
3,255,2,reused-client,1,cross_512_corner,lzw_128,LZW,128,4,281701,4,281701,399.8862500011455,399.5373340003425,True
3,256,3,reused-client,1,cross_512_edge,zstd_512,ZSTD,512,2,1659734,2,1659734,955.3646260028472,955.1819580010488,True
3,257,2,reused-client,1,cross_128_corner,lzw_128,LZW,128,4,286916,4,286916,327.14920899888966,326.78862599641434,True
3,258,3,reused-client,1,cross_512_edge,deflate_512,DEFLATE,512,2,1686890,2,1686890,907.3854159978509,907.0881250045204,True
3,259,3,reused-client,1,cross_128_edge,lzw_256,LZW,256,1,287238,1,287238,246.82895800287952,246.61645800006227,True
3,260,1,reused-client,1,cross_256_corner,zstd_256,ZSTD,256,4,839847,4,839847,583.0748339976708,582.5401250003779,True
3,261,5,reused-client,1,cross_128_corner,lzw_512,LZW,512,1,1132359,1,1132359,472.2989170004439,472.19095900072716,True
3,262,3,reused-client,1,cross_256_edge,zstd_512,ZSTD,512,1,839680,1,839680,317.8845829970669,317.81320899972343,True
3,263,2,reused-client,1,cross_128_edge,zstd_256,ZSTD,256,1,213027,1,213027,134.6392920022481,134.4932499996503,True
3,264,5,reused-client,1,cross_512_edge,deflate_256,DEFLATE,256,2,418008,2,418008,171.63662500024657,171.49720800080104,True
3,265,5,reused-client,1,cross_128_edge,lzw_256,LZW,256,1,287238,1,287238,115.9404589998303,115.82929200085346,True
3,266,4,reused-client,1,cross_256_corner,lzw_128,LZW,128,4,283558,4,283558,361.6524169992772,361.2475420050032,True
3,267,4,reused-client,1,cross_256_edge,deflate_512,DEFLATE,512,1,854635,1,854635,307.8753339977993,307.72479200095404,True
3,268,5,reused-client,1,cross_256_corner,zstd_128,ZSTD,128,4,210703,4,210703,575.6321250009933,575.2568320021965,True
3,269,3,reused-client,1,cross_512_corner,lzw_256,LZW,256,4,1119359,4,1119359,517.3167080029089,516.9561670008989,True
3,270,3,reused-client,1,cross_128_corner,zstd_256,ZSTD,256,1,213027,1,213027,102.78958399794647,102.67687499799649,True
3,271,1,reused-client,1,cross_128_edge,deflate_256,DEFLATE,256,1,216896,1,216896,120.55520899957628,120.4407090008317,True
3,272,2,reused-client,1,cross_128_edge,zstd_128,ZSTD,128,2,106966,2,106966,109.07341699930839,108.94279099738924,True
3,273,5,reused-client,1,cross_128_edge,zstd_256,ZSTD,256,1,213027,1,213027,414.89691699825926,414.7608749990468,True
3,274,2,reused-client,1,cross_256_edge,deflate_256,DEFLATE,256,2,427599,2,427599,213.48983400093857,212.910041998839,True
3,275,3,reused-client,1,cross_256_corner,zstd_256,ZSTD,256,4,839847,4,839847,340.0160829987726,339.70887499526725,True
3,276,1,reused-client,1,cross_128_edge,deflate_128,DEFLATE,128,2,108933,2,108933,129.40729199908674,129.2547499979264,True
3,277,4,reused-client,1,interior,deflate_128,DEFLATE,128,1,55101,1,55101,145.83700000002864,145.69533399844659,True
3,278,1,reused-client,1,cross_512_corner,lzw_256,LZW,256,4,1119359,4,1119359,488.8381249984377,488.36958200263325,True
3,279,2,reused-client,1,interior,deflate_512,DEFLATE,512,1,854635,1,854635,258.22799999878043,258.081542000582,True
3,280,2,reused-client,1,cross_512_edge,lzw_512,LZW,512,2,2233847,2,2233847,707.1922089999134,706.9280830000935,True
3,281,4,reused-client,1,cross_256_edge,deflate_128,DEFLATE,128,2,106188,2,106188,140.7809169977554,140.5804590031039,True
3,282,4,reused-client,1,cross_512_corner,lzw_128,LZW,128,4,281701,4,281701,283.5472499973548,283.20554100355366,True
3,283,2,reused-client,1,cross_128_edge,zstd_512,ZSTD,512,1,839680,1,839680,399.8474999971222,399.69529199879616,True
3,284,3,reused-client,1,cross_512_edge,zstd_128,ZSTD,128,2,102567,2,102567,149.99433300181408,149.82983300069463,True
3,285,5,reused-client,1,cross_256_corner,deflate_256,DEFLATE,256,4,854526,4,854526,824.4434170010209,823.940958998719,True
3,286,3,reused-client,1,cross_512_edge,deflate_128,DEFLATE,128,2,103909,2,103909,99.66220799833536,99.56904200225836,True
3,287,5,reused-client,1,cross_512_corner,deflate_512,DEFLATE,512,4,3358246,4,3358246,2130.232084000454,2129.8266679987137,True
3,288,2,reused-client,1,cross_512_corner,deflate_128,DEFLATE,128,4,212896,4,212896,480.55537499749335,480.3057909994095,True
3,289,3,reused-client,1,cross_256_edge,lzw_256,LZW,256,2,565161,2,565161,614.1785840009106,614.0098340001714,True
3,290,1,reused-client,1,cross_256_corner,lzw_128,LZW,128,4,283558,4,283558,1005.1435420027701,1004.5330409993767,True
3,291,5,reused-client,1,cross_512_edge,zstd_512,ZSTD,512,2,1659734,2,1659734,1458.8099180000427,1458.5880009981338,True
3,292,3,reused-client,1,cross_256_corner,zstd_512,ZSTD,512,1,839680,1,839680,507.1096249994298,507.0147500009625,True
3,293,5,reused-client,1,cross_128_edge,lzw_512,LZW,512,1,1132359,1,1132359,495.96562500300934,495.8797510007571,True
3,294,3,reused-client,1,cross_256_edge,deflate_128,DEFLATE,128,2,106188,2,106188,122.37408299915842,122.22729100176366,True
3,295,1,reused-client,1,cross_512_edge,lzw_256,LZW,256,2,552383,2,552383,376.1079169998993,375.95675099873915,True
3,296,3,reused-client,1,cross_256_corner,lzw_256,LZW,256,4,1132408,4,1132408,624.6945419989061,624.3448329951207,True
3,297,4,reused-client,1,cross_128_corner,lzw_256,LZW,256,1,287238,1,287238,109.70195900154067,109.5837089997076,True
3,298,4,reused-client,1,cross_128_edge,deflate_512,DEFLATE,512,1,854635,1,854635,345.4874169983668,345.30762499707635,True
3,299,1,reused-client,1,interior,lzw_256,LZW,256,1,287238,1,287238,125.21512500097742,124.97262499891804,True
3,300,4,reused-client,1,interior,lzw_512,LZW,512,1,1132359,1,1132359,252.84875099896453,252.69954200120992,True
3,301,4,reused-client,1,cross_128_corner,deflate_512,DEFLATE,512,1,854635,1,854635,223.01674999835086,222.90799999973387,True
3,302,1,reused-client,1,cross_128_corner,deflate_512,DEFLATE,512,1,854635,1,854635,177.82654099937645,177.69070800204645,True
3,303,5,reused-client,1,cross_256_edge,zstd_128,ZSTD,128,2,104575,2,104575,219.97987500071758,219.84545899977093,True
3,304,5,reused-client,1,interior,zstd_512,ZSTD,512,1,839680,1,839680,319.91941600063,319.7089999994205,True
3,305,5,reused-client,1,interior,zstd_256,ZSTD,256,1,213027,1,213027,91.27920799801359,91.16437500051688,True
3,306,5,reused-client,1,cross_128_edge,zstd_512,ZSTD,512,1,839680,1,839680,243.66883400216466,243.5650010011159,True
3,307,5,reused-client,1,cross_128_corner,zstd_512,ZSTD,512,1,839680,1,839680,249.7395000027609,249.65137500112178,True
3,308,1,reused-client,1,cross_128_edge,zstd_256,ZSTD,256,1,213027,1,213027,150.97437500298838,150.76249999765423,True
3,309,3,reused-client,1,cross_128_corner,deflate_128,DEFLATE,128,4,217343,4,217343,404.3730000012147,404.1622080003435,True
3,310,5,reused-client,1,cross_256_edge,zstd_256,ZSTD,256,2,420443,2,420443,160.09708300043712,159.71199900013744,True
3,311,1,reused-client,1,cross_128_edge,lzw_256,LZW,256,1,287238,1,287238,105.91808300159755,105.81974999877275,True
3,312,2,reused-client,1,cross_512_corner,lzw_256,LZW,256,4,1119359,4,1119359,498.39600099949166,498.1585819950851,True
3,313,4,reused-client,1,cross_256_corner,zstd_256,ZSTD,256,4,839847,4,839847,390.6680000000051,390.1581680001982,True
3,314,5,reused-client,1,cross_256_edge,deflate_256,DEFLATE,256,2,427599,2,427599,162.0303750023595,161.6237500020361,True
3,315,2,reused-client,1,cross_256_corner,deflate_128,DEFLATE,128,4,214354,4,214354,331.42216600026586,331.0608739993768,True
