round,sequence,run,mode,concurrency,scenario,variant,compression,blocksize,tile_row,tile_col,tile_index,range_start,range_end,expected_bytes,http_status,content_range,content_length,response_body_bytes,headers_ms,ttfb_ms,download_ms,total_ms,valid_response,error
1,1,2,fresh-client,1,interior,deflate_512,DEFLATE,512,10,10,230,310426888,311281522,854635,206,bytes 310426888-311281522/499024403,854635,854635,144.6985840011621,144.74170900211902,424.87029200128745,569.6608340003877,True,
1,2,5,fresh-client,1,cross_256_corner,zstd_128,ZSTD,128,41,41,3649,304621142,304673679,52538,206,bytes 304621142-304673679/492119117,52538,52538,170.3940839979623,170.44724999868777,48.64050000105635,219.11624999847845,True,
1,2,5,fresh-client,1,cross_256_corner,zstd_128,ZSTD,128,41,42,3650,304673688,304726888,53201,206,bytes 304673688-304726888/492119117,53201,53201,142.47649999742862,142.52533299804782,68.7322919984581,211.27162499760743,True,
1,2,5,fresh-client,1,cross_256_corner,zstd_128,ZSTD,128,42,41,3737,308887700,308940134,52435,206,bytes 308887700-308940134/492119117,52435,52435,147.01483300086693,147.04920800068066,82.62137599740527,229.74016700027278,True,
1,2,5,fresh-client,1,cross_256_corner,zstd_128,ZSTD,128,42,42,3738,308940143,308992671,52529,206,bytes 308940143-308992671/492119117,52529,52529,163.52166599972406,163.55704099987634,85.31454199692234,248.90491599944653,True,
1,3,4,fresh-client,1,interior,deflate_128,DEFLATE,128,40,40,3560,305047460,305102560,55101,206,bytes 305047460-305102560/499617324,55101,55101,266.493499999342,266.6129160024866,52.80562500047381,319.4733330019517,True,
1,4,4,fresh-client,1,cross_256_edge,zstd_512,ZSTD,512,10,10,230,304767160,305606839,839680,206,bytes 304767160-305606839/490194415,839680,839680,175.75279199809302,175.78800000046613,407.0469170001161,582.88199999879,True,
1,5,4,fresh-client,1,cross_512_corner,lzw_512,LZW,512,10,10,230,411686466,412818824,1132359,206,bytes 411686466-412818824/661107776,1132359,1132359,160.22654100015643,160.26050000073155,910.5697090017202,1070.8939590003865,True,
1,5,4,fresh-client,1,cross_512_corner,lzw_512,LZW,512,10,11,231,412818833,413920320,1101488,206,bytes 412818833-413920320/661107776,1101488,1101488,162.30979200190632,162.3440830007894,524.0679580019787,686.4549170022656,True,
1,5,4,fresh-client,1,cross_512_corner,lzw_512,LZW,512,11,10,252,434325460,435426146,1100687,206,bytes 434325460-435426146/661107776,1100687,1100687,175.02758299815468,175.06249999860302,856.4527919988905,1031.5627499985567,True,
1,5,4,fresh-client,1,cross_512_corner,lzw_512,LZW,512,11,11,253,435426155,436544622,1118468,206,bytes 435426155-436544622/661107776,1118468,1118468,161.58675000042422,161.62312499727705,825.6826670003647,987.3501679976471,True,
1,6,1,fresh-client,1,interior,zstd_256,ZSTD,256,20,20,900,301115142,301328168,213027,206,bytes 301115142-301328168/490384277,213027,213027,209.7170000015467,209.7699170008127,153.99620800235425,363.8075420021778,True,
1,7,4,fresh-client,1,interior,zstd_512,ZSTD,512,10,10,230,304767160,305606839,839680,206,bytes 304767160-305606839/490194415,839680,839680,190.87904100160813,190.9206250020361,475.1914170010423,666.1449170023843,True,
1,8,3,fresh-client,1,cross_512_corner,lzw_256,LZW,256,21,21,945,418246405,418529582,283178,206,bytes 418246405-418529582/661012853,283178,283178,329.3497920021764,329.3814169992402,140.3297910001129,469.7609590002685,True,
1,8,3,fresh-client,1,cross_512_corner,lzw_256,LZW,256,21,22,946,418529591,418807664,278074,206,bytes 418529591-418807664/661012853,278074,278074,143.5256250006205,143.55962500121677,234.30191700026626,377.87974999810103,True,
1,8,3,fresh-client,1,cross_512_corner,lzw_256,LZW,256,22,21,989,429313097,429591287,278191,206,bytes 429313097-429591287/661012853,278191,278191,126.1430830018071,126.17087499893387,154.56637500028592,280.7894590005162,True,
1,8,3,fresh-client,1,cross_512_corner,lzw_256,LZW,256,22,22,990,429591296,429871211,279916,206,bytes 429591296-429871211/661012853,279916,279916,154.81233399987104,154.8414999997476,192.22287500087987,347.109417001775,True,
1,9,1,fresh-client,1,cross_512_corner,lzw_128,LZW,128,43,43,3827,421475357,421546899,71543,206,bytes 421475357-421546899/661264391,71543,71543,152.22437500051456,152.27016599965282,89.22345899918582,241.52300000059768,True,
1,9,1,fresh-client,1,cross_512_corner,lzw_128,LZW,128,43,44,3828,421546908,421617252,70345,206,bytes 421546908-421617252/661264391,70345,70345,257.3875419984688,257.49454199831234,52.991124997788575,310.5249579966767,True,
1,9,1,fresh-client,1,cross_512_corner,lzw_128,LZW,128,44,43,3915,426954274,427023840,69567,206,bytes 426954274-427023840/661264391,69567,69567,140.04591699995217,140.07641699936357,63.53083299836726,203.61949999642093,True,
1,9,1,fresh-client,1,cross_512_corner,lzw_128,LZW,128,44,44,3916,427023849,427094094,70246,206,bytes 427023849-427094094/661264391,70246,70246,199.39116699970327,199.44033399951877,61.00512500051991,260.49158399837324,True,
1,10,5,fresh-client,1,cross_128_corner,lzw_128,LZW,128,40,40,3560,404091050,404163820,72771,206,bytes 404091050-404163820/661264391,72771,72771,149.24308300032862,149.27125000031083,58.51350000011735,207.79670799674932,True,
1,10,5,fresh-client,1,cross_128_corner,lzw_128,LZW,128,40,41,3561,404163829,404234861,71033,206,bytes 404163829-404234861/661264391,71033,71033,263.7340410001343,263.8310000002093,89.19641700049397,353.0780410001171,True,
1,10,5,fresh-client,1,cross_128_corner,lzw_128,LZW,128,41,40,3648,409892800,409965306,72507,206,bytes 409892800-409965306/661264391,72507,72507,176.49929199978942,176.53337600131636,75.01979099833989,251.5855419987929,True,
1,10,5,fresh-client,1,cross_128_corner,lzw_128,LZW,128,41,41,3649,409965315,410035919,70605,206,bytes 409965315-410035919/661264391,70605,70605,166.23079200144275,166.2652920022083,53.931334001390496,220.2121670015913,True,
1,11,3,fresh-client,1,cross_256_corner,lzw_512,LZW,512,10,10,230,411686466,412818824,1132359,206,bytes 411686466-412818824/661107776,1132359,1132359,131.53233300181455,131.60579200120992,538.4755000013683,670.1214170025196,True,
1,12,5,fresh-client,1,cross_256_corner,zstd_512,ZSTD,512,10,10,230,304767160,305606839,839680,206,bytes 304767160-305606839/490194415,839680,839680,153.0676250004035,153.09829100078787,250.32691699743737,403.47441699850606,True,
1,13,1,fresh-client,1,cross_128_corner,zstd_256,ZSTD,256,20,20,900,301115142,301328168,213027,206,bytes 301115142-301328168/490384277,213027,213027,137.08937499905005,137.12129200212075,258.87650000004214,396.08537499952945,True,
1,14,5,fresh-client,1,cross_512_corner,deflate_512,DEFLATE,512,10,10,230,310426888,311281522,854635,206,bytes 310426888-311281522/499024403,854635,854635,151.3762089998636,151.4068340002268,1083.623209000507,1235.0678339971637,True,
1,14,5,fresh-client,1,cross_512_corner,deflate_512,DEFLATE,512,10,11,231,311281531,312113785,832255,206,bytes 311281531-312113785/499024403,832255,832255,179.32370899870875,179.3624589990941,319.12854199981666,498.53470900052343,True,
1,14,5,fresh-client,1,cross_512_corner,deflate_512,DEFLATE,512,11,10,252,327623520,328452071,828552,206,bytes 327623520-328452071/499024403,828552,828552,158.16004099906422,158.1952500018815,372.4069170020812,530.6309170009627,True,
1,14,5,fresh-client,1,cross_512_corner,deflate_512,DEFLATE,512,11,11,253,328452080,329294883,842804,206,bytes 328452080-329294883/499024403,842804,842804,355.16970900062006,355.20399999950314,314.8345410008915,670.0864590020501,True,
1,15,1,fresh-client,1,interior,zstd_128,ZSTD,128,40,40,3560,300228058,300282104,54047,206,bytes 300228058-300282104/492119117,54047,54047,208.56441700016148,208.61366700046347,82.14470800157869,290.77308399791946,True,
1,16,3,fresh-client,1,cross_512_edge,zstd_512,ZSTD,512,10,10,230,304767160,305606839,839680,206,bytes 304767160-305606839/490194415,839680,839680,147.5984580029035,147.63054200011538,325.47079200230655,473.1453340027656,True,
1,16,3,fresh-client,1,cross_512_edge,zstd_512,ZSTD,512,10,11,231,305606848,306426901,820054,206,bytes 305606848-306426901/490194415,820054,820054,158.5472500009928,158.58174999812036,434.18045900034485,592.7933329985535,True,
1,17,3,fresh-client,1,cross_512_corner,lzw_512,LZW,512,10,10,230,411686466,412818824,1132359,206,bytes 411686466-412818824/661107776,1132359,1132359,192.9848330000823,193.02716700258316,554.7644590005802,747.8376670005673,True,
1,17,3,fresh-client,1,cross_512_corner,lzw_512,LZW,512,10,11,231,412818833,413920320,1101488,206,bytes 412818833-413920320/661107776,1101488,1101488,254.05875100113917,254.13195900182473,464.88166699782596,719.0956679987721,True,
1,17,3,fresh-client,1,cross_512_corner,lzw_512,LZW,512,11,10,252,434325460,435426146,1100687,206,bytes 434325460-435426146/661107776,1100687,1100687,156.06291699805297,156.09987499919953,570.8219169973745,726.9633750001958,True,
1,17,3,fresh-client,1,cross_512_corner,lzw_512,LZW,512,11,11,253,435426155,436544622,1118468,206,bytes 435426155-436544622/661107776,1118468,1118468,188.9679999985674,189.00604199734516,424.15470799824107,613.1988749984885,True,
1,18,4,fresh-client,1,cross_128_corner,zstd_128,ZSTD,128,40,40,3560,300228058,300282104,54047,206,bytes 300228058-300282104/492119117,54047,54047,275.59608399678837,275.7214999983262,53.162167001573835,328.93958399654366,True,
1,18,4,fresh-client,1,cross_128_corner,zstd_128,ZSTD,128,40,41,3561,300282113,300335031,52919,206,bytes 300282113-300335031/492119117,52919,52919,165.25774999900023,165.29754099974525,52.91787500027567,218.23029100050917,True,
1,18,4,fresh-client,1,cross_128_corner,zstd_128,ZSTD,128,41,40,3648,304567089,304621133,54045,206,bytes 304567089-304621133/492119117,54045,54045,127.40070799918612,127.4314999973285,49.742708000849234,177.18595800033654,True,
1,18,4,fresh-client,1,cross_128_corner,zstd_128,ZSTD,128,41,41,3649,304621142,304673679,52538,206,bytes 304621142-304673679/492119117,52538,52538,211.98899999944842,212.04045800186577,108.91616700246232,321.00304100094945,True,
1,19,5,fresh-client,1,cross_256_edge,deflate_512,DEFLATE,512,10,10,230,310426888,311281522,854635,206,bytes 310426888-311281522/499024403,854635,854635,227.7708330002497,227.88587499962887,639.6148759995413,867.5582920004672,True,
1,20,4,fresh-client,1,cross_128_edge,zstd_256,ZSTD,256,20,20,900,301115142,301328168,213027,206,bytes 301115142-301328168/490384277,213027,213027,143.43333299984806,143.46308300082455,134.14995899802307,277.71695900082705,True,
1,21,5,fresh-client,1,interior,zstd_128,ZSTD,128,40,40,3560,300228058,300282104,54047,206,bytes 300228058-300282104/492119117,54047,54047,207.5129160002689,207.56762500241166,70.38195799759706,277.9972499993164,True,
1,22,2,fresh-client,1,cross_512_edge,deflate_256,DEFLATE,256,20,21,901,306479362,306690064,210703,206,bytes 306479362-306690064/498427477,210703,210703,133.44225000037113,133.47204100136878,145.68291700197733,279.19912500146893,True,
1,22,2,fresh-client,1,cross_512_edge,deflate_256,DEFLATE,256,20,22,902,306690073,306897377,207305,206,bytes 306690073-306897377/498427477,207305,207305,165.79416699823923,165.8279590010352,122.26683400149341,288.1439999982831,True,
1,23,1,fresh-client,1,cross_256_corner,deflate_256,DEFLATE,256,20,20,900,306262458,306479353,216896,206,bytes 306262458-306479353/498427477,216896,216896,138.63995800056728,138.66937499915366,210.4241249980987,349.1882499984058,True,
1,23,1,fresh-client,1,cross_256_corner,deflate_256,DEFLATE,256,20,21,901,306479362,306690064,210703,206,bytes 306479362-306690064/498427477,210703,210703,148.70266700017964,148.73012600219226,140.55437500064727,289.32970900132204,True,
1,23,1,fresh-client,1,cross_256_corner,deflate_256,DEFLATE,256,21,20,944,314896453,315110145,213693,206,bytes 314896453-315110145/498427477,213693,213693,342.0957089983858,342.1294170002511,124.55295799736632,466.72625000064727,True,
1,23,1,fresh-client,1,cross_256_corner,deflate_256,DEFLATE,256,21,21,945,315110154,315323387,213234,206,bytes 315110154-315323387/498427477,213234,213234,134.54812499912805,134.58087499748217,201.22033299776376,335.8517919987207,True,
1,24,3,fresh-client,1,cross_128_edge,deflate_256,DEFLATE,256,20,20,900,306262458,306479353,216896,206,bytes 306262458-306479353/498427477,216896,216896,186.02349999855505,186.06016699777683,211.2200000010489,397.3110419974546,True,
1,25,5,fresh-client,1,cross_256_edge,lzw_512,LZW,512,10,10,230,411686466,412818824,1132359,206,bytes 411686466-412818824/661107776,1132359,1132359,141.81099999768776,141.83854200018686,537.5607089990808,679.435124999145,True,
1,26,4,fresh-client,1,cross_512_edge,lzw_128,LZW,128,40,43,3563,404303630,404372483,68854,206,bytes 404303630-404372483/661264391,68854,68854,132.36437500017928,132.38733300022432,67.42820799991023,199.8383329992066,True,
1,26,4,fresh-client,1,cross_512_edge,lzw_128,LZW,128,40,44,3564,404372492,404440436,67945,206,bytes 404372492-404440436/661264391,67945,67945,282.91804200125625,283.0133340030443,58.62012500074343,341.68883399979677,True,
1,27,2,fresh-client,1,cross_128_corner,zstd_256,ZSTD,256,20,20,900,301115142,301328168,213027,206,bytes 301115142-301328168/490384277,213027,213027,163.3052500001213,163.3403330015426,106.49741699671722,269.893000000593,True,
1,28,5,fresh-client,1,cross_128_corner,zstd_128,ZSTD,128,40,40,3560,300228058,300282104,54047,206,bytes 300228058-300282104/492119117,54047,54047,177.69120799857774,177.72674999650917,57.953916999395005,235.6965829967521,True,
1,28,5,fresh-client,1,cross_128_corner,zstd_128,ZSTD,128,40,41,3561,300282113,300335031,52919,206,bytes 300282113-300335031/492119117,52919,52919,123.54037500335835,123.5667500004638,52.07595899992157,175.65450000256533,True,
1,28,5,fresh-client,1,cross_128_corner,zstd_128,ZSTD,128,41,40,3648,304567089,304621133,54045,206,bytes 304567089-304621133/492119117,54045,54045,131.57041700105765,131.5921250024985,50.82458399920142,182.4292500023148,True,
1,28,5,fresh-client,1,cross_128_corner,zstd_128,ZSTD,128,41,41,3649,304621142,304673679,52538,206,bytes 304621142-304673679/492119117,52538,52538,110.55079099969589,110.57795799933956,74.61162499748752,185.20120799803408,True,
1,29,4,fresh-client,1,cross_256_edge,zstd_128,ZSTD,128,40,41,3561,300282113,300335031,52919,206,bytes 300282113-300335031/492119117,52919,52919,142.73162499739556,142.76083299773745,78.7622919997375,221.54145799868274,True,
1,29,4,fresh-client,1,cross_256_edge,zstd_128,ZSTD,128,40,42,3562,300335040,300386695,51656,206,bytes 300335040-300386695/492119117,51656,51656,220.41570800138288,220.50208300061058,51.67845799951465,272.2249170001305,True,
1,30,4,fresh-client,1,cross_512_edge,lzw_256,LZW,256,20,21,901,406841170,407119092,277923,206,bytes 406841170-407119092/661012853,277923,277923,153.08354199805763,153.11941699837917,215.09599999990314,368.2574169979489,True,
1,30,4,fresh-client,1,cross_512_edge,lzw_256,LZW,256,20,22,902,407119101,407393560,274460,206,bytes 407119101-407393560/661012853,274460,274460,138.9743340005225,139.0025840009912,178.3232500019949,317.3681670014048,True,
1,31,4,fresh-client,1,cross_256_edge,lzw_128,LZW,128,40,41,3561,404163829,404234861,71033,206,bytes 404163829-404234861/661264391,71033,71033,263.3841669994581,263.48383300137357,170.32612500042887,433.86041700068745,True,
1,31,4,fresh-client,1,cross_256_edge,lzw_128,LZW,128,40,42,3562,404234870,404303621,68752,206,bytes 404234870-404303621/661264391,68752,68752,168.1799170000886,168.22683300051722,69.77108299906831,238.0244580017461,True,
1,32,4,fresh-client,1,cross_512_corner,lzw_128,LZW,128,43,43,3827,421475357,421546899,71543,206,bytes 421475357-421546899/661264391,71543,71543,144.29887599908398,144.3295009994472,129.08770799913327,273.4654589985439,True,
1,32,4,fresh-client,1,cross_512_corner,lzw_128,LZW,128,43,44,3828,421546908,421617252,70345,206,bytes 421546908-421617252/661264391,70345,70345,159.78508300031535,159.8184160029632,56.43974999838974,216.27616600017063,True,
1,32,4,fresh-client,1,cross_512_corner,lzw_128,LZW,128,44,43,3915,426954274,427023840,69567,206,bytes 426954274-427023840/661264391,69567,69567,350.13708399856114,350.17866699854494,60.11724999916623,410.3148760004842,True,
1,32,4,fresh-client,1,cross_512_corner,lzw_128,LZW,128,44,44,3916,427023849,427094094,70246,206,bytes 427023849-427094094/661264391,70246,70246,139.8532500024885,139.8787079997419,51.43337499976042,191.3258330023382,True,
1,33,2,fresh-client,1,cross_256_edge,lzw_256,LZW,256,20,20,900,406553924,406841161,287238,206,bytes 406553924-406841161/661012853,287238,287238,131.26325000121142,131.28866700208164,162.78012499969918,294.1302090002864,True,
1,33,2,fresh-client,1,cross_256_edge,lzw_256,LZW,256,20,21,901,406841170,407119092,277923,206,bytes 406841170-407119092/661012853,277923,277923,155.57745899786823,155.61137599797803,224.63458299898775,380.29650099997525,True,
1,34,3,fresh-client,1,cross_128_corner,lzw_128,LZW,128,40,40,3560,404091050,404163820,72771,206,bytes 404091050-404163820/661264391,72771,72771,172.45787499996368,172.49154200180783,62.13554100031615,234.64387499916484,True,
1,34,3,fresh-client,1,cross_128_corner,lzw_128,LZW,128,40,41,3561,404163829,404234861,71033,206,bytes 404163829-404234861/661264391,71033,71033,161.71433400086244,161.74895899894182,74.64054199954262,236.4249589991232,True,
1,34,3,fresh-client,1,cross_128_corner,lzw_128,LZW,128,41,40,3648,409892800,409965306,72507,206,bytes 409892800-409965306/661264391,72507,72507,136.66058300077566,136.68808300280944,68.8243339973269,205.5257910033106,True,
1,34,3,fresh-client,1,cross_128_corner,lzw_128,LZW,128,41,41,3649,409965315,410035919,70605,206,bytes 409965315-410035919/661264391,70605,70605,146.14375000019209,146.1769590023323,173.47583299851976,319.6914590007509,True,
1,35,5,fresh-client,1,cross_512_edge,lzw_256,LZW,256,20,21,901,406841170,407119092,277923,206,bytes 406841170-407119092/661012853,277923,277923,128.22270800097613,128.2472080019943,111.38524999842048,239.6599999992759,True,
1,35,5,fresh-client,1,cross_512_edge,lzw_256,LZW,256,20,22,902,407119101,407393560,274460,206,bytes 407119101-407393560/661012853,274460,274460,121.90512500092154,121.93525000111549,143.27704099923722,265.2442920007161,True,
1,36,1,fresh-client,1,cross_512_corner,deflate_128,DEFLATE,128,43,43,3827,318224016,318278030,54015,206,bytes 318224016-318278030/499617324,54015,54015,146.40929099914501,146.4449160012009,72.34154199977638,218.80570800203714,True,
1,36,1,fresh-client,1,cross_512_corner,deflate_128,DEFLATE,128,43,44,3828,318278039,318331048,53010,206,bytes 318278039-318331048/499617324,53010,53010,171.28508300083922,171.31816699838964,147.00900000025285,318.3707919997687,True,
1,36,1,fresh-client,1,cross_512_corner,deflate_128,DEFLATE,128,44,43,3915,322379939,322432680,52742,206,bytes 322379939-322432680/499617324,52742,52742,168.84887500054901,168.88466700038407,66.00483300280757,234.92195899962098,True,
1,36,1,fresh-client,1,cross_512_corner,deflate_128,DEFLATE,128,44,44,3916,322432689,322485817,53129,206,bytes 322432689-322485817/499617324,53129,53129,282.0463749994815,282.14679200027604,91.33566700256779,373.57845900260145,True,
1,37,2,fresh-client,1,cross_512_edge,zstd_256,ZSTD,256,20,21,901,301328177,301535592,207416,206,bytes 301328177-301535592/490384277,207416,207416,178.2228749980277,178.26108299777843,103.77687499931199,282.0861669970327,True,
1,37,2,fresh-client,1,cross_512_edge,zstd_256,ZSTD,256,20,22,902,301535601,301739853,204253,206,bytes 301535601-301739853/490384277,204253,204253,173.2209170004353,173.2611250008631,98.81616699931328,272.117750999314,True,
1,38,2,fresh-client,1,cross_128_edge,lzw_256,LZW,256,20,20,900,406553924,406841161,287238,206,bytes 406553924-406841161/661012853,287238,287238,189.11954199938918,189.16062499920372,166.4732079989335,355.67966700182296,True,
1,39,4,fresh-client,1,cross_512_edge,deflate_512,DEFLATE,512,10,10,230,310426888,311281522,854635,206,bytes 310426888-311281522/499024403,854635,854635,223.780792002799,223.92775000116671,548.0727079993812,772.1048340026755,True,
1,39,4,fresh-client,1,cross_512_edge,deflate_512,DEFLATE,512,10,11,231,311281531,312113785,832255,206,bytes 311281531-312113785/499024403,832255,832255,200.84687499911524,200.89341700077057,711.7097510017629,912.6455010009522,True,
1,40,3,fresh-client,1,cross_128_edge,zstd_256,ZSTD,256,20,20,900,301115142,301328168,213027,206,bytes 301115142-301328168/490384277,213027,213027,360.716750001302,360.7567500002915,120.02320800093003,480.8328340004664,True,
1,41,2,fresh-client,1,cross_512_corner,deflate_512,DEFLATE,512,10,10,230,310426888,311281522,854635,206,bytes 310426888-311281522/499024403,854635,854635,134.79570799972862,134.82529099928797,511.20566700046766,646.0757919994649,True,
1,41,2,fresh-client,1,cross_512_corner,deflate_512,DEFLATE,512,10,11,231,311281531,312113785,832255,206,bytes 311281531-312113785/499024403,832255,832255,164.96041700156638,164.99145900161238,248.98079199920176,414.01541700179223,True,
1,41,2,fresh-client,1,cross_512_corner,deflate_512,DEFLATE,512,11,10,252,327623520,328452071,828552,206,bytes 327623520-328452071/499024403,828552,828552,178.60450000080164,178.64204199941014,499.92495799961034,678.6117089977779,True,
1,41,2,fresh-client,1,cross_512_corner,deflate_512,DEFLATE,512,11,11,253,328452080,329294883,842804,206,bytes 328452080-329294883/499024403,842804,842804,151.98900000177673,152.02033300010953,291.5220419999969,443.6033750025672,True,
1,42,2,fresh-client,1,cross_128_edge,zstd_256,ZSTD,256,20,20,900,301115142,301328168,213027,206,bytes 301115142-301328168/490384277,213027,213027,277.64316699904157,277.754750000895,397.2381249986938,675.0424589990871,True,
1,43,2,fresh-client,1,cross_128_edge,lzw_512,LZW,512,10,10,230,411686466,412818824,1132359,206,bytes 411686466-412818824/661107776,1132359,1132359,178.43470799925853,178.47508300110349,756.1332920013228,934.6387500008859,True,
1,44,4,fresh-client,1,cross_128_corner,lzw_128,LZW,128,40,40,3560,404091050,404163820,72771,206,bytes 404091050-404163820/661264391,72771,72771,148.5305829992285,148.55966700270073,81.5417499979958,230.115875001502,True,
1,44,4,fresh-client,1,cross_128_corner,lzw_128,LZW,128,40,41,3561,404163829,404234861,71033,206,bytes 404163829-404234861/661264391,71033,71033,186.85391700273613,186.90683300155797,85.99441600017599,272.9499580018455,True,
1,44,4,fresh-client,1,cross_128_corner,lzw_128,LZW,128,41,40,3648,409892800,409965306,72507,206,bytes 409892800-409965306/661264391,72507,72507,141.4206670015119,141.4481669999077,62.0286670018686,203.49087500289897,True,
1,44,4,fresh-client,1,cross_128_corner,lzw_128,LZW,128,41,41,3649,409965315,410035919,70605,206,bytes 409965315-410035919/661264391,70605,70605,193.74016700021457,193.7908330000937,115.66929100081325,309.5006250005099,True,
1,45,5,fresh-client,1,cross_256_corner,lzw_128,LZW,128,41,41,3649,409965315,410035919,70605,206,bytes 409965315-410035919/661264391,70605,70605,150.6392080009391,150.67091600212734,59.73387500125682,210.4183750016091,True,
1,45,5,fresh-client,1,cross_256_corner,lzw_128,LZW,128,41,42,3650,410035928,410107613,71686,206,bytes 410035928-410107613/661264391,71686,71686,120.99825100085582,121.02654200134566,76.37183299812023,197.41241700103274,True,
1,45,5,fresh-client,1,cross_256_corner,lzw_128,LZW,128,42,41,3737,415676272,415746842,70571,206,bytes 415676272-415746842/661264391,70571,70571,131.2570420013799,131.28470900119282,56.22837500050082,187.52520899943192,True,
1,45,5,fresh-client,1,cross_256_corner,lzw_128,LZW,128,42,42,3738,415746851,415817546,70696,206,bytes 415746851-415817546/661264391,70696,70696,137.47966699884273,137.5107499989099,153.60895800040453,291.1698329990031,True,
1,46,1,fresh-client,1,cross_512_edge,zstd_256,ZSTD,256,20,21,901,301328177,301535592,207416,206,bytes 301328177-301535592/490384277,207416,207416,128.97470799725852,129.00441699821386,135.38237499960815,264.42212499750894,True,
1,46,1,fresh-client,1,cross_512_edge,zstd_256,ZSTD,256,20,22,902,301535601,301739853,204253,206,bytes 301535601-301739853/490384277,204253,204253,165.60404199844925,165.65045899915276,140.1422079979966,305.83895900053903,True,
1,47,4,fresh-client,1,cross_128_corner,deflate_128,DEFLATE,128,40,40,3560,305047460,305102560,55101,206,bytes 305047460-305102560/499617324,55101,55101,175.67441699793562,175.70870899726287,65.6955009981175,241.43991699747858,True,
1,47,4,fresh-client,1,cross_128_corner,deflate_128,DEFLATE,128,40,41,3561,305102569,305156400,53832,206,bytes 305102569-305156400/499617324,53832,53832,245.08816700108582,245.16179200145416,52.140333002171246,297.3319580014504,True,
1,47,4,fresh-client,1,cross_128_corner,deflate_128,DEFLATE,128,41,40,3648,309446600,309501607,55008,206,bytes 309446600-309501607/499617324,55008,55008,309.60541700187605,309.634167002514,48.794207999890205,358.437667000544,True,
1,47,4,fresh-client,1,cross_128_corner,deflate_128,DEFLATE,128,41,41,3649,309501616,309555017,53402,206,bytes 309501616-309555017/499617324,53402,53402,143.4070420000353,143.433917000948,54.9023749990738,198.34808300220175,True,
1,48,4,fresh-client,1,cross_128_corner,zstd_256,ZSTD,256,20,20,900,301115142,301328168,213027,206,bytes 301115142-301328168/490384277,213027,213027,167.36437500003376,167.3966249982186,119.61191700174822,287.05587500007823,True,
1,49,4,fresh-client,1,interior,lzw_512,LZW,512,10,10,230,411686466,412818824,1132359,206,bytes 411686466-412818824/661107776,1132359,1132359,195.1203329990676,195.19491699975333,594.7422499993991,790.0067499977013,True,
1,50,2,fresh-client,1,cross_512_corner,lzw_256,LZW,256,21,21,945,418246405,418529582,283178,206,bytes 418246405-418529582/661012853,283178,283178,147.03520799957914,147.0642919994134,242.6168330021028,389.73175000137417,True,
1,50,2,fresh-client,1,cross_512_corner,lzw_256,LZW,256,21,22,946,418529591,418807664,278074,206,bytes 418529591-418807664/661012853,278074,278074,178.96050000126706,178.99933300213888,176.4268750011979,355.47329100154457,True,
1,50,2,fresh-client,1,cross_512_corner,lzw_256,LZW,256,22,21,989,429313097,429591287,278191,206,bytes 429313097-429591287/661012853,278191,278191,171.42812599922763,171.4830009987054,152.48587500173016,324.01237600060995,True,
1,50,2,fresh-client,1,cross_512_corner,lzw_256,LZW,256,22,22,990,429591296,429871211,279916,206,bytes 429591296-429871211/661012853,279916,279916,149.64824999697157,149.67862499906914,266.6859159980959,416.41154199896846,True,
1,51,5,fresh-client,1,cross_512_corner,lzw_128,LZW,128,43,43,3827,421475357,421546899,71543,206,bytes 421475357-421546899/661264391,71543,71543,138.07329200062668,138.101791999361,62.6972919999389,200.81204199959757,True,
1,51,5,fresh-client,1,cross_512_corner,lzw_128,LZW,128,43,44,3828,421546908,421617252,70345,206,bytes 421546908-421617252/661264391,70345,70345,134.28358300006948,134.3315000012808,69.32900000174413,203.67495800019242,True,
1,51,5,fresh-client,1,cross_512_corner,lzw_128,LZW,128,44,43,3915,426954274,427023840,69567,206,bytes 426954274-427023840/661264391,69567,69567,178.79945800086716,178.8462080003228,75.00445899859187,253.89970800097217,True,
1,51,5,fresh-client,1,cross_512_corner,lzw_128,LZW,128,44,44,3916,427023849,427094094,70246,206,bytes 427023849-427094094/661264391,70246,70246,140.32070899702376,140.3468749995227,78.59449999887147,218.95491699979175,True,
1,52,2,fresh-client,1,cross_512_edge,deflate_512,DEFLATE,512,10,10,230,310426888,311281522,854635,206,bytes 310426888-311281522/499024403,854635,854635,166.42387499814504,166.45983399939723,385.1555420005752,551.663041998836,True,
1,52,2,fresh-client,1,cross_512_edge,deflate_512,DEFLATE,512,10,11,231,311281531,312113785,832255,206,bytes 311281531-312113785/499024403,832255,832255,154.6506259983289,154.68070899805753,317.67304099776084,472.3989169979177,True,
1,53,5,fresh-client,1,cross_128_edge,zstd_512,ZSTD,512,10,10,230,304767160,305606839,839680,206,bytes 304767160-305606839/490194415,839680,839680,217.3167500004638,217.36354200038477,536.3910839987511,753.8192500032892,True,
1,54,2,fresh-client,1,cross_256_corner,deflate_256,DEFLATE,256,20,20,900,306262458,306479353,216896,206,bytes 306262458-306479353/498427477,216896,216896,134.27108299947577,134.2999160006002,423.02304199984064,557.368541998585,True,
1,54,2,fresh-client,1,cross_256_corner,deflate_256,DEFLATE,256,20,21,901,306479362,306690064,210703,206,bytes 306479362-306690064/498427477,210703,210703,143.98541600166936,144.01429099962115,127.4994589984999,271.5455409997958,True,
1,54,2,fresh-client,1,cross_256_corner,deflate_256,DEFLATE,256,21,20,944,314896453,315110145,213693,206,bytes 314896453-315110145/498427477,213693,213693,158.8579999988724,158.89099999913014,100.12712499883492,259.0527499996824,True,
1,54,2,fresh-client,1,cross_256_corner,deflate_256,DEFLATE,256,21,21,945,315110154,315323387,213234,206,bytes 315110154-315323387/498427477,213234,213234,135.67654200232937,135.70583400360192,107.82795900013298,243.57025000063004,True,
1,55,1,fresh-client,1,cross_512_edge,lzw_256,LZW,256,20,21,901,406841170,407119092,277923,206,bytes 406841170-407119092/661012853,277923,277923,292.84862499844166,292.87645899967174,150.48237500013784,443.41137499941397,True,
1,55,1,fresh-client,1,cross_512_edge,lzw_256,LZW,256,20,22,902,407119101,407393560,274460,206,bytes 407119101-407393560/661012853,274460,274460,140.08033299978706,140.1096250010596,126.97058299818309,267.12633300121524,True,
1,56,5,fresh-client,1,interior,deflate_128,DEFLATE,128,40,40,3560,305047460,305102560,55101,206,bytes 305047460-305102560/499617324,55101,55101,173.83124999832944,173.86691700085066,70.2961260030861,244.19291699814494,True,
1,57,1,fresh-client,1,cross_128_edge,lzw_256,LZW,256,20,20,900,406553924,406841161,287238,206,bytes 406553924-406841161/661012853,287238,287238,229.29875000045286,229.4015830011631,124.50458300008904,353.9597080016392,True,
1,58,4,fresh-client,1,interior,zstd_128,ZSTD,128,40,40,3560,300228058,300282104,54047,206,bytes 300228058-300282104/492119117,54047,54047,172.0768750019488,172.1087500009162,57.49054199986858,229.6282909992442,True,
1,59,4,fresh-client,1,cross_256_corner,lzw_512,LZW,512,10,10,230,411686466,412818824,1132359,206,bytes 411686466-412818824/661107776,1132359,1132359,130.57100100195385,130.59995900039212,1193.7062090000836,1324.360834001709,True,
1,60,1,fresh-client,1,interior,deflate_512,DEFLATE,512,10,10,230,310426888,311281522,854635,206,bytes 310426888-311281522/499024403,854635,854635,176.60416700164205,176.643333001266,585.7398330008436,762.4243749996822,True,
1,61,4,fresh-client,1,cross_512_edge,deflate_256,DEFLATE,256,20,21,901,306479362,306690064,210703,206,bytes 306479362-306690064/498427477,210703,210703,140.3926670027431,140.42104200052563,183.90895800257567,324.3830840001465,True,
1,61,4,fresh-client,1,cross_512_edge,deflate_256,DEFLATE,256,20,22,902,306690073,306897377,207305,206,bytes 306690073-306897377/498427477,207305,207305,151.6906659999222,151.7202079994604,122.08608299988555,273.85045800110674,True,
1,62,2,fresh-client,1,interior,deflate_256,DEFLATE,256,20,20,900,306262458,306479353,216896,206,bytes 306262458-306479353/498427477,216896,216896,159.19216700058314,159.22483300164458,147.2518329974264,306.5272920030111,True,
1,63,2,fresh-client,1,cross_512_corner,lzw_512,LZW,512,10,10,230,411686466,412818824,1132359,206,bytes 411686466-412818824/661107776,1132359,1132359,130.70633399911458,130.73604199962574,379.53504199685995,510.3069590004452,True,
1,63,2,fresh-client,1,cross_512_corner,lzw_512,LZW,512,10,11,231,412818833,413920320,1101488,206,bytes 412818833-413920320/661107776,1101488,1101488,136.69950000257813,136.7216250000638,484.3534580031701,621.1296670007869,True,
1,63,2,fresh-client,1,cross_512_corner,lzw_512,LZW,512,11,10,252,434325460,435426146,1100687,206,bytes 434325460-435426146/661107776,1100687,1100687,143.89362500151037,143.96729199870606,339.66783299911185,483.64870799923665,True,
1,63,2,fresh-client,1,cross_512_corner,lzw_512,LZW,512,11,11,253,435426155,436544622,1118468,206,bytes 435426155-436544622/661107776,1118468,1118468,141.1881669991999,141.21933299975353,493.901707999612,635.1687089991174,True,
1,64,1,fresh-client,1,cross_256_corner,zstd_512,ZSTD,512,10,10,230,304767160,305606839,839680,206,bytes 304767160-305606839/490194415,839680,839680,163.17049999997835,163.20379199896706,331.50362499873154,494.7545009999885,True,
1,65,2,fresh-client,1,cross_256_edge,deflate_256,DEFLATE,256,20,20,900,306262458,306479353,216896,206,bytes 306262458-306479353/498427477,216896,216896,212.64199999859557,212.70287500010454,119.72087499816553,332.469458997366,True,
1,65,2,fresh-client,1,cross_256_edge,deflate_256,DEFLATE,256,20,21,901,306479362,306690064,210703,206,bytes 306479362-306690064/498427477,210703,210703,262.8827500011539,262.9923749991576,136.60566699763876,399.67054199951235,True,
1,66,4,fresh-client,1,cross_256_corner,lzw_128,LZW,128,41,41,3649,409965315,410035919,70605,206,bytes 409965315-410035919/661264391,70605,70605,189.18249999842374,189.22891599868308,139.22470800025621,328.495791000023,True,
1,66,4,fresh-client,1,cross_256_corner,lzw_128,LZW,128,41,42,3650,410035928,410107613,71686,206,bytes 410035928-410107613/661264391,71686,71686,233.1579169986071,233.25345799821662,54.39933399975416,287.7085000000079,True,
1,66,4,fresh-client,1,cross_256_corner,lzw_128,LZW,128,42,41,3737,415676272,415746842,70571,206,bytes 415676272-415746842/661264391,70571,70571,322.96375000078115,322.9916670024977,86.88704199812491,409.89608300151303,True,
1,66,4,fresh-client,1,cross_256_corner,lzw_128,LZW,128,42,42,3738,415746851,415817546,70696,206,bytes 415746851-415817546/661264391,70696,70696,186.15841599967098,186.20704099885188,58.07949999871198,244.32283299756818,True,
1,67,4,fresh-client,1,interior,lzw_256,LZW,256,20,20,900,406553924,406841161,287238,206,bytes 406553924-406841161/661012853,287238,287238,276.2077919978765,276.3184169998567,123.78112500300631,400.1568749990838,True,
1,68,2,fresh-client,1,cross_256_edge,zstd_128,ZSTD,128,40,41,3561,300282113,300335031,52919,206,bytes 300282113-300335031/492119117,52919,52919,141.55537499755155,141.5861669993319,68.43920800019987,210.03891699729138,True,
1,68,2,fresh-client,1,cross_256_edge,zstd_128,ZSTD,128,40,42,3562,300335040,300386695,51656,206,bytes 300335040-300386695/492119117,51656,51656,143.21424999798182,143.24595799917006,60.99179199736682,204.24974999696133,True,
1,69,2,fresh-client,1,cross_256_corner,lzw_256,LZW,256,20,20,900,406553924,406841161,287238,206,bytes 406553924-406841161/661012853,287238,287238,169.14783399988664,169.18720900139306,142.98970899835695,312.2216669980844,True,
1,69,2,fresh-client,1,cross_256_corner,lzw_256,LZW,256,20,21,901,406841170,407119092,277923,206,bytes 406841170-407119092/661012853,277923,277923,252.95774999904097,253.05875000049127,215.1011660025688,468.239416997676,True,
1,69,2,fresh-client,1,cross_256_corner,lzw_256,LZW,256,21,20,944,417962328,418246396,284069,206,bytes 417962328-418246396/661012853,284069,284069,150.36320900253486,150.39720899949316,165.24912500244682,315.6967089998943,True,
1,69,2,fresh-client,1,cross_256_corner,lzw_256,LZW,256,21,21,945,418246405,418529582,283178,206,bytes 418246405-418529582/661012853,283178,283178,130.89020900224568,130.91883400193183,143.63995900203008,274.6052090005833,True,
1,70,3,fresh-client,1,cross_512_corner,deflate_128,DEFLATE,128,43,43,3827,318224016,318278030,54015,206,bytes 318224016-318278030/499617324,54015,54015,242.12475000240374,242.22508300226764,78.20270800220896,320.48091600154294,True,
1,70,3,fresh-client,1,cross_512_corner,deflate_128,DEFLATE,128,43,44,3828,318278039,318331048,53010,206,bytes 318278039-318331048/499617324,53010,53010,174.2360419993929,174.27554200185114,48.91212499933317,223.22120800163248,True,
1,70,3,fresh-client,1,cross_512_corner,deflate_128,DEFLATE,128,44,43,3915,322379939,322432680,52742,206,bytes 322379939-322432680/499617324,52742,52742,155.3387499989185,155.37095900072018,60.570667003048584,215.95383399835555,True,
1,70,3,fresh-client,1,cross_512_corner,deflate_128,DEFLATE,128,44,44,3916,322432689,322485817,53129,206,bytes 322432689-322485817/499617324,53129,53129,163.27058299793862,163.30770799686434,52.154124998196494,215.4756659983832,True,
1,71,4,fresh-client,1,cross_128_corner,deflate_256,DEFLATE,256,20,20,900,306262458,306479353,216896,206,bytes 306262458-306479353/498427477,216896,216896,251.96708400108037,252.0834589995502,111.58049999721698,363.70241699842154,True,
1,72,5,fresh-client,1,cross_128_corner,zstd_256,ZSTD,256,20,20,900,301115142,301328168,213027,206,bytes 301115142-301328168/490384277,213027,213027,140.6617920001736,140.6915840016154,106.95104199839989,247.67341700135148,True,
1,73,2,fresh-client,1,cross_256_corner,deflate_128,DEFLATE,128,41,41,3649,309501616,309555017,53402,206,bytes 309501616-309555017/499617324,53402,53402,138.3863749979355,138.41641699764295,62.33845799943083,200.76837499800604,True,
1,73,2,fresh-client,1,cross_256_corner,deflate_128,DEFLATE,128,41,42,3650,309555026,309609246,54221,206,bytes 309555026-309609246/499617324,54221,54221,256.602584002394,256.71554200016544,57.46216700208606,314.22979200215195,True,
1,73,2,fresh-client,1,cross_256_corner,deflate_128,DEFLATE,128,42,41,3737,313827295,313880653,53359,206,bytes 313827295-313880653/499617324,53359,53359,223.0801249970682,223.16341699843179,77.53883400073391,300.74983299709857,True,
1,73,2,fresh-client,1,cross_256_corner,deflate_128,DEFLATE,128,42,42,3738,313880662,313934033,53372,206,bytes 313880662-313934033/499617324,53372,53372,177.8168339988042,177.86074999821722,78.14708400110248,256.0349999985192,True,
1,74,2,fresh-client,1,cross_512_edge,lzw_256,LZW,256,20,21,901,406841170,407119092,277923,206,bytes 406841170-407119092/661012853,277923,277923,348.55591700033983,348.5889589974249,162.1222920002765,510.7512510003289,True,
1,74,2,fresh-client,1,cross_512_edge,lzw_256,LZW,256,20,22,902,407119101,407393560,274460,206,bytes 407119101-407393560/661012853,274460,274460,205.8785010012798,205.93087599991122,316.2152920012886,522.1925010009727,True,
1,75,3,fresh-client,1,cross_512_edge,lzw_128,LZW,128,40,43,3563,404303630,404372483,68854,206,bytes 404303630-404372483/661264391,68854,68854,238.9315410000563,238.9849579994916,57.26187500113156,296.34554099902743,True,
1,75,3,fresh-client,1,cross_512_edge,lzw_128,LZW,128,40,44,3564,404372492,404440436,67945,206,bytes 404372492-404440436/661264391,67945,67945,178.9255840012629,178.9656670007389,60.73720800122828,239.73504199966555,True,
1,76,1,fresh-client,1,cross_256_corner,lzw_256,LZW,256,20,20,900,406553924,406841161,287238,206,bytes 406553924-406841161/661012853,287238,287238,172.52362499857554,172.5595419993624,226.54516699913074,399.1501669988793,True,
1,76,1,fresh-client,1,cross_256_corner,lzw_256,LZW,256,20,21,901,406841170,407119092,277923,206,bytes 406841170-407119092/661012853,277923,277923,178.9939999980561,179.03412499799742,152.0096249987546,331.08625000022585,True,
1,76,1,fresh-client,1,cross_256_corner,lzw_256,LZW,256,21,20,944,417962328,418246396,284069,206,bytes 417962328-418246396/661012853,284069,284069,146.98204199885367,147.03104200089,152.27662499819417,299.41587500070455,True,
1,76,1,fresh-client,1,cross_256_corner,lzw_256,LZW,256,21,21,945,418246405,418529582,283178,206,bytes 418246405-418529582/661012853,283178,283178,195.36641699960455,195.41024999853107,157.50820899847895,352.96220799864386,True,
1,77,2,fresh-client,1,cross_512_corner,deflate_256,DEFLATE,256,21,21,945,315110154,315323387,213234,206,bytes 315110154-315323387/498427477,213234,213234,146.10624999841093,146.1347089971241,119.5682500001567,265.7474169973284,True,
1,77,2,fresh-client,1,cross_512_corner,deflate_256,DEFLATE,256,21,22,946,315323396,315533302,209907,206,bytes 315323396-315533302/498427477,209907,209907,170.46804200072074,170.50429200025974,163.716041999578,334.3452920016716,True,
1,77,2,fresh-client,1,cross_512_corner,deflate_256,DEFLATE,256,22,21,989,323490842,323701123,210282,206,bytes 323490842-323701123/498427477,210282,210282,229.17229200174916,229.24912500093342,111.67650000061258,340.97620800093864,True,
1,77,2,fresh-client,1,cross_512_corner,deflate_256,DEFLATE,256,22,22,990,323701132,323912576,211445,206,bytes 323701132-323912576/498427477,211445,211445,136.74020799953723,136.76649999979418,147.0208749997255,283.81645799890975,True,
1,78,1,fresh-client,1,cross_128_corner,zstd_128,ZSTD,128,40,40,3560,300228058,300282104,54047,206,bytes 300228058-300282104/492119117,54047,54047,199.33949999904144,199.39083300050697,64.4329579990881,263.8673750007001,True,
1,78,1,fresh-client,1,cross_128_corner,zstd_128,ZSTD,128,40,41,3561,300282113,300335031,52919,206,bytes 300282113-300335031/492119117,52919,52919,181.11004100137507,181.15045800004737,67.10104100056924,248.28695800169953,True,
1,78,1,fresh-client,1,cross_128_corner,zstd_128,ZSTD,128,41,40,3648,304567089,304621133,54045,206,bytes 304567089-304621133/492119117,54045,54045,190.16575000205194,190.23604200265254,71.16095799938194,261.43175000106567,True,
1,78,1,fresh-client,1,cross_128_corner,zstd_128,ZSTD,128,41,41,3649,304621142,304673679,52538,206,bytes 304621142-304673679/492119117,52538,52538,148.52074999726028,148.55024999997113,65.7887910019781,214.35504199689603,True,
1,79,4,fresh-client,1,cross_256_edge,deflate_256,DEFLATE,256,20,20,900,306262458,306479353,216896,206,bytes 306262458-306479353/498427477,216896,216896,145.14720900115208,145.17870900090202,201.85141599722556,347.07512499880977,True,
1,79,4,fresh-client,1,cross_256_edge,deflate_256,DEFLATE,256,20,21,901,306479362,306690064,210703,206,bytes 306479362-306690064/498427477,210703,210703,183.20266700175125,183.2442919985624,279.5359589981672,462.82329200039385,True,
1,80,3,fresh-client,1,cross_512_corner,zstd_128,ZSTD,128,43,43,3827,313219659,313272608,52950,206,bytes 313219659-313272608/492119117,52950,52950,137.84833300087485,137.88137499795994,91.63116600029753,229.54162499809172,True,
1,80,3,fresh-client,1,cross_512_corner,zstd_128,ZSTD,128,43,44,3828,313272617,313324753,52137,206,bytes 313272617-313324753/492119117,52137,52137,333.49504199941293,333.52491699770326,199.22283300184063,532.7958329980902,True,
1,80,3,fresh-client,1,cross_512_corner,zstd_128,ZSTD,128,44,43,3915,317314658,317366615,51958,206,bytes 317314658-317366615/492119117,51958,51958,291.7492919987126,291.8489170006069,50.168375000794185,342.0509169991419,True,
1,80,3,fresh-client,1,cross_512_corner,zstd_128,ZSTD,128,44,44,3916,317366624,317418939,52316,206,bytes 317366624-317418939/492119117,52316,52316,153.6175830005959,153.65070800180547,63.769666998268804,217.43491600136622,True,
1,81,2,fresh-client,1,cross_256_edge,lzw_128,LZW,128,40,41,3561,404163829,404234861,71033,206,bytes 404163829-404234861/661264391,71033,71033,143.9335410032072,143.96775000204798,187.09916700026952,331.09725000031176,True,
1,81,2,fresh-client,1,cross_256_edge,lzw_128,LZW,128,40,42,3562,404234870,404303621,68752,206,bytes 404234870-404303621/661264391,68752,68752,187.07375100348145,187.1169590012869,143.80933299980825,330.97433400325826,True,
1,82,5,fresh-client,1,cross_256_edge,lzw_128,LZW,128,40,41,3561,404163829,404234861,71033,206,bytes 404163829-404234861/661264391,71033,71033,143.6042500026815,143.64612500139629,68.95449999865377,212.6383340000757,True,
1,82,5,fresh-client,1,cross_256_edge,lzw_128,LZW,128,40,42,3562,404234870,404303621,68752,206,bytes 404234870-404303621/661264391,68752,68752,139.97720800034585,140.04845800081966,70.36037500074599,210.43195799938985,True,
1,83,3,fresh-client,1,cross_512_edge,lzw_256,LZW,256,20,21,901,406841170,407119092,277923,206,bytes 406841170-407119092/661012853,277923,277923,148.4744999979739,148.50729199679336,157.62808400177164,306.185874997027,True,
1,83,3,fresh-client,1,cross_512_edge,lzw_256,LZW,256,20,22,902,407119101,407393560,274460,206,bytes 407119101-407393560/661012853,274460,274460,195.76995800161967,195.82058300147764,255.14666700109956,450.99708400084637,True,
1,84,3,fresh-client,1,interior,lzw_512,LZW,512,10,10,230,411686466,412818824,1132359,206,bytes 411686466-412818824/661107776,1132359,1132359,198.67366700054845,198.71912500093458,363.1542080001964,561.9057080002676,True,
1,85,1,fresh-client,1,cross_256_corner,lzw_128,LZW,128,41,41,3649,409965315,410035919,70605,206,bytes 409965315-410035919/661264391,70605,70605,130.47083399942494,130.49929200133192,91.19429199927254,221.76054200099315,True,
1,85,1,fresh-client,1,cross_256_corner,lzw_128,LZW,128,41,42,3650,410035928,410107613,71686,206,bytes 410035928-410107613/661264391,71686,71686,166.20070800126996,166.235291002522,86.60475000215229,252.8710830010823,True,
1,85,1,fresh-client,1,cross_256_corner,lzw_128,LZW,128,42,41,3737,415676272,415746842,70571,206,bytes 415676272-415746842/661264391,70571,70571,149.72829099860974,149.759832998825,86.5780829990399,236.36495800019475,True,
1,85,1,fresh-client,1,cross_256_corner,lzw_128,LZW,128,42,42,3738,415746851,415817546,70696,206,bytes 415746851-415817546/661264391,70696,70696,125.50870799896074,125.541624998732,59.57454199960921,185.12854199798312,True,
1,86,5,fresh-client,1,cross_128_corner,lzw_256,LZW,256,20,20,900,406553924,406841161,287238,206,bytes 406553924-406841161/661012853,287238,287238,155.9795840003062,156.01141699880827,148.08479199928115,304.13812500046333,True,
1,87,3,fresh-client,1,cross_512_corner,lzw_128,LZW,128,43,43,3827,421475357,421546899,71543,206,bytes 421475357-421546899/661264391,71543,71543,236.07999999876483,236.17579200072214,65.23904200003017,301.45037599868374,True,
1,87,3,fresh-client,1,cross_512_corner,lzw_128,LZW,128,43,44,3828,421546908,421617252,70345,206,bytes 421546908-421617252/661264391,70345,70345,156.0033329988073,156.08937499928288,59.1305830021156,215.23349999915808,True,
1,87,3,fresh-client,1,cross_512_corner,lzw_128,LZW,128,44,43,3915,426954274,427023840,69567,206,bytes 426954274-427023840/661264391,69567,69567,201.4031669968972,201.45237500037183,62.67250000018976,264.1663750000589,True,
1,87,3,fresh-client,1,cross_512_corner,lzw_128,LZW,128,44,44,3916,427023849,427094094,70246,206,bytes 427023849-427094094/661264391,70246,70246,173.1976669980213,173.2360839996545,71.59224999850267,244.85899999854155,True,
1,88,2,fresh-client,1,interior,lzw_128,LZW,128,40,40,3560,404091050,404163820,72771,206,bytes 404091050-404163820/661264391,72771,72771,315.0819170004979,315.1097080008185,56.0917500006326,371.2107499995909,True,
1,89,2,fresh-client,1,cross_256_corner,zstd_128,ZSTD,128,41,41,3649,304621142,304673679,52538,206,bytes 304621142-304673679/492119117,52538,52538,124.37758300075075,124.40437500117696,53.726125002867775,178.14062500110595,True,
1,89,2,fresh-client,1,cross_256_corner,zstd_128,ZSTD,128,41,42,3650,304673688,304726888,53201,206,bytes 304673688-304726888/492119117,53201,53201,141.00691700150492,141.0357919994567,71.23041700106114,212.27954200003296,True,
1,89,2,fresh-client,1,cross_256_corner,zstd_128,ZSTD,128,42,41,3737,308887700,308940134,52435,206,bytes 308887700-308940134/492119117,52435,52435,133.45579199813074,133.48483400113764,56.87183400004869,190.37062500137836,True,
1,89,2,fresh-client,1,cross_256_corner,zstd_128,ZSTD,128,42,42,3738,308940143,308992671,52529,206,bytes 308940143-308992671/492119117,52529,52529,142.8933329989377,142.92362500054878,162.95487499883166,305.92808299843455,True,
1,90,4,fresh-client,1,cross_512_corner,deflate_256,DEFLATE,256,21,21,945,315110154,315323387,213234,206,bytes 315110154-315323387/498427477,213234,213234,155.76337599850376,155.79616700051702,107.35349999958999,263.17766699867207,True,
1,90,4,fresh-client,1,cross_512_corner,deflate_256,DEFLATE,256,21,22,946,315323396,315533302,209907,206,bytes 315323396-315533302/498427477,209907,209907,171.56204200000502,171.60708399751456,159.10416699989582,330.7523339972249,True,
1,90,4,fresh-client,1,cross_512_corner,deflate_256,DEFLATE,256,22,21,989,323490842,323701123,210282,206,bytes 323490842-323701123/498427477,210282,210282,155.45745799681754,155.48849999686354,149.04795800248394,304.59316699852934,True,
1,90,4,fresh-client,1,cross_512_corner,deflate_256,DEFLATE,256,22,22,990,323701132,323912576,211445,206,bytes 323701132-323912576/498427477,211445,211445,195.9551250001823,196.0062090001884,112.7770410021185,308.82904199825134,True,
1,91,5,fresh-client,1,cross_512_corner,lzw_512,LZW,512,10,10,230,411686466,412818824,1132359,206,bytes 411686466-412818824/661107776,1132359,1132359,142.4710409992258,142.49933300015982,433.92100100027164,576.4812079978583,True,
1,91,5,fresh-client,1,cross_512_corner,lzw_512,LZW,512,10,11,231,412818833,413920320,1101488,206,bytes 412818833-413920320/661107776,1101488,1101488,125.06029199721524,125.09037500058184,1656.6971669999475,1781.841625997913,True,
1,91,5,fresh-client,1,cross_512_corner,lzw_512,LZW,512,11,10,252,434325460,435426146,1100687,206,bytes 434325460-435426146/661107776,1100687,1100687,179.62420799813117,179.66366699693026,1163.4724169998663,1343.1812509988958,True,
1,91,5,fresh-client,1,cross_512_corner,lzw_512,LZW,512,11,11,253,435426155,436544622,1118468,206,bytes 435426155-436544622/661107776,1118468,1118468,154.58029100045678,154.61212499940302,529.5762089990603,684.2700000015611,True,
1,92,5,fresh-client,1,cross_512_edge,deflate_512,DEFLATE,512,10,10,230,310426888,311281522,854635,206,bytes 310426888-311281522/499024403,854635,854635,130.59087500005262,130.61958300022525,287.73420799916494,418.3969160003471,True,
1,92,5,fresh-client,1,cross_512_edge,deflate_512,DEFLATE,512,10,11,231,311281531,312113785,832255,206,bytes 311281531-312113785/499024403,832255,832255,142.84441700147,142.8738329996122,342.67608400114113,485.59045900037745,True,
1,93,3,fresh-client,1,cross_256_edge,zstd_512,ZSTD,512,10,10,230,304767160,305606839,839680,206,bytes 304767160-305606839/490194415,839680,839680,137.72891699773027,137.75824999902397,708.8440420011466,846.641501000704,True,
1,94,1,fresh-client,1,cross_128_edge,zstd_128,ZSTD,128,40,40,3560,300228058,300282104,54047,206,bytes 300228058-300282104/492119117,54047,54047,154.53824999713106,154.5646249978745,116.6971669990744,271.29662499646656,True,
1,94,1,fresh-client,1,cross_128_edge,zstd_128,ZSTD,128,40,41,3561,300282113,300335031,52919,206,bytes 300282113-300335031/492119117,52919,52919,154.130291997717,154.17804199751117,76.09079200119595,230.30358299729414,True,
1,95,4,fresh-client,1,cross_512_corner,deflate_512,DEFLATE,512,10,10,230,310426888,311281522,854635,206,bytes 310426888-311281522/499024403,854635,854635,121.96308299826342,121.99508299818262,421.57220900116954,543.609500000457,True,
1,95,4,fresh-client,1,cross_512_corner,deflate_512,DEFLATE,512,10,11,231,311281531,312113785,832255,206,bytes 311281531-312113785/499024403,832255,832255,350.5793329968583,350.61266599950613,267.2257919984986,617.873832998157,True,
1,95,4,fresh-client,1,cross_512_corner,deflate_512,DEFLATE,512,11,10,252,327623520,328452071,828552,206,bytes 327623520-328452071/499024403,828552,828552,136.1713750011404,136.21299999795156,291.47337500035064,427.7299169989419,True,
1,95,4,fresh-client,1,cross_512_corner,deflate_512,DEFLATE,512,11,11,253,328452080,329294883,842804,206,bytes 328452080-329294883/499024403,842804,842804,175.32362500060117,175.3571670014935,215.46841700182995,390.85487600095803,True,
1,96,3,fresh-client,1,cross_512_edge,zstd_128,ZSTD,128,40,43,3563,300386704,300438476,51773,206,bytes 300386704-300438476/492119117,51773,51773,148.96170800057007,148.99299999888171,60.666833000141196,209.67291700071655,True,
1,96,3,fresh-client,1,cross_512_edge,zstd_128,ZSTD,128,40,44,3564,300438485,300489278,50794,206,bytes 300438485-300489278/492119117,50794,50794,155.3576250007609,155.38741599812056,49.11766599980183,204.5182500005467,True,
1,97,1,fresh-client,1,cross_512_edge,deflate_256,DEFLATE,256,20,21,901,306479362,306690064,210703,206,bytes 306479362-306690064/498427477,210703,210703,211.0375420015771,211.0877920022176,92.30025100259809,303.4005840017926,True,
1,97,1,fresh-client,1,cross_512_edge,deflate_256,DEFLATE,256,20,22,902,306690073,306897377,207305,206,bytes 306690073-306897377/498427477,207305,207305,165.4747499997029,165.5115419998765,134.50770900089992,300.02937499739346,True,
1,98,3,fresh-client,1,cross_256_edge,zstd_128,ZSTD,128,40,41,3561,300282113,300335031,52919,206,bytes 300282113-300335031/492119117,52919,52919,142.94020799934515,142.9769579990534,42.94491700056824,185.93679200057522,True,
1,98,3,fresh-client,1,cross_256_edge,zstd_128,ZSTD,128,40,42,3562,300335040,300386695,51656,206,bytes 300335040-300386695/492119117,51656,51656,118.87012499937555,118.89608300043619,71.3295419991482,190.23804199969163,True,
1,99,2,fresh-client,1,cross_128_edge,zstd_512,ZSTD,512,10,10,230,304767160,305606839,839680,206,bytes 304767160-305606839/490194415,839680,839680,142.30145799956517,142.33162500022445,578.1257919989002,720.5122919986024,True,
1,100,4,fresh-client,1,cross_128_corner,lzw_512,LZW,512,10,10,230,411686466,412818824,1132359,206,bytes 411686466-412818824/661107776,1132359,1132359,142.5074590006261,142.538042000524,280.36612500000047,422.93145900111995,True,
1,101,1,fresh-client,1,cross_128_edge,zstd_512,ZSTD,512,10,10,230,304767160,305606839,839680,206,bytes 304767160-305606839/490194415,839680,839680,239.308832999086,239.3701249966398,834.6053340028448,1074.0310839973972,True,
1,102,2,fresh-client,1,cross_128_edge,lzw_128,LZW,128,40,40,3560,404091050,404163820,72771,206,bytes 404091050-404163820/661264391,72771,72771,199.0839589998359,199.1412500028673,118.00637499982258,317.1686250025232,True,
1,102,2,fresh-client,1,cross_128_edge,lzw_128,LZW,128,40,41,3561,404163829,404234861,71033,206,bytes 404163829-404234861/661264391,71033,71033,155.02508400095394,155.0615000014659,57.971374997578096,213.04979200067464,True,
1,103,5,fresh-client,1,cross_256_edge,deflate_128,DEFLATE,128,40,41,3561,305102569,305156400,53832,206,bytes 305102569-305156400/499617324,53832,53832,147.87724999769125,147.91087499907007,52.00554099792498,199.92958299917518,True,
1,103,5,fresh-client,1,cross_256_edge,deflate_128,DEFLATE,128,40,42,3562,305156409,305208764,52356,206,bytes 305156409-305208764/499617324,52356,52356,125.75604199810186,125.78704199768254,91.29233299972839,217.12079200005974,True,
1,104,3,fresh-client,1,cross_128_edge,zstd_128,ZSTD,128,40,40,3560,300228058,300282104,54047,206,bytes 300228058-300282104/492119117,54047,54047,247.6258750029956,247.7342080019298,66.43254200025694,314.22383400058607,True,
1,104,3,fresh-client,1,cross_128_edge,zstd_128,ZSTD,128,40,41,3561,300282113,300335031,52919,206,bytes 300282113-300335031/492119117,52919,52919,141.9167500025651,141.9469160027802,56.67683399951784,198.63629099927493,True,
1,105,1,fresh-client,1,cross_256_edge,deflate_256,DEFLATE,256,20,20,900,306262458,306479353,216896,206,bytes 306262458-306479353/498427477,216896,216896,121.22216699935962,121.24895799934166,180.69433299751836,301.9840419983666,True,
1,105,1,fresh-client,1,cross_256_edge,deflate_256,DEFLATE,256,20,21,901,306479362,306690064,210703,206,bytes 306479362-306690064/498427477,210703,210703,324.4578750018263,324.48500000100466,182.8874579987314,507.4308340008429,True,
1,106,3,fresh-client,1,interior,zstd_256,ZSTD,256,20,20,900,301115142,301328168,213027,206,bytes 301115142-301328168/490384277,213027,213027,142.46820799962734,142.49979200030793,125.8291249978356,268.36770799855003,True,
1,107,1,fresh-client,1,cross_256_corner,zstd_128,ZSTD,128,41,41,3649,304621142,304673679,52538,206,bytes 304621142-304673679/492119117,52538,52538,160.1967919996241,160.22841700032586,51.62745800043922,211.8678330007242,True,
1,107,1,fresh-client,1,cross_256_corner,zstd_128,ZSTD,128,41,42,3650,304673688,304726888,53201,206,bytes 304673688-304726888/492119117,53201,53201,137.16249999924912,137.1908330002043,53.801792000740534,191.00691600033315,True,
1,107,1,fresh-client,1,cross_256_corner,zstd_128,ZSTD,128,42,41,3737,308887700,308940134,52435,206,bytes 308887700-308940134/492119117,52435,52435,159.52425000068615,159.55566599950544,96.27970899964566,255.8750409989443,True,
1,107,1,fresh-client,1,cross_256_corner,zstd_128,ZSTD,128,42,42,3738,308940143,308992671,52529,206,bytes 308940143-308992671/492119117,52529,52529,153.58899999773712,153.61904200108256,54.33204200016917,207.96587500080932,True,
1,108,5,fresh-client,1,cross_256_corner,deflate_512,DEFLATE,512,10,10,230,310426888,311281522,854635,206,bytes 310426888-311281522/499024403,854635,854635,115.73812500137137,115.7626660024107,340.19033399818,456.0155830004078,True,
1,109,5,fresh-client,1,interior,lzw_256,LZW,256,20,20,900,406553924,406841161,287238,206,bytes 406553924-406841161/661012853,287238,287238,161.32458399806637,161.3537509983871,215.6162499995844,376.9836259998556,True,
1,110,5,fresh-client,1,cross_512_edge,zstd_512,ZSTD,512,10,10,230,304767160,305606839,839680,206,bytes 304767160-305606839/490194415,839680,839680,199.4875830023375,199.5420000021113,299.0102509975259,498.5955420015671,True,
1,110,5,fresh-client,1,cross_512_edge,zstd_512,ZSTD,512,10,11,231,305606848,306426901,820054,206,bytes 305606848-306426901/490194415,820054,820054,154.35212499869522,154.38287500001024,259.8484579975775,414.27870799816446,True,
1,111,3,fresh-client,1,cross_512_edge,deflate_128,DEFLATE,128,40,43,3563,305208773,305261361,52589,206,bytes 305208773-305261361/499617324,52589,52589,222.8637499974866,222.9403329984052,50.5163759989955,273.4687499978463,True,
1,111,3,fresh-client,1,cross_512_edge,deflate_128,DEFLATE,128,40,44,3564,305261370,305312689,51320,206,bytes 305261370-305312689/499617324,51320,51320,186.39558400172973,186.44491699888022,57.77137500263052,244.25725000037346,True,
1,112,5,fresh-client,1,cross_512_corner,zstd_512,ZSTD,512,10,10,230,304767160,305606839,839680,206,bytes 304767160-305606839/490194415,839680,839680,156.65837499909685,156.69029199852957,274.4230009993771,431.15933399894857,True,
1,112,5,fresh-client,1,cross_512_corner,zstd_512,ZSTD,512,10,11,231,305606848,306426901,820054,206,bytes 305606848-306426901/490194415,820054,820054,565.4092920012772,565.5296670011012,1619.6291260021098,2185.1966260001063,True,
1,112,5,fresh-client,1,cross_512_corner,zstd_512,ZSTD,512,11,10,252,321640707,322458855,818149,206,bytes 321640707-322458855/490194415,818149,818149,234.19887500131154,234.25687499911874,282.4698749973322,516.7673750001995,True,
1,112,5,fresh-client,1,cross_512_corner,zstd_512,ZSTD,512,11,11,253,322458864,323289120,830257,206,bytes 322458864-323289120/490194415,830257,830257,146.42199999798322,146.46470899970154,1091.7963329993654,1238.2963339987327,True,
1,113,4,fresh-client,1,cross_256_edge,deflate_512,DEFLATE,512,10,10,230,310426888,311281522,854635,206,bytes 310426888-311281522/499024403,854635,854635,198.5188750004454,198.56200000140234,666.3782920004451,865.0029170021298,True,
1,114,2,fresh-client,1,cross_256_corner,zstd_256,ZSTD,256,20,20,900,301115142,301328168,213027,206,bytes 301115142-301328168/490384277,213027,213027,154.00962500280002,154.04162500271923,99.95662500296021,254.02725000094506,True,
1,114,2,fresh-client,1,cross_256_corner,zstd_256,ZSTD,256,20,21,901,301328177,301535592,207416,206,bytes 301328177-301535592/490384277,207416,207416,146.74420899973484,146.7808339984913,126.48279199856916,273.3039999984612,True,
1,114,2,fresh-client,1,cross_256_corner,zstd_256,ZSTD,256,21,20,944,309614499,309824334,209836,206,bytes 309614499-309824334/490384277,209836,209836,345.04124999875785,345.0704589995439,133.06558299882454,478.16545899695484,True,
1,114,2,fresh-client,1,cross_256_corner,zstd_256,ZSTD,256,21,21,945,309824343,310033910,209568,206,bytes 309824343-310033910/490384277,209568,209568,172.54912499993225,172.58870899968315,112.61204200127395,285.2469169993128,True,
1,115,3,fresh-client,1,cross_256_edge,zstd_256,ZSTD,256,20,20,900,301115142,301328168,213027,206,bytes 301115142-301328168/490384277,213027,213027,173.16479199871537,173.205125000095,333.9689999993425,507.22304200098733,True,
1,115,3,fresh-client,1,cross_256_edge,zstd_256,ZSTD,256,20,21,901,301328177,301535592,207416,206,bytes 301328177-301535592/490384277,207416,207416,327.85462500032736,327.9699580016313,94.78512500209035,422.7688329992816,True,
1,116,1,fresh-client,1,interior,lzw_128,LZW,128,40,40,3560,404091050,404163820,72771,206,bytes 404091050-404163820/661264391,72771,72771,186.46204199831118,186.50849999903585,52.951667003071634,239.48849999942468,True,
1,117,3,fresh-client,1,interior,deflate_128,DEFLATE,128,40,40,3560,305047460,305102560,55101,206,bytes 305047460-305102560/499617324,55101,55101,151.52970800045296,151.559083002212,47.9279579994909,199.50083300136612,True,
1,118,3,fresh-client,1,cross_128_corner,deflate_256,DEFLATE,256,20,20,900,306262458,306479353,216896,206,bytes 306262458-306479353/498427477,216896,216896,209.9540839990368,210.02791699720547,125.23233400133904,335.3091669996502,True,
1,119,3,fresh-client,1,cross_256_edge,lzw_128,LZW,128,40,41,3561,404163829,404234861,71033,206,bytes 404163829-404234861/661264391,71033,71033,155.62162499918486,155.6565419996332,78.69287499852362,234.36629199932213,True,
1,119,3,fresh-client,1,cross_256_edge,lzw_128,LZW,128,40,42,3562,404234870,404303621,68752,206,bytes 404234870-404303621/661264391,68752,68752,144.52462500048568,144.55495899892412,69.1134160006186,213.69637499810779,True,
1,120,1,fresh-client,1,cross_512_corner,lzw_256,LZW,256,21,21,945,418246405,418529582,283178,206,bytes 418246405-418529582/661012853,283178,283178,188.72270800056867,188.7664579990087,336.1694589984836,524.9776669988933,True,
1,120,1,fresh-client,1,cross_512_corner,lzw_256,LZW,256,21,22,946,418529591,418807664,278074,206,bytes 418529591-418807664/661012853,278074,278074,192.9063749994384,192.9573330016865,322.4251669998921,515.4266249992361,True,
1,120,1,fresh-client,1,cross_512_corner,lzw_256,LZW,256,22,21,989,429313097,429591287,278191,206,bytes 429313097-429591287/661012853,278191,278191,204.53400000042166,204.58066699939081,244.65841599885607,449.3023329996504,True,
1,120,1,fresh-client,1,cross_512_corner,lzw_256,LZW,256,22,22,990,429591296,429871211,279916,206,bytes 429591296-429871211/661012853,279916,279916,160.9264170001552,160.96091700092074,171.0304999978689,332.0373329988797,True,
1,121,2,fresh-client,1,cross_512_edge,deflate_128,DEFLATE,128,40,43,3563,305208773,305261361,52589,206,bytes 305208773-305261361/499617324,52589,52589,129.56645899976138,129.59200000113924,69.14200000028359,198.7457089999225,True,
1,121,2,fresh-client,1,cross_512_edge,deflate_128,DEFLATE,128,40,44,3564,305261370,305312689,51320,206,bytes 305261370-305312689/499617324,51320,51320,134.08991700271145,134.13545799994608,54.767583998909686,188.91508400338353,True,
1,122,4,fresh-client,1,cross_128_edge,lzw_512,LZW,512,10,10,230,411686466,412818824,1132359,206,bytes 411686466-412818824/661107776,1132359,1132359,123.63083299715072,123.65729099838063,546.7448749986943,670.4503749970172,True,
1,123,1,fresh-client,1,cross_256_edge,zstd_256,ZSTD,256,20,20,900,301115142,301328168,213027,206,bytes 301115142-301328168/490384277,213027,213027,143.81562500057044,143.84262500243494,125.18933300088975,269.06408300055773,True,
1,123,1,fresh-client,1,cross_256_edge,zstd_256,ZSTD,256,20,21,901,301328177,301535592,207416,206,bytes 301328177-301535592/490384277,207416,207416,151.11637500012876,151.14600000015344,144.20700000118813,295.4002499973285,True,
1,124,1,fresh-client,1,cross_128_corner,lzw_512,LZW,512,10,10,230,411686466,412818824,1132359,206,bytes 411686466-412818824/661107776,1132359,1132359,187.66587500067544,187.70512500123004,443.74758300182293,631.4815000005183,True,
1,125,5,fresh-client,1,cross_512_corner,zstd_256,ZSTD,256,21,21,945,309824343,310033910,209568,206,bytes 309824343-310033910/490384277,209568,209568,308.61349900078494,308.641333002015,102.68875000110711,411.3469990006706,True,
1,125,5,fresh-client,1,cross_512_corner,zstd_256,ZSTD,256,21,22,946,310033919,310240520,206602,206,bytes 310033919-310240520/490384277,206602,206602,198.1026670000574,198.14995900014765,127.15437500082771,325.40091700138873,True,
1,125,5,fresh-client,1,cross_512_corner,zstd_256,ZSTD,256,22,21,989,318075010,318281956,206947,206,bytes 318075010-318281956/490384277,206947,206947,166.58208399894647,166.6177089973644,148.0149170020013,314.67970899757347,True,
1,125,5,fresh-client,1,cross_512_corner,zstd_256,ZSTD,256,22,22,990,318281965,318490136,208172,206,bytes 318281965-318490136/490384277,208172,208172,161.09987500021816,161.1341669995454,216.9301659996563,378.1090420015971,True,
1,126,5,fresh-client,1,interior,zstd_512,ZSTD,512,10,10,230,304767160,305606839,839680,206,bytes 304767160-305606839/490194415,839680,839680,250.7573750008305,250.8747920001042,356.1509159990237,607.0570000010775,True,
1,127,5,fresh-client,1,cross_128_edge,deflate_128,DEFLATE,128,40,40,3560,305047460,305102560,55101,206,bytes 305047460-305102560/499617324,55101,55101,162.87641699818778,162.91204200024367,64.96454200168955,227.9080009975587,True,
1,127,5,fresh-client,1,cross_128_edge,deflate_128,DEFLATE,128,40,41,3561,305102569,305156400,53832,206,bytes 305102569-305156400/499617324,53832,53832,148.45299999797135,148.4851669993077,58.59937500281376,207.0998339986545,True,
1,128,1,fresh-client,1,cross_256_edge,deflate_128,DEFLATE,128,40,41,3561,305102569,305156400,53832,206,bytes 305102569-305156400/499617324,53832,53832,224.8120000003837,224.8998750001192,53.18758300199988,278.1339159992058,True,
1,128,1,fresh-client,1,cross_256_edge,deflate_128,DEFLATE,128,40,42,3562,305156409,305208764,52356,206,bytes 305156409-305208764/499617324,52356,52356,162.1024580017547,162.13783300190698,111.07474999880651,273.2574580004439,True,
1,129,5,fresh-client,1,cross_512_edge,deflate_256,DEFLATE,256,20,21,901,306479362,306690064,210703,206,bytes 306479362-306690064/498427477,210703,210703,155.86241699929815,155.98791699812864,138.79520900081843,294.8307920014486,True,
1,129,5,fresh-client,1,cross_512_edge,deflate_256,DEFLATE,256,20,22,902,306690073,306897377,207305,206,bytes 306690073-306897377/498427477,207305,207305,139.21341600143933,139.24262499858742,128.77895800193073,268.0676659983874,True,
1,130,2,fresh-client,1,interior,zstd_512,ZSTD,512,10,10,230,304767160,305606839,839680,206,bytes 304767160-305606839/490194415,839680,839680,149.62383400052204,149.66362600171124,537.7571249991888,687.4767090012028,True,
1,131,3,fresh-client,1,cross_256_corner,zstd_256,ZSTD,256,20,20,900,301115142,301328168,213027,206,bytes 301115142-301328168/490384277,213027,213027,169.5661250014382,169.6031249994121,104.00108300018474,273.6393749983108,True,
1,131,3,fresh-client,1,cross_256_corner,zstd_256,ZSTD,256,20,21,901,301328177,301535592,207416,206,bytes 301328177-301535592/490384277,207416,207416,245.17570899843122,245.29158400036977,102.05862499788054,347.39995899872156,True,
1,131,3,fresh-client,1,cross_256_corner,zstd_256,ZSTD,256,21,20,944,309614499,309824334,209836,206,bytes 309614499-309824334/490384277,209836,209836,160.04529199926765,160.07674999855226,124.67670900150551,284.78474999792525,True,
1,131,3,fresh-client,1,cross_256_corner,zstd_256,ZSTD,256,21,21,945,309824343,310033910,209568,206,bytes 309824343-310033910/490384277,209568,209568,144.00658299928182,144.03595800104085,111.97029200047837,256.035124999471,True,
1,132,2,fresh-client,1,cross_128_edge,deflate_128,DEFLATE,128,40,40,3560,305047460,305102560,55101,206,bytes 305047460-305102560/499617324,55101,55101,153.73016699959408,153.75433300141594,48.75870799878612,202.52087500193738,True,
1,132,2,fresh-client,1,cross_128_edge,deflate_128,DEFLATE,128,40,41,3561,305102569,305156400,53832,206,bytes 305102569-305156400/499617324,53832,53832,202.69937600096455,202.766917002009,49.448458001279505,252.25104200217174,True,
1,133,2,fresh-client,1,cross_512_corner,deflate_128,DEFLATE,128,43,43,3827,318224016,318278030,54015,206,bytes 318224016-318278030/499617324,54015,54015,136.9554579978285,136.99795799766434,78.96512499792152,215.98924999852898,True,
1,133,2,fresh-client,1,cross_512_corner,deflate_128,DEFLATE,128,43,44,3828,318278039,318331048,53010,206,bytes 318278039-318331048/499617324,53010,53010,325.3801669998211,325.4592090015649,73.91425000241725,399.386126002355,True,
1,133,2,fresh-client,1,cross_512_corner,deflate_128,DEFLATE,128,44,43,3915,322379939,322432680,52742,206,bytes 322379939-322432680/499617324,52742,52742,151.79774999705842,151.8274999980349,166.51962499963702,318.38883299860754,True,
1,133,2,fresh-client,1,cross_512_corner,deflate_128,DEFLATE,128,44,44,3916,322432689,322485817,53129,206,bytes 322432689-322485817/499617324,53129,53129,140.09258399892133,140.1233750002575,49.58175000137999,189.71933399734553,True,
1,134,5,fresh-client,1,cross_512_corner,zstd_128,ZSTD,128,43,43,3827,313219659,313272608,52950,206,bytes 313219659-313272608/492119117,52950,52950,119.85304200061364,119.87550100093358,64.752917001897,184.64766699980828,True,
1,134,5,fresh-client,1,cross_512_corner,zstd_128,ZSTD,128,43,44,3828,313272617,313324753,52137,206,bytes 313272617-313324753/492119117,52137,52137,148.32237500013434,148.3544160000747,44.25370800163364,192.62087500101188,True,
1,134,5,fresh-client,1,cross_512_corner,zstd_128,ZSTD,128,44,43,3915,317314658,317366615,51958,206,bytes 317314658-317366615/492119117,51958,51958,134.60795900027733,134.64062500133878,96.01229100007913,230.68329200032167,True,
1,134,5,fresh-client,1,cross_512_corner,zstd_128,ZSTD,128,44,44,3916,317366624,317418939,52316,206,bytes 317366624-317418939/492119117,52316,52316,124.10812499729218,124.14399999761372,142.82716699744924,267.0203749985376,True,
1,135,5,fresh-client,1,cross_256_edge,deflate_256,DEFLATE,256,20,20,900,306262458,306479353,216896,206,bytes 306262458-306479353/498427477,216896,216896,169.02508300336194,169.06154200114543,140.76266700067208,309.8620420023508,True,
1,135,5,fresh-client,1,cross_256_edge,deflate_256,DEFLATE,256,20,21,901,306479362,306690064,210703,206,bytes 306479362-306690064/498427477,210703,210703,130.08912499935832,130.1182079987484,152.8694579974399,283.0230830004439,True,
1,136,1,fresh-client,1,cross_256_edge,deflate_512,DEFLATE,512,10,10,230,310426888,311281522,854635,206,bytes 310426888-311281522/499024403,854635,854635,139.80008299768087,139.82958299675374,1674.3119180027861,1814.1940419991442,True,
1,137,2,fresh-client,1,cross_128_corner,deflate_256,DEFLATE,256,20,20,900,306262458,306479353,216896,206,bytes 306262458-306479353/498427477,216896,216896,133.08704100199975,133.11362500098767,140.19524999821442,273.35062500060303,True,
1,138,3,fresh-client,1,cross_256_edge,deflate_128,DEFLATE,128,40,41,3561,305102569,305156400,53832,206,bytes 305102569-305156400/499617324,53832,53832,153.54887600187794,153.58175100118387,82.44104199911817,236.04579200036824,True,
1,138,3,fresh-client,1,cross_256_edge,deflate_128,DEFLATE,128,40,42,3562,305156409,305208764,52356,206,bytes 305156409-305208764/499617324,52356,52356,257.4103750012,257.5358750000305,56.263999998918734,313.8545410001825,True,
1,139,1,fresh-client,1,cross_256_corner,deflate_512,DEFLATE,512,10,10,230,310426888,311281522,854635,206,bytes 310426888-311281522/499024403,854635,854635,249.45004199980758,249.55504200261203,345.0084579999384,594.6192920018802,True,
1,140,3,fresh-client,1,cross_128_edge,lzw_512,LZW,512,10,10,230,411686466,412818824,1132359,206,bytes 411686466-412818824/661107776,1132359,1132359,140.74404100028914,140.7717500005674,626.9419169984758,767.7593330008676,True,
1,141,5,fresh-client,1,cross_128_corner,deflate_128,DEFLATE,128,40,40,3560,305047460,305102560,55101,206,bytes 305047460-305102560/499617324,55101,55101,156.43474999887985,156.47120900030131,55.16379099935875,211.6494590009097,True,
1,141,5,fresh-client,1,cross_128_corner,deflate_128,DEFLATE,128,40,41,3561,305102569,305156400,53832,206,bytes 305102569-305156400/499617324,53832,53832,147.57029200336547,147.60075000231154,59.03958300041268,206.6546250025567,True,
1,141,5,fresh-client,1,cross_128_corner,deflate_128,DEFLATE,128,41,40,3648,309446600,309501607,55008,206,bytes 309446600-309501607/499617324,55008,55008,244.62579200189793,244.73266700078966,98.27312499692198,343.05937500175787,True,
1,141,5,fresh-client,1,cross_128_corner,deflate_128,DEFLATE,128,41,41,3649,309501616,309555017,53402,206,bytes 309501616-309555017/499617324,53402,53402,139.35004199811374,139.38033399972483,104.19658299724688,243.6123339975893,True,
1,142,3,fresh-client,1,cross_256_corner,lzw_128,LZW,128,41,41,3649,409965315,410035919,70605,206,bytes 409965315-410035919/661264391,70605,70605,325.92579099946306,325.95479099836666,60.43845800013514,386.4030409968109,True,
1,142,3,fresh-client,1,cross_256_corner,lzw_128,LZW,128,41,42,3650,410035928,410107613,71686,206,bytes 410035928-410107613/661264391,71686,71686,117.76608400032273,117.79079199914122,160.32695900139515,278.1577509995259,True,
1,142,3,fresh-client,1,cross_256_corner,lzw_128,LZW,128,42,41,3737,415676272,415746842,70571,206,bytes 415676272-415746842/661264391,70571,70571,150.93441600038204,150.9650000007241,100.58808299800148,251.58408299830626,True,
1,142,3,fresh-client,1,cross_256_corner,lzw_128,LZW,128,42,42,3738,415746851,415817546,70696,206,bytes 415746851-415817546/661264391,70696,70696,215.93558300082805,215.99104100096156,76.82329100134666,292.8615000018908,True,
1,143,3,fresh-client,1,cross_512_corner,deflate_256,DEFLATE,256,21,21,945,315110154,315323387,213234,206,bytes 315110154-315323387/498427477,213234,213234,177.75270900165197,177.78937500042957,123.69095900066895,301.52791699947556,True,
1,143,3,fresh-client,1,cross_512_corner,deflate_256,DEFLATE,256,21,22,946,315323396,315533302,209907,206,bytes 315323396-315533302/498427477,209907,209907,213.84983300231397,213.91104100257508,96.9124590010324,310.86983299974236,True,
1,143,3,fresh-client,1,cross_512_corner,deflate_256,DEFLATE,256,22,21,989,323490842,323701123,210282,206,bytes 323490842-323701123/498427477,210282,210282,153.74133399745915,153.77345899833017,86.33383299820707,240.13995899804286,True,
1,143,3,fresh-client,1,cross_512_corner,deflate_256,DEFLATE,256,22,22,990,323701132,323912576,211445,206,bytes 323701132-323912576/498427477,211445,211445,162.20112500013784,162.24445800253307,132.19950000348035,294.49162500168313,True,
1,144,5,fresh-client,1,cross_512_corner,deflate_256,DEFLATE,256,21,21,945,315110154,315323387,213234,206,bytes 315110154-315323387/498427477,213234,213234,142.10716700108605,142.1370839998417,145.78500000061467,287.97237500111805,True,
1,144,5,fresh-client,1,cross_512_corner,deflate_256,DEFLATE,256,21,22,946,315323396,315533302,209907,206,bytes 315323396-315533302/498427477,209907,209907,148.89412500269827,148.92012500058627,133.6820409997017,282.6477920025354,True,
1,144,5,fresh-client,1,cross_512_corner,deflate_256,DEFLATE,256,22,21,989,323490842,323701123,210282,206,bytes 323490842-323701123/498427477,210282,210282,185.5784159997711,185.62262499835924,118.68020900146803,304.34712499845773,True,
1,144,5,fresh-client,1,cross_512_corner,deflate_256,DEFLATE,256,22,22,990,323701132,323912576,211445,206,bytes 323701132-323912576/498427477,211445,211445,144.12566700048046,144.15408300192212,156.33166699990397,300.52645899922936,True,
1,145,5,fresh-client,1,cross_512_edge,lzw_128,LZW,128,40,43,3563,404303630,404372483,68854,206,bytes 404303630-404372483/661264391,68854,68854,251.61045900313184,251.71433400100796,57.681541999045294,309.44608400022844,True,
1,145,5,fresh-client,1,cross_512_edge,lzw_128,LZW,128,40,44,3564,404372492,404440436,67945,206,bytes 404372492-404440436/661264391,67945,67945,126.37949999771081,126.42249999771593,93.58666600019205,220.0358749978477,True,
1,146,1,fresh-client,1,cross_128_edge,lzw_128,LZW,128,40,40,3560,404091050,404163820,72771,206,bytes 404091050-404163820/661264391,72771,72771,169.4267079983547,169.46133300007205,65.12320800175075,234.61220799799776,True,
1,146,1,fresh-client,1,cross_128_edge,lzw_128,LZW,128,40,41,3561,404163829,404234861,71033,206,bytes 404163829-404234861/661264391,71033,71033,127.31712499953574,127.3451249981008,64.97037499866565,192.32795799689484,True,
1,147,3,fresh-client,1,cross_512_corner,zstd_512,ZSTD,512,10,10,230,304767160,305606839,839680,206,bytes 304767160-305606839/490194415,839680,839680,154.16908300176146,154.21566599979997,633.4562080010073,787.7341670027818,True,
1,147,3,fresh-client,1,cross_512_corner,zstd_512,ZSTD,512,10,11,231,305606848,306426901,820054,206,bytes 305606848-306426901/490194415,820054,820054,140.37850000022445,140.4054169979645,265.70579200051725,406.16558399779024,True,
1,147,3,fresh-client,1,cross_512_corner,zstd_512,ZSTD,512,11,10,252,321640707,322458855,818149,206,bytes 321640707-322458855/490194415,818149,818149,225.35166600209777,225.4409580018546,306.74145900047733,532.2352920011326,True,
1,147,3,fresh-client,1,cross_512_corner,zstd_512,ZSTD,512,11,11,253,322458864,323289120,830257,206,bytes 322458864-323289120/490194415,830257,830257,462.62491699962993,462.69262499845354,329.6908749980503,792.4217499967199,True,
1,148,4,fresh-client,1,cross_256_edge,lzw_256,LZW,256,20,20,900,406553924,406841161,287238,206,bytes 406553924-406841161/661012853,287238,287238,142.06587499938905,142.09649999975227,183.59787499866798,325.74008300071,True,
1,148,4,fresh-client,1,cross_256_edge,lzw_256,LZW,256,20,21,901,406841170,407119092,277923,206,bytes 406841170-407119092/661012853,277923,277923,215.83824999834178,215.89029199822107,266.0282090000692,481.94987600072636,True,
1,149,2,fresh-client,1,cross_128_edge,deflate_256,DEFLATE,256,20,20,900,306262458,306479353,216896,206,bytes 306262458-306479353/498427477,216896,216896,306.5664169989759,306.684375002078,339.7005420010828,646.4369999994233,True,
1,150,1,fresh-client,1,cross_128_corner,deflate_512,DEFLATE,512,10,10,230,310426888,311281522,854635,206,bytes 310426888-311281522/499024403,854635,854635,176.38716700093937,176.41983300200081,279.3951250023383,455.84824999968987,True,
1,151,3,fresh-client,1,cross_256_corner,deflate_512,DEFLATE,512,10,10,230,310426888,311281522,854635,206,bytes 310426888-311281522/499024403,854635,854635,148.05075099866372,148.0829169995559,338.9473330025794,487.0792090005125,True,
1,152,3,fresh-client,1,interior,lzw_128,LZW,128,40,40,3560,404091050,404163820,72771,206,bytes 404091050-404163820/661264391,72771,72771,196.59958400006872,196.64916699912283,116.0563759985962,312.75133400049526,True,
1,153,1,fresh-client,1,cross_256_edge,lzw_512,LZW,512,10,10,230,411686466,412818824,1132359,206,bytes 411686466-412818824/661107776,1132359,1132359,144.75729199693887,144.78341699941666,356.4890839988948,501.3182499969844,True,
1,154,1,fresh-client,1,cross_512_corner,zstd_128,ZSTD,128,43,43,3827,313219659,313272608,52950,206,bytes 313219659-313272608/492119117,52950,52950,141.060459001892,141.09045900113415,59.806792000017595,200.91237499946146,True,
1,154,1,fresh-client,1,cross_512_corner,zstd_128,ZSTD,128,43,44,3828,313272617,313324753,52137,206,bytes 313272617-313324753/492119117,52137,52137,141.2932089988317,141.3238339991949,49.40695799814421,190.74070900023798,True,
1,154,1,fresh-client,1,cross_512_corner,zstd_128,ZSTD,128,44,43,3915,317314658,317366615,51958,206,bytes 317314658-317366615/492119117,51958,51958,143.48083299773862,143.51362500019604,76.71954200122855,220.26104099859367,True,
1,154,1,fresh-client,1,cross_512_corner,zstd_128,ZSTD,128,44,44,3916,317366624,317418939,52316,206,bytes 317366624-317418939/492119117,52316,52316,161.80529099801788,161.8421249986568,137.68016700123553,299.57562499839696,True,
1,155,1,fresh-client,1,interior,deflate_128,DEFLATE,128,40,40,3560,305047460,305102560,55101,206,bytes 305047460-305102560/499617324,55101,55101,154.10508300192305,154.13508300116519,163.33449999729055,317.51749999966705,True,
1,156,5,fresh-client,1,cross_128_corner,lzw_512,LZW,512,10,10,230,411686466,412818824,1132359,206,bytes 411686466-412818824/661107776,1132359,1132359,177.03274999803398,177.07266599973082,395.3849169993191,572.4938329985889,True,
1,157,3,fresh-client,1,interior,deflate_256,DEFLATE,256,20,20,900,306262458,306479353,216896,206,bytes 306262458-306479353/498427477,216896,216896,184.5324170026288,184.5675830008986,127.96537499889382,312.57970800288604,True,
1,158,1,fresh-client,1,cross_512_edge,lzw_512,LZW,512,10,10,230,411686466,412818824,1132359,206,bytes 411686466-412818824/661107776,1132359,1132359,138.09466699967743,138.1228749996808,1074.5643750015006,1212.7392509974015,True,
1,158,1,fresh-client,1,cross_512_edge,lzw_512,LZW,512,10,11,231,412818833,413920320,1101488,206,bytes 412818833-413920320/661107776,1101488,1101488,164.23104099885677,164.26591599883977,712.4527089981711,876.7628749992582,True,
1,159,4,fresh-client,1,cross_128_edge,lzw_128,LZW,128,40,40,3560,404091050,404163820,72771,206,bytes 404091050-404163820/661264391,72771,72771,268.3636250003474,268.46904199919663,94.80658299798961,363.31429200072307,True,
1,159,4,fresh-client,1,cross_128_edge,lzw_128,LZW,128,40,41,3561,404163829,404234861,71033,206,bytes 404163829-404234861/661264391,71033,71033,220.4597499985539,220.5417090008268,158.78724999856786,379.39449999976205,True,
1,160,3,fresh-client,1,cross_512_corner,zstd_256,ZSTD,256,21,21,945,309824343,310033910,209568,206,bytes 309824343-310033910/490384277,209568,209568,351.3362090016017,351.372666998941,167.05104200082133,518.4726670013333,True,
1,160,3,fresh-client,1,cross_512_corner,zstd_256,ZSTD,256,21,22,946,310033919,310240520,206602,206,bytes 310033919-310240520/490384277,206602,206602,172.18850000062957,172.22708299959777,162.77262600124232,335.0330840003153,True,
1,160,3,fresh-client,1,cross_512_corner,zstd_256,ZSTD,256,22,21,989,318075010,318281956,206947,206,bytes 318075010-318281956/490384277,206947,206947,144.16966699718614,144.1963749966817,209.32449999963865,353.5560419986723,True,
1,160,3,fresh-client,1,cross_512_corner,zstd_256,ZSTD,256,22,22,990,318281965,318490136,208172,206,bytes 318281965-318490136/490384277,208172,208172,159.261749999132,159.29666699958034,236.4056240003265,395.73004100020626,True,
1,161,1,fresh-client,1,cross_512_corner,zstd_512,ZSTD,512,10,10,230,304767160,305606839,839680,206,bytes 304767160-305606839/490194415,839680,839680,346.0553329969116,346.16941700005555,410.61679199992795,756.831416998466,True,
1,161,1,fresh-client,1,cross_512_corner,zstd_512,ZSTD,512,10,11,231,305606848,306426901,820054,206,bytes 305606848-306426901/490194415,820054,820054,139.45637500000885,139.48441699903924,341.80845899754786,481.3308339980722,True,
1,161,1,fresh-client,1,cross_512_corner,zstd_512,ZSTD,512,11,10,252,321640707,322458855,818149,206,bytes 321640707-322458855/490194415,818149,818149,163.01670800021384,163.05187499892781,334.2309159997967,497.3297079995973,True,
1,161,1,fresh-client,1,cross_512_corner,zstd_512,ZSTD,512,11,11,253,322458864,323289120,830257,206,bytes 322458864-323289120/490194415,830257,830257,198.50924999991548,198.5521249989688,455.92137499988894,654.4865830001072,True,
1,162,2,fresh-client,1,cross_128_corner,lzw_128,LZW,128,40,40,3560,404091050,404163820,72771,206,bytes 404091050-404163820/661264391,72771,72771,151.3474999992468,151.38200000001234,157.89087600205676,309.3952919989533,True,
1,162,2,fresh-client,1,cross_128_corner,lzw_128,LZW,128,40,41,3561,404163829,404234861,71033,206,bytes 404163829-404234861/661264391,71033,71033,158.68145899730735,158.71370899913018,63.3890839999367,222.1170839984552,True,
1,162,2,fresh-client,1,cross_128_corner,lzw_128,LZW,128,41,40,3648,409892800,409965306,72507,206,bytes 409892800-409965306/661264391,72507,72507,143.21054199899663,143.2434589987679,60.91879200175754,204.17558400004054,True,
1,162,2,fresh-client,1,cross_128_corner,lzw_128,LZW,128,41,41,3649,409965315,410035919,70605,206,bytes 409965315-410035919/661264391,70605,70605,166.48916600024677,166.52487499959534,64.09775100109982,230.6530419991759,True,
1,163,5,fresh-client,1,interior,deflate_512,DEFLATE,512,10,10,230,310426888,311281522,854635,206,bytes 310426888-311281522/499024403,854635,854635,146.368124998844,146.3961669978744,690.754499999457,837.2005839992198,True,
1,164,1,fresh-client,1,cross_128_edge,lzw_512,LZW,512,10,10,230,411686466,412818824,1132359,206,bytes 411686466-412818824/661107776,1132359,1132359,168.49370799900498,168.5327499981213,342.3420829967654,510.9289579995675,True,
1,165,2,fresh-client,1,cross_128_edge,deflate_512,DEFLATE,512,10,10,230,310426888,311281522,854635,206,bytes 310426888-311281522/499024403,854635,854635,170.04987499967683,170.08079199877102,284.18629199950374,454.301249999844,True,
1,166,1,fresh-client,1,cross_512_edge,deflate_128,DEFLATE,128,40,43,3563,305208773,305261361,52589,206,bytes 305208773-305261361/499617324,52589,52589,141.24079100292875,141.26525000028778,160.94537500248407,302.2451249998994,True,
1,166,1,fresh-client,1,cross_512_edge,deflate_128,DEFLATE,128,40,44,3564,305261370,305312689,51320,206,bytes 305261370-305312689/499617324,51320,51320,118.09358299797168,118.12937499780674,78.38666699899477,196.54466700012563,True,
1,167,2,fresh-client,1,cross_128_edge,zstd_128,ZSTD,128,40,40,3560,300228058,300282104,54047,206,bytes 300228058-300282104/492119117,54047,54047,295.17124999983935,295.2644169999985,98.98004199931165,394.295834001241,True,
1,167,2,fresh-client,1,cross_128_edge,zstd_128,ZSTD,128,40,41,3561,300282113,300335031,52919,206,bytes 300282113-300335031/492119117,52919,52919,163.2125840005756,163.24600100051612,71.53774999824236,234.82058399895323,True,
1,168,3,fresh-client,1,cross_128_edge,zstd_512,ZSTD,512,10,10,230,304767160,305606839,839680,206,bytes 304767160-305606839/490194415,839680,839680,313.0657080000674,313.0938750000496,437.263209001685,750.4190420004306,True,
1,169,5,fresh-client,1,cross_256_edge,lzw_256,LZW,256,20,20,900,406553924,406841161,287238,206,bytes 406553924-406841161/661012853,287238,287238,134.7001670001191,134.7308750009688,212.1807080002327,346.9574999980978,True,
1,169,5,fresh-client,1,cross_256_edge,lzw_256,LZW,256,20,21,901,406841170,407119092,277923,206,bytes 406841170-407119092/661012853,277923,277923,148.39100099925417,148.41966699896147,157.01112500028103,305.4770839989942,True,
1,170,4,fresh-client,1,cross_128_edge,deflate_256,DEFLATE,256,20,20,900,306262458,306479353,216896,206,bytes 306262458-306479353/498427477,216896,216896,141.24762500068755,141.27691699832212,330.79875000112224,472.12108399980934,True,
1,171,5,fresh-client,1,cross_128_edge,zstd_256,ZSTD,256,20,20,900,301115142,301328168,213027,206,bytes 301115142-301328168/490384277,213027,213027,164.00808400067035,164.04062600122415,174.50370799997472,338.5949170005915,True,
1,172,3,fresh-client,1,cross_128_corner,zstd_512,ZSTD,512,10,10,230,304767160,305606839,839680,206,bytes 304767160-305606839/490194415,839680,839680,161.10979099903489,161.14366600231733,458.07916700141504,619.2710830000578,True,
1,173,2,fresh-client,1,cross_512_edge,zstd_128,ZSTD,128,40,43,3563,300386704,300438476,51773,206,bytes 300386704-300438476/492119117,51773,51773,325.3724999995029,325.4722079982457,61.3691660000768,386.89624999824446,True,
1,173,2,fresh-client,1,cross_512_edge,zstd_128,ZSTD,128,40,44,3564,300438485,300489278,50794,206,bytes 300438485-300489278/492119117,50794,50794,143.77900000181398,143.80712500133086,82.36274999944726,226.18429200156243,True,
1,174,2,fresh-client,1,cross_128_corner,lzw_256,LZW,256,20,20,900,406553924,406841161,287238,206,bytes 406553924-406841161/661012853,287238,287238,135.53895800214377,135.56804100153386,252.5365410001541,388.153666001017,True,
1,175,5,fresh-client,1,interior,lzw_512,LZW,512,10,10,230,411686466,412818824,1132359,206,bytes 411686466-412818824/661107776,1132359,1132359,156.1222499985888,156.15366699785227,410.55512499951874,566.7708749970188,True,
1,176,4,fresh-client,1,cross_512_corner,zstd_128,ZSTD,128,43,43,3827,313219659,313272608,52950,206,bytes 313219659-313272608/492119117,52950,52950,155.88587499951245,155.9196249982051,60.61183299971162,216.55058299802477,True,
1,176,4,fresh-client,1,cross_512_corner,zstd_128,ZSTD,128,43,44,3828,313272617,313324753,52137,206,bytes 313272617-313324753/492119117,52137,52137,220.81862600316526,220.87895900040166,62.13454199678381,283.0603340007656,True,
1,176,4,fresh-client,1,cross_512_corner,zstd_128,ZSTD,128,44,43,3915,317314658,317366615,51958,206,bytes 317314658-317366615/492119117,51958,51958,144.23666700167814,144.2639999986568,69.44087499869056,213.71991699925275,True,
1,176,4,fresh-client,1,cross_512_corner,zstd_128,ZSTD,128,44,44,3916,317366624,317418939,52316,206,bytes 317366624-317418939/492119117,52316,52316,132.51362500159303,132.54483299897402,70.18270900152856,202.73983299921383,True,
1,177,1,fresh-client,1,cross_512_edge,zstd_512,ZSTD,512,10,10,230,304767160,305606839,839680,206,bytes 304767160-305606839/490194415,839680,839680,159.01366699836217,159.04383399902144,662.512875001994,821.5937089989893,True,
1,177,1,fresh-client,1,cross_512_edge,zstd_512,ZSTD,512,10,11,231,305606848,306426901,820054,206,bytes 305606848-306426901/490194415,820054,820054,134.7613750003802,134.7950840026897,344.8072079991107,479.65333400134114,True,
1,178,5,fresh-client,1,cross_512_edge,zstd_256,ZSTD,256,20,21,901,301328177,301535592,207416,206,bytes 301328177-301535592/490384277,207416,207416,247.66195799747948,247.77095799800009,154.05162499882863,401.86700000049314,True,
1,178,5,fresh-client,1,cross_512_edge,zstd_256,ZSTD,256,20,22,902,301535601,301739853,204253,206,bytes 301535601-301739853/490384277,204253,204253,180.82770900218748,180.86833400229807,99.49591699842131,280.41262500119046,True,
1,179,4,fresh-client,1,cross_512_corner,zstd_256,ZSTD,256,21,21,945,309824343,310033910,209568,206,bytes 309824343-310033910/490384277,209568,209568,161.23099999822443,161.26358399924356,107.96000000118511,269.2722089996096,True,
1,179,4,fresh-client,1,cross_512_corner,zstd_256,ZSTD,256,21,22,946,310033919,310240520,206602,206,bytes 310033919-310240520/490384277,206602,206602,391.1537080020935,391.20004100186634,122.49870799860219,513.7466660016798,True,
1,179,4,fresh-client,1,cross_512_corner,zstd_256,ZSTD,256,22,21,989,318075010,318281956,206947,206,bytes 318075010-318281956/490384277,206947,206947,133.3637509997061,133.3916670009785,125.30487499680021,258.73087600120925,True,
1,179,4,fresh-client,1,cross_512_corner,zstd_256,ZSTD,256,22,22,990,318281965,318490136,208172,206,bytes 318281965-318490136/490384277,208172,208172,225.27324999828124,225.33745900000213,678.0678340001032,903.4530419994553,True,
1,180,5,fresh-client,1,interior,lzw_128,LZW,128,40,40,3560,404091050,404163820,72771,206,bytes 404091050-404163820/661264391,72771,72771,142.20954199845437,142.24149999790825,56.40591599876643,198.6609999985376,True,
1,181,4,fresh-client,1,cross_256_corner,zstd_256,ZSTD,256,20,20,900,301115142,301328168,213027,206,bytes 301115142-301328168/490384277,213027,213027,249.0025000006426,249.1349590018217,199.06129199807765,448.25583399870084,True,
1,181,4,fresh-client,1,cross_256_corner,zstd_256,ZSTD,256,20,21,901,301328177,301535592,207416,206,bytes 301328177-301535592/490384277,207416,207416,173.67841599843814,173.71429099875968,130.8962499970221,304.654165996908,True,
1,181,4,fresh-client,1,cross_256_corner,zstd_256,ZSTD,256,21,20,944,309614499,309824334,209836,206,bytes 309614499-309824334/490384277,209836,209836,166.02029199930257,166.05770800015307,139.98650000212365,306.09083300078055,True,
1,181,4,fresh-client,1,cross_256_corner,zstd_256,ZSTD,256,21,21,945,309824343,310033910,209568,206,bytes 309824343-310033910/490384277,209568,209568,284.82699999949546,284.9369169998681,268.35516699793516,553.3437919984863,True,
1,182,1,fresh-client,1,interior,zstd_512,ZSTD,512,10,10,230,304767160,305606839,839680,206,bytes 304767160-305606839/490194415,839680,839680,226.6621250018943,226.77195800133632,331.44970899957116,558.2741660000465,True,
1,183,3,fresh-client,1,cross_256_edge,lzw_256,LZW,256,20,20,900,406553924,406841161,287238,206,bytes 406553924-406841161/661012853,287238,287238,219.30245799740078,219.3574169978092,138.6665419995552,358.06891699758125,True,
1,183,3,fresh-client,1,cross_256_edge,lzw_256,LZW,256,20,21,901,406841170,407119092,277923,206,bytes 406841170-407119092/661012853,277923,277923,229.28916700038826,229.3876250005269,119.76620799759985,349.2010419977305,True,
1,184,2,fresh-client,1,cross_512_edge,lzw_512,LZW,512,10,10,230,411686466,412818824,1132359,206,bytes 411686466-412818824/661107776,1132359,1132359,149.4286259985529,149.58179199675214,566.9138750017737,716.5526259996113,True,
1,184,2,fresh-client,1,cross_512_edge,lzw_512,LZW,512,10,11,231,412818833,413920320,1101488,206,bytes 412818833-413920320/661107776,1101488,1101488,160.13712499989197,160.1691670002765,436.3620420008374,596.5717079998285,True,
1,185,3,fresh-client,1,interior,zstd_512,ZSTD,512,10,10,230,304767160,305606839,839680,206,bytes 304767160-305606839/490194415,839680,839680,212.57566699932795,212.62845899764216,453.47537500128965,666.1335009994218,True,
1,186,5,fresh-client,1,cross_128_edge,zstd_128,ZSTD,128,40,40,3560,300228058,300282104,54047,206,bytes 300228058-300282104/492119117,54047,54047,170.280083999387,170.31620899797417,67.87670899939258,238.2240839979204,True,
1,186,5,fresh-client,1,cross_128_edge,zstd_128,ZSTD,128,40,41,3561,300282113,300335031,52919,206,bytes 300282113-300335031/492119117,52919,52919,133.16916599796969,133.2187910011271,59.59208300191676,192.82566599940765,True,
1,187,5,fresh-client,1,cross_256_corner,lzw_512,LZW,512,10,10,230,411686466,412818824,1132359,206,bytes 411686466-412818824/661107776,1132359,1132359,165.00066600201535,165.0348330003908,966.2094999985129,1131.2921250028012,True,
1,188,5,fresh-client,1,cross_512_corner,deflate_128,DEFLATE,128,43,43,3827,318224016,318278030,54015,206,bytes 318224016-318278030/499617324,54015,54015,198.73350000125356,198.78104100280325,63.380125000549015,262.20062500215136,True,
1,188,5,fresh-client,1,cross_512_corner,deflate_128,DEFLATE,128,43,44,3828,318278039,318331048,53010,206,bytes 318278039-318331048/499617324,53010,53010,276.4142919986625,276.53045899933204,54.43424999975832,331.012541999371,True,
1,188,5,fresh-client,1,cross_512_corner,deflate_128,DEFLATE,128,44,43,3915,322379939,322432680,52742,206,bytes 322379939-322432680/499617324,52742,52742,317.6634589981404,317.69408399850363,54.94016699958593,372.6455010000791,True,
1,188,5,fresh-client,1,cross_512_corner,deflate_128,DEFLATE,128,44,44,3916,322432689,322485817,53129,206,bytes 322432689-322485817/499617324,53129,53129,149.33975000167266,149.38425000218558,58.8284580007894,208.22908300033305,True,
1,189,1,fresh-client,1,cross_512_corner,lzw_512,LZW,512,10,10,230,411686466,412818824,1132359,206,bytes 411686466-412818824/661107776,1132359,1132359,153.37949999957345,153.41129200169235,423.23387500073295,576.688708999427,True,
1,189,1,fresh-client,1,cross_512_corner,lzw_512,LZW,512,10,11,231,412818833,413920320,1101488,206,bytes 412818833-413920320/661107776,1101488,1101488,148.02283400058514,148.0520000004617,415.75508399910177,563.8527510018321,True,
1,189,1,fresh-client,1,cross_512_corner,lzw_512,LZW,512,11,10,252,434325460,435426146,1100687,206,bytes 434325460-435426146/661107776,1100687,1100687,257.08441700044204,257.2007089984254,436.55308300003526,693.8042920010048,True,
1,189,1,fresh-client,1,cross_512_corner,lzw_512,LZW,512,11,11,253,435426155,436544622,1118468,206,bytes 435426155-436544622/661107776,1118468,1118468,152.15445899957558,152.18704200015054,476.605167001253,628.8272919991869,True,
1,190,2,fresh-client,1,interior,lzw_256,LZW,256,20,20,900,406553924,406841161,287238,206,bytes 406553924-406841161/661012853,287238,287238,181.27866700160666,181.31600000197068,158.54541699809488,339.90429200275685,True,
1,191,3,fresh-client,1,interior,lzw_256,LZW,256,20,20,900,406553924,406841161,287238,206,bytes 406553924-406841161/661012853,287238,287238,155.88245899925823,155.91399999902933,152.64541699798428,308.6070839999593,True,
1,192,1,fresh-client,1,cross_128_edge,deflate_256,DEFLATE,256,20,20,900,306262458,306479353,216896,206,bytes 306262458-306479353/498427477,216896,216896,178.98583399801282,179.028250000556,234.23524999816436,413.3358750004845,True,
1,193,1,fresh-client,1,cross_512_edge,lzw_128,LZW,128,40,43,3563,404303630,404372483,68854,206,bytes 404303630-404372483/661264391,68854,68854,162.95937500035507,163.00191700065625,56.09133299731184,219.10633299921756,True,
1,193,1,fresh-client,1,cross_512_edge,lzw_128,LZW,128,40,44,3564,404372492,404440436,67945,206,bytes 404372492-404440436/661264391,67945,67945,154.88512499723583,154.91795799971442,65.02304099922185,219.97458300029393,True,
1,194,3,fresh-client,1,cross_128_corner,zstd_128,ZSTD,128,40,40,3560,300228058,300282104,54047,206,bytes 300228058-300282104/492119117,54047,54047,182.40854099713033,182.46512499899836,52.838791998510715,235.33833299734397,True,
1,194,3,fresh-client,1,cross_128_corner,zstd_128,ZSTD,128,40,41,3561,300282113,300335031,52919,206,bytes 300282113-300335031/492119117,52919,52919,154.4937079997908,154.52495800127508,150.952750002034,305.52437499864027,True,
1,194,3,fresh-client,1,cross_128_corner,zstd_128,ZSTD,128,41,40,3648,304567089,304621133,54045,206,bytes 304567089-304621133/492119117,54045,54045,142.83741699910024,142.8657500000554,154.71429199897102,297.62304199903156,True,
1,194,3,fresh-client,1,cross_128_corner,zstd_128,ZSTD,128,41,41,3649,304621142,304673679,52538,206,bytes 304621142-304673679/492119117,52538,52538,157.71541700087255,157.74570800203946,72.84162499854574,230.6045000004815,True,
1,195,5,fresh-client,1,cross_128_corner,deflate_256,DEFLATE,256,20,20,900,306262458,306479353,216896,206,bytes 306262458-306479353/498427477,216896,216896,137.31900000129826,137.34704200032866,130.9887079987675,268.38012500229524,True,
1,196,1,fresh-client,1,cross_256_edge,lzw_256,LZW,256,20,20,900,406553924,406841161,287238,206,bytes 406553924-406841161/661012853,287238,287238,232.89712499899906,232.9511249990901,216.37208299944177,449.3694999982836,True,
1,196,1,fresh-client,1,cross_256_edge,lzw_256,LZW,256,20,21,901,406841170,407119092,277923,206,bytes 406841170-407119092/661012853,277923,277923,170.44962500222027,170.4844170017168,138.45970900001703,308.98391700247885,True,
1,197,1,fresh-client,1,interior,lzw_256,LZW,256,20,20,900,406553924,406841161,287238,206,bytes 406553924-406841161/661012853,287238,287238,149.78162500119652,149.81116600029054,463.6261249979725,613.5279160007485,True,
1,198,5,fresh-client,1,cross_256_edge,zstd_256,ZSTD,256,20,20,900,301115142,301328168,213027,206,bytes 301115142-301328168/490384277,213027,213027,367.78283300009207,367.8231659978337,132.06716700005927,499.93704199732747,True,
1,198,5,fresh-client,1,cross_256_edge,zstd_256,ZSTD,256,20,21,901,301328177,301535592,207416,206,bytes 301328177-301535592/490384277,207416,207416,133.71779099907144,133.74250000197208,98.03195799759123,231.80104100174503,True,
1,199,2,fresh-client,1,cross_128_corner,deflate_128,DEFLATE,128,40,40,3560,305047460,305102560,55101,206,bytes 305047460-305102560/499617324,55101,55101,249.9324999989767,250.04570800228976,63.051708002603846,313.1945419991098,True,
1,199,2,fresh-client,1,cross_128_corner,deflate_128,DEFLATE,128,40,41,3561,305102569,305156400,53832,206,bytes 305102569-305156400/499617324,53832,53832,137.3895420001645,137.41966700035846,66.76395899921772,204.1965420030465,True,
1,199,2,fresh-client,1,cross_128_corner,deflate_128,DEFLATE,128,41,40,3648,309446600,309501607,55008,206,bytes 309446600-309501607/499617324,55008,55008,149.54012499947567,149.57208299892955,72.55625000107102,222.15366599994013,True,
1,199,2,fresh-client,1,cross_128_corner,deflate_128,DEFLATE,128,41,41,3649,309501616,309555017,53402,206,bytes 309501616-309555017/499617324,53402,53402,136.30441699933726,136.334832997818,63.71408400082146,200.06458299758378,True,
1,200,4,fresh-client,1,interior,zstd_256,ZSTD,256,20,20,900,301115142,301328168,213027,206,bytes 301115142-301328168/490384277,213027,213027,134.40841700139572,134.4362089985225,230.41350000130478,364.89362599968445,True,
1,201,1,fresh-client,1,cross_256_corner,lzw_512,LZW,512,10,10,230,411686466,412818824,1132359,206,bytes 411686466-412818824/661107776,1132359,1132359,173.07987499953015,173.11400000107824,501.86487500104704,675.0243339993176,True,
1,202,5,fresh-client,1,cross_512_corner,lzw_256,LZW,256,21,21,945,418246405,418529582,283178,206,bytes 418246405-418529582/661012853,283178,283178,199.960750000173,200.01637499808567,255.2347920027387,455.29679199898965,True,
1,202,5,fresh-client,1,cross_512_corner,lzw_256,LZW,256,21,22,946,418529591,418807664,278074,206,bytes 418529591-418807664/661012853,278074,278074,156.8876250021276,156.91858400168712,138.12962500014692,295.0903750024736,True,
1,202,5,fresh-client,1,cross_512_corner,lzw_256,LZW,256,22,21,989,429313097,429591287,278191,206,bytes 429313097-429591287/661012853,278191,278191,167.6477500004694,167.6999170013005,227.2530000009283,394.99862500088057,True,
1,202,5,fresh-client,1,cross_512_corner,lzw_256,LZW,256,22,22,990,429591296,429871211,279916,206,bytes 429591296-429871211/661012853,279916,279916,288.93649999736226,289.0447089994268,193.87508299769252,482.97337499752757,True,
1,203,2,fresh-client,1,cross_128_corner,zstd_128,ZSTD,128,40,40,3560,300228058,300282104,54047,206,bytes 300228058-300282104/492119117,54047,54047,163.47383300308138,163.50833300020895,57.761332998779835,221.28150000207825,True,
1,203,2,fresh-client,1,cross_128_corner,zstd_128,ZSTD,128,40,41,3561,300282113,300335031,52919,206,bytes 300282113-300335031/492119117,52919,52919,128.08995899831643,128.11737499941955,159.44762500294019,287.60433399656904,True,
1,203,2,fresh-client,1,cross_128_corner,zstd_128,ZSTD,128,41,40,3648,304567089,304621133,54045,206,bytes 304567089-304621133/492119117,54045,54045,154.7452910017455,154.77533300145296,136.58079200104112,291.3919580023503,True,
1,203,2,fresh-client,1,cross_128_corner,zstd_128,ZSTD,128,41,41,3649,304621142,304673679,52538,206,bytes 304621142-304673679/492119117,52538,52538,108.86266699890257,108.88675000023795,52.341541999339825,161.2465420002991,True,
1,204,3,fresh-client,1,cross_128_edge,deflate_128,DEFLATE,128,40,40,3560,305047460,305102560,55101,206,bytes 305047460-305102560/499617324,55101,55101,160.79454100326984,160.82004100098857,66.0751249997702,226.9328750007844,True,
1,204,3,fresh-client,1,cross_128_edge,deflate_128,DEFLATE,128,40,41,3561,305102569,305156400,53832,206,bytes 305102569-305156400/499617324,53832,53832,209.53029199881712,209.57779199670767,60.761500000808155,270.3863749993616,True,
1,205,4,fresh-client,1,cross_512_edge,zstd_128,ZSTD,128,40,43,3563,300386704,300438476,51773,206,bytes 300386704-300438476/492119117,51773,51773,136.4322089975758,136.45766699846718,50.41383299976587,186.88312499944004,True,
1,205,4,fresh-client,1,cross_512_edge,zstd_128,ZSTD,128,40,44,3564,300438485,300489278,50794,206,bytes 300438485-300489278/492119117,50794,50794,356.69391700139386,356.72837600213825,47.47358299937332,404.21495900227455,True,
1,206,4,fresh-client,1,cross_256_corner,deflate_512,DEFLATE,512,10,10,230,310426888,311281522,854635,206,bytes 310426888-311281522/499024403,854635,854635,122.86670799949206,122.89500000042608,472.1796669982723,595.0932090017886,True,
1,207,4,fresh-client,1,cross_256_corner,zstd_512,ZSTD,512,10,10,230,304767160,305606839,839680,206,bytes 304767160-305606839/490194415,839680,839680,213.19450000009965,213.24670900139608,325.09979200040107,538.3920839994971,True,
1,208,5,fresh-client,1,cross_512_edge,zstd_128,ZSTD,128,40,43,3563,300386704,300438476,51773,206,bytes 300386704-300438476/492119117,51773,51773,157.19908300161478,157.23341700140736,116.09204200067325,273.3709579988499,True,
1,208,5,fresh-client,1,cross_512_edge,zstd_128,ZSTD,128,40,44,3564,300438485,300489278,50794,206,bytes 300438485-300489278/492119117,50794,50794,160.9748330010916,161.00858299978427,72.27495800179895,233.3007080014795,True,
1,209,1,fresh-client,1,cross_128_corner,deflate_256,DEFLATE,256,20,20,900,306262458,306479353,216896,206,bytes 306262458-306479353/498427477,216896,216896,203.81516700217617,203.86433400199166,167.82612499810057,371.73070900098537,True,
1,210,4,fresh-client,1,interior,deflate_256,DEFLATE,256,20,20,900,306262458,306479353,216896,206,bytes 306262458-306479353/498427477,216896,216896,165.00320799968904,165.035916998022,224.09375099960016,389.1765000007581,True,
1,211,2,fresh-client,1,cross_256_edge,zstd_512,ZSTD,512,10,10,230,304767160,305606839,839680,206,bytes 304767160-305606839/490194415,839680,839680,311.3611660010065,311.4792499982286,1862.3663340003986,2173.89708400151,True,
1,212,1,fresh-client,1,cross_512_edge,zstd_128,ZSTD,128,40,43,3563,300386704,300438476,51773,206,bytes 300386704-300438476/492119117,51773,51773,146.85287500105915,146.8852500001958,82.51308299804805,229.43162500087055,True,
1,212,1,fresh-client,1,cross_512_edge,zstd_128,ZSTD,128,40,44,3564,300438485,300489278,50794,206,bytes 300438485-300489278/492119117,50794,50794,233.44941699906485,233.52349999913713,47.35525000069174,280.9334170015063,True,
1,213,1,fresh-client,1,cross_512_corner,deflate_256,DEFLATE,256,21,21,945,315110154,315323387,213234,206,bytes 315110154-315323387/498427477,213234,213234,308.21329199898173,308.31695899905753,256.66945799821406,565.032500999223,True,
1,213,1,fresh-client,1,cross_512_corner,deflate_256,DEFLATE,256,21,22,946,315323396,315533302,209907,206,bytes 315323396-315533302/498427477,209907,209907,160.3302919975249,160.361832997296,118.10870900080772,278.5044999982347,True,
1,213,1,fresh-client,1,cross_512_corner,deflate_256,DEFLATE,256,22,21,989,323490842,323701123,210282,206,bytes 323490842-323701123/498427477,210282,210282,179.6118749989546,179.64741599644185,150.1702080022369,329.9221659981413,True,
1,213,1,fresh-client,1,cross_512_corner,deflate_256,DEFLATE,256,22,22,990,323701132,323912576,211445,206,bytes 323701132-323912576/498427477,211445,211445,147.59412499915925,147.6267079997342,109.40145900167408,257.06008300039684,True,
1,214,3,fresh-client,1,cross_128_corner,deflate_128,DEFLATE,128,40,40,3560,305047460,305102560,55101,206,bytes 305047460-305102560/499617324,55101,55101,163.72487600165186,163.75883400178282,61.180666998552624,225.01812600239646,True,
1,214,3,fresh-client,1,cross_128_corner,deflate_128,DEFLATE,128,40,41,3561,305102569,305156400,53832,206,bytes 305102569-305156400/499617324,53832,53832,141.47912499902304,141.50749999680556,50.60395799955586,192.123624998203,True,
1,214,3,fresh-client,1,cross_128_corner,deflate_128,DEFLATE,128,41,40,3648,309446600,309501607,55008,206,bytes 309446600-309501607/499617324,55008,55008,247.54058399776113,247.64258399954997,57.61066600098275,305.30416699912166,True,
1,214,3,fresh-client,1,cross_128_corner,deflate_128,DEFLATE,128,41,41,3649,309501616,309555017,53402,206,bytes 309501616-309555017/499617324,53402,53402,146.45979199849535,146.49187499890104,66.83679200068582,213.34295899941935,True,
1,215,4,fresh-client,1,cross_512_edge,lzw_512,LZW,512,10,10,230,411686466,412818824,1132359,206,bytes 411686466-412818824/661107776,1132359,1132359,129.81424999816227,129.84187500114786,786.3572089991067,916.2462079984834,True,
1,215,4,fresh-client,1,cross_512_edge,lzw_512,LZW,512,10,11,231,412818833,413920320,1101488,206,bytes 412818833-413920320/661107776,1101488,1101488,423.8652079984604,423.93470800016075,701.3282919979247,1125.303000000713,True,
1,216,3,fresh-client,1,cross_256_corner,lzw_256,LZW,256,20,20,900,406553924,406841161,287238,206,bytes 406553924-406841161/661012853,287238,287238,128.58704200334614,128.61379200330703,170.33091699704528,298.99125000156346,True,
1,216,3,fresh-client,1,cross_256_corner,lzw_256,LZW,256,20,21,901,406841170,407119092,277923,206,bytes 406841170-407119092/661012853,277923,277923,172.4283329967875,172.4612079997314,148.7045419999049,321.208208999451,True,
1,216,3,fresh-client,1,cross_256_corner,lzw_256,LZW,256,21,20,944,417962328,418246396,284069,206,bytes 417962328-418246396/661012853,284069,284069,155.52966699760873,155.56462499807822,592.3897089996899,748.0044169969915,True,
1,216,3,fresh-client,1,cross_256_corner,lzw_256,LZW,256,21,21,945,418246405,418529582,283178,206,bytes 418246405-418529582/661012853,283178,283178,157.78558400052134,157.81737499855808,267.7969579999626,425.6415419986297,True,
1,217,4,fresh-client,1,cross_512_edge,zstd_256,ZSTD,256,20,21,901,301328177,301535592,207416,206,bytes 301328177-301535592/490384277,207416,207416,170.06020799817634,170.0953750005283,194.32912500269595,364.4568329982576,True,
1,217,4,fresh-client,1,cross_512_edge,zstd_256,ZSTD,256,20,22,902,301535601,301739853,204253,206,bytes 301535601-301739853/490384277,204253,204253,185.1382500026375,185.17883400272694,148.12029200038523,333.33466700059944,True,
1,218,2,fresh-client,1,cross_256_edge,deflate_128,DEFLATE,128,40,41,3561,305102569,305156400,53832,206,bytes 305102569-305156400/499617324,53832,53832,191.08375100040575,191.1122509991401,127.86454199886066,319.0090419993794,True,
1,218,2,fresh-client,1,cross_256_edge,deflate_128,DEFLATE,128,40,42,3562,305156409,305208764,52356,206,bytes 305156409-305208764/499617324,52356,52356,149.54658300121082,149.57349999895087,69.56041699959314,219.15808300036588,True,
1,219,3,fresh-client,1,interior,zstd_128,ZSTD,128,40,40,3560,300228058,300282104,54047,206,bytes 300228058-300282104/492119117,54047,54047,143.3279999982915,143.35695800036774,54.86075000226265,198.2302919968788,True,
1,220,1,fresh-client,1,cross_128_edge,deflate_128,DEFLATE,128,40,40,3560,305047460,305102560,55101,206,bytes 305047460-305102560/499617324,55101,55101,152.19775100194965,152.23366699865437,79.38199999989592,231.6518760017061,True,
1,220,1,fresh-client,1,cross_128_edge,deflate_128,DEFLATE,128,40,41,3561,305102569,305156400,53832,206,bytes 305102569-305156400/499617324,53832,53832,139.36479200128815,139.39283400031854,76.06683400081238,215.47437499975786,True,
1,221,3,fresh-client,1,cross_256_corner,deflate_256,DEFLATE,256,20,20,900,306262458,306479353,216896,206,bytes 306262458-306479353/498427477,216896,216896,234.18466599832755,234.3005410002661,128.20374999864725,362.6011250016745,True,
1,221,3,fresh-client,1,cross_256_corner,deflate_256,DEFLATE,256,20,21,901,306479362,306690064,210703,206,bytes 306479362-306690064/498427477,210703,210703,141.48983400082216,141.51950100131216,111.57749999983935,253.12804200075334,True,
1,221,3,fresh-client,1,cross_256_corner,deflate_256,DEFLATE,256,21,20,944,314896453,315110145,213693,206,bytes 314896453-315110145/498427477,213693,213693,147.01975000207312,147.04825000080746,123.57637500099372,270.65879099973245,True,
1,221,3,fresh-client,1,cross_256_corner,deflate_256,DEFLATE,256,21,21,945,315110154,315323387,213234,206,bytes 315110154-315323387/498427477,213234,213234,133.56258299972978,133.61233300020103,107.11845900004846,240.76179199983017,True,
1,222,1,fresh-client,1,cross_128_corner,zstd_512,ZSTD,512,10,10,230,304767160,305606839,839680,206,bytes 304767160-305606839/490194415,839680,839680,164.83158399933018,164.86525000073016,349.1316670006199,514.0384590013127,True,
1,223,4,fresh-client,1,cross_128_edge,zstd_512,ZSTD,512,10,10,230,304767160,305606839,839680,206,bytes 304767160-305606839/490194415,839680,839680,149.75837499878253,149.78804199927254,342.08720799870207,491.9172919981065,True,
1,224,3,fresh-client,1,cross_512_corner,deflate_512,DEFLATE,512,10,10,230,310426888,311281522,854635,206,bytes 310426888-311281522/499024403,854635,854635,219.13445799873443,219.18245800043223,331.10779200069373,550.3326670004753,True,
1,224,3,fresh-client,1,cross_512_corner,deflate_512,DEFLATE,512,10,11,231,311281531,312113785,832255,206,bytes 311281531-312113785/499024403,832255,832255,311.5084579985705,311.53504099711427,429.3697080029233,741.0160829967936,True,
1,224,3,fresh-client,1,cross_512_corner,deflate_512,DEFLATE,512,11,10,252,327623520,328452071,828552,206,bytes 327623520-328452071/499024403,828552,828552,464.5756669997354,464.7079999995185,296.39058300017496,761.1651250008435,True,
1,224,3,fresh-client,1,cross_512_corner,deflate_512,DEFLATE,512,11,11,253,328452080,329294883,842804,206,bytes 328452080-329294883/499024403,842804,842804,254.22462500137044,254.34075000157463,366.55304200030514,620.9329170014826,True,
1,225,2,fresh-client,1,cross_256_corner,lzw_512,LZW,512,10,10,230,411686466,412818824,1132359,206,bytes 411686466-412818824/661107776,1132359,1132359,147.94091599833337,147.97083299708902,470.1042510023399,618.1861669974751,True,
1,226,4,fresh-client,1,interior,deflate_512,DEFLATE,512,10,10,230,310426888,311281522,854635,206,bytes 310426888-311281522/499024403,854635,854635,158.52954200090608,158.56083399921772,267.2061669982213,425.8217919996241,True,
1,227,4,fresh-client,1,cross_256_corner,deflate_128,DEFLATE,128,41,41,3649,309501616,309555017,53402,206,bytes 309501616-309555017/499617324,53402,53402,154.43058399978327,154.4600419983908,57.15249999775551,211.62700099739595,True,
1,227,4,fresh-client,1,cross_256_corner,deflate_128,DEFLATE,128,41,42,3650,309555026,309609246,54221,206,bytes 309555026-309609246/499617324,54221,54221,131.60124999922118,131.63066700144554,83.82966599674546,215.48512500157813,True,
1,227,4,fresh-client,1,cross_256_corner,deflate_128,DEFLATE,128,42,41,3737,313827295,313880653,53359,206,bytes 313827295-313880653/499617324,53359,53359,242.02995800078497,242.1353329991689,144.7938340024848,386.9820420004544,True,
1,227,4,fresh-client,1,cross_256_corner,deflate_128,DEFLATE,128,42,42,3738,313880662,313934033,53372,206,bytes 313880662-313934033/499617324,53372,53372,178.27095800021198,178.30908299947623,84.82350000122096,263.17870799903176,True,
1,228,4,fresh-client,1,cross_512_edge,zstd_512,ZSTD,512,10,10,230,304767160,305606839,839680,206,bytes 304767160-305606839/490194415,839680,839680,148.67762499852688,148.7089170004765,646.8285419978201,795.5766249979206,True,
1,228,4,fresh-client,1,cross_512_edge,zstd_512,ZSTD,512,10,11,231,305606848,306426901,820054,206,bytes 305606848-306426901/490194415,820054,820054,162.85449999850243,162.89174999837996,315.4262079988257,478.3650839999609,True,
1,229,1,fresh-client,1,cross_128_edge,deflate_512,DEFLATE,512,10,10,230,310426888,311281522,854635,206,bytes 310426888-311281522/499024403,854635,854635,254.46645800184342,254.5568750028906,368.35483300092164,622.9716670022754,True,
1,230,5,fresh-client,1,cross_128_edge,lzw_128,LZW,128,40,40,3560,404091050,404163820,72771,206,bytes 404091050-404163820/661264391,72771,72771,142.29625000007218,142.32574999914505,59.605792001093505,201.94329200239736,True,
1,230,5,fresh-client,1,cross_128_edge,lzw_128,LZW,128,40,41,3561,404163829,404234861,71033,206,bytes 404163829-404234861/661264391,71033,71033,140.8687090006424,140.8962090026762,58.87537500166218,199.78516700211912,True,
1,231,5,fresh-client,1,cross_512_edge,lzw_512,LZW,512,10,10,230,411686466,412818824,1132359,206,bytes 411686466-412818824/661107776,1132359,1132359,159.39479100052267,159.42504099803045,483.0453750000743,642.5533750007162,True,
1,231,5,fresh-client,1,cross_512_edge,lzw_512,LZW,512,10,11,231,412818833,413920320,1101488,206,bytes 412818833-413920320/661107776,1101488,1101488,138.39200000074925,138.42237499920884,448.70787499894504,587.1838749990275,True,
1,232,2,fresh-client,1,cross_256_edge,deflate_512,DEFLATE,512,10,10,230,310426888,311281522,854635,206,bytes 310426888-311281522/499024403,854635,854635,281.8637909986137,281.9719580002129,330.2466249988356,612.2701669992239,True,
1,233,2,fresh-client,1,cross_128_corner,lzw_512,LZW,512,10,10,230,411686466,412818824,1132359,206,bytes 411686466-412818824/661107776,1132359,1132359,186.69362500077114,186.73566600045888,503.15649999902234,689.9364170021727,True,
1,234,5,fresh-client,1,cross_256_corner,deflate_128,DEFLATE,128,41,41,3649,309501616,309555017,53402,206,bytes 309501616-309555017/499617324,53402,53402,156.04754200103343,156.08341700135497,78.73104200189118,234.84083299990743,True,
1,234,5,fresh-client,1,cross_256_corner,deflate_128,DEFLATE,128,41,42,3650,309555026,309609246,54221,206,bytes 309555026-309609246/499617324,54221,54221,349.9620420006977,349.9954170001729,54.38345799848321,404.3943750002654,True,
1,234,5,fresh-client,1,cross_256_corner,deflate_128,DEFLATE,128,42,41,3737,313827295,313880653,53359,206,bytes 313827295-313880653/499617324,53359,53359,146.66433300226345,146.6952080008923,56.647916997462744,203.35550000163494,True,
1,234,5,fresh-client,1,cross_256_corner,deflate_128,DEFLATE,128,42,42,3738,313880662,313934033,53372,206,bytes 313880662-313934033/499617324,53372,53372,232.3066659992037,232.38649999984773,53.478542002267204,285.894417000236,True,
1,235,5,fresh-client,1,cross_128_corner,zstd_512,ZSTD,512,10,10,230,304767160,305606839,839680,206,bytes 304767160-305606839/490194415,839680,839680,348.09929199764156,348.19770799731486,382.0897919977142,730.3987089981092,True,
1,236,3,fresh-client,1,interior,deflate_512,DEFLATE,512,10,10,230,310426888,311281522,854635,206,bytes 310426888-311281522/499024403,854635,854635,250.65341600202373,250.77104099909775,372.8906249998545,623.7290410026617,True,
1,237,4,fresh-client,1,cross_256_edge,zstd_256,ZSTD,256,20,20,900,301115142,301328168,213027,206,bytes 301115142-301328168/490384277,213027,213027,173.3716259986977,173.40641700138804,124.27008400118211,297.7654589994927,True,
1,237,4,fresh-client,1,cross_256_edge,zstd_256,ZSTD,256,20,21,901,301328177,301535592,207416,206,bytes 301328177-301535592/490384277,207416,207416,145.8035830000881,145.8338750016992,208.9414999973087,354.8221659984847,True,
1,238,2,fresh-client,1,cross_512_corner,zstd_512,ZSTD,512,10,10,230,304767160,305606839,839680,206,bytes 304767160-305606839/490194415,839680,839680,176.24395900202217,176.27850100325304,454.52845800173236,630.8308340012445,True,
1,238,2,fresh-client,1,cross_512_corner,zstd_512,ZSTD,512,10,11,231,305606848,306426901,820054,206,bytes 305606848-306426901/490194415,820054,820054,123.24545799856423,123.2684579990746,592.9853340021509,716.3193329979549,True,
1,238,2,fresh-client,1,cross_512_corner,zstd_512,ZSTD,512,11,10,252,321640707,322458855,818149,206,bytes 321640707-322458855/490194415,818149,818149,160.4094169997552,160.44124999825726,322.0412499977101,482.5297089992091,True,
1,238,2,fresh-client,1,cross_512_corner,zstd_512,ZSTD,512,11,11,253,322458864,323289120,830257,206,bytes 322458864-323289120/490194415,830257,830257,221.72208400297677,221.7904589997488,330.07295900097233,551.9389170003706,True,
1,239,4,fresh-client,1,cross_256_corner,deflate_256,DEFLATE,256,20,20,900,306262458,306479353,216896,206,bytes 306262458-306479353/498427477,216896,216896,139.27429099931032,139.3030830004136,164.65750000133994,304.00716599979205,True,
1,239,4,fresh-client,1,cross_256_corner,deflate_256,DEFLATE,256,20,21,901,306479362,306690064,210703,206,bytes 306479362-306690064/498427477,210703,210703,163.36116599995876,163.39549999975134,145.87329200003296,309.29379200097173,True,
1,239,4,fresh-client,1,cross_256_corner,deflate_256,DEFLATE,256,21,20,944,314896453,315110145,213693,206,bytes 314896453-315110145/498427477,213693,213693,154.30529099830892,154.34104099767865,180.19241699948907,334.5794999986538,True,
1,239,4,fresh-client,1,cross_256_corner,deflate_256,DEFLATE,256,21,21,945,315110154,315323387,213234,206,bytes 315110154-315323387/498427477,213234,213234,168.72029200021643,168.77050000039162,149.79979200143134,318.63108400284545,True,
1,240,5,fresh-client,1,cross_512_edge,deflate_128,DEFLATE,128,40,43,3563,305208773,305261361,52589,206,bytes 305208773-305261361/499617324,52589,52589,183.08058300317498,183.1205830021645,75.59150000088266,258.75816700136056,True,
1,240,5,fresh-client,1,cross_512_edge,deflate_128,DEFLATE,128,40,44,3564,305261370,305312689,51320,206,bytes 305261370-305312689/499617324,51320,51320,256.4989169986802,257.0043749983597,95.33825000107754,352.3965419990418,True,
1,241,4,fresh-client,1,cross_256_corner,lzw_256,LZW,256,20,20,900,406553924,406841161,287238,206,bytes 406553924-406841161/661012853,287238,287238,184.10833400048432,184.14966700220248,151.20337500047754,335.3999169994495,True,
1,241,4,fresh-client,1,cross_256_corner,lzw_256,LZW,256,20,21,901,406841170,407119092,277923,206,bytes 406841170-407119092/661012853,277923,277923,185.6437089991232,185.68212500031223,162.95437500230037,348.6797919977107,True,
1,241,4,fresh-client,1,cross_256_corner,lzw_256,LZW,256,21,20,944,417962328,418246396,284069,206,bytes 417962328-418246396/661012853,284069,284069,367.3625830015226,367.40425000243704,678.1834169996728,1045.62212500241,True,
1,241,4,fresh-client,1,cross_256_corner,lzw_256,LZW,256,21,21,945,418246405,418529582,283178,206,bytes 418246405-418529582/661012853,283178,283178,685.6656669988297,685.7804169994779,187.167790998501,873.0222080012027,True,
1,242,4,fresh-client,1,cross_128_edge,lzw_256,LZW,256,20,20,900,406553924,406841161,287238,206,bytes 406553924-406841161/661012853,287238,287238,177.10020800222992,177.13541700140922,216.35670799878426,393.5538750010892,True,
1,243,1,fresh-client,1,cross_128_corner,deflate_128,DEFLATE,128,40,40,3560,305047460,305102560,55101,206,bytes 305047460-305102560/499617324,55101,55101,157.85424999921815,157.88816599888378,64.6240409987513,222.537249999732,True,
1,243,1,fresh-client,1,cross_128_corner,deflate_128,DEFLATE,128,40,41,3561,305102569,305156400,53832,206,bytes 305102569-305156400/499617324,53832,53832,135.7407499999681,135.76870800170582,60.820791997684864,196.60204200044973,True,
1,243,1,fresh-client,1,cross_128_corner,deflate_128,DEFLATE,128,41,40,3648,309446600,309501607,55008,206,bytes 309446600-309501607/499617324,55008,55008,181.67854200146394,181.71875000189175,78.27774999896064,260.0399590010056,True,
1,243,1,fresh-client,1,cross_128_corner,deflate_128,DEFLATE,128,41,41,3649,309501616,309555017,53402,206,bytes 309501616-309555017/499617324,53402,53402,181.36245799905737,181.4160419999098,47.3612919995503,228.80395800166298,True,
1,244,3,fresh-client,1,cross_512_edge,lzw_512,LZW,512,10,10,230,411686466,412818824,1132359,206,bytes 411686466-412818824/661107776,1132359,1132359,229.43662499892525,229.49508300007437,443.09304199850885,672.7002080006059,True,
1,244,3,fresh-client,1,cross_512_edge,lzw_512,LZW,512,10,11,231,412818833,413920320,1101488,206,bytes 412818833-413920320/661107776,1101488,1101488,163.25187500115135,163.28612500001327,539.0972499990312,702.4225420027506,True,
1,245,3,fresh-client,1,cross_256_edge,deflate_512,DEFLATE,512,10,10,230,310426888,311281522,854635,206,bytes 310426888-311281522/499024403,854635,854635,166.3170000028913,166.35383300308604,356.0040010015655,522.4231669999426,True,
1,246,1,fresh-client,1,cross_512_corner,deflate_512,DEFLATE,512,10,10,230,310426888,311281522,854635,206,bytes 310426888-311281522/499024403,854635,854635,149.80087499861838,149.83079199737404,447.1895009992295,597.0695010000782,True,
1,246,1,fresh-client,1,cross_512_corner,deflate_512,DEFLATE,512,10,11,231,311281531,312113785,832255,206,bytes 311281531-312113785/499024403,832255,832255,185.8327920017473,185.86666700139176,443.5314170004858,629.4532499996421,True,
1,246,1,fresh-client,1,cross_512_corner,deflate_512,DEFLATE,512,11,10,252,327623520,328452071,828552,206,bytes 327623520-328452071/499024403,828552,828552,338.1262080001761,338.2600829972944,301.66129200006253,639.9708329990972,True,
1,246,1,fresh-client,1,cross_512_corner,deflate_512,DEFLATE,512,11,11,253,328452080,329294883,842804,206,bytes 328452080-329294883/499024403,842804,842804,160.93391699905624,160.96670900151366,410.4717080008413,571.4786669996101,True,
1,247,4,fresh-client,1,cross_128_edge,zstd_128,ZSTD,128,40,40,3560,300228058,300282104,54047,206,bytes 300228058-300282104/492119117,54047,54047,175.33162600011565,175.3720839988091,82.04229100010707,257.4472920023254,True,
1,247,4,fresh-client,1,cross_128_edge,zstd_128,ZSTD,128,40,41,3561,300282113,300335031,52919,206,bytes 300282113-300335031/492119117,52919,52919,168.38716600250336,168.4324160014512,76.19679200070095,244.65779100137297,True,
1,248,4,fresh-client,1,interior,lzw_128,LZW,128,40,40,3560,404091050,404163820,72771,206,bytes 404091050-404163820/661264391,72771,72771,295.5808749975404,295.68420899886405,72.08329200148,367.81504199825577,True,
1,249,3,fresh-client,1,cross_256_edge,lzw_512,LZW,512,10,10,230,411686466,412818824,1132359,206,bytes 411686466-412818824/661107776,1132359,1132359,266.52308399934554,266.62162499997066,497.08079199990607,763.7540840005386,True,
1,250,4,fresh-client,1,cross_256_corner,zstd_128,ZSTD,128,41,41,3649,304621142,304673679,52538,206,bytes 304621142-304673679/492119117,52538,52538,150.16941599969869,150.20479099985096,58.643416999984765,208.86199999949895,True,
1,250,4,fresh-client,1,cross_256_corner,zstd_128,ZSTD,128,41,42,3650,304673688,304726888,53201,206,bytes 304673688-304726888/492119117,53201,53201,329.26737500019954,329.2978329991456,50.05683399940608,379.36700000136625,True,
1,250,4,fresh-client,1,cross_256_corner,zstd_128,ZSTD,128,42,41,3737,308887700,308940134,52435,206,bytes 308887700-308940134/492119117,52435,52435,157.90320800078916,157.93366599973524,50.09020799843711,208.03904100102955,True,
1,250,4,fresh-client,1,cross_256_corner,zstd_128,ZSTD,128,42,42,3738,308940143,308992671,52529,206,bytes 308940143-308992671/492119117,52529,52529,178.09529100122745,178.13487500097835,188.00341700261924,366.19024999890826,True,
1,251,2,fresh-client,1,interior,deflate_128,DEFLATE,128,40,40,3560,305047460,305102560,55101,206,bytes 305047460-305102560/499617324,55101,55101,183.33391700070933,183.3750420009892,130.64579099955154,314.055250997626,True,
1,252,5,fresh-client,1,interior,zstd_256,ZSTD,256,20,20,900,301115142,301328168,213027,206,bytes 301115142-301328168/490384277,213027,213027,153.63483399778488,153.66629200070747,146.10487499885494,299.8137089998636,True,
1,253,5,fresh-client,1,cross_128_edge,lzw_512,LZW,512,10,10,230,411686466,412818824,1132359,206,bytes 411686466-412818824/661107776,1132359,1132359,148.21033300177078,148.24262500042096,452.2993759965175,600.5822500010254,True,
1,254,3,fresh-client,1,cross_512_edge,zstd_256,ZSTD,256,20,21,901,301328177,301535592,207416,206,bytes 301328177-301535592/490384277,207416,207416,414.6087500012072,414.7547920001671,154.66337500038208,569.4787500033271,True,
1,254,3,fresh-client,1,cross_512_edge,zstd_256,ZSTD,256,20,22,902,301535601,301739853,204253,206,bytes 301535601-301739853/490384277,204253,204253,161.74183299881406,161.77658299784525,103.09308300202247,264.91095799792674,True,
1,255,2,fresh-client,1,interior,zstd_128,ZSTD,128,40,40,3560,300228058,300282104,54047,206,bytes 300228058-300282104/492119117,54047,54047,149.74725000138278,149.8605420019885,60.07566699918243,209.94962500117254,True,
1,256,4,fresh-client,1,cross_128_corner,deflate_512,DEFLATE,512,10,10,230,310426888,311281522,854635,206,bytes 310426888-311281522/499024403,854635,854635,243.34224999984144,243.44462500084774,336.9624160004605,580.4611670027953,True,
1,257,1,fresh-client,1,cross_256_edge,zstd_512,ZSTD,512,10,10,230,304767160,305606839,839680,206,bytes 304767160-305606839/490194415,839680,839680,153.69287600333337,153.72954200211097,310.9466669993708,464.72708400324336,True,
1,258,4,fresh-client,1,cross_128_edge,deflate_128,DEFLATE,128,40,40,3560,305047460,305102560,55101,206,bytes 305047460-305102560/499617324,55101,55101,223.79570900011458,223.85574999862,67.93108400233905,291.83608400126104,True,
1,258,4,fresh-client,1,cross_128_edge,deflate_128,DEFLATE,128,40,41,3561,305102569,305156400,53832,206,bytes 305102569-305156400/499617324,53832,53832,256.75212499845657,256.8552919983631,48.048083001049235,304.94370900123613,True,
1,259,2,fresh-client,1,cross_512_corner,zstd_128,ZSTD,128,43,43,3827,313219659,313272608,52950,206,bytes 313219659-313272608/492119117,52950,52950,183.92312499781838,183.9813749975292,97.4912090023281,281.5172499977052,True,
1,259,2,fresh-client,1,cross_512_corner,zstd_128,ZSTD,128,43,44,3828,313272617,313324753,52137,206,bytes 313272617-313324753/492119117,52137,52137,174.73550000067917,174.77304199928767,142.0607079999172,316.8759170002886,True,
1,259,2,fresh-client,1,cross_512_corner,zstd_128,ZSTD,128,44,43,3915,317314658,317366615,51958,206,bytes 317314658-317366615/492119117,51958,51958,151.17979100250523,151.2135830016632,78.85533300213865,230.09887499938486,True,
1,259,2,fresh-client,1,cross_512_corner,zstd_128,ZSTD,128,44,44,3916,317366624,317418939,52316,206,bytes 317366624-317418939/492119117,52316,52316,149.12570800152025,149.1577500019048,61.739000000670785,210.90974999970058,True,
1,260,2,fresh-client,1,cross_256_edge,lzw_512,LZW,512,10,10,230,411686466,412818824,1132359,206,bytes 411686466-412818824/661107776,1132359,1132359,134.14216700039105,134.17200099866022,658.2456670003012,792.4505839982885,True,
1,261,1,fresh-client,1,interior,lzw_512,LZW,512,10,10,230,411686466,412818824,1132359,206,bytes 411686466-412818824/661107776,1132359,1132359,142.2121249997872,142.240707999008,839.050499998848,981.3373750002938,True,
1,262,1,fresh-client,1,cross_512_corner,zstd_256,ZSTD,256,21,21,945,309824343,310033910,209568,206,bytes 309824343-310033910/490384277,209568,209568,324.70487499813316,324.73433400082286,728.6149169995042,1053.3708760012814,True,
1,262,1,fresh-client,1,cross_512_corner,zstd_256,ZSTD,256,21,22,946,310033919,310240520,206602,206,bytes 310033919-310240520/490384277,206602,206602,170.760834000248,170.8032499991532,189.52270799854887,360.38133400143124,True,
1,262,1,fresh-client,1,cross_512_corner,zstd_256,ZSTD,256,22,21,989,318075010,318281956,206947,206,bytes 318075010-318281956/490384277,206947,206947,151.73495799899683,151.76612499999464,246.2611669980106,398.0728749993432,True,
1,262,1,fresh-client,1,cross_512_corner,zstd_256,ZSTD,256,22,22,990,318281965,318490136,208172,206,bytes 318281965-318490136/490384277,208172,208172,230.11329200016917,230.23066699897754,143.6985000000277,373.9766670005338,True,
1,263,1,fresh-client,1,cross_256_edge,lzw_128,LZW,128,40,41,3561,404163829,404234861,71033,206,bytes 404163829-404234861/661264391,71033,71033,156.10504199867137,156.13791700161528,72.4740000005113,228.62583299865946,True,
1,263,1,fresh-client,1,cross_256_edge,lzw_128,LZW,128,40,42,3562,404234870,404303621,68752,206,bytes 404234870-404303621/661264391,68752,68752,159.34166700026253,159.3744580022758,66.61670800167485,226.0195830021985,True,
1,264,5,fresh-client,1,cross_128_edge,deflate_512,DEFLATE,512,10,10,230,310426888,311281522,854635,206,bytes 310426888-311281522/499024403,854635,854635,135.50670800032094,135.53554100144538,373.06024999998044,508.6254160014505,True,
1,265,5,fresh-client,1,cross_128_corner,deflate_512,DEFLATE,512,10,10,230,310426888,311281522,854635,206,bytes 310426888-311281522/499024403,854635,854635,227.85237500283984,227.9025840034592,359.2940830021689,587.2540840027796,True,
1,266,2,fresh-client,1,cross_256_edge,zstd_256,ZSTD,256,20,20,900,301115142,301328168,213027,206,bytes 301115142-301328168/490384277,213027,213027,136.8767089988978,136.90629199845716,196.67908399787848,333.6266669975885,True,
1,266,2,fresh-client,1,cross_256_edge,zstd_256,ZSTD,256,20,21,901,301328177,301535592,207416,206,bytes 301328177-301535592/490384277,207416,207416,176.5210420016956,176.5582500011078,109.95795800045016,286.5607080020709,True,
1,267,5,fresh-client,1,cross_256_corner,lzw_256,LZW,256,20,20,900,406553924,406841161,287238,206,bytes 406553924-406841161/661012853,287238,287238,165.86858299706364,165.90254199763876,168.3892500004731,334.33674999832874,True,
1,267,5,fresh-client,1,cross_256_corner,lzw_256,LZW,256,20,21,901,406841170,407119092,277923,206,bytes 406841170-407119092/661012853,277923,277923,173.8338750001276,173.88025000036578,131.29104200197617,305.2144169996609,True,
1,267,5,fresh-client,1,cross_256_corner,lzw_256,LZW,256,21,20,944,417962328,418246396,284069,206,bytes 417962328-418246396/661012853,284069,284069,179.83687499872758,179.8726250017353,126.69237500085728,306.6113339991716,True,
1,267,5,fresh-client,1,cross_256_corner,lzw_256,LZW,256,21,21,945,418246405,418529582,283178,206,bytes 418246405-418529582/661012853,283178,283178,135.7617499998014,135.79124999887426,152.35408399894368,288.18229099852033,True,
1,268,3,fresh-client,1,cross_256_corner,zstd_128,ZSTD,128,41,41,3649,304621142,304673679,52538,206,bytes 304621142-304673679/492119117,52538,52538,160.90491700015264,160.93595900019864,57.7381669972965,218.6867499985965,True,
1,268,3,fresh-client,1,cross_256_corner,zstd_128,ZSTD,128,41,42,3650,304673688,304726888,53201,206,bytes 304673688-304726888/492119117,53201,53201,169.61033299958217,169.6468329973868,47.095542002352886,216.77120799722616,True,
1,268,3,fresh-client,1,cross_256_corner,zstd_128,ZSTD,128,42,41,3737,308887700,308940134,52435,206,bytes 308887700-308940134/492119117,52435,52435,180.97750000015367,181.01870800092001,72.20516700181179,253.26337499791407,True,
1,268,3,fresh-client,1,cross_256_corner,zstd_128,ZSTD,128,42,42,3738,308940143,308992671,52529,206,bytes 308940143-308992671/492119117,52529,52529,186.52558299800148,186.56966599883162,56.8818329993519,243.48270799964666,True,
1,269,4,fresh-client,1,cross_256_edge,lzw_512,LZW,512,10,10,230,411686466,412818824,1132359,206,bytes 411686466-412818824/661107776,1132359,1132359,146.94795800096472,146.9809999980498,856.4203759997326,1003.4633750001376,True,
1,270,4,fresh-client,1,cross_512_edge,deflate_128,DEFLATE,128,40,43,3563,305208773,305261361,52589,206,bytes 305208773-305261361/499617324,52589,52589,322.66095799786854,322.68904100055806,58.30079199949978,381.0022500001651,True,
1,270,4,fresh-client,1,cross_512_edge,deflate_128,DEFLATE,128,40,44,3564,305261370,305312689,51320,206,bytes 305261370-305312689/499617324,51320,51320,158.36304199910956,158.394333000615,74.36308300020755,232.78887500055134,True,
1,271,3,fresh-client,1,cross_128_corner,deflate_512,DEFLATE,512,10,10,230,310426888,311281522,854635,206,bytes 310426888-311281522/499024403,854635,854635,152.53429199947277,152.56399999998393,331.83316700160503,484.4324170007894,True,
1,272,3,fresh-client,1,cross_128_edge,deflate_512,DEFLATE,512,10,10,230,310426888,311281522,854635,206,bytes 310426888-311281522/499024403,854635,854635,137.91883399971994,137.9400009973324,329.93620799970813,467.9508339977474,True,
1,273,2,fresh-client,1,cross_128_corner,deflate_512,DEFLATE,512,10,10,230,310426888,311281522,854635,206,bytes 310426888-311281522/499024403,854635,854635,272.07424999869545,272.1890840002743,277.87220900063403,550.1039589980792,True,
1,274,3,fresh-client,1,cross_256_edge,deflate_256,DEFLATE,256,20,20,900,306262458,306479353,216896,206,bytes 306262458-306479353/498427477,216896,216896,178.33354199683527,178.37362499994924,132.52120900142472,310.9164999987115,True,
1,274,3,fresh-client,1,cross_256_edge,deflate_256,DEFLATE,256,20,21,901,306479362,306690064,210703,206,bytes 306479362-306690064/498427477,210703,210703,125.01287499981117,125.05374999818741,121.89341700286604,247.00116699750652,True,
1,275,2,fresh-client,1,cross_256_corner,zstd_512,ZSTD,512,10,10,230,304767160,305606839,839680,206,bytes 304767160-305606839/490194415,839680,839680,179.69054199784296,179.72637499769917,387.0262919990637,566.7868339987763,True,
1,276,4,fresh-client,1,cross_128_corner,zstd_512,ZSTD,512,10,10,230,304767160,305606839,839680,206,bytes 304767160-305606839/490194415,839680,839680,174.7439589998976,174.7804590013402,440.6655419988965,615.4963340013637,True,
1,277,4,fresh-client,1,cross_256_edge,deflate_128,DEFLATE,128,40,41,3561,305102569,305156400,53832,206,bytes 305102569-305156400/499617324,53832,53832,149.5449579997512,149.5725000022503,76.96941699759918,226.55812500306638,True,
1,277,4,fresh-client,1,cross_256_edge,deflate_128,DEFLATE,128,40,42,3562,305156409,305208764,52356,206,bytes 305156409-305208764/499617324,52356,52356,148.2277499999327,148.26083300067694,51.454625001497334,199.72729200162576,True,
1,278,5,fresh-client,1,cross_256_corner,deflate_256,DEFLATE,256,20,20,900,306262458,306479353,216896,206,bytes 306262458-306479353/498427477,216896,216896,152.13712500190013,152.1674579998944,194.6021670009941,346.81212500072434,True,
1,278,5,fresh-client,1,cross_256_corner,deflate_256,DEFLATE,256,20,21,901,306479362,306690064,210703,206,bytes 306479362-306690064/498427477,210703,210703,159.67866700157174,159.71383299984154,260.17420800053515,419.9850830009382,True,
1,278,5,fresh-client,1,cross_256_corner,deflate_256,DEFLATE,256,21,20,944,314896453,315110145,213693,206,bytes 314896453-315110145/498427477,213693,213693,161.09804100051406,161.1310410007718,183.75720900075976,344.93279199887183,True,
1,278,5,fresh-client,1,cross_256_corner,deflate_256,DEFLATE,256,21,21,945,315110154,315323387,213234,206,bytes 315110154-315323387/498427477,213234,213234,201.40350000292528,201.44491700193612,142.24866600125097,343.7396670015005,True,
1,279,5,fresh-client,1,cross_256_edge,zstd_128,ZSTD,128,40,41,3561,300282113,300335031,52919,206,bytes 300282113-300335031/492119117,52919,52919,193.31425000200397,193.36425000074087,57.1400420012651,250.53920800201013,True,
1,279,5,fresh-client,1,cross_256_edge,zstd_128,ZSTD,128,40,42,3562,300335040,300386695,51656,206,bytes 300335040-300386695/492119117,51656,51656,163.91483299958054,163.94729199964786,62.15137500112178,226.1103330019978,True,
1,280,5,fresh-client,1,cross_256_edge,zstd_512,ZSTD,512,10,10,230,304767160,305606839,839680,206,bytes 304767160-305606839/490194415,839680,839680,134.53733300048043,134.567999997671,456.92320899979677,591.5376669981924,True,
1,281,2,fresh-client,1,cross_128_corner,zstd_512,ZSTD,512,10,10,230,304767160,305606839,839680,206,bytes 304767160-305606839/490194415,839680,839680,280.6459999992512,280.758999997488,433.83224999706727,714.6373340001446,True,
1,282,1,fresh-client,1,interior,deflate_256,DEFLATE,256,20,20,900,306262458,306479353,216896,206,bytes 306262458-306479353/498427477,216896,216896,354.01337499934016,354.0476669986674,240.85954199836124,594.9617920014134,True,
1,283,3,fresh-client,1,cross_512_edge,deflate_256,DEFLATE,256,20,21,901,306479362,306690064,210703,206,bytes 306479362-306690064/498427477,210703,210703,206.87762500165263,206.92350000172155,155.42920799998683,362.391957998625,True,
1,283,3,fresh-client,1,cross_512_edge,deflate_256,DEFLATE,256,20,22,902,306690073,306897377,207305,206,bytes 306690073-306897377/498427477,207305,207305,152.36116600135574,152.39070800089394,131.80045899935067,284.2372500017518,True,
1,284,4,fresh-client,1,cross_128_corner,lzw_256,LZW,256,20,20,900,406553924,406841161,287238,206,bytes 406553924-406841161/661012853,287238,287238,162.34029199767974,162.37162499965052,408.84525000001304,571.256541999901,True,
1,285,3,fresh-client,1,cross_256_corner,deflate_128,DEFLATE,128,41,41,3649,309501616,309555017,53402,206,bytes 309501616-309555017/499617324,53402,53402,151.18429199719685,151.21158399779233,57.11375000100816,208.33820899861166,True,
1,285,3,fresh-client,1,cross_256_corner,deflate_128,DEFLATE,128,41,42,3650,309555026,309609246,54221,206,bytes 309555026-309609246/499617324,54221,54221,152.65945799910696,152.69229199839174,120.25633399753133,272.9963329984457,True,
1,285,3,fresh-client,1,cross_256_corner,deflate_128,DEFLATE,128,42,41,3737,313827295,313880653,53359,206,bytes 313827295-313880653/499617324,53359,53359,153.34079199965345,153.37279199957266,51.37720800121315,204.76383399727638,True,
1,285,3,fresh-client,1,cross_256_corner,deflate_128,DEFLATE,128,42,42,3738,313880662,313934033,53372,206,bytes 313880662-313934033/499617324,53372,53372,163.76729200055706,163.80533399933483,57.173541998054134,220.99283399802516,True,
1,286,1,fresh-client,1,cross_128_corner,lzw_256,LZW,256,20,20,900,406553924,406841161,287238,206,bytes 406553924-406841161/661012853,287238,287238,244.98049999965588,245.07804099994246,126.36333300179103,371.4928749977844,True,
1,287,2,fresh-client,1,cross_512_edge,zstd_512,ZSTD,512,10,10,230,304767160,305606839,839680,206,bytes 304767160-305606839/490194415,839680,839680,176.54599999877973,176.58095799924922,433.6555000008957,610.2832079996006,True,
1,287,2,fresh-client,1,cross_512_edge,zstd_512,ZSTD,512,10,11,231,305606848,306426901,820054,206,bytes 305606848-306426901/490194415,820054,820054,296.07716699683806,296.18345799826784,320.7366249989718,616.9691670002067,True,
1,288,1,fresh-client,1,cross_256_edge,zstd_128,ZSTD,128,40,41,3561,300282113,300335031,52919,206,bytes 300282113-300335031/492119117,52919,52919,141.62095799838426,141.6524579981342,60.49587500092457,202.16037499994854,True,
1,288,1,fresh-client,1,cross_256_edge,zstd_128,ZSTD,128,40,42,3562,300335040,300386695,51656,206,bytes 300335040-300386695/492119117,51656,51656,230.92158299914445,231.03237499890383,76.2107919981645,307.3068339981546,True,
1,289,3,fresh-client,1,cross_512_edge,deflate_512,DEFLATE,512,10,10,230,310426888,311281522,854635,206,bytes 310426888-311281522/499024403,854635,854635,147.5453329985612,147.57512500000303,322.0621670006949,469.68337499856716,True,
1,289,3,fresh-client,1,cross_512_edge,deflate_512,DEFLATE,512,10,11,231,311281531,312113785,832255,206,bytes 311281531-312113785/499024403,832255,832255,146.25050000176998,146.27854200080037,366.4822920000006,512.8092090017162,True,
1,290,2,fresh-client,1,cross_256_corner,lzw_128,LZW,128,41,41,3649,409965315,410035919,70605,206,bytes 409965315-410035919/661264391,70605,70605,147.92458300144062,147.95787500042934,86.99358299782034,234.98058300174307,True,
1,290,2,fresh-client,1,cross_256_corner,lzw_128,LZW,128,41,42,3650,410035928,410107613,71686,206,bytes 410035928-410107613/661264391,71686,71686,158.95733399884193,158.98729200125672,97.503749999305,256.5280000017083,True,
1,290,2,fresh-client,1,cross_256_corner,lzw_128,LZW,128,42,41,3737,415676272,415746842,70571,206,bytes 415676272-415746842/661264391,70571,70571,162.05749999789987,162.0922089969099,60.24854100178345,222.3653339970042,True,
1,290,2,fresh-client,1,cross_256_corner,lzw_128,LZW,128,42,42,3738,415746851,415817546,70696,206,bytes 415746851-415817546/661264391,70696,70696,250.3052909996768,250.41666600009194,61.46487499790965,311.8997079982364,True,
1,291,5,fresh-client,1,interior,deflate_256,DEFLATE,256,20,20,900,306262458,306479353,216896,206,bytes 306262458-306479353/498427477,216896,216896,321.13783399836393,321.1687500006519,174.02812500222353,495.24791699877824,True,
1,292,3,fresh-client,1,cross_128_corner,lzw_512,LZW,512,10,10,230,411686466,412818824,1132359,206,bytes 411686466-412818824/661107776,1132359,1132359,127.38166599956458,127.40499999927124,488.5528749982768,616.0055830005149,True,
1,293,5,fresh-client,1,cross_128_edge,lzw_256,LZW,256,20,20,900,406553924,406841161,287238,206,bytes 406553924-406841161/661012853,287238,287238,153.04529200147954,153.07575000042561,114.51237500295974,267.6279590014019,True,
1,294,4,fresh-client,1,cross_512_corner,deflate_128,DEFLATE,128,43,43,3827,318224016,318278030,54015,206,bytes 318224016-318278030/499617324,54015,54015,167.79395900084637,167.83229200154892,68.5174160025781,236.38079200100037,True,
1,294,4,fresh-client,1,cross_512_corner,deflate_128,DEFLATE,128,43,44,3828,318278039,318331048,53010,206,bytes 318278039-318331048/499617324,53010,53010,171.2732500018319,171.3074580002285,106.56066699812072,277.9182080012106,True,
1,294,4,fresh-client,1,cross_512_corner,deflate_128,DEFLATE,128,44,43,3915,322379939,322432680,52742,206,bytes 322379939-322432680/499617324,52742,52742,202.86670799760032,202.91612499931944,47.2133750008652,250.15933299800963,True,
1,294,4,fresh-client,1,cross_512_corner,deflate_128,DEFLATE,128,44,44,3916,322432689,322485817,53129,206,bytes 322432689-322485817/499617324,53129,53129,150.5582499994489,150.59104100146214,111.37783300000592,262.01291600227705,True,
1,295,5,fresh-client,1,cross_256_corner,zstd_256,ZSTD,256,20,20,900,301115142,301328168,213027,206,bytes 301115142-301328168/490384277,213027,213027,153.74579100171104,153.7730410018412,125.95849999706843,279.7781250010303,True,
1,295,5,fresh-client,1,cross_256_corner,zstd_256,ZSTD,256,20,21,901,301328177,301535592,207416,206,bytes 301328177-301535592/490384277,207416,207416,174.12241700003506,174.1543759999331,814.4989579996036,988.6973759967077,True,
1,295,5,fresh-client,1,cross_256_corner,zstd_256,ZSTD,256,21,20,944,309614499,309824334,209836,206,bytes 309614499-309824334/490384277,209836,209836,149.99075000014273,150.01379100067425,110.07379100192338,260.13370800137636,True,
1,295,5,fresh-client,1,cross_256_corner,zstd_256,ZSTD,256,21,21,945,309824343,310033910,209568,206,bytes 309824343-310033910/490384277,209568,209568,219.45775000131107,219.53087499787216,156.45958399909432,376.0430420006742,True,
1,296,2,fresh-client,1,cross_256_corner,deflate_512,DEFLATE,512,10,10,230,310426888,311281522,854635,206,bytes 310426888-311281522/499024403,854635,854635,133.45824999851175,133.48545899862074,300.2853750003851,433.80879200049094,True,
1,297,5,fresh-client,1,cross_128_edge,deflate_256,DEFLATE,256,20,20,900,306262458,306479353,216896,206,bytes 306262458-306479353/498427477,216896,216896,186.13516699770116,186.17762500070967,133.50387500031502,319.7234170002048,True,
1,298,2,fresh-client,1,cross_512_corner,zstd_256,ZSTD,256,21,21,945,309824343,310033910,209568,206,bytes 309824343-310033910/490384277,209568,209568,181.61787500139326,181.65529199904995,411.370251000335,593.0699999989884,True,
1,298,2,fresh-client,1,cross_512_corner,zstd_256,ZSTD,256,21,22,946,310033919,310240520,206602,206,bytes 310033919-310240520/490384277,206602,206602,349.4562079977186,349.5511249966512,381.16879199878895,730.7882499990228,True,
1,298,2,fresh-client,1,cross_512_corner,zstd_256,ZSTD,256,22,21,989,318075010,318281956,206947,206,bytes 318075010-318281956/490384277,206947,206947,140.69345799725852,140.72183299867902,178.8658330006001,319.63237499803654,True,
1,298,2,fresh-client,1,cross_512_corner,zstd_256,ZSTD,256,22,22,990,318281965,318490136,208172,206,bytes 318281965-318490136/490384277,208172,208172,199.89637500111712,199.9395840030047,155.83699999842793,355.87437600042904,True,
1,299,1,fresh-client,1,cross_128_edge,zstd_256,ZSTD,256,20,20,900,301115142,301328168,213027,206,bytes 301115142-301328168/490384277,213027,213027,233.19570899911923,233.29799999919487,109.44883300180663,342.79733399671386,True,
1,300,3,fresh-client,1,cross_256_corner,zstd_512,ZSTD,512,10,10,230,304767160,305606839,839680,206,bytes 304767160-305606839/490194415,839680,839680,141.26866599690402,141.2979999986419,486.09674999897834,627.4387919984292,True,
1,301,2,fresh-client,1,interior,zstd_256,ZSTD,256,20,20,900,301115142,301328168,213027,206,bytes 301115142-301328168/490384277,213027,213027,344.9744160025148,345.0048330014397,106.16004199982854,451.200167000934,True,
1,302,3,fresh-client,1,cross_128_edge,lzw_256,LZW,256,20,20,900,406553924,406841161,287238,206,bytes 406553924-406841161/661012853,287238,287238,134.0859999982058,134.1147919993091,142.59395900080563,276.7434579982364,True,
1,303,4,fresh-client,1,cross_128_edge,deflate_512,DEFLATE,512,10,10,230,310426888,311281522,854635,206,bytes 310426888-311281522/499024403,854635,854635,142.0335000002524,142.0609169981617,327.75479200063273,469.8510419984814,True,
1,304,2,fresh-client,1,cross_512_edge,lzw_128,LZW,128,40,43,3563,404303630,404372483,68854,206,bytes 404303630-404372483/661264391,68854,68854,168.2139999975334,168.24220799753675,75.26775000224006,243.53449999762233,True,
1,304,2,fresh-client,1,cross_512_edge,lzw_128,LZW,128,40,44,3564,404372492,404440436,67945,206,bytes 404372492-404440436/661264391,67945,67945,164.59050000048592,164.6210830003838,82.66708299925085,247.315125001478,True,
1,305,3,fresh-client,1,cross_128_edge,lzw_128,LZW,128,40,40,3560,404091050,404163820,72771,206,bytes 404091050-404163820/661264391,72771,72771,140.2632919998723,140.29458399818395,89.29250000073807,229.61354200015194,True,
1,305,3,fresh-client,1,cross_128_edge,lzw_128,LZW,128,40,41,3561,404163829,404234861,71033,206,bytes 404163829-404234861/661264391,71033,71033,153.74220900048385,153.77749999970547,57.288708001578925,211.0805000011169,True,
1,306,4,fresh-client,1,cross_512_corner,lzw_256,LZW,256,21,21,945,418246405,418529582,283178,206,bytes 418246405-418529582/661012853,283178,283178,221.0478749984759,221.09754099801648,1333.7580420011363,1554.9140420007461,True,
1,306,4,fresh-client,1,cross_512_corner,lzw_256,LZW,256,21,22,946,418529591,418807664,278074,206,bytes 418529591-418807664/661012853,278074,278074,175.16220900142798,175.2023340013693,166.96787500040955,342.21487600007094,True,
1,306,4,fresh-client,1,cross_512_corner,lzw_256,LZW,256,22,21,989,429313097,429591287,278191,206,bytes 429313097-429591287/661012853,278191,278191,167.17954200066742,167.21154200058663,143.11383300082525,310.37045900302473,True,
1,306,4,fresh-client,1,cross_512_corner,lzw_256,LZW,256,22,22,990,429591296,429871211,279916,206,bytes 429591296-429871211/661012853,279916,279916,164.72283300026902,164.7575829993002,154.38058400104637,319.1658750001807,True,
1,307,3,fresh-client,1,cross_128_corner,lzw_256,LZW,256,20,20,900,406553924,406841161,287238,206,bytes 406553924-406841161/661012853,287238,287238,156.49658300026204,156.52641599808703,130.67933400088805,287.25112499887473,True,
1,308,4,fresh-client,1,cross_512_corner,zstd_512,ZSTD,512,10,10,230,304767160,305606839,839680,206,bytes 304767160-305606839/490194415,839680,839680,249.00204200093867,249.10916699809604,407.37487499791314,656.5379169987864,True,
1,308,4,fresh-client,1,cross_512_corner,zstd_512,ZSTD,512,10,11,231,305606848,306426901,820054,206,bytes 305606848-306426901/490194415,820054,820054,149.1478329990059,149.18224999928498,912.3311679977633,1061.5702920003969,True,
1,308,4,fresh-client,1,cross_512_corner,zstd_512,ZSTD,512,11,10,252,321640707,322458855,818149,206,bytes 321640707-322458855/490194415,818149,818149,157.9994589992566,158.03104199949303,317.4925829989661,475.55491700040875,True,
1,308,4,fresh-client,1,cross_512_corner,zstd_512,ZSTD,512,11,11,253,322458864,323289120,830257,206,bytes 322458864-323289120/490194415,830257,830257,161.64375000153086,161.67795900037163,403.0709170001501,564.7967500008235,True,
1,309,1,fresh-client,1,cross_256_corner,zstd_256,ZSTD,256,20,20,900,301115142,301328168,213027,206,bytes 301115142-301328168/490384277,213027,213027,152.9655830017873,152.99666700229864,204.21829199767672,357.25591700247605,True,
1,309,1,fresh-client,1,cross_256_corner,zstd_256,ZSTD,256,20,21,901,301328177,301535592,207416,206,bytes 301328177-301535592/490384277,207416,207416,162.99050000088755,163.02441700099735,118.79762500029756,281.8662919999042,True,
1,309,1,fresh-client,1,cross_256_corner,zstd_256,ZSTD,256,21,20,944,309614499,309824334,209836,206,bytes 309614499-309824334/490384277,209836,209836,114.30262499925448,114.32483299722662,527.3559169982036,641.7477919967496,True,
1,309,1,fresh-client,1,cross_256_corner,zstd_256,ZSTD,256,21,21,945,309824343,310033910,209568,206,bytes 309824343-310033910/490384277,209568,209568,333.85199999975157,333.88270800060127,103.3101249995525,437.2282920012367,True,
1,310,2,fresh-client,1,interior,lzw_512,LZW,512,10,10,230,411686466,412818824,1132359,206,bytes 411686466-412818824/661107776,1132359,1132359,256.9373749975057,257.0285839974531,485.39941699709743,742.4835839992738,True,
1,311,1,fresh-client,1,cross_512_edge,deflate_512,DEFLATE,512,10,10,230,310426888,311281522,854635,206,bytes 310426888-311281522/499024403,854635,854635,164.04804200283252,164.08029200101737,401.17554199969163,565.3050830005668,True,
1,311,1,fresh-client,1,cross_512_edge,deflate_512,DEFLATE,512,10,11,231,311281531,312113785,832255,206,bytes 311281531-312113785/499024403,832255,832255,530.5741670017596,530.6843340003979,1214.7479170016595,1745.4902509998647,True,
1,312,3,fresh-client,1,cross_128_corner,zstd_256,ZSTD,256,20,20,900,301115142,301328168,213027,206,bytes 301115142-301328168/490384277,213027,213027,218.23724999921978,218.2872910016158,248.72825000056764,467.0595419993333,True,
1,313,2,fresh-client,1,cross_512_corner,lzw_128,LZW,128,43,43,3827,421475357,421546899,71543,206,bytes 421475357-421546899/661264391,71543,71543,167.2976669979107,167.33129199928953,65.81499999811058,233.17745799795375,True,
1,313,2,fresh-client,1,cross_512_corner,lzw_128,LZW,128,43,44,3828,421546908,421617252,70345,206,bytes 421546908-421617252/661264391,70345,70345,140.48983300017426,140.5194159997336,92.44533400124055,233.0077499973413,True,
1,313,2,fresh-client,1,cross_512_corner,lzw_128,LZW,128,44,43,3915,426954274,427023840,69567,206,bytes 426954274-427023840/661264391,69567,69567,145.50558400151203,145.53641699967557,78.99691700004041,224.5502090008813,True,
1,313,2,fresh-client,1,cross_512_corner,lzw_128,LZW,128,44,44,3916,427023849,427094094,70246,206,bytes 427023849-427094094/661264391,70246,70246,232.94487499879324,233.0294999992475,53.50250000265078,286.59274999881745,True,
1,314,1,fresh-client,1,cross_128_corner,lzw_128,LZW,128,40,40,3560,404091050,404163820,72771,206,bytes 404091050-404163820/661264391,72771,72771,189.51441700119176,189.5703330010292,56.34579199977452,245.94345800142037,True,
1,314,1,fresh-client,1,cross_128_corner,lzw_128,LZW,128,40,41,3561,404163829,404234861,71033,206,bytes 404163829-404234861/661264391,71033,71033,144.11470900085988,144.1507920026197,74.69175000005635,218.86654199988698,True,
1,314,1,fresh-client,1,cross_128_corner,lzw_128,LZW,128,41,40,3648,409892800,409965306,72507,206,bytes 409892800-409965306/661264391,72507,72507,172.60895799699938,172.64304199852631,62.859041998308385,235.53583299872116,True,
1,314,1,fresh-client,1,cross_128_corner,lzw_128,LZW,128,41,41,3649,409965315,410035919,70605,206,bytes 409965315-410035919/661264391,70605,70605,291.8367500024033,291.9827500008978,56.35691699717427,348.3957080024993,True,
1,315,1,fresh-client,1,cross_256_corner,deflate_128,DEFLATE,128,41,41,3649,309501616,309555017,53402,206,bytes 309501616-309555017/499617324,53402,53402,158.3810000010999,158.4270830026071,48.70304200085229,207.1444169996539,True,
1,315,1,fresh-client,1,cross_256_corner,deflate_128,DEFLATE,128,41,42,3650,309555026,309609246,54221,206,bytes 309555026-309609246/499617324,54221,54221,179.53591600235086,179.57408300208044,57.344541000929894,236.95429100189358,True,
1,315,1,fresh-client,1,cross_256_corner,deflate_128,DEFLATE,128,42,41,3737,313827295,313880653,53359,206,bytes 313827295-313880653/499617324,53359,53359,139.9284999970405,139.95829099803814,60.379957998520695,200.35187499888707,True,
1,315,1,fresh-client,1,cross_256_corner,deflate_128,DEFLATE,128,42,42,3738,313880662,313934033,53372,206,bytes 313880662-313934033/499617324,53372,53372,136.61933399998816,136.6450839996105,51.19691700019757,187.85379200198804,True,
2,1,5,fresh-client,1,cross_256_edge,deflate_512,DEFLATE,512,10,10,230,310426888,311281522,854635,206,bytes 310426888-311281522/499024403,854635,854635,480.56462599925,480.67741699924227,541.2439169995196,1021.9776679987262,True,
2,2,2,fresh-client,1,cross_128_edge,zstd_256,ZSTD,256,20,20,900,301115142,301328168,213027,206,bytes 301115142-301328168/490384277,213027,213027,129.83841599998414,129.86616600028356,160.2558750018943,290.18795800220687,True,
2,3,1,fresh-client,1,cross_128_corner,zstd_256,ZSTD,256,20,20,900,301115142,301328168,213027,206,bytes 301115142-301328168/490384277,213027,213027,255.96762499844772,256.07604200195055,158.32304200012004,414.52249999929336,True,
2,4,5,fresh-client,1,cross_128_corner,lzw_512,LZW,512,10,10,230,411686466,412818824,1132359,206,bytes 411686466-412818824/661107776,1132359,1132359,168.8551249972079,168.89091599659878,363.57212599978084,532.5129579978238,True,
2,5,4,fresh-client,1,cross_128_corner,deflate_512,DEFLATE,512,10,10,230,310426888,311281522,854635,206,bytes 310426888-311281522/499024403,854635,854635,152.0146670009126,152.04504200301017,407.6857079999172,559.7800830000779,True,
2,6,3,fresh-client,1,cross_128_corner,lzw_128,LZW,128,40,40,3560,404091050,404163820,72771,206,bytes 404091050-404163820/661264391,72771,72771,200.21387499946286,200.26537499870756,111.96954199840548,312.27545799993095,True,
2,6,3,fresh-client,1,cross_128_corner,lzw_128,LZW,128,40,41,3561,404163829,404234861,71033,206,bytes 404163829-404234861/661264391,71033,71033,143.79154099879088,143.82220799961942,75.19987500199932,219.04033299870207,True,
2,6,3,fresh-client,1,cross_128_corner,lzw_128,LZW,128,41,40,3648,409892800,409965306,72507,206,bytes 409892800-409965306/661264391,72507,72507,142.9225409992796,142.95224999659695,504.51716699899407,647.5164579969714,True,
2,6,3,fresh-client,1,cross_128_corner,lzw_128,LZW,128,41,41,3649,409965315,410035919,70605,206,bytes 409965315-410035919/661264391,70605,70605,150.50070800134563,150.5341660013073,63.46350000239909,214.0118750030524,True,
2,7,5,fresh-client,1,cross_512_corner,zstd_128,ZSTD,128,43,43,3827,313219659,313272608,52950,206,bytes 313219659-313272608/492119117,52950,52950,163.92308400099864,163.95979200024158,49.99516600219067,213.96733399888035,True,
2,7,5,fresh-client,1,cross_512_corner,zstd_128,ZSTD,128,43,44,3828,313272617,313324753,52137,206,bytes 313272617-313324753/492119117,52137,52137,230.20087499753572,230.300666000403,45.7403330001398,276.0796250004205,True,
2,7,5,fresh-client,1,cross_512_corner,zstd_128,ZSTD,128,44,43,3915,317314658,317366615,51958,206,bytes 317314658-317366615/492119117,51958,51958,144.1290000002482,144.1596659969946,48.17412500051432,192.3449999994773,True,
2,7,5,fresh-client,1,cross_512_corner,zstd_128,ZSTD,128,44,44,3916,317366624,317418939,52316,206,bytes 317366624-317418939/492119117,52316,52316,121.14433399983682,121.17062499964959,54.67304199919454,175.85424999924726,True,
2,8,2,fresh-client,1,interior,zstd_512,ZSTD,512,10,10,230,304767160,305606839,839680,206,bytes 304767160-305606839/490194415,839680,839680,138.89441699939198,138.92316700002993,318.98741699842503,457.98679200015613,True,
2,9,1,fresh-client,1,cross_128_edge,deflate_256,DEFLATE,256,20,20,900,306262458,306479353,216896,206,bytes 306262458-306479353/498427477,216896,216896,228.17387499890174,228.23604199948022,153.11779100011336,381.3990000016929,True,
2,10,1,fresh-client,1,cross_512_corner,deflate_128,DEFLATE,128,43,43,3827,318224016,318278030,54015,206,bytes 318224016-318278030/499617324,54015,54015,133.27774999925168,133.3026249994873,82.37179199932143,215.72045799985062,True,
2,10,1,fresh-client,1,cross_512_corner,deflate_128,DEFLATE,128,43,44,3828,318278039,318331048,53010,206,bytes 318278039-318331048/499617324,53010,53010,129.74095800018404,129.77074999798788,48.78837499927613,178.56941699938034,True,
2,10,1,fresh-client,1,cross_512_corner,deflate_128,DEFLATE,128,44,43,3915,322379939,322432680,52742,206,bytes 322379939-322432680/499617324,52742,52742,167.42574999807402,167.45916699801455,170.22775000077672,337.7390839996224,True,
2,10,1,fresh-client,1,cross_512_corner,deflate_128,DEFLATE,128,44,44,3916,322432689,322485817,53129,206,bytes 322432689-322485817/499617324,53129,53129,156.91925000282936,156.95083300306578,84.728833000554,241.71379200197407,True,
2,11,1,fresh-client,1,cross_128_edge,lzw_256,LZW,256,20,20,900,406553924,406841161,287238,206,bytes 406553924-406841161/661012853,287238,287238,319.0566250013944,319.0825000019686,158.0323749985837,477.14887500114855,True,
2,12,4,fresh-client,1,cross_512_corner,deflate_512,DEFLATE,512,10,10,230,310426888,311281522,854635,206,bytes 310426888-311281522/499024403,854635,854635,221.3162919979368,221.4006670001254,610.1205830018444,831.5741669975978,True,
2,12,4,fresh-client,1,cross_512_corner,deflate_512,DEFLATE,512,10,11,231,311281531,312113785,832255,206,bytes 311281531-312113785/499024403,832255,832255,149.6335830015596,149.66329100207076,325.6139589975646,475.3074580003158,True,
2,12,4,fresh-client,1,cross_512_corner,deflate_512,DEFLATE,512,11,10,252,327623520,328452071,828552,206,bytes 327623520-328452071/499024403,828552,828552,247.65504100287217,247.75008300275658,416.66375000204425,664.4645830019726,True,
2,12,4,fresh-client,1,cross_512_corner,deflate_512,DEFLATE,512,11,11,253,328452080,329294883,842804,206,bytes 328452080-329294883/499024403,842804,842804,231.49020799974096,231.54162499849917,605.2253750021919,836.813957997947,True,
2,13,5,fresh-client,1,cross_256_corner,zstd_128,ZSTD,128,41,41,3649,304621142,304673679,52538,206,bytes 304621142-304673679/492119117,52538,52538,187.3983750010666,187.44266700014123,84.51537500150152,272.0037090002734,True,
2,13,5,fresh-client,1,cross_256_corner,zstd_128,ZSTD,128,41,42,3650,304673688,304726888,53201,206,bytes 304673688-304726888/492119117,53201,53201,152.36354199805646,152.39562499846215,120.74324999775854,273.1796250009211,True,
2,13,5,fresh-client,1,cross_256_corner,zstd_128,ZSTD,128,42,41,3737,308887700,308940134,52435,206,bytes 308887700-308940134/492119117,52435,52435,246.60504200073774,246.7067079996923,65.96124999850872,312.70437499915715,True,
2,13,5,fresh-client,1,cross_256_corner,zstd_128,ZSTD,128,42,42,3738,308940143,308992671,52529,206,bytes 308940143-308992671/492119117,52529,52529,169.863750001241,169.9050419993,54.99104200134752,224.92241700092563,True,
2,14,2,fresh-client,1,cross_128_edge,zstd_512,ZSTD,512,10,10,230,304767160,305606839,839680,206,bytes 304767160-305606839/490194415,839680,839680,177.442374999373,177.48487499920884,341.3062079998781,518.8407079986064,True,
2,15,2,fresh-client,1,cross_256_corner,zstd_256,ZSTD,256,20,20,900,301115142,301328168,213027,206,bytes 301115142-301328168/490384277,213027,213027,259.22491700112005,259.32654200005345,116.01420900115045,375.45895899893367,True,
2,15,2,fresh-client,1,cross_256_corner,zstd_256,ZSTD,256,20,21,901,301328177,301535592,207416,206,bytes 301328177-301535592/490384277,207416,207416,167.21999999936088,167.25579199919594,169.86854200149537,337.17095799875096,True,
2,15,2,fresh-client,1,cross_256_corner,zstd_256,ZSTD,256,21,20,944,309614499,309824334,209836,206,bytes 309614499-309824334/490384277,209836,209836,163.4270419999666,163.46279199933633,131.71112499912851,295.2222919993801,True,
2,15,2,fresh-client,1,cross_256_corner,zstd_256,ZSTD,256,21,21,945,309824343,310033910,209568,206,bytes 309824343-310033910/490384277,209568,209568,136.98999999905936,137.01850000143168,237.94795900175814,375.011625001207,True,
2,16,4,fresh-client,1,cross_128_edge,zstd_512,ZSTD,512,10,10,230,304767160,305606839,839680,206,bytes 304767160-305606839/490194415,839680,839680,170.68770800324273,170.7235000030778,343.7536250021367,514.5327500031271,True,
2,17,3,fresh-client,1,cross_512_corner,lzw_256,LZW,256,21,21,945,418246405,418529582,283178,206,bytes 418246405-418529582/661012853,283178,283178,153.5525420003978,153.58862499851966,242.30404199988698,395.9385009984544,True,
2,17,3,fresh-client,1,cross_512_corner,lzw_256,LZW,256,21,22,946,418529591,418807664,278074,206,bytes 418529591-418807664/661012853,278074,278074,226.04400000273017,226.1421250004787,198.76029200167977,424.9506250016566,True,
2,17,3,fresh-client,1,cross_512_corner,lzw_256,LZW,256,22,21,989,429313097,429591287,278191,206,bytes 429313097-429591287/661012853,278191,278191,162.1011669994914,162.14874999786844,115.71795900090365,277.9083339992212,True,
2,17,3,fresh-client,1,cross_512_corner,lzw_256,LZW,256,22,22,990,429591296,429871211,279916,206,bytes 429591296-429871211/661012853,279916,279916,147.21045799888088,147.23920799951884,256.13570799760055,403.4202920011012,True,
2,18,2,fresh-client,1,cross_512_corner,deflate_128,DEFLATE,128,43,43,3827,318224016,318278030,54015,206,bytes 318224016-318278030/499617324,54015,54015,369.58645900085685,369.6306669990008,117.23445799725596,486.91320899888524,True,
2,18,2,fresh-client,1,cross_512_corner,deflate_128,DEFLATE,128,43,44,3828,318278039,318331048,53010,206,bytes 318278039-318331048/499617324,53010,53010,156.5869579972059,156.61837500010733,58.331541000370635,214.99645799849532,True,
2,18,2,fresh-client,1,cross_512_corner,deflate_128,DEFLATE,128,44,43,3915,322379939,322432680,52742,206,bytes 322379939-322432680/499617324,52742,52742,159.99937500237138,160.03037500195205,173.83316699852003,333.89520900163916,True,
2,18,2,fresh-client,1,cross_512_corner,deflate_128,DEFLATE,128,44,44,3916,322432689,322485817,53129,206,bytes 322432689-322485817/499617324,53129,53129,191.29112500013434,191.34533400210785,52.28175000229385,243.65741700239596,True,
2,19,5,fresh-client,1,cross_512_corner,lzw_512,LZW,512,10,10,230,411686466,412818824,1132359,206,bytes 411686466-412818824/661107776,1132359,1132359,172.54158300056588,172.57829099980881,434.50183299864875,607.1107500029029,True,
2,19,5,fresh-client,1,cross_512_corner,lzw_512,LZW,512,10,11,231,412818833,413920320,1101488,206,bytes 412818833-413920320/661107776,1101488,1101488,187.18262500260607,187.22395800068625,711.8082089982636,899.0832090021286,True,
2,19,5,fresh-client,1,cross_512_corner,lzw_512,LZW,512,11,10,252,434325460,435426146,1100687,206,bytes 434325460-435426146/661107776,1100687,1100687,140.06558300025063,140.0942500004021,983.5963760015147,1123.7414589995751,True,
2,19,5,fresh-client,1,cross_512_corner,lzw_512,LZW,512,11,11,253,435426155,436544622,1118468,206,bytes 435426155-436544622/661107776,1118468,1118468,260.8122080018802,260.92912500098464,1247.016834000533,1508.007209002244,True,
2,20,5,fresh-client,1,interior,zstd_256,ZSTD,256,20,20,900,301115142,301328168,213027,206,bytes 301115142-301328168/490384277,213027,213027,166.83566700157826,166.8749590025982,126.2626249990717,293.1855839997297,True,
2,21,1,fresh-client,1,interior,deflate_128,DEFLATE,128,40,40,3560,305047460,305102560,55101,206,bytes 305047460-305102560/499617324,55101,55101,158.45016700041015,158.48329199798172,52.23279200072284,210.73012499982724,True,
2,22,3,fresh-client,1,interior,zstd_256,ZSTD,256,20,20,900,301115142,301328168,213027,206,bytes 301115142-301328168/490384277,213027,213027,158.12754199941992,158.16233299847227,201.18762499987497,359.39574999792967,True,
2,23,3,fresh-client,1,cross_128_corner,zstd_256,ZSTD,256,20,20,900,301115142,301328168,213027,206,bytes 301115142-301328168/490384277,213027,213027,163.4258750018489,163.46300000077463,109.76162499719067,273.25083300092956,True,
2,24,3,fresh-client,1,cross_128_edge,deflate_512,DEFLATE,512,10,10,230,310426888,311281522,854635,206,bytes 310426888-311281522/499024403,854635,854635,155.6431250028254,155.67570800340036,346.3297499984037,502.054083000985,True,
2,25,3,fresh-client,1,interior,lzw_256,LZW,256,20,20,900,406553924,406841161,287238,206,bytes 406553924-406841161/661012853,287238,287238,257.9261669998232,258.0255840002792,135.39208300062455,393.46829199712374,True,
2,26,5,fresh-client,1,cross_128_corner,deflate_512,DEFLATE,512,10,10,230,310426888,311281522,854635,206,bytes 310426888-311281522/499024403,854635,854635,236.29545800213236,236.36783300025854,273.79129199835006,510.20066700220923,True,
2,27,4,fresh-client,1,cross_256_corner,deflate_512,DEFLATE,512,10,10,230,310426888,311281522,854635,206,bytes 310426888-311281522/499024403,854635,854635,190.66466599906562,190.71087499833084,469.1637920004723,659.9332080004388,True,
2,28,4,fresh-client,1,cross_256_corner,zstd_512,ZSTD,512,10,10,230,304767160,305606839,839680,206,bytes 304767160-305606839/490194415,839680,839680,164.57354199883412,164.60437500063563,325.54787499975646,490.19883399887476,True,
2,29,4,fresh-client,1,cross_256_edge,zstd_256,ZSTD,256,20,20,900,301115142,301328168,213027,206,bytes 301115142-301328168/490384277,213027,213027,230.4427509989182,230.550250998931,103.48983299991232,334.0930419981305,True,
2,29,4,fresh-client,1,cross_256_edge,zstd_256,ZSTD,256,20,21,901,301328177,301535592,207416,206,bytes 301328177-301535592/490384277,207416,207416,156.1153340007877,156.15058399998816,116.1580000007234,272.359583999787,True,
2,30,2,fresh-client,1,cross_512_edge,lzw_256,LZW,256,20,21,901,406841170,407119092,277923,206,bytes 406841170-407119092/661012853,277923,277923,332.15662500151666,332.1881250012666,135.28654199762968,467.50683299978846,True,
2,30,2,fresh-client,1,cross_512_edge,lzw_256,LZW,256,20,22,902,407119101,407393560,274460,206,bytes 407119101-407393560/661012853,274460,274460,272.60562499941443,272.6910829987901,175.18866599857574,447.93770799878985,True,
2,31,4,fresh-client,1,cross_512_corner,zstd_128,ZSTD,128,43,43,3827,313219659,313272608,52950,206,bytes 313219659-313272608/492119117,52950,52950,167.01620800085948,167.04720800044015,57.890749998477986,224.95024999807356,True,
2,31,4,fresh-client,1,cross_512_corner,zstd_128,ZSTD,128,43,44,3828,313272617,313324753,52137,206,bytes 313272617-313324753/492119117,52137,52137,140.17320800121524,140.19783300318522,75.94787499692757,216.16637500119396,True,
2,31,4,fresh-client,1,cross_512_corner,zstd_128,ZSTD,128,44,43,3915,317314658,317366615,51958,206,bytes 317314658-317366615/492119117,51958,51958,169.8754579992965,169.9001250017318,50.278333001188,220.21029200186604,True,
2,31,4,fresh-client,1,cross_512_corner,zstd_128,ZSTD,128,44,44,3916,317366624,317418939,52316,206,bytes 317366624-317418939/492119117,52316,52316,188.69433299914817,188.77162499848055,48.32883299968671,237.14258299878566,True,
2,32,2,fresh-client,1,cross_512_corner,lzw_256,LZW,256,21,21,945,418246405,418529582,283178,206,bytes 418246405-418529582/661012853,283178,283178,158.92004200213705,158.95662500042818,244.8694999984582,403.8671250018524,True,
2,32,2,fresh-client,1,cross_512_corner,lzw_256,LZW,256,21,22,946,418529591,418807664,278074,206,bytes 418529591-418807664/661012853,278074,278074,172.98670899981516,173.02158399979817,208.3055000002787,381.3674170014565,True,
2,32,2,fresh-client,1,cross_512_corner,lzw_256,LZW,256,22,21,989,429313097,429591287,278191,206,bytes 429313097-429591287/661012853,278191,278191,217.47741700164624,217.5296250024985,166.09058399990317,383.65287499982514,True,
2,32,2,fresh-client,1,cross_512_corner,lzw_256,LZW,256,22,22,990,429591296,429871211,279916,206,bytes 429591296-429871211/661012853,279916,279916,142.12004200089723,142.150292002043,159.3085409986088,301.5089580003405,True,
2,33,4,fresh-client,1,cross_128_edge,zstd_128,ZSTD,128,40,40,3560,300228058,300282104,54047,206,bytes 300228058-300282104/492119117,54047,54047,154.66416699928232,154.69608300190885,117.96624999988126,272.70204199885484,True,
2,33,4,fresh-client,1,cross_128_edge,zstd_128,ZSTD,128,40,41,3561,300282113,300335031,52919,206,bytes 300282113-300335031/492119117,52919,52919,245.2028750012687,245.30474999846774,53.58141699980479,298.9440839992312,True,
2,34,3,fresh-client,1,cross_256_edge,deflate_128,DEFLATE,128,40,41,3561,305102569,305156400,53832,206,bytes 305102569-305156400/499617324,53832,53832,140.2892919977603,140.34458399692085,137.03520800117985,277.41995899850735,True,
2,34,3,fresh-client,1,cross_256_edge,deflate_128,DEFLATE,128,40,42,3562,305156409,305208764,52356,206,bytes 305156409-305208764/499617324,52356,52356,138.42154200028745,138.44970799982548,81.45366700045997,219.92799999861745,True,
2,35,2,fresh-client,1,interior,lzw_128,LZW,128,40,40,3560,404091050,404163820,72771,206,bytes 404091050-404163820/661264391,72771,72771,186.49766700036707,186.5420419999282,89.71058300085133,276.29287599847885,True,
2,36,1,fresh-client,1,cross_512_corner,deflate_512,DEFLATE,512,10,10,230,310426888,311281522,854635,206,bytes 310426888-311281522/499024403,854635,854635,453.0702080010087,453.19041699985974,676.6945839990512,1129.94529199932,True,
2,36,1,fresh-client,1,cross_512_corner,deflate_512,DEFLATE,512,10,11,231,311281531,312113785,832255,206,bytes 311281531-312113785/499024403,832255,832255,192.9425420021289,192.98779200107674,287.4730000003183,480.49354199974914,True,
2,36,1,fresh-client,1,cross_512_corner,deflate_512,DEFLATE,512,11,10,252,327623520,328452071,828552,206,bytes 327623520-328452071/499024403,828552,828552,141.0155420016963,141.04695900095976,250.27124999905936,391.36400099960156,True,
2,36,1,fresh-client,1,cross_512_corner,deflate_512,DEFLATE,512,11,11,253,328452080,329294883,842804,206,bytes 328452080-329294883/499024403,842804,842804,144.29379200009862,144.3213749989809,321.0639999997511,465.4438329998811,True,
2,37,1,fresh-client,1,cross_256_corner,zstd_512,ZSTD,512,10,10,230,304767160,305606839,839680,206,bytes 304767160-305606839/490194415,839680,839680,317.2047499974724,317.23470900033135,343.6895410013676,660.9738339975593,True,
2,38,4,fresh-client,1,interior,zstd_512,ZSTD,512,10,10,230,304767160,305606839,839680,206,bytes 304767160-305606839/490194415,839680,839680,225.99804200217477,226.0858340014238,254.26854199758964,480.4420000000391,True,
2,39,1,fresh-client,1,cross_128_corner,lzw_256,LZW,256,20,20,900,406553924,406841161,287238,206,bytes 406553924-406841161/661012853,287238,287238,274.7116249993269,274.8318339981779,160.73558299831348,435.65912600024603,True,
2,40,4,fresh-client,1,cross_512_edge,zstd_128,ZSTD,128,40,43,3563,300386704,300438476,51773,206,bytes 300386704-300438476/492119117,51773,51773,136.3494580000406,136.39854099892545,73.80412500060629,210.2174579995335,True,
2,40,4,fresh-client,1,cross_512_edge,zstd_128,ZSTD,128,40,44,3564,300438485,300489278,50794,206,bytes 300438485-300489278/492119117,50794,50794,250.89608300186228,251.0134170006495,146.33391699680942,397.4000420021184,True,
2,41,4,fresh-client,1,cross_256_edge,zstd_512,ZSTD,512,10,10,230,304767160,305606839,839680,206,bytes 304767160-305606839/490194415,839680,839680,142.28033300241805,142.31187500263331,296.83879200092633,439.1987910021271,True,
2,42,5,fresh-client,1,interior,zstd_512,ZSTD,512,10,10,230,304767160,305606839,839680,206,bytes 304767160-305606839/490194415,839680,839680,152.0080419977603,152.0422920002602,336.56841699848883,488.65720899993903,True,
2,43,1,fresh-client,1,cross_512_edge,lzw_256,LZW,256,20,21,901,406841170,407119092,277923,206,bytes 406841170-407119092/661012853,277923,277923,140.91287499832106,140.9414999980072,225.3729160001967,366.36204200112843,True,
2,43,1,fresh-client,1,cross_512_edge,lzw_256,LZW,256,20,22,902,407119101,407393560,274460,206,bytes 407119101-407393560/661012853,274460,274460,155.91970899913576,155.9529999976803,185.82687500020256,341.82454199981294,True,
2,44,2,fresh-client,1,cross_512_corner,zstd_512,ZSTD,512,10,10,230,304767160,305606839,839680,206,bytes 304767160-305606839/490194415,839680,839680,299.20325000057346,299.3185839986836,538.3299169989186,837.7036669990048,True,
2,44,2,fresh-client,1,cross_512_corner,zstd_512,ZSTD,512,10,11,231,305606848,306426901,820054,206,bytes 305606848-306426901/490194415,820054,820054,187.8277079995314,187.87966600211803,472.44250099902274,660.3693750003004,True,
2,44,2,fresh-client,1,cross_512_corner,zstd_512,ZSTD,512,11,10,252,321640707,322458855,818149,206,bytes 321640707-322458855/490194415,818149,818149,146.6753749991767,146.70491599827074,857.8344589986955,1004.6698329970241,True,
2,44,2,fresh-client,1,cross_512_corner,zstd_512,ZSTD,512,11,11,253,322458864,323289120,830257,206,bytes 322458864-323289120/490194415,830257,830257,170.79041699980735,170.8285419990716,1090.349124999193,1261.281584000244,True,
2,45,5,fresh-client,1,cross_256_corner,zstd_256,ZSTD,256,20,20,900,301115142,301328168,213027,206,bytes 301115142-301328168/490384277,213027,213027,152.5294999992184,152.56308300013188,118.1178339975304,270.6942500008154,True,
2,45,5,fresh-client,1,cross_256_corner,zstd_256,ZSTD,256,20,21,901,301328177,301535592,207416,206,bytes 301328177-301535592/490384277,207416,207416,156.89116700013983,156.92466700056684,337.4510840003495,494.4141249980021,True,
2,45,5,fresh-client,1,cross_256_corner,zstd_256,ZSTD,256,21,20,944,309614499,309824334,209836,206,bytes 309614499-309824334/490384277,209836,209836,255.1081259989587,255.26150099904044,104.62345800260664,359.93695900106104,True,
2,45,5,fresh-client,1,cross_256_corner,zstd_256,ZSTD,256,21,21,945,309824343,310033910,209568,206,bytes 309824343-310033910/490384277,209568,209568,138.77325000066776,138.80087500001537,139.9669160018675,278.814749999583,True,
2,46,5,fresh-client,1,interior,deflate_256,DEFLATE,256,20,20,900,306262458,306479353,216896,206,bytes 306262458-306479353/498427477,216896,216896,164.9364590011828,164.97187500135624,235.451667002053,400.4702090023784,True,
2,47,2,fresh-client,1,cross_512_edge,lzw_128,LZW,128,40,43,3563,404303630,404372483,68854,206,bytes 404303630-404372483/661264391,68854,68854,135.7137920022069,135.73962500231573,98.90091699708137,234.67570900174906,True,
2,47,2,fresh-client,1,cross_512_edge,lzw_128,LZW,128,40,44,3564,404372492,404440436,67945,206,bytes 404372492-404440436/661264391,67945,67945,309.4061250012601,309.4322920005652,62.492125001881504,371.9389170000795,True,
2,48,2,fresh-client,1,cross_128_edge,deflate_128,DEFLATE,128,40,40,3560,305047460,305102560,55101,206,bytes 305047460-305102560/499617324,55101,55101,114.72050000156742,114.74566700053401,56.923542000731686,171.68016700088629,True,
2,48,2,fresh-client,1,cross_128_edge,deflate_128,DEFLATE,128,40,41,3561,305102569,305156400,53832,206,bytes 305102569-305156400/499617324,53832,53832,194.81775000167545,194.85899999926914,59.528290999878664,254.4210000014573,True,
2,49,1,fresh-client,1,cross_512_edge,zstd_128,ZSTD,128,40,43,3563,300386704,300438476,51773,206,bytes 300386704-300438476/492119117,51773,51773,144.9907499991241,145.01766700050212,87.36037499693339,232.40749999968102,True,
2,49,1,fresh-client,1,cross_512_edge,zstd_128,ZSTD,128,40,44,3564,300438485,300489278,50794,206,bytes 300438485-300489278/492119117,50794,50794,155.5991669993091,155.63149999798043,54.84045800039894,210.48462499675225,True,
2,50,3,fresh-client,1,cross_512_edge,deflate_256,DEFLATE,256,20,21,901,306479362,306690064,210703,206,bytes 306479362-306690064/498427477,210703,210703,129.09641599981114,129.12437500199303,123.34499999997206,252.50745800076402,True,
2,50,3,fresh-client,1,cross_512_edge,deflate_256,DEFLATE,256,20,22,902,306690073,306897377,207305,206,bytes 306690073-306897377/498427477,207305,207305,226.79733400218538,226.88287600249168,114.57029200028046,341.49920900017605,True,
2,51,1,fresh-client,1,cross_512_corner,lzw_512,LZW,512,10,10,230,411686466,412818824,1132359,206,bytes 411686466-412818824/661107776,1132359,1132359,150.37575000314973,150.4051250012708,820.4085830002441,970.9368750009162,True,
2,51,1,fresh-client,1,cross_512_corner,lzw_512,LZW,512,10,11,231,412818833,413920320,1101488,206,bytes 412818833-413920320/661107776,1101488,1101488,156.7510000022594,156.78470800048672,317.02779199986253,473.8588340005663,True,
2,51,1,fresh-client,1,cross_512_corner,lzw_512,LZW,512,11,10,252,434325460,435426146,1100687,206,bytes 434325460-435426146/661107776,1100687,1100687,171.8077089972212,171.84179199830396,386.36454199877335,558.2545420002134,True,
2,51,1,fresh-client,1,cross_512_corner,lzw_512,LZW,512,11,11,253,435426155,436544622,1118468,206,bytes 435426155-436544622/661107776,1118468,1118468,140.45833300042432,140.48833299966645,278.46887499981676,419.0025419993617,True,
2,52,1,fresh-client,1,cross_256_corner,deflate_128,DEFLATE,128,41,41,3649,309501616,309555017,53402,206,bytes 309501616-309555017/499617324,53402,53402,144.1428750003979,144.1713329986669,47.35729200183414,191.54245800018543,True,
2,52,1,fresh-client,1,cross_256_corner,deflate_128,DEFLATE,128,41,42,3650,309555026,309609246,54221,206,bytes 309555026-309609246/499617324,54221,54221,151.55116699679638,151.5819999985979,57.17833399830852,208.77225000003818,True,
2,52,1,fresh-client,1,cross_256_corner,deflate_128,DEFLATE,128,42,41,3737,313827295,313880653,53359,206,bytes 313827295-313880653/499617324,53359,53359,210.1146669992886,210.15887500107056,70.79000000157976,280.9938749996945,True,
2,52,1,fresh-client,1,cross_256_corner,deflate_128,DEFLATE,128,42,42,3738,313880662,313934033,53372,206,bytes 313880662-313934033/499617324,53372,53372,150.70258300329442,150.7331669999985,56.86087600042811,207.60829200298758,True,
2,53,2,fresh-client,1,cross_128_corner,lzw_256,LZW,256,20,20,900,406553924,406841161,287238,206,bytes 406553924-406841161/661012853,287238,287238,119.4559579998895,119.48108299839078,199.7170829999959,319.2592919986055,True,
2,54,4,fresh-client,1,cross_256_edge,zstd_128,ZSTD,128,40,41,3561,300282113,300335031,52919,206,bytes 300282113-300335031/492119117,52919,52919,148.4165830006532,148.44412499951432,56.226584001706215,204.6817500013276,True,
2,54,4,fresh-client,1,cross_256_edge,zstd_128,ZSTD,128,40,42,3562,300335040,300386695,51656,206,bytes 300335040-300386695/492119117,51656,51656,229.58712499894318,229.68091700022342,43.6704159983492,273.4039169990865,True,
2,55,2,fresh-client,1,cross_256_edge,zstd_512,ZSTD,512,10,10,230,304767160,305606839,839680,206,bytes 304767160-305606839/490194415,839680,839680,137.52433399713482,137.55637499707518,227.95308400236536,365.6035419990076,True,
2,56,2,fresh-client,1,cross_256_edge,zstd_128,ZSTD,128,40,41,3561,300282113,300335031,52919,206,bytes 300282113-300335031/492119117,52919,52919,334.6041670010891,334.6330839995062,100.47366700018756,435.12441699931514,True,
2,56,2,fresh-client,1,cross_256_edge,zstd_128,ZSTD,128,40,42,3562,300335040,300386695,51656,206,bytes 300335040-300386695/492119117,51656,51656,263.99187500283006,264.0820000015083,79.60208299846272,343.7341670032765,True,
2,57,3,fresh-client,1,interior,lzw_512,LZW,512,10,10,230,411686466,412818824,1132359,206,bytes 411686466-412818824/661107776,1132359,1132359,166.3984580009128,166.42974999922444,372.3318750016915,538.8105419988278,True,
2,58,1,fresh-client,1,cross_128_edge,deflate_128,DEFLATE,128,40,40,3560,305047460,305102560,55101,206,bytes 305047460-305102560/499617324,55101,55101,150.5858749987965,150.61933399920235,86.29837499756832,236.94724999950267,True,
2,58,1,fresh-client,1,cross_128_edge,deflate_128,DEFLATE,128,40,41,3561,305102569,305156400,53832,206,bytes 305102569-305156400/499617324,53832,53832,185.1079589978326,185.14595899978303,66.39625000025262,251.57774999752291,True,
2,59,3,fresh-client,1,cross_256_corner,lzw_128,LZW,128,41,41,3649,409965315,410035919,70605,206,bytes 409965315-410035919/661264391,70605,70605,175.04425000151969,175.08270800317405,55.723833000229206,230.83554200275103,True,
2,59,3,fresh-client,1,cross_256_corner,lzw_128,LZW,128,41,42,3650,410035928,410107613,71686,206,bytes 410035928-410107613/661264391,71686,71686,130.65158300014446,130.6821250000212,62.3934579998604,193.09295800121618,True,
2,59,3,fresh-client,1,cross_256_corner,lzw_128,LZW,128,42,41,3737,415676272,415746842,70571,206,bytes 415676272-415746842/661264391,70571,70571,127.92887500108918,127.95645900041563,55.719500000122935,183.68616699808626,True,
2,59,3,fresh-client,1,cross_256_corner,lzw_128,LZW,128,42,42,3738,415746851,415817546,70696,206,bytes 415746851-415817546/661264391,70696,70696,126.738540999213,126.76633299997775,57.47104200054309,184.25091600147425,True,
2,60,2,fresh-client,1,cross_128_edge,deflate_512,DEFLATE,512,10,10,230,310426888,311281522,854635,206,bytes 310426888-311281522/499024403,854635,854635,185.20012500084704,185.53145800251514,284.4502490006562,470.031041000766,True,
2,61,4,fresh-client,1,cross_128_edge,lzw_256,LZW,256,20,20,900,406553924,406841161,287238,206,bytes 406553924-406841161/661012853,287238,287238,175.2481670009729,175.28775000027963,145.76495900109876,321.098542000982,True,
2,62,5,fresh-client,1,cross_512_edge,deflate_512,DEFLATE,512,10,10,230,310426888,311281522,854635,206,bytes 310426888-311281522/499024403,854635,854635,162.2573749991716,162.287874998583,566.9750009983545,729.3109169986565,True,
2,62,5,fresh-client,1,cross_512_edge,deflate_512,DEFLATE,512,10,11,231,311281531,312113785,832255,206,bytes 311281531-312113785/499024403,832255,832255,202.2004169994034,202.24562500152388,240.0710000001709,442.36287500098115,True,
2,63,3,fresh-client,1,cross_512_corner,zstd_256,ZSTD,256,21,21,945,309824343,310033910,209568,206,bytes 309824343-310033910/490384277,209568,209568,147.91979199799243,147.9505839997728,217.33333399970434,365.32808400079375,True,
2,63,3,fresh-client,1,cross_512_corner,zstd_256,ZSTD,256,21,22,946,310033919,310240520,206602,206,bytes 310033919-310240520/490384277,206602,206602,140.2740419980546,140.30204200025764,138.80412499929662,279.15500000017346,True,
2,63,3,fresh-client,1,cross_512_corner,zstd_256,ZSTD,256,22,21,989,318075010,318281956,206947,206,bytes 318075010-318281956/490384277,206947,206947,141.86666699970374,141.89562500178,134.0427079994697,275.96729200013215,True,
2,63,3,fresh-client,1,cross_512_corner,zstd_256,ZSTD,256,22,22,990,318281965,318490136,208172,206,bytes 318281965-318490136/490384277,208172,208172,175.5657079993398,175.60066700025345,200.43870900190086,376.0859590001928,True,
2,64,4,fresh-client,1,cross_128_corner,lzw_128,LZW,128,40,40,3560,404091050,404163820,72771,206,bytes 404091050-404163820/661264391,72771,72771,132.28570799765293,132.31245799761382,76.99004199821502,209.3170000007376,True,
2,64,4,fresh-client,1,cross_128_corner,lzw_128,LZW,128,40,41,3561,404163829,404234861,71033,206,bytes 404163829-404234861/661264391,71033,71033,131.09937499757507,131.12924999950337,89.33162500034086,220.49754199906602,True,
2,64,4,fresh-client,1,cross_128_corner,lzw_128,LZW,128,41,40,3648,409892800,409965306,72507,206,bytes 409892800-409965306/661264391,72507,72507,313.42808400222566,313.45654200049466,88.43187499951455,401.90500000244356,True,
2,64,4,fresh-client,1,cross_128_corner,lzw_128,LZW,128,41,41,3649,409965315,410035919,70605,206,bytes 409965315-410035919/661264391,70605,70605,128.83787499958999,128.8636250028503,142.38604199999827,271.2887090019649,True,
2,65,1,fresh-client,1,cross_128_corner,deflate_256,DEFLATE,256,20,20,900,306262458,306479353,216896,206,bytes 306262458-306479353/498427477,216896,216896,147.3972079984378,147.42429200123297,135.5626249969646,283.03370800131233,True,
2,66,5,fresh-client,1,cross_512_edge,lzw_256,LZW,256,20,21,901,406841170,407119092,277923,206,bytes 406841170-407119092/661012853,277923,277923,136.8132500028878,136.84229200225673,134.0630409977166,270.9579170004872,True,
2,66,5,fresh-client,1,cross_512_edge,lzw_256,LZW,256,20,22,902,407119101,407393560,274460,206,bytes 407119101-407393560/661012853,274460,274460,143.50645800004713,143.53208299871767,153.21358399887686,296.7827499996929,True,
2,67,1,fresh-client,1,interior,lzw_128,LZW,128,40,40,3560,404091050,404163820,72771,206,bytes 404091050-404163820/661264391,72771,72771,182.32454099779716,182.3624579992611,129.17174999893177,311.57716599773266,True,
2,68,3,fresh-client,1,cross_256_edge,lzw_512,LZW,512,10,10,230,411686466,412818824,1132359,206,bytes 411686466-412818824/661107776,1132359,1132359,219.45908300040173,219.52637499998673,469.4672500008892,689.0559170024062,True,
2,69,4,fresh-client,1,cross_512_corner,zstd_512,ZSTD,512,10,10,230,304767160,305606839,839680,206,bytes 304767160-305606839/490194415,839680,839680,238.28608300027554,238.34808299943688,2447.8062090020103,2686.2182509976265,True,
2,69,4,fresh-client,1,cross_512_corner,zstd_512,ZSTD,512,10,11,231,305606848,306426901,820054,206,bytes 305606848-306426901/490194415,820054,820054,124.81016699894099,124.83970899847918,287.16658300254494,412.0552919994225,True,
2,69,4,fresh-client,1,cross_512_corner,zstd_512,ZSTD,512,11,10,252,321640707,322458855,818149,206,bytes 321640707-322458855/490194415,818149,818149,227.07166699910886,227.13383299924317,347.2099579994392,574.3906249990687,True,
2,69,4,fresh-client,1,cross_512_corner,zstd_512,ZSTD,512,11,11,253,322458864,323289120,830257,206,bytes 322458864-323289120/490194415,830257,830257,143.84229200004484,143.87291700040805,227.11720899678767,371.0324169987871,True,
2,70,3,fresh-client,1,interior,zstd_128,ZSTD,128,40,40,3560,300228058,300282104,54047,206,bytes 300228058-300282104/492119117,54047,54047,167.43083400069736,167.4691670013999,160.10533300141105,327.62554199871374,True,
2,71,3,fresh-client,1,cross_512_corner,zstd_128,ZSTD,128,43,43,3827,313219659,313272608,52950,206,bytes 313219659-313272608/492119117,52950,52950,121.10654199932469,121.13316699833376,49.70304100061185,170.84416699799476,True,
2,71,3,fresh-client,1,cross_512_corner,zstd_128,ZSTD,128,43,44,3828,313272617,313324753,52137,206,bytes 313272617-313324753/492119117,52137,52137,107.80675099886139,107.82987600032357,73.32291700004134,181.16412599920295,True,
2,71,3,fresh-client,1,cross_512_corner,zstd_128,ZSTD,128,44,43,3915,317314658,317366615,51958,206,bytes 317314658-317366615/492119117,51958,51958,131.89575000069453,131.92875000095228,65.47958399823983,197.42124999902444,True,
2,71,3,fresh-client,1,cross_512_corner,zstd_128,ZSTD,128,44,44,3916,317366624,317418939,52316,206,bytes 317366624-317418939/492119117,52316,52316,123.3974999995553,123.42604200239293,71.56591699822457,194.99954200000502,True,
2,72,4,fresh-client,1,cross_512_edge,zstd_256,ZSTD,256,20,21,901,301328177,301535592,207416,206,bytes 301328177-301535592/490384277,207416,207416,127.67608300055144,127.69937499979278,207.6615000005404,335.3817089991935,True,
2,72,4,fresh-client,1,cross_512_edge,zstd_256,ZSTD,256,20,22,902,301535601,301739853,204253,206,bytes 301535601-301739853/490384277,204253,204253,161.4750830012781,161.52216599948588,135.62604199978523,297.19066599864163,True,
2,73,1,fresh-client,1,cross_256_corner,lzw_256,LZW,256,20,20,900,406553924,406841161,287238,206,bytes 406553924-406841161/661012853,287238,287238,136.73687500340748,136.76808300078847,135.06458399933763,271.86470800006646,True,
2,73,1,fresh-client,1,cross_256_corner,lzw_256,LZW,256,20,21,901,406841170,407119092,277923,206,bytes 406841170-407119092/661012853,277923,277923,336.26112500132876,336.2919579994923,232.2188329999335,568.5531250019267,True,
2,73,1,fresh-client,1,cross_256_corner,lzw_256,LZW,256,21,20,944,417962328,418246396,284069,206,bytes 417962328-418246396/661012853,284069,284069,170.39920800016262,170.4367500024091,123.97075000262703,294.4344580027973,True,
2,73,1,fresh-client,1,cross_256_corner,lzw_256,LZW,256,21,21,945,418246405,418529582,283178,206,bytes 418246405-418529582/661012853,283178,283178,168.26666699853376,168.29812499781838,154.86187499845983,323.19666699913796,True,
2,74,4,fresh-client,1,cross_256_edge,lzw_256,LZW,256,20,20,900,406553924,406841161,287238,206,bytes 406553924-406841161/661012853,287238,287238,179.85708299966063,179.89633300021524,229.545792000863,409.49170800013235,True,
2,74,4,fresh-client,1,cross_256_edge,lzw_256,LZW,256,20,21,901,406841170,407119092,277923,206,bytes 406841170-407119092/661012853,277923,277923,156.04820900261984,156.08041700033937,161.9082500001241,318.0346670014842,True,
2,75,4,fresh-client,1,interior,deflate_256,DEFLATE,256,20,20,900,306262458,306479353,216896,206,bytes 306262458-306479353/498427477,216896,216896,159.99575100067887,160.03070900114835,103.00279099828913,263.06462600041414,True,
2,76,3,fresh-client,1,interior,zstd_512,ZSTD,512,10,10,230,304767160,305606839,839680,206,bytes 304767160-305606839/490194415,839680,839680,147.68762499807053,147.7164999996603,387.54195799992885,535.3069999982836,True,
2,77,4,fresh-client,1,cross_512_corner,lzw_128,LZW,128,43,43,3827,421475357,421546899,71543,206,bytes 421475357-421546899/661264391,71543,71543,174.30541700014146,174.33891700056847,49.10191700037103,223.45591699922807,True,
2,77,4,fresh-client,1,cross_512_corner,lzw_128,LZW,128,43,44,3828,421546908,421617252,70345,206,bytes 421546908-421617252/661264391,70345,70345,137.64845799960312,137.67983299840125,77.99233299738262,215.69595799883245,True,
2,77,4,fresh-client,1,cross_512_corner,lzw_128,LZW,128,44,43,3915,426954274,427023840,69567,206,bytes 426954274-427023840/661264391,69567,69567,175.8902500005206,175.92770799819846,283.27087499928894,459.2485419998411,True,
2,77,4,fresh-client,1,cross_512_corner,lzw_128,LZW,128,44,44,3916,427023849,427094094,70246,206,bytes 427023849-427094094/661264391,70246,70246,195.8070830005454,195.90175000121235,95.23891600110801,291.18287500023143,True,
2,78,2,fresh-client,1,cross_512_corner,lzw_512,LZW,512,10,10,230,411686466,412818824,1132359,206,bytes 411686466-412818824/661107776,1132359,1132359,177.73658300211537,177.77145800209837,296.9821670012607,474.7934580009314,True,
2,78,2,fresh-client,1,cross_512_corner,lzw_512,LZW,512,10,11,231,412818833,413920320,1101488,206,bytes 412818833-413920320/661107776,1101488,1101488,250.3300409989606,250.4452079992916,298.09216699868557,548.5813330014935,True,
2,78,2,fresh-client,1,cross_512_corner,lzw_512,LZW,512,11,10,252,434325460,435426146,1100687,206,bytes 434325460-435426146/661107776,1100687,1100687,140.3483750000305,140.37879100214923,280.06454100250266,420.473916001356,True,
2,78,2,fresh-client,1,cross_512_corner,lzw_512,LZW,512,11,11,253,435426155,436544622,1118468,206,bytes 435426155-436544622/661107776,1118468,1118468,162.89912499996717,162.9276249987015,749.9587500024063,912.9509589984082,True,
2,79,1,fresh-client,1,cross_128_edge,lzw_128,LZW,128,40,40,3560,404091050,404163820,72771,206,bytes 404091050-404163820/661264391,72771,72771,127.95137500143028,127.97787499948754,57.40916700233356,185.39700000110315,True,
2,79,1,fresh-client,1,cross_128_edge,lzw_128,LZW,128,40,41,3561,404163829,404234861,71033,206,bytes 404163829-404234861/661264391,71033,71033,280.5224999974598,280.619499997556,51.575166999100475,332.2416249975504,True,
2,80,3,fresh-client,1,cross_256_corner,zstd_256,ZSTD,256,20,20,900,301115142,301328168,213027,206,bytes 301115142-301328168/490384277,213027,213027,153.61666699755006,153.64629199757474,98.59970799880102,252.3220009970828,True,
2,80,3,fresh-client,1,cross_256_corner,zstd_256,ZSTD,256,20,21,901,301328177,301535592,207416,206,bytes 301328177-301535592/490384277,207416,207416,161.40575000099489,161.4352910000889,115.95149999993737,277.4335409994819,True,
2,80,3,fresh-client,1,cross_256_corner,zstd_256,ZSTD,256,21,20,944,309614499,309824334,209836,206,bytes 309614499-309824334/490384277,209836,209836,339.82045800075866,339.8533750005299,223.13425000174902,563.0363330019463,True,
2,80,3,fresh-client,1,cross_256_corner,zstd_256,ZSTD,256,21,21,945,309824343,310033910,209568,206,bytes 309824343-310033910/490384277,209568,209568,127.46704100209172,127.49275000169291,121.89683399992646,249.41599999874597,True,
2,81,5,fresh-client,1,cross_256_corner,lzw_256,LZW,256,20,20,900,406553924,406841161,287238,206,bytes 406553924-406841161/661012853,287238,287238,133.4043329989072,133.43470800100476,194.9857500003418,328.4427090002282,True,
2,81,5,fresh-client,1,cross_256_corner,lzw_256,LZW,256,20,21,901,406841170,407119092,277923,206,bytes 406841170-407119092/661012853,277923,277923,120.79270799949882,120.84829200102831,284.62804200171377,405.52533300069626,True,
2,81,5,fresh-client,1,cross_256_corner,lzw_256,LZW,256,21,20,944,417962328,418246396,284069,206,bytes 417962328-418246396/661012853,284069,284069,167.28774999864982,167.3179169993091,107.69874999823514,275.0513749997481,True,
2,81,5,fresh-client,1,cross_256_corner,lzw_256,LZW,256,21,21,945,418246405,418529582,283178,206,bytes 418246405-418529582/661012853,283178,283178,140.90166700043483,140.93108299857704,132.9902920006134,273.95295799942687,True,
2,82,1,fresh-client,1,cross_512_edge,lzw_512,LZW,512,10,10,230,411686466,412818824,1132359,206,bytes 411686466-412818824/661107776,1132359,1132359,150.51691699773073,150.55116700023063,429.8687510017771,580.4670420002367,True,
2,82,1,fresh-client,1,cross_512_edge,lzw_512,LZW,512,10,11,231,412818833,413920320,1101488,206,bytes 412818833-413920320/661107776,1101488,1101488,159.15029200186837,159.18020900062402,286.6134169998986,445.829626001796,True,
2,83,4,fresh-client,1,cross_256_corner,lzw_256,LZW,256,20,20,900,406553924,406841161,287238,206,bytes 406553924-406841161/661012853,287238,287238,152.27416600100696,152.30604099997436,114.84779099919251,267.1945410002081,True,
2,83,4,fresh-client,1,cross_256_corner,lzw_256,LZW,256,20,21,901,406841170,407119092,277923,206,bytes 406841170-407119092/661012853,277923,277923,321.2426249992859,321.34033300098963,140.95954199729022,462.35375000105705,True,
2,83,4,fresh-client,1,cross_256_corner,lzw_256,LZW,256,21,20,944,417962328,418246396,284069,206,bytes 417962328-418246396/661012853,284069,284069,129.2869579992839,129.31387500066194,138.98845900257584,268.3432499979972,True,
2,83,4,fresh-client,1,cross_256_corner,lzw_256,LZW,256,21,21,945,418246405,418529582,283178,206,bytes 418246405-418529582/661012853,283178,283178,159.16958399975556,159.19962500265683,138.13208300052793,297.38450000149896,True,
2,84,2,fresh-client,1,cross_128_corner,zstd_128,ZSTD,128,40,40,3560,300228058,300282104,54047,206,bytes 300228058-300282104/492119117,54047,54047,245.1266249991022,245.22641699877568,49.41195900028106,294.6924999996554,True,
2,84,2,fresh-client,1,cross_128_corner,zstd_128,ZSTD,128,40,41,3561,300282113,300335031,52919,206,bytes 300282113-300335031/492119117,52919,52919,153.4123749988794,153.44691700011026,50.061082998581696,203.52270899820724,True,
2,84,2,fresh-client,1,cross_128_corner,zstd_128,ZSTD,128,41,40,3648,304567089,304621133,54045,206,bytes 304567089-304621133/492119117,54045,54045,145.9971250005765,146.029332998296,51.0467919993971,197.08683299904806,True,
2,84,2,fresh-client,1,cross_128_corner,zstd_128,ZSTD,128,41,41,3649,304621142,304673679,52538,206,bytes 304621142-304673679/492119117,52538,52538,168.45712500071386,168.4937499994703,49.92754199702176,218.44708400021773,True,
2,85,1,fresh-client,1,cross_128_corner,deflate_512,DEFLATE,512,10,10,230,310426888,311281522,854635,206,bytes 310426888-311281522/499024403,854635,854635,152.30062499904307,152.3304160000407,3128.2378760006395,3280.619334000221,True,
2,86,4,fresh-client,1,cross_512_corner,lzw_256,LZW,256,21,21,945,418246405,418529582,283178,206,bytes 418246405-418529582/661012853,283178,283178,224.21270899940282,224.28662599850213,826.4301669987617,1050.7667929996387,True,
2,86,4,fresh-client,1,cross_512_corner,lzw_256,LZW,256,21,22,946,418529591,418807664,278074,206,bytes 418529591-418807664/661012853,278074,278074,302.5400419974176,302.67820799781475,528.883250997751,831.6127090001828,True,
2,86,4,fresh-client,1,cross_512_corner,lzw_256,LZW,256,22,21,989,429313097,429591287,278191,206,bytes 429313097-429591287/661012853,278191,278191,417.3133340009372,417.35991700261366,134.31000000127824,551.79337500158,True,
2,86,4,fresh-client,1,cross_512_corner,lzw_256,LZW,256,22,22,990,429591296,429871211,279916,206,bytes 429591296-429871211/661012853,279916,279916,161.29491600077017,161.34587499982445,199.7034169980907,361.0776250025083,True,
2,87,5,fresh-client,1,cross_512_edge,deflate_128,DEFLATE,128,40,43,3563,305208773,305261361,52589,206,bytes 305208773-305261361/499617324,52589,52589,210.03654100059066,210.08204100144212,47.05575000116369,257.1675409999443,True,
2,87,5,fresh-client,1,cross_512_edge,deflate_128,DEFLATE,128,40,44,3564,305261370,305312689,51320,206,bytes 305261370-305312689/499617324,51320,51320,195.74316600119346,195.78695800009882,155.39783299755072,351.22400000182097,True,
2,88,3,fresh-client,1,cross_256_edge,deflate_512,DEFLATE,512,10,10,230,310426888,311281522,854635,206,bytes 310426888-311281522/499024403,854635,854635,147.606333001022,147.63387499988312,346.7852079993463,494.466125001054,True,
2,89,2,fresh-client,1,cross_256_edge,lzw_512,LZW,512,10,10,230,411686466,412818824,1132359,206,bytes 411686466-412818824/661107776,1132359,1132359,181.66724999900907,181.70404199918266,551.0835419991054,732.8306259987585,True,
2,90,4,fresh-client,1,cross_256_corner,deflate_128,DEFLATE,128,41,41,3649,309501616,309555017,53402,206,bytes 309501616-309555017/499617324,53402,53402,137.99583299987717,138.02483300241875,90.84195900140912,228.89416700127185,True,
2,90,4,fresh-client,1,cross_256_corner,deflate_128,DEFLATE,128,41,42,3650,309555026,309609246,54221,206,bytes 309555026-309609246/499617324,54221,54221,150.78641699801665,150.8145420011715,51.48708300112048,202.31320799939567,True,
2,90,4,fresh-client,1,cross_256_corner,deflate_128,DEFLATE,128,42,41,3737,313827295,313880653,53359,206,bytes 313827295-313880653/499617324,53359,53359,145.56170800278778,145.59175000249525,60.663750002277084,206.27145800244762,True,
2,90,4,fresh-client,1,cross_256_corner,deflate_128,DEFLATE,128,42,42,3738,313880662,313934033,53372,206,bytes 313880662-313934033/499617324,53372,53372,223.928249997698,223.99537499950384,64.1214579991356,288.1442909965699,True,
2,91,1,fresh-client,1,cross_256_edge,deflate_512,DEFLATE,512,10,10,230,310426888,311281522,854635,206,bytes 310426888-311281522/499024403,854635,854635,130.72312500298722,130.80629199976102,328.0467500007944,458.89200000237906,True,
2,92,4,fresh-client,1,cross_256_edge,deflate_128,DEFLATE,128,40,41,3561,305102569,305156400,53832,206,bytes 305102569-305156400/499617324,53832,53832,162.49954199884087,162.53424999740673,54.06491699977778,216.6128339995339,True,
2,92,4,fresh-client,1,cross_256_edge,deflate_128,DEFLATE,128,40,42,3562,305156409,305208764,52356,206,bytes 305156409-305208764/499617324,52356,52356,148.98016699953587,149.01308399930713,156.16112499992596,305.22033399756765,True,
2,93,5,fresh-client,1,cross_128_edge,lzw_128,LZW,128,40,40,3560,404091050,404163820,72771,206,bytes 404091050-404163820/661264391,72771,72771,151.1307079999824,151.16441599820973,71.89308300075936,223.08379099922604,True,
2,93,5,fresh-client,1,cross_128_edge,lzw_128,LZW,128,40,41,3561,404163829,404234861,71033,206,bytes 404163829-404234861/661264391,71033,71033,133.0441249992873,133.091666000837,64.08229100270546,197.18616599857341,True,
2,94,2,fresh-client,1,cross_256_corner,deflate_128,DEFLATE,128,41,41,3649,309501616,309555017,53402,206,bytes 309501616-309555017/499617324,53402,53402,125.81004200183088,125.83800100037479,47.852083000179846,173.70083399873693,True,
2,94,2,fresh-client,1,cross_256_corner,deflate_128,DEFLATE,128,41,42,3650,309555026,309609246,54221,206,bytes 309555026-309609246/499617324,54221,54221,178.31733300045016,178.35912499867845,67.93958300113445,246.33291699865367,True,
2,94,2,fresh-client,1,cross_256_corner,deflate_128,DEFLATE,128,42,41,3737,313827295,313880653,53359,206,bytes 313827295-313880653/499617324,53359,53359,202.12191700193216,202.17262500227662,79.32883400280843,281.53270900293137,True,
2,94,2,fresh-client,1,cross_256_corner,deflate_128,DEFLATE,128,42,42,3738,313880662,313934033,53372,206,bytes 313880662-313934033/499617324,53372,53372,132.53295899994555,132.56004200229654,49.633542002993636,182.20341699998244,True,
2,95,3,fresh-client,1,cross_512_edge,lzw_128,LZW,128,40,43,3563,404303630,404372483,68854,206,bytes 404303630-404372483/661264391,68854,68854,365.7061669982795,365.7302499996149,73.99654199980432,439.7476669983007,True,
2,95,3,fresh-client,1,cross_512_edge,lzw_128,LZW,128,40,44,3564,404372492,404440436,67945,206,bytes 404372492-404440436/661264391,67945,67945,143.0819170018367,143.10508299968205,155.39724999689497,298.54304200125625,True,
2,96,4,fresh-client,1,cross_512_edge,deflate_256,DEFLATE,256,20,21,901,306479362,306690064,210703,206,bytes 306479362-306690064/498427477,210703,210703,148.03712499997346,148.06858299925807,134.9914170023112,283.0979999998817,True,
2,96,4,fresh-client,1,cross_512_edge,deflate_256,DEFLATE,256,20,22,902,306690073,306897377,207305,206,bytes 306690073-306897377/498427477,207305,207305,141.62062499963213,141.64899999741465,117.05579200133798,258.7397079987568,True,
2,97,1,fresh-client,1,cross_512_edge,lzw_128,LZW,128,40,43,3563,404303630,404372483,68854,206,bytes 404303630-404372483/661264391,68854,68854,141.37475000097766,141.40283400047338,96.92358300162596,238.35845900248387,True,
2,97,1,fresh-client,1,cross_512_edge,lzw_128,LZW,128,40,44,3564,404372492,404440436,67945,206,bytes 404372492-404440436/661264391,67945,67945,146.20008299971232,146.27058299811324,160.88912499981234,307.19604099795106,True,
2,98,4,fresh-client,1,cross_512_edge,lzw_256,LZW,256,20,21,901,406841170,407119092,277923,206,bytes 406841170-407119092/661012853,277923,277923,114.3714589998126,114.40700099774403,173.5791249993781,288.0296669973177,True,
2,98,4,fresh-client,1,cross_512_edge,lzw_256,LZW,256,20,22,902,407119101,407393560,274460,206,bytes 407119101-407393560/661012853,274460,274460,151.12758300165297,151.15604099992197,184.9247079990164,336.12762499979,True,
2,99,4,fresh-client,1,interior,lzw_256,LZW,256,20,20,900,406553924,406841161,287238,206,bytes 406553924-406841161/661012853,287238,287238,170.47670899773948,170.51087499930873,234.34004099908634,404.89516699744854,True,
2,100,5,fresh-client,1,cross_512_corner,lzw_256,LZW,256,21,21,945,418246405,418529582,283178,206,bytes 418246405-418529582/661012853,283178,283178,149.86341699841432,149.91612499943585,174.24391700114938,324.1903749985795,True,
2,100,5,fresh-client,1,cross_512_corner,lzw_256,LZW,256,21,22,946,418529591,418807664,278074,206,bytes 418529591-418807664/661012853,278074,278074,154.56274999814923,154.5959169998241,208.5290420000092,363.15929199918173,True,
2,100,5,fresh-client,1,cross_512_corner,lzw_256,LZW,256,22,21,989,429313097,429591287,278191,206,bytes 429313097-429591287/661012853,278191,278191,223.95008400053484,224.0114589985751,255.0943759997608,479.1453760008153,True,
2,100,5,fresh-client,1,cross_512_corner,lzw_256,LZW,256,22,22,990,429591296,429871211,279916,206,bytes 429591296-429871211/661012853,279916,279916,209.6107920006034,209.65491700189887,146.65016700018896,356.35712500152295,True,
2,101,1,fresh-client,1,cross_512_corner,lzw_256,LZW,256,21,21,945,418246405,418529582,283178,206,bytes 418246405-418529582/661012853,283178,283178,148.0524170001445,148.0875000015658,135.63375000012456,283.77125000042724,True,
2,101,1,fresh-client,1,cross_512_corner,lzw_256,LZW,256,21,22,946,418529591,418807664,278074,206,bytes 418529591-418807664/661012853,278074,278074,144.8366669974348,144.8642920004204,259.57691700023133,404.48645899959956,True,
2,101,1,fresh-client,1,cross_512_corner,lzw_256,LZW,256,22,21,989,429313097,429591287,278191,206,bytes 429313097-429591287/661012853,278191,278191,151.67308400123147,151.72383400204126,153.36629200101015,305.13425000026473,True,
2,101,1,fresh-client,1,cross_512_corner,lzw_256,LZW,256,22,22,990,429591296,429871211,279916,206,bytes 429591296-429871211/661012853,279916,279916,171.75666699768044,171.79612499967334,142.7433339995332,314.54820799990557,True,
2,102,3,fresh-client,1,cross_512_edge,deflate_512,DEFLATE,512,10,10,230,310426888,311281522,854635,206,bytes 310426888-311281522/499024403,854635,854635,138.09345900153858,138.12466699891957,613.4902510020765,751.6703340006643,True,
2,102,3,fresh-client,1,cross_512_edge,deflate_512,DEFLATE,512,10,11,231,311281531,312113785,832255,206,bytes 311281531-312113785/499024403,832255,832255,161.54725000160397,161.58050000012736,396.35437600009027,557.981292000477,True,
2,103,4,fresh-client,1,cross_512_edge,lzw_128,LZW,128,40,43,3563,404303630,404372483,68854,206,bytes 404303630-404372483/661264391,68854,68854,331.77379200060386,331.79991699944367,56.87437500091619,388.68483300029766,True,
2,103,4,fresh-client,1,cross_512_edge,lzw_128,LZW,128,40,44,3564,404372492,404440436,67945,206,bytes 404372492-404440436/661264391,67945,67945,164.17291700054193,164.22150000289548,63.37854199955473,227.63087500061374,True,
2,104,1,fresh-client,1,cross_128_edge,deflate_512,DEFLATE,512,10,10,230,310426888,311281522,854635,206,bytes 310426888-311281522/499024403,854635,854635,145.89037500263657,145.91891700183623,485.2377509996586,631.2038760006544,True,
2,105,2,fresh-client,1,interior,lzw_512,LZW,512,10,10,230,411686466,412818824,1132359,206,bytes 411686466-412818824/661107776,1132359,1132359,264.78766599757364,264.9077499991108,467.010084001231,731.959958000516,True,
2,106,2,fresh-client,1,cross_512_corner,zstd_256,ZSTD,256,21,21,945,309824343,310033910,209568,206,bytes 309824343-310033910/490384277,209568,209568,183.56645799940452,183.6036669992609,143.43224999902304,327.08137499867007,True,
2,106,2,fresh-client,1,cross_512_corner,zstd_256,ZSTD,256,21,22,946,310033919,310240520,206602,206,bytes 310033919-310240520/490384277,206602,206602,157.53004200087162,157.5650830018276,168.91004200078896,326.5230840006552,True,
2,106,2,fresh-client,1,cross_512_corner,zstd_256,ZSTD,256,22,21,989,318075010,318281956,206947,206,bytes 318075010-318281956/490384277,206947,206947,164.8044169996865,164.83783399962704,157.3947090000729,322.27516700004344,True,
2,106,2,fresh-client,1,cross_512_corner,zstd_256,ZSTD,256,22,22,990,318281965,318490136,208172,206,bytes 318281965-318490136/490384277,208172,208172,269.5616249984596,269.6729170020262,105.77516700141132,375.4835420004383,True,
2,107,4,fresh-client,1,cross_512_corner,zstd_256,ZSTD,256,21,21,945,309824343,310033910,209568,206,bytes 309824343-310033910/490384277,209568,209568,144.26883300257032,144.3026250017283,147.89745899906848,292.2452910024731,True,
2,107,4,fresh-client,1,cross_512_corner,zstd_256,ZSTD,256,21,22,946,310033919,310240520,206602,206,bytes 310033919-310240520/490384277,206602,206602,147.31720800045878,147.35024999754387,136.1500410021108,283.54591699826415,True,
2,107,4,fresh-client,1,cross_512_corner,zstd_256,ZSTD,256,22,21,989,318075010,318281956,206947,206,bytes 318075010-318281956/490384277,206947,206947,189.05887500295648,189.1053750005085,217.1026250034629,406.25104200080386,True,
2,107,4,fresh-client,1,cross_512_corner,zstd_256,ZSTD,256,22,22,990,318281965,318490136,208172,206,bytes 318281965-318490136/490384277,208172,208172,143.86299999750918,143.89083399873925,141.7979590005416,285.7499169986113,True,
2,108,2,fresh-client,1,cross_512_corner,lzw_128,LZW,128,43,43,3827,421475357,421546899,71543,206,bytes 421475357-421546899/661264391,71543,71543,164.71891699984553,164.75350100154174,71.34233299802872,236.1115419989801,True,
2,108,2,fresh-client,1,cross_512_corner,lzw_128,LZW,128,43,44,3828,421546908,421617252,70345,206,bytes 421546908-421617252/661264391,70345,70345,148.7060420004127,148.73712500047986,78.01600000311737,226.78041700055473,True,
2,108,2,fresh-client,1,cross_512_corner,lzw_128,LZW,128,44,43,3915,426954274,427023840,69567,206,bytes 426954274-427023840/661264391,69567,69567,220.28012499868055,220.32745799879194,60.93791700186557,281.29545800038613,True,
2,108,2,fresh-client,1,cross_512_corner,lzw_128,LZW,128,44,44,3916,427023849,427094094,70246,206,bytes 427023849-427094094/661264391,70246,70246,143.8751259993296,143.95558400065056,68.93345799835515,212.902375998965,True,
2,109,3,fresh-client,1,cross_128_edge,zstd_256,ZSTD,256,20,20,900,301115142,301328168,213027,206,bytes 301115142-301328168/490384277,213027,213027,198.22570900214487,198.2724590016005,152.04341600110638,350.3957499997341,True,
2,110,5,fresh-client,1,cross_128_corner,lzw_256,LZW,256,20,20,900,406553924,406841161,287238,206,bytes 406553924-406841161/661012853,287238,287238,172.25916700044763,172.30758399819024,259.1626670000551,431.48083399864845,True,
2,111,1,fresh-client,1,interior,lzw_512,LZW,512,10,10,230,411686466,412818824,1132359,206,bytes 411686466-412818824/661107776,1132359,1132359,111.09516700162203,111.11945800075773,910.1468759981799,1021.3112919991545,True,
2,112,1,fresh-client,1,interior,deflate_256,DEFLATE,256,20,20,900,306262458,306479353,216896,206,bytes 306262458-306479353/498427477,216896,216896,352.6484169997275,352.6789589996042,181.6238749997865,534.3303750014456,True,
2,113,2,fresh-client,1,cross_256_corner,zstd_128,ZSTD,128,41,41,3649,304621142,304673679,52538,206,bytes 304621142-304673679/492119117,52538,52538,128.6929580019205,128.7272080007824,53.51887500000885,182.26924999908078,True,
2,113,2,fresh-client,1,cross_256_corner,zstd_128,ZSTD,128,41,42,3650,304673688,304726888,53201,206,bytes 304673688-304726888/492119117,53201,53201,137.29475000218372,137.32370900106616,56.4444999981788,193.7791250020382,True,
2,113,2,fresh-client,1,cross_256_corner,zstd_128,ZSTD,128,42,41,3737,308887700,308940134,52435,206,bytes 308887700-308940134/492119117,52435,52435,163.9793340000324,164.017374998366,105.66579200167325,269.72824999756995,True,
2,113,2,fresh-client,1,cross_256_corner,zstd_128,ZSTD,128,42,42,3738,308940143,308992671,52529,206,bytes 308940143-308992671/492119117,52529,52529,144.4855000008829,144.51341700259945,90.14308300174889,234.68549999961397,True,
2,114,5,fresh-client,1,cross_512_corner,zstd_256,ZSTD,256,21,21,945,309824343,310033910,209568,206,bytes 309824343-310033910/490384277,209568,209568,147.24133399795392,147.27304199914215,157.1517499978654,304.46712499906425,True,
2,114,5,fresh-client,1,cross_512_corner,zstd_256,ZSTD,256,21,22,946,310033919,310240520,206602,206,bytes 310033919-310240520/490384277,206602,206602,209.80608399986522,209.8480839995318,210.07962499788846,419.9825420000707,True,
2,114,5,fresh-client,1,cross_512_corner,zstd_256,ZSTD,256,22,21,989,318075010,318281956,206947,206,bytes 318075010-318281956/490384277,206947,206947,155.9066250010801,155.937333998736,122.210500001529,278.17612500075484,True,
2,114,5,fresh-client,1,cross_512_corner,zstd_256,ZSTD,256,22,22,990,318281965,318490136,208172,206,bytes 318281965-318490136/490384277,208172,208172,127.11208299879218,127.14229199991678,132.69595800011302,259.8663749995467,True,
2,115,4,fresh-client,1,cross_128_edge,deflate_256,DEFLATE,256,20,20,900,306262458,306479353,216896,206,bytes 306262458-306479353/498427477,216896,216896,175.19170800005668,175.22558299970115,237.4408340001537,412.693666999985,True,
2,116,1,fresh-client,1,cross_128_edge,zstd_512,ZSTD,512,10,10,230,304767160,305606839,839680,206,bytes 304767160-305606839/490194415,839680,839680,198.28687499830266,198.33708299847785,386.36024999868823,584.730499998841,True,
2,117,5,fresh-client,1,cross_512_edge,zstd_512,ZSTD,512,10,10,230,304767160,305606839,839680,206,bytes 304767160-305606839/490194415,839680,839680,133.99254100295366,134.02087500071502,402.75862500129733,536.8272500018065,True,
2,117,5,fresh-client,1,cross_512_edge,zstd_512,ZSTD,512,10,11,231,305606848,306426901,820054,206,bytes 305606848-306426901/490194415,820054,820054,177.98720900100307,178.02533400026732,317.18133299727924,495.25400000129594,True,
2,118,4,fresh-client,1,cross_128_corner,zstd_256,ZSTD,256,20,20,900,301115142,301328168,213027,206,bytes 301115142-301328168/490384277,213027,213027,138.06975000261446,138.09966600092594,125.78254099935293,263.92775000203983,True,
2,119,1,fresh-client,1,cross_128_edge,zstd_256,ZSTD,256,20,20,900,301115142,301328168,213027,206,bytes 301115142-301328168/490384277,213027,213027,215.71458299877122,215.76029199786717,129.90670799990767,345.69941699737683,True,
2,120,3,fresh-client,1,cross_256_corner,zstd_512,ZSTD,512,10,10,230,304767160,305606839,839680,206,bytes 304767160-305606839/490194415,839680,839680,151.3853750002454,151.41600000060862,282.588999998552,434.05170899859513,True,
2,121,5,fresh-client,1,cross_128_corner,zstd_512,ZSTD,512,10,10,230,304767160,305606839,839680,206,bytes 304767160-305606839/490194415,839680,839680,200.6347079986881,200.67529199877754,374.9572499982605,575.6919169980392,True,
2,122,2,fresh-client,1,cross_512_edge,zstd_512,ZSTD,512,10,10,230,304767160,305606839,839680,206,bytes 304767160-305606839/490194415,839680,839680,176.24925000200165,176.2860000017099,533.6806250015798,710.0122080009896,True,
2,122,2,fresh-client,1,cross_512_edge,zstd_512,ZSTD,512,10,11,231,305606848,306426901,820054,206,bytes 305606848-306426901/490194415,820054,820054,143.92995799789787,143.96512500024983,274.88362500298535,418.8842500007013,True,
2,123,2,fresh-client,1,cross_128_corner,zstd_256,ZSTD,256,20,20,900,301115142,301328168,213027,206,bytes 301115142-301328168/490384277,213027,213027,342.7796670002863,342.8096249990631,153.25700000175857,496.09912500091013,True,
2,124,4,fresh-client,1,cross_256_corner,lzw_128,LZW,128,41,41,3649,409965315,410035919,70605,206,bytes 409965315-410035919/661264391,70605,70605,142.0793750003213,142.1101660016575,67.74941599724116,209.8734580031305,True,
2,124,4,fresh-client,1,cross_256_corner,lzw_128,LZW,128,41,42,3650,410035928,410107613,71686,206,bytes 410035928-410107613/661264391,71686,71686,222.3415419975936,222.39875000013853,56.46074999822304,278.90620800098986,True,
2,124,4,fresh-client,1,cross_256_corner,lzw_128,LZW,128,42,41,3737,415676272,415746842,70571,206,bytes 415676272-415746842/661264391,70571,70571,138.73249999960535,138.82108300094842,83.95412499885424,222.81358300097054,True,
2,124,4,fresh-client,1,cross_256_corner,lzw_128,LZW,128,42,42,3738,415746851,415817546,70696,206,bytes 415746851-415817546/661264391,70696,70696,200.03345800068928,200.1077080021787,88.3730409987038,288.527458000317,True,
2,125,1,fresh-client,1,cross_256_edge,zstd_128,ZSTD,128,40,41,3561,300282113,300335031,52919,206,bytes 300282113-300335031/492119117,52919,52919,153.24383299957844,153.27666599841905,149.90475000013248,303.2302920000802,True,
2,125,1,fresh-client,1,cross_256_edge,zstd_128,ZSTD,128,40,42,3562,300335040,300386695,51656,206,bytes 300335040-300386695/492119117,51656,51656,205.52691600096296,205.5724999991071,339.2578740022145,544.859790999908,True,
2,126,3,fresh-client,1,cross_256_corner,lzw_512,LZW,512,10,10,230,411686466,412818824,1132359,206,bytes 411686466-412818824/661107776,1132359,1132359,149.74241699746926,149.77058399745147,835.5832920024113,985.413250997226,True,
2,127,5,fresh-client,1,cross_512_corner,zstd_512,ZSTD,512,10,10,230,304767160,305606839,839680,206,bytes 304767160-305606839/490194415,839680,839680,156.64154199839686,156.67545800170046,225.95279099914478,382.65804199909326,True,
2,127,5,fresh-client,1,cross_512_corner,zstd_512,ZSTD,512,10,11,231,305606848,306426901,820054,206,bytes 305606848-306426901/490194415,820054,820054,296.8268340009672,296.9613759996719,528.4842090004531,825.5067089994554,True,
2,127,5,fresh-client,1,cross_512_corner,zstd_512,ZSTD,512,11,10,252,321640707,322458855,818149,206,bytes 321640707-322458855/490194415,818149,818149,411.733249999088,411.87470799923176,402.2382920011296,814.151791997574,True,
2,127,5,fresh-client,1,cross_512_corner,zstd_512,ZSTD,512,11,11,253,322458864,323289120,830257,206,bytes 322458864-323289120/490194415,830257,830257,171.08462499891175,171.12012500001583,372.9671250002866,544.1300419988693,True,
2,128,1,fresh-client,1,interior,zstd_256,ZSTD,256,20,20,900,301115142,301328168,213027,206,bytes 301115142-301328168/490384277,213027,213027,254.5810830015398,254.7723749994475,107.36054100198089,362.2025000004214,True,
2,129,3,fresh-client,1,cross_128_edge,deflate_128,DEFLATE,128,40,40,3560,305047460,305102560,55101,206,bytes 305047460-305102560/499617324,55101,55101,144.91495800029952,144.9457920025452,48.62304100242909,193.5839580000902,True,
2,129,3,fresh-client,1,cross_128_edge,deflate_128,DEFLATE,128,40,41,3561,305102569,305156400,53832,206,bytes 305102569-305156400/499617324,53832,53832,138.78712500081747,138.8152090003132,52.36745900037931,191.1932090006303,True,
2,130,4,fresh-client,1,cross_512_corner,deflate_128,DEFLATE,128,43,43,3827,318224016,318278030,54015,206,bytes 318224016-318278030/499617324,54015,54015,143.62079200145672,143.65233300122782,59.752042001491645,203.4193330000562,True,
2,130,4,fresh-client,1,cross_512_corner,deflate_128,DEFLATE,128,43,44,3828,318278039,318331048,53010,206,bytes 318278039-318331048/499617324,53010,53010,162.83000000112224,162.86562499954016,180.68416599999182,343.59566700004507,True,
2,130,4,fresh-client,1,cross_512_corner,deflate_128,DEFLATE,128,44,43,3915,322379939,322432680,52742,206,bytes 322379939-322432680/499617324,52742,52742,153.6030830029631,153.63433300080942,75.26024999970105,228.92379200129653,True,
2,130,4,fresh-client,1,cross_512_corner,deflate_128,DEFLATE,128,44,44,3916,322432689,322485817,53129,206,bytes 322432689-322485817/499617324,53129,53129,127.35087500186637,127.38033300047391,64.26387499959674,191.6532079994795,True,
2,131,2,fresh-client,1,cross_128_edge,lzw_512,LZW,512,10,10,230,411686466,412818824,1132359,206,bytes 411686466-412818824/661107776,1132359,1132359,418.17783400256303,418.20450100203743,699.0935829999216,1117.3879590023716,True,
2,132,4,fresh-client,1,cross_256_edge,deflate_256,DEFLATE,256,20,20,900,306262458,306479353,216896,206,bytes 306262458-306479353/498427477,216896,216896,246.66099999740254,246.7761249972682,136.12641700092354,382.95166599709773,True,
2,132,4,fresh-client,1,cross_256_edge,deflate_256,DEFLATE,256,20,21,901,306479362,306690064,210703,206,bytes 306479362-306690064/498427477,210703,210703,188.38312500156462,188.4273329997086,108.45916700054659,296.9311250017199,True,
2,133,4,fresh-client,1,interior,lzw_512,LZW,512,10,10,230,411686466,412818824,1132359,206,bytes 411686466-412818824/661107776,1132359,1132359,145.82366700051352,145.8520000014687,488.0769170013082,633.9718759991229,True,
2,134,5,fresh-client,1,cross_128_corner,lzw_128,LZW,128,40,40,3560,404091050,404163820,72771,206,bytes 404091050-404163820/661264391,72771,72771,233.57045800003107,233.62345799978357,70.63591699989047,304.30279099891777,True,
2,134,5,fresh-client,1,cross_128_corner,lzw_128,LZW,128,40,41,3561,404163829,404234861,71033,206,bytes 404163829-404234861/661264391,71033,71033,139.1707500006305,139.1997499995341,82.08037499935017,221.29812500133994,True,
2,134,5,fresh-client,1,cross_128_corner,lzw_128,LZW,128,41,40,3648,409892800,409965306,72507,206,bytes 409892800-409965306/661264391,72507,72507,154.2236250024871,154.25445800065063,87.32520799821941,241.613458001666,True,
2,134,5,fresh-client,1,cross_128_corner,lzw_128,LZW,128,41,41,3649,409965315,410035919,70605,206,bytes 409965315-410035919/661264391,70605,70605,174.15162500037695,174.18937500042375,89.87333400000352,264.09979199888767,True,
2,135,2,fresh-client,1,cross_512_edge,deflate_512,DEFLATE,512,10,10,230,310426888,311281522,854635,206,bytes 310426888-311281522/499024403,854635,854635,252.7539170005184,252.8619170007005,286.25929199915845,539.1619590009213,True,
2,135,2,fresh-client,1,cross_512_edge,deflate_512,DEFLATE,512,10,11,231,311281531,312113785,832255,206,bytes 311281531-312113785/499024403,832255,832255,171.75962499823072,171.7941669994616,313.003999999637,484.84587499842746,True,
2,136,3,fresh-client,1,cross_128_edge,deflate_256,DEFLATE,256,20,20,900,306262458,306479353,216896,206,bytes 306262458-306479353/498427477,216896,216896,155.49000000100932,155.52391700111912,221.83441699962714,377.4032500004978,True,
2,137,1,fresh-client,1,interior,zstd_128,ZSTD,128,40,40,3560,300228058,300282104,54047,206,bytes 300228058-300282104/492119117,54047,54047,198.23175000055926,198.27362499927403,53.707750001194654,252.0173330012767,True,
2,138,2,fresh-client,1,interior,zstd_128,ZSTD,128,40,40,3560,300228058,300282104,54047,206,bytes 300228058-300282104/492119117,54047,54047,187.7357920020586,187.77808300001197,53.62795900146011,241.42000000210828,True,
2,139,5,fresh-client,1,cross_256_corner,deflate_256,DEFLATE,256,20,20,900,306262458,306479353,216896,206,bytes 306262458-306479353/498427477,216896,216896,143.09941600004095,143.13133299947367,340.3072080000129,483.479124999576,True,
2,139,5,fresh-client,1,cross_256_corner,deflate_256,DEFLATE,256,20,21,901,306479362,306690064,210703,206,bytes 306479362-306690064/498427477,210703,210703,166.67583399976138,166.7106259992579,231.57545899812249,398.33645899852854,True,
2,139,5,fresh-client,1,cross_256_corner,deflate_256,DEFLATE,256,21,20,944,314896453,315110145,213693,206,bytes 314896453-315110145/498427477,213693,213693,174.47200000242447,174.51070800234447,301.784333998512,476.3420840026811,True,
2,139,5,fresh-client,1,cross_256_corner,deflate_256,DEFLATE,256,21,21,945,315110154,315323387,213234,206,bytes 315110154-315323387/498427477,213234,213234,203.1833330001973,203.23958299923106,132.0108750005602,335.2945410006214,True,
2,140,2,fresh-client,1,interior,deflate_256,DEFLATE,256,20,20,900,306262458,306479353,216896,206,bytes 306262458-306479353/498427477,216896,216896,148.97554100025445,149.00679099810077,130.25329199808766,279.30312500029686,True,
2,141,5,fresh-client,1,cross_128_edge,lzw_512,LZW,512,10,10,230,411686466,412818824,1132359,206,bytes 411686466-412818824/661107776,1132359,1132359,186.07112499739742,186.11624999903142,577.4855840027158,763.6455009997007,True,
2,142,2,fresh-client,1,cross_128_corner,deflate_512,DEFLATE,512,10,10,230,310426888,311281522,854635,206,bytes 310426888-311281522/499024403,854635,854635,330.88804200087907,330.92012500128476,524.8358749995532,855.792250000377,True,
2,143,2,fresh-client,1,cross_256_edge,lzw_256,LZW,256,20,20,900,406553924,406841161,287238,206,bytes 406553924-406841161/661012853,287238,287238,166.89570900052786,166.92633400089107,330.90295899819466,497.8990419986076,True,
2,143,2,fresh-client,1,cross_256_edge,lzw_256,LZW,256,20,21,901,406841170,407119092,277923,206,bytes 406841170-407119092/661012853,277923,277923,175.01895800160128,175.05220800012466,161.66970799895353,336.7718750014319,True,
2,144,3,fresh-client,1,cross_256_corner,zstd_128,ZSTD,128,41,41,3649,304621142,304673679,52538,206,bytes 304621142-304673679/492119117,52538,52538,239.70162499972503,239.7978749977483,47.62529199797427,287.47712499898626,True,
2,144,3,fresh-client,1,cross_256_corner,zstd_128,ZSTD,128,41,42,3650,304673688,304726888,53201,206,bytes 304673688-304726888/492119117,53201,53201,202.57645799938473,202.6197079976555,79.9455839987786,282.5982920003298,True,
2,144,3,fresh-client,1,cross_256_corner,zstd_128,ZSTD,128,42,41,3737,308887700,308940134,52435,206,bytes 308887700-308940134/492119117,52435,52435,142.00145900031202,142.03145899955416,60.142624999571126,202.1876250000787,True,
2,144,3,fresh-client,1,cross_256_corner,zstd_128,ZSTD,128,42,42,3738,308940143,308992671,52529,206,bytes 308940143-308992671/492119117,52529,52529,144.13416600291384,144.16516600249452,47.815291000006255,191.9926660011697,True,
2,145,1,fresh-client,1,cross_512_edge,deflate_256,DEFLATE,256,20,21,901,306479362,306690064,210703,206,bytes 306479362-306690064/498427477,210703,210703,161.94774999894435,161.98566700040828,272.3507080008858,434.379499998613,True,
2,145,1,fresh-client,1,cross_512_edge,deflate_256,DEFLATE,256,20,22,902,306690073,306897377,207305,206,bytes 306690073-306897377/498427477,207305,207305,189.7406249991036,189.78570800027228,143.93804200153681,333.77399999881163,True,
2,146,5,fresh-client,1,cross_512_corner,deflate_128,DEFLATE,128,43,43,3827,318224016,318278030,54015,206,bytes 318224016-318278030/499617324,54015,54015,147.8296669993142,147.85758400103077,65.43870799941942,213.30970900089596,True,
2,146,5,fresh-client,1,cross_512_corner,deflate_128,DEFLATE,128,43,44,3828,318278039,318331048,53010,206,bytes 318278039-318331048/499617324,53010,53010,149.54166600000462,149.57349999895087,64.18845799998962,213.7858749993029,True,
2,146,5,fresh-client,1,cross_512_corner,deflate_128,DEFLATE,128,44,43,3915,322379939,322432680,52742,206,bytes 322379939-322432680/499617324,52742,52742,247.87320899849874,248.00075099847163,94.25133299737354,342.3055419989396,True,
2,146,5,fresh-client,1,cross_512_corner,deflate_128,DEFLATE,128,44,44,3916,322432689,322485817,53129,206,bytes 322432689-322485817/499617324,53129,53129,156.8896249991667,156.9212919966958,78.1749999987369,235.12308399949688,True,
2,147,4,fresh-client,1,cross_512_corner,lzw_512,LZW,512,10,10,230,411686466,412818824,1132359,206,bytes 411686466-412818824/661107776,1132359,1132359,125.05700000110664,125.08270800026366,547.7571670016914,672.8855830006069,True,
2,147,4,fresh-client,1,cross_512_corner,lzw_512,LZW,512,10,11,231,412818833,413920320,1101488,206,bytes 412818833-413920320/661107776,1101488,1101488,164.90650000196183,164.93595900101354,513.088001000142,678.0587089997425,True,
2,147,4,fresh-client,1,cross_512_corner,lzw_512,LZW,512,11,10,252,434325460,435426146,1100687,206,bytes 434325460-435426146/661107776,1100687,1100687,172.61304199928418,172.65158299778705,524.7318750007253,697.3972919986409,True,
2,147,4,fresh-client,1,cross_512_corner,lzw_512,LZW,512,11,11,253,435426155,436544622,1118468,206,bytes 435426155-436544622/661107776,1118468,1118468,155.75429199816426,155.78445899882354,538.7794169982953,694.6214589988813,True,
2,148,2,fresh-client,1,interior,deflate_128,DEFLATE,128,40,40,3560,305047460,305102560,55101,206,bytes 305047460-305102560/499617324,55101,55101,161.19774999970105,161.2333339980978,50.286417001188966,211.5328750005574,True,
2,149,5,fresh-client,1,cross_256_corner,deflate_512,DEFLATE,512,10,10,230,310426888,311281522,854635,206,bytes 310426888-311281522/499024403,854635,854635,135.46845800010487,135.49933299873373,469.80208400054835,605.3429169987794,True,
2,150,4,fresh-client,1,cross_128_edge,lzw_128,LZW,128,40,40,3560,404091050,404163820,72771,206,bytes 404091050-404163820/661264391,72771,72771,356.09554199982085,356.19879200021387,64.43770799887716,420.6498340026883,True,
2,150,4,fresh-client,1,cross_128_edge,lzw_128,LZW,128,40,41,3561,404163829,404234861,71033,206,bytes 404163829-404234861/661264391,71033,71033,130.81558300109464,130.8462499982852,106.21570800140034,237.09579199930886,True,
2,151,5,fresh-client,1,cross_512_edge,zstd_128,ZSTD,128,40,43,3563,300386704,300438476,51773,206,bytes 300386704-300438476/492119117,51773,51773,154.7630829991249,154.79537500141305,94.26920799887739,249.09412499982864,True,
2,151,5,fresh-client,1,cross_512_edge,zstd_128,ZSTD,128,40,44,3564,300438485,300489278,50794,206,bytes 300438485-300489278/492119117,50794,50794,197.47158300015144,197.51679199907812,173.13149999972666,370.68816700048046,True,
2,152,3,fresh-client,1,cross_512_edge,deflate_128,DEFLATE,128,40,43,3563,305208773,305261361,52589,206,bytes 305208773-305261361/499617324,52589,52589,189.20941600299557,189.2434580004192,51.89333399903262,241.15495800288045,True,
2,152,3,fresh-client,1,cross_512_edge,deflate_128,DEFLATE,128,40,44,3564,305261370,305312689,51320,206,bytes 305261370-305312689/499617324,51320,51320,146.2768759993196,146.30937599940808,49.240000000281725,195.5605419971107,True,
2,153,5,fresh-client,1,cross_512_corner,deflate_256,DEFLATE,256,21,21,945,315110154,315323387,213234,206,bytes 315110154-315323387/498427477,213234,213234,130.6224170002679,130.65054199978476,113.43204099830473,244.11095899995416,True,
2,153,5,fresh-client,1,cross_512_corner,deflate_256,DEFLATE,256,21,22,946,315323396,315533302,209907,206,bytes 315323396-315533302/498427477,209907,209907,160.4387079969456,160.4692500004603,271.50383300249814,432.0154579982045,True,
2,153,5,fresh-client,1,cross_512_corner,deflate_256,DEFLATE,256,22,21,989,323490842,323701123,210282,206,bytes 323490842-323701123/498427477,210282,210282,147.45516699986183,147.48437500020373,132.6414590002969,280.1535420003347,True,
2,153,5,fresh-client,1,cross_512_corner,deflate_256,DEFLATE,256,22,22,990,323701132,323912576,211445,206,bytes 323701132-323912576/498427477,211445,211445,155.07150000121328,155.1017919991864,143.5860000019602,298.7329169991426,True,
2,154,5,fresh-client,1,cross_512_edge,zstd_256,ZSTD,256,20,21,901,301328177,301535592,207416,206,bytes 301328177-301535592/490384277,207416,207416,212.90487499936717,212.9588749994582,210.92870799839147,423.90125000019907,True,
2,154,5,fresh-client,1,cross_512_edge,zstd_256,ZSTD,256,20,22,902,301535601,301739853,204253,206,bytes 301535601-301739853/490384277,204253,204253,160.94079100003,160.9776659970521,135.37158300096053,296.39554099776433,True,
2,155,1,fresh-client,1,cross_256_edge,lzw_128,LZW,128,40,41,3561,404163829,404234861,71033,206,bytes 404163829-404234861/661264391,71033,71033,137.9442920006113,137.97375000285683,113.6707910009136,251.71408300229814,True,
2,155,1,fresh-client,1,cross_256_edge,lzw_128,LZW,128,40,42,3562,404234870,404303621,68752,206,bytes 404234870-404303621/661264391,68752,68752,152.16412500012666,152.1951659997285,66.64158300191048,218.8649580020865,True,
2,156,3,fresh-client,1,cross_512_edge,lzw_512,LZW,512,10,10,230,411686466,412818824,1132359,206,bytes 411686466-412818824/661107776,1132359,1132359,239.09283300235984,239.19312500220258,364.6131250025064,603.8447920000181,True,
2,156,3,fresh-client,1,cross_512_edge,lzw_512,LZW,512,10,11,231,412818833,413920320,1101488,206,bytes 412818833-413920320/661107776,1101488,1101488,164.86650000297232,164.90170800170745,480.955916998937,645.8984170021722,True,
2,157,4,fresh-client,1,cross_128_corner,zstd_512,ZSTD,512,10,10,230,304767160,305606839,839680,206,bytes 304767160-305606839/490194415,839680,839680,203.66079100131174,203.70541600277647,250.5762090004282,454.32220800284995,True,
2,158,2,fresh-client,1,cross_256_edge,deflate_256,DEFLATE,256,20,20,900,306262458,306479353,216896,206,bytes 306262458-306479353/498427477,216896,216896,155.04958299788996,155.08420799960732,129.4850830017822,284.6087500001886,True,
2,158,2,fresh-client,1,cross_256_edge,deflate_256,DEFLATE,256,20,21,901,306479362,306690064,210703,206,bytes 306479362-306690064/498427477,210703,210703,151.77091700024903,151.8032090025372,196.7066249999334,348.53900000234717,True,
2,159,5,fresh-client,1,cross_256_edge,zstd_128,ZSTD,128,40,41,3561,300282113,300335031,52919,206,bytes 300282113-300335031/492119117,52919,52919,327.6395000029879,327.66841700140503,114.50966600023094,442.20812500134343,True,
2,159,5,fresh-client,1,cross_256_edge,zstd_128,ZSTD,128,40,42,3562,300335040,300386695,51656,206,bytes 300335040-300386695/492119117,51656,51656,264.8222089992487,265.03191699885065,59.8322920013743,324.9146259986446,True,
2,160,5,fresh-client,1,cross_256_edge,zstd_256,ZSTD,256,20,20,900,301115142,301328168,213027,206,bytes 301115142-301328168/490384277,213027,213027,274.87279100023443,274.9826250001206,146.85320900025545,421.8977500022447,True,
2,160,5,fresh-client,1,cross_256_edge,zstd_256,ZSTD,256,20,21,901,301328177,301535592,207416,206,bytes 301328177-301535592/490384277,207416,207416,139.7458329993242,139.7765410001739,115.44316700019408,255.27491699904203,True,
2,161,2,fresh-client,1,cross_128_corner,zstd_512,ZSTD,512,10,10,230,304767160,305606839,839680,206,bytes 304767160-305606839/490194415,839680,839680,141.05758299774607,141.08712500092224,526.2210410000989,667.3246249993099,True,
2,162,3,fresh-client,1,cross_128_edge,lzw_512,LZW,512,10,10,230,411686466,412818824,1132359,206,bytes 411686466-412818824/661107776,1132359,1132359,214.56829099770403,214.69387499746517,513.0215009994572,727.7643749985145,True,
2,163,1,fresh-client,1,cross_512_corner,zstd_128,ZSTD,128,43,43,3827,313219659,313272608,52950,206,bytes 313219659-313272608/492119117,52950,52950,152.02599999975064,152.05741700265207,189.17466700077057,341.28729200165253,True,
2,163,1,fresh-client,1,cross_512_corner,zstd_128,ZSTD,128,43,44,3828,313272617,313324753,52137,206,bytes 313272617-313324753/492119117,52137,52137,159.40087499984656,159.44583300006343,88.48358300019754,247.9567499976838,True,
2,163,1,fresh-client,1,cross_512_corner,zstd_128,ZSTD,128,44,43,3915,317314658,317366615,51958,206,bytes 317314658-317366615/492119117,51958,51958,129.5836249992135,129.6111670017126,80.48508299907553,210.11224999892875,True,
2,163,1,fresh-client,1,cross_512_corner,zstd_128,ZSTD,128,44,44,3916,317366624,317418939,52316,206,bytes 317366624-317418939/492119117,52316,52316,158.10545799831743,158.13725000043632,63.80845800231327,221.96045799864805,True,
2,164,1,fresh-client,1,interior,lzw_256,LZW,256,20,20,900,406553924,406841161,287238,206,bytes 406553924-406841161/661012853,287238,287238,130.11391600230127,130.14320800357382,235.04520800270257,365.2299170025799,True,
2,165,2,fresh-client,1,cross_512_corner,zstd_128,ZSTD,128,43,43,3827,313219659,313272608,52950,206,bytes 313219659-313272608/492119117,52950,52950,162.89441699700546,162.92787499696715,59.56037500072853,222.50187499957974,True,
2,165,2,fresh-client,1,cross_512_corner,zstd_128,ZSTD,128,43,44,3828,313272617,313324753,52137,206,bytes 313272617-313324753/492119117,52137,52137,157.23991699996986,157.2730000007141,69.37508400005754,226.6734170007112,True,
2,165,2,fresh-client,1,cross_512_corner,zstd_128,ZSTD,128,44,43,3915,317314658,317366615,51958,206,bytes 317314658-317366615/492119117,51958,51958,154.00241699899198,154.03104199867812,76.7796250001993,230.84491699773935,True,
2,165,2,fresh-client,1,cross_512_corner,zstd_128,ZSTD,128,44,44,3916,317366624,317418939,52316,206,bytes 317366624-317418939/492119117,52316,52316,155.33645799951046,155.3624160005711,142.2065830010979,297.6243749981222,True,
2,166,1,fresh-client,1,cross_256_edge,deflate_128,DEFLATE,128,40,41,3561,305102569,305156400,53832,206,bytes 305102569-305156400/499617324,53832,53832,149.86437499828753,149.89495799818542,54.421708002337255,204.33020799828228,True,
2,166,1,fresh-client,1,cross_256_edge,deflate_128,DEFLATE,128,40,42,3562,305156409,305208764,52356,206,bytes 305156409-305208764/499617324,52356,52356,145.63054099926376,145.6603750011709,55.610457999137,201.28325000041514,True,
2,167,1,fresh-client,1,cross_512_corner,zstd_512,ZSTD,512,10,10,230,304767160,305606839,839680,206,bytes 304767160-305606839/490194415,839680,839680,155.44141699865577,155.47104199868045,302.9663330016774,458.48229200055357,True,
2,167,1,fresh-client,1,cross_512_corner,zstd_512,ZSTD,512,10,11,231,305606848,306426901,820054,206,bytes 305606848-306426901/490194415,820054,820054,200.60783400185755,200.65379200241296,329.5194159982202,530.2768340006878,True,
2,167,1,fresh-client,1,cross_512_corner,zstd_512,ZSTD,512,11,10,252,321640707,322458855,818149,206,bytes 321640707-322458855/490194415,818149,818149,332.07833300184575,332.1057920002204,252.2990840006969,584.44800000143,True,
2,167,1,fresh-client,1,cross_512_corner,zstd_512,ZSTD,512,11,11,253,322458864,323289120,830257,206,bytes 322458864-323289120/490194415,830257,830257,163.7907920012367,163.81775000263588,314.3626669989317,478.2151260005776,True,
2,168,4,fresh-client,1,interior,zstd_256,ZSTD,256,20,20,900,301115142,301328168,213027,206,bytes 301115142-301328168/490384277,213027,213027,129.1257080010837,129.15820800117217,152.71462500095367,281.916750001983,True,
2,169,4,fresh-client,1,cross_256_corner,zstd_128,ZSTD,128,41,41,3649,304621142,304673679,52538,206,bytes 304621142-304673679/492119117,52538,52538,205.47266699941247,205.51733399770455,51.31745800099452,256.87166699935915,True,
2,169,4,fresh-client,1,cross_256_corner,zstd_128,ZSTD,128,41,42,3650,304673688,304726888,53201,206,bytes 304673688-304726888/492119117,53201,53201,188.31791699994938,188.35958400086383,61.895082999399165,250.28491700140876,True,
2,169,4,fresh-client,1,cross_256_corner,zstd_128,ZSTD,128,42,41,3737,308887700,308940134,52435,206,bytes 308887700-308940134/492119117,52435,52435,260.35783300176263,260.4714170010993,61.35412499861559,321.8725420010742,True,
2,169,4,fresh-client,1,cross_256_corner,zstd_128,ZSTD,128,42,42,3738,308940143,308992671,52529,206,bytes 308940143-308992671/492119117,52529,52529,131.3430000009248,131.37108299997635,60.74929199894541,192.14308300070115,True,
2,170,5,fresh-client,1,interior,zstd_128,ZSTD,128,40,40,3560,300228058,300282104,54047,206,bytes 300228058-300282104/492119117,54047,54047,155.00133399837068,155.03125099712634,46.88462500052992,201.92704199871514,True,
2,171,5,fresh-client,1,cross_128_corner,deflate_256,DEFLATE,256,20,20,900,306262458,306479353,216896,206,bytes 306262458-306479353/498427477,216896,216896,217.80937500079744,217.87762500025565,260.3072079982667,478.23083299954305,True,
2,172,3,fresh-client,1,cross_256_edge,deflate_256,DEFLATE,256,20,20,900,306262458,306479353,216896,206,bytes 306262458-306479353/498427477,216896,216896,151.42154199929792,151.4511669993226,136.24116600112757,287.7396670010057,True,
2,172,3,fresh-client,1,cross_256_edge,deflate_256,DEFLATE,256,20,21,901,306479362,306690064,210703,206,bytes 306479362-306690064/498427477,210703,210703,144.872500000929,144.9014169993461,144.7955000003276,289.74004200063064,True,
2,173,5,fresh-client,1,cross_512_corner,lzw_128,LZW,128,43,43,3827,421475357,421546899,71543,206,bytes 421475357-421546899/661264391,71543,71543,226.67475100024603,226.733041999978,51.20024999996531,277.974376000202,True,
2,173,5,fresh-client,1,cross_512_corner,lzw_128,LZW,128,43,44,3828,421546908,421617252,70345,206,bytes 421546908-421617252/661264391,70345,70345,153.51187499982188,153.54195899999468,122.84799999906681,276.43354199972237,True,
2,173,5,fresh-client,1,cross_512_corner,lzw_128,LZW,128,44,43,3915,426954274,427023840,69567,206,bytes 426954274-427023840/661264391,69567,69567,421.60795900053927,421.7165420013771,73.33508299780078,495.09629200110794,True,
2,173,5,fresh-client,1,cross_512_corner,lzw_128,LZW,128,44,44,3916,427023849,427094094,70246,206,bytes 427023849-427094094/661264391,70246,70246,249.9721669992141,250.03137499879813,69.77941699733492,319.8532919996069,True,
2,174,5,fresh-client,1,cross_256_edge,deflate_256,DEFLATE,256,20,20,900,306262458,306479353,216896,206,bytes 306262458-306479353/498427477,216896,216896,154.44695800033514,154.47950000088895,102.31066699998337,256.8292089999886,True,
2,174,5,fresh-client,1,cross_256_edge,deflate_256,DEFLATE,256,20,21,901,306479362,306690064,210703,206,bytes 306479362-306690064/498427477,210703,210703,169.36758299925714,169.40270800114376,112.47300000104588,281.92304099866305,True,
2,175,3,fresh-client,1,cross_256_corner,deflate_256,DEFLATE,256,20,20,900,306262458,306479353,216896,206,bytes 306262458-306479353/498427477,216896,216896,137.87012499960838,137.89645799988648,119.31591699976707,257.22495800073375,True,
2,175,3,fresh-client,1,cross_256_corner,deflate_256,DEFLATE,256,20,21,901,306479362,306690064,210703,206,bytes 306479362-306690064/498427477,210703,210703,270.4074590001255,270.49408400125685,91.49262500068289,362.0365839997248,True,
2,175,3,fresh-client,1,cross_256_corner,deflate_256,DEFLATE,256,21,20,944,314896453,315110145,213693,206,bytes 314896453-315110145/498427477,213693,213693,355.0156249984866,355.05341599855456,101.08133299945621,456.1652909978875,True,
2,175,3,fresh-client,1,cross_256_corner,deflate_256,DEFLATE,256,21,21,945,315110154,315323387,213234,206,bytes 315110154-315323387/498427477,213234,213234,158.38754200012772,158.42675100066117,202.85095800136332,361.3199589999567,True,
2,176,3,fresh-client,1,cross_256_edge,zstd_256,ZSTD,256,20,20,900,301115142,301328168,213027,206,bytes 301115142-301328168/490384277,213027,213027,182.80687500009662,182.85800000012387,121.92191700160038,304.8265840006934,True,
2,176,3,fresh-client,1,cross_256_edge,zstd_256,ZSTD,256,20,21,901,301328177,301535592,207416,206,bytes 301328177-301535592/490384277,207416,207416,143.69825000176206,143.72858299975633,139.65879199895426,283.43683300045086,True,
2,177,2,fresh-client,1,cross_256_corner,deflate_512,DEFLATE,512,10,10,230,310426888,311281522,854635,206,bytes 310426888-311281522/499024403,854635,854635,142.18233400242752,142.21316700059106,400.4685840009188,542.7180840015353,True,
2,178,5,fresh-client,1,cross_256_corner,lzw_128,LZW,128,41,41,3649,409965315,410035919,70605,206,bytes 409965315-410035919/661264391,70605,70605,170.3347090005991,170.36941700280295,60.901667002326576,231.294708999485,True,
2,178,5,fresh-client,1,cross_256_corner,lzw_128,LZW,128,41,42,3650,410035928,410107613,71686,206,bytes 410035928-410107613/661264391,71686,71686,128.9304589990934,128.9592499997525,69.53458399948431,198.50829200004227,True,
2,178,5,fresh-client,1,cross_256_corner,lzw_128,LZW,128,42,41,3737,415676272,415746842,70571,206,bytes 415676272-415746842/661264391,70571,70571,161.47287499916274,161.50004099836224,64.2807090007409,225.79699999914737,True,
2,178,5,fresh-client,1,cross_256_corner,lzw_128,LZW,128,42,42,3738,415746851,415817546,70696,206,bytes 415746851-415817546/661264391,70696,70696,157.90895900136093,157.94254199863644,142.99420799943618,300.96962500101654,True,
2,179,1,fresh-client,1,cross_128_corner,lzw_128,LZW,128,40,40,3560,404091050,404163820,72771,206,bytes 404091050-404163820/661264391,72771,72771,183.84116599918343,183.8757080004143,73.94054099859204,257.8464159996656,True,
2,179,1,fresh-client,1,cross_128_corner,lzw_128,LZW,128,40,41,3561,404163829,404234861,71033,206,bytes 404163829-404234861/661264391,71033,71033,210.52666700052214,210.6282499989902,95.88954100036062,306.5675830002874,True,
2,179,1,fresh-client,1,cross_128_corner,lzw_128,LZW,128,41,40,3648,409892800,409965306,72507,206,bytes 409892800-409965306/661264391,72507,72507,187.94120800157543,187.9815829997824,58.55529200198362,246.56666699956986,True,
2,179,1,fresh-client,1,cross_128_corner,lzw_128,LZW,128,41,41,3649,409965315,410035919,70605,206,bytes 409965315-410035919/661264391,70605,70605,199.35862499914947,199.40700000006473,62.521916999685345,261.95716700021876,True,
2,180,5,fresh-client,1,cross_512_edge,lzw_128,LZW,128,40,43,3563,404303630,404372483,68854,206,bytes 404303630-404372483/661264391,68854,68854,138.21233400085475,138.24141700024484,77.14629199836054,215.41037499991944,True,
2,180,5,fresh-client,1,cross_512_edge,lzw_128,LZW,128,40,44,3564,404372492,404440436,67945,206,bytes 404372492-404440436/661264391,67945,67945,194.67358400288504,194.71525000335532,81.98791600079858,276.7512090031232,True,
2,181,4,fresh-client,1,cross_256_corner,zstd_256,ZSTD,256,20,20,900,301115142,301328168,213027,206,bytes 301115142-301328168/490384277,213027,213027,221.21775000050548,221.27558300053352,106.23774999839952,327.56337500177324,True,
2,181,4,fresh-client,1,cross_256_corner,zstd_256,ZSTD,256,20,21,901,301328177,301535592,207416,206,bytes 301328177-301535592/490384277,207416,207416,242.3207909996563,242.38775000048918,114.70995900162961,357.1437499995227,True,
2,181,4,fresh-client,1,cross_256_corner,zstd_256,ZSTD,256,21,20,944,309614499,309824334,209836,206,bytes 309614499-309824334/490384277,209836,209836,165.01787500237697,165.05137500280398,93.71741699942504,258.8000830000965,True,
2,181,4,fresh-client,1,cross_256_corner,zstd_256,ZSTD,256,21,21,945,309824343,310033910,209568,206,bytes 309824343-310033910/490384277,209568,209568,176.39320799935376,176.43216700162156,126.9806249983958,303.4575829988171,True,
2,182,1,fresh-client,1,cross_512_edge,zstd_512,ZSTD,512,10,10,230,304767160,305606839,839680,206,bytes 304767160-305606839/490194415,839680,839680,371.4856670012523,371.51720900146756,1198.787083998468,1570.3528759986511,True,
2,182,1,fresh-client,1,cross_512_edge,zstd_512,ZSTD,512,10,11,231,305606848,306426901,820054,206,bytes 305606848-306426901/490194415,820054,820054,149.62125000238302,149.65474999917205,523.9785830017354,673.6966669996036,True,
2,183,1,fresh-client,1,cross_512_corner,zstd_256,ZSTD,256,21,21,945,309824343,310033910,209568,206,bytes 309824343-310033910/490384277,209568,209568,258.8674999969953,258.9832089979609,371.8399169993063,630.8400419984537,True,
2,183,1,fresh-client,1,cross_512_corner,zstd_256,ZSTD,256,21,22,946,310033919,310240520,206602,206,bytes 310033919-310240520/490384277,206602,206602,149.0664580014709,149.10608300124295,140.97304200186045,290.13024999949266,True,
2,183,1,fresh-client,1,cross_512_corner,zstd_256,ZSTD,256,22,21,989,318075010,318281956,206947,206,bytes 318075010-318281956/490384277,206947,206947,165.59016600149334,165.6290409991925,177.4137089996657,343.0734579997079,True,
2,183,1,fresh-client,1,cross_512_corner,zstd_256,ZSTD,256,22,22,990,318281965,318490136,208172,206,bytes 318281965-318490136/490384277,208172,208172,160.34504199706134,160.39208299844177,108.02329199941596,268.44154199716286,True,
2,184,1,fresh-client,1,cross_128_edge,lzw_512,LZW,512,10,10,230,411686466,412818824,1132359,206,bytes 411686466-412818824/661107776,1132359,1132359,125.63520900221192,125.66220900043845,309.5591669989517,435.25966699962737,True,
2,185,1,fresh-client,1,cross_256_corner,lzw_128,LZW,128,41,41,3649,409965315,410035919,70605,206,bytes 409965315-410035919/661264391,70605,70605,288.03762499956065,288.14362499906565,53.560374999506166,341.7603749985574,True,
2,185,1,fresh-client,1,cross_256_corner,lzw_128,LZW,128,41,42,3650,410035928,410107613,71686,206,bytes 410035928-410107613/661264391,71686,71686,178.94425000122283,178.9845419989433,58.74145899724681,237.75458399904892,True,
2,185,1,fresh-client,1,cross_256_corner,lzw_128,LZW,128,42,41,3737,415676272,415746842,70571,206,bytes 415676272-415746842/661264391,70571,70571,159.48395899977186,159.51329200106557,78.19758299956447,237.72895900037838,True,
2,185,1,fresh-client,1,cross_256_corner,lzw_128,LZW,128,42,42,3738,415746851,415817546,70696,206,bytes 415746851-415817546/661264391,70696,70696,121.2381249970349,121.26266599807423,82.93129199955729,204.2080419996637,True,
2,186,1,fresh-client,1,cross_128_corner,lzw_512,LZW,512,10,10,230,411686466,412818824,1132359,206,bytes 411686466-412818824/661107776,1132359,1132359,137.32654100022046,137.35483300115447,372.6634999984526,510.0665410027432,True,
2,187,1,fresh-client,1,cross_256_edge,lzw_512,LZW,512,10,10,230,411686466,412818824,1132359,206,bytes 411686466-412818824/661107776,1132359,1132359,151.8057499997667,151.83558400167385,319.3995420006104,471.28462600085186,True,
2,188,4,fresh-client,1,cross_128_corner,lzw_512,LZW,512,10,10,230,411686466,412818824,1132359,206,bytes 411686466-412818824/661107776,1132359,1132359,215.92687500015018,215.97637500235578,481.9612920000509,697.9698760005704,True,
2,189,5,fresh-client,1,interior,lzw_512,LZW,512,10,10,230,411686466,412818824,1132359,206,bytes 411686466-412818824/661107776,1132359,1132359,188.56400000004214,188.60675000178162,374.3619580018276,563.0202499996813,True,
2,190,1,fresh-client,1,cross_512_corner,lzw_128,LZW,128,43,43,3827,421475357,421546899,71543,206,bytes 421475357-421546899/661264391,71543,71543,200.56245800151373,200.61079099832568,58.301791999838315,258.9560000014899,True,
2,190,1,fresh-client,1,cross_512_corner,lzw_128,LZW,128,43,44,3828,421546908,421617252,70345,206,bytes 421546908-421617252/661264391,70345,70345,155.31575000204612,155.34641700287466,50.42083300213562,205.77816700097173,True,
2,190,1,fresh-client,1,cross_512_corner,lzw_128,LZW,128,44,43,3915,426954274,427023840,69567,206,bytes 426954274-427023840/661264391,69567,69567,166.42220900030225,166.45508399960818,85.58087499841349,252.08308400033275,True,
2,190,1,fresh-client,1,cross_512_corner,lzw_128,LZW,128,44,44,3916,427023849,427094094,70246,206,bytes 427023849-427094094/661264391,70246,70246,151.16879200286348,151.20104200104834,62.901291999878595,214.11858400097117,True,
2,191,1,fresh-client,1,cross_256_corner,zstd_256,ZSTD,256,20,20,900,301115142,301328168,213027,206,bytes 301115142-301328168/490384277,213027,213027,324.44595899869455,324.473417000263,125.12558399976115,449.64166700083297,True,
2,191,1,fresh-client,1,cross_256_corner,zstd_256,ZSTD,256,20,21,901,301328177,301535592,207416,206,bytes 301328177-301535592/490384277,207416,207416,193.03858300190768,193.0808329998399,135.94066700170515,329.08420800231397,True,
2,191,1,fresh-client,1,cross_256_corner,zstd_256,ZSTD,256,21,20,944,309614499,309824334,209836,206,bytes 309614499-309824334/490384277,209836,209836,172.3935000009078,172.4406249995809,391.5620839979965,564.0477090018976,True,
2,191,1,fresh-client,1,cross_256_corner,zstd_256,ZSTD,256,21,21,945,309824343,310033910,209568,206,bytes 309824343-310033910/490384277,209568,209568,220.5153329996392,220.57912499803933,159.53466700011631,380.1558749983087,True,
2,192,2,fresh-client,1,cross_128_corner,deflate_128,DEFLATE,128,40,40,3560,305047460,305102560,55101,206,bytes 305047460-305102560/499617324,55101,55101,180.80212499990012,180.8346249999886,51.444000000628876,232.29504200207884,True,
2,192,2,fresh-client,1,cross_128_corner,deflate_128,DEFLATE,128,40,41,3561,305102569,305156400,53832,206,bytes 305102569-305156400/499617324,53832,53832,166.76737500165473,166.80054199969163,80.77425000010408,247.60804200195707,True,
2,192,2,fresh-client,1,cross_128_corner,deflate_128,DEFLATE,128,41,40,3648,309446600,309501607,55008,206,bytes 309446600-309501607/499617324,55008,55008,225.11354200105416,225.1938750014233,58.01645800238475,283.2639590014878,True,
2,192,2,fresh-client,1,cross_128_corner,deflate_128,DEFLATE,128,41,41,3649,309501616,309555017,53402,206,bytes 309501616-309555017/499617324,53402,53402,168.3829159992456,168.4157910021895,57.1598750029807,225.58641599971452,True,
2,193,3,fresh-client,1,cross_128_corner,zstd_128,ZSTD,128,40,40,3560,300228058,300282104,54047,206,bytes 300228058-300282104/492119117,54047,54047,125.00779200126999,125.03741700129467,68.51095899764914,193.56162500116625,True,
2,193,3,fresh-client,1,cross_128_corner,zstd_128,ZSTD,128,40,41,3561,300282113,300335031,52919,206,bytes 300282113-300335031/492119117,52919,52919,195.14095799968345,195.18341699949815,54.00054200072191,249.2182079986378,True,
2,193,3,fresh-client,1,cross_128_corner,zstd_128,ZSTD,128,41,40,3648,304567089,304621133,54045,206,bytes 304567089-304621133/492119117,54045,54045,128.3746670014807,128.40500000311295,131.17970800158218,259.62958300078753,True,
2,193,3,fresh-client,1,cross_128_corner,zstd_128,ZSTD,128,41,41,3649,304621142,304673679,52538,206,bytes 304621142-304673679/492119117,52538,52538,150.16674999787938,150.19691699853865,51.90029100049287,202.10945799772162,True,
2,194,3,fresh-client,1,cross_512_corner,deflate_128,DEFLATE,128,43,43,3827,318224016,318278030,54015,206,bytes 318224016-318278030/499617324,54015,54015,141.33362499705981,141.3624169981631,52.68716700084042,194.06008399892016,True,
2,194,3,fresh-client,1,cross_512_corner,deflate_128,DEFLATE,128,43,44,3828,318278039,318331048,53010,206,bytes 318278039-318331048/499617324,53010,53010,181.78891600109637,181.82079100006376,53.66387500180281,235.5114579986548,True,
2,194,3,fresh-client,1,cross_512_corner,deflate_128,DEFLATE,128,44,43,3915,322379939,322432680,52742,206,bytes 322379939-322432680/499617324,52742,52742,142.37370800037752,142.40249999784282,58.095792002859525,200.50949999858858,True,
2,194,3,fresh-client,1,cross_512_corner,deflate_128,DEFLATE,128,44,44,3916,322432689,322485817,53129,206,bytes 322432689-322485817/499617324,53129,53129,206.50895799917635,206.59075000003213,52.465666998614324,259.1104169987375,True,
2,195,4,fresh-client,1,cross_256_edge,lzw_512,LZW,512,10,10,230,411686466,412818824,1132359,206,bytes 411686466-412818824/661107776,1132359,1132359,165.79195799931767,165.82762499820092,623.5107079992304,789.391832997353,True,
2,196,3,fresh-client,1,cross_256_corner,deflate_128,DEFLATE,128,41,41,3649,309501616,309555017,53402,206,bytes 309501616-309555017/499617324,53402,53402,305.1268750023155,305.2398340005311,82.72779200342484,388.0267919994367,True,
2,196,3,fresh-client,1,cross_256_corner,deflate_128,DEFLATE,128,41,42,3650,309555026,309609246,54221,206,bytes 309555026-309609246/499617324,54221,54221,233.40729200208443,233.49879200031864,50.76470800122479,284.31916699992144,True,
2,196,3,fresh-client,1,cross_256_corner,deflate_128,DEFLATE,128,42,41,3737,313827295,313880653,53359,206,bytes 313827295-313880653/499617324,53359,53359,361.9752500017057,362.0141249994049,49.9606670018693,411.99012500146637,True,
2,196,3,fresh-client,1,cross_256_corner,deflate_128,DEFLATE,128,42,42,3738,313880662,313934033,53372,206,bytes 313880662-313934033/499617324,53372,53372,228.01737500049057,228.10949999984587,45.34400000193273,273.49949999916134,True,
2,197,2,fresh-client,1,cross_512_corner,deflate_512,DEFLATE,512,10,10,230,310426888,311281522,854635,206,bytes 310426888-311281522/499024403,854635,854635,160.81895900060772,160.86558400274953,414.1523750004126,575.0674590017297,True,
2,197,2,fresh-client,1,cross_512_corner,deflate_512,DEFLATE,512,10,11,231,311281531,312113785,832255,206,bytes 311281531-312113785/499024403,832255,832255,134.76441700186115,134.79254200137802,295.9391250005865,430.7734590001928,True,
2,197,2,fresh-client,1,cross_512_corner,deflate_512,DEFLATE,512,11,10,252,327623520,328452071,828552,206,bytes 327623520-328452071/499024403,828552,828552,165.823041999829,165.85604200008675,211.71283399962704,377.608250000776,True,
2,197,2,fresh-client,1,cross_512_corner,deflate_512,DEFLATE,512,11,11,253,328452080,329294883,842804,206,bytes 328452080-329294883/499024403,842804,842804,133.6236250026559,133.65095900007873,436.6731260015513,570.3674590004084,True,
2,198,1,fresh-client,1,cross_256_corner,deflate_256,DEFLATE,256,20,20,900,306262458,306479353,216896,206,bytes 306262458-306479353/498427477,216896,216896,145.78858299864805,145.8163749994128,119.14816699936637,265.0125830004981,True,
2,198,1,fresh-client,1,cross_256_corner,deflate_256,DEFLATE,256,20,21,901,306479362,306690064,210703,206,bytes 306479362-306690064/498427477,210703,210703,149.53970800343086,149.56887500011362,115.56804200154147,265.17762500225217,True,
2,198,1,fresh-client,1,cross_256_corner,deflate_256,DEFLATE,256,21,20,944,314896453,315110145,213693,206,bytes 314896453-315110145/498427477,213693,213693,145.7996249991993,145.82987500034506,125.2412510002614,271.0874589974992,True,
2,198,1,fresh-client,1,cross_256_corner,deflate_256,DEFLATE,256,21,21,945,315110154,315323387,213234,206,bytes 315110154-315323387/498427477,213234,213234,146.58262499870034,146.61291599986725,183.06304100042325,329.7225409987732,True,
2,199,5,fresh-client,1,cross_128_corner,zstd_128,ZSTD,128,40,40,3560,300228058,300282104,54047,206,bytes 300228058-300282104/492119117,54047,54047,152.4572079979407,152.49833299822058,79.37041699915426,231.90020800029743,True,
2,199,5,fresh-client,1,cross_128_corner,zstd_128,ZSTD,128,40,41,3561,300282113,300335031,52919,206,bytes 300282113-300335031/492119117,52919,52919,133.7018749982235,133.72904199786717,91.52104200256872,225.2962499987916,True,
2,199,5,fresh-client,1,cross_128_corner,zstd_128,ZSTD,128,41,40,3648,304567089,304621133,54045,206,bytes 304567089-304621133/492119117,54045,54045,144.6306249999907,144.65299999937997,56.60595800145529,201.26704100039206,True,
2,199,5,fresh-client,1,cross_128_corner,zstd_128,ZSTD,128,41,41,3649,304621142,304673679,52538,206,bytes 304621142-304673679/492119117,52538,52538,117.45854200125905,117.48245800117729,59.056792000774294,176.55837499842164,True,
2,200,1,fresh-client,1,cross_256_corner,deflate_512,DEFLATE,512,10,10,230,310426888,311281522,854635,206,bytes 310426888-311281522/499024403,854635,854635,232.000459000119,232.0802089998324,222.28470799745992,454.4162089987367,True,
2,201,3,fresh-client,1,cross_512_edge,zstd_512,ZSTD,512,10,10,230,304767160,305606839,839680,206,bytes 304767160-305606839/490194415,839680,839680,140.66045800063876,140.69466699947952,234.93116700046812,375.6690840018564,True,
2,201,3,fresh-client,1,cross_512_edge,zstd_512,ZSTD,512,10,11,231,305606848,306426901,820054,206,bytes 305606848-306426901/490194415,820054,820054,180.78833399704308,180.82379199768184,321.0538749990519,501.9136249975418,True,
2,202,5,fresh-client,1,cross_256_edge,lzw_512,LZW,512,10,10,230,411686466,412818824,1132359,206,bytes 411686466-412818824/661107776,1132359,1132359,205.1718750008149,205.27525000215974,946.4294589997735,1151.7659589990217,True,
2,203,5,fresh-client,1,cross_256_edge,deflate_128,DEFLATE,128,40,41,3561,305102569,305156400,53832,206,bytes 305102569-305156400/499617324,53832,53832,191.89012499919045,191.94399999832967,167.58604200003901,359.57554199922015,True,
2,203,5,fresh-client,1,cross_256_edge,deflate_128,DEFLATE,128,40,42,3562,305156409,305208764,52356,206,bytes 305156409-305208764/499617324,52356,52356,316.15045799844665,316.1773749998247,129.5152919992688,445.7227079983568,True,
2,204,1,fresh-client,1,cross_256_corner,zstd_128,ZSTD,128,41,41,3649,304621142,304673679,52538,206,bytes 304621142-304673679/492119117,52538,52538,131.86804100041627,131.8960410026193,61.05270800253493,192.96066600145423,True,
2,204,1,fresh-client,1,cross_256_corner,zstd_128,ZSTD,128,41,42,3650,304673688,304726888,53201,206,bytes 304673688-304726888/492119117,53201,53201,178.05733400018653,178.0923750011425,64.40487500003655,242.5292090010771,True,
2,204,1,fresh-client,1,cross_256_corner,zstd_128,ZSTD,128,42,41,3737,308887700,308940134,52435,206,bytes 308887700-308940134/492119117,52435,52435,160.55024999877787,160.58116700151004,83.45508400088875,244.07816700113472,True,
2,204,1,fresh-client,1,cross_256_corner,zstd_128,ZSTD,128,42,42,3738,308940143,308992671,52529,206,bytes 308940143-308992671/492119117,52529,52529,158.83479200056172,158.8660000015807,69.99287500002538,228.89112499979092,True,
2,205,3,fresh-client,1,interior,deflate_128,DEFLATE,128,40,40,3560,305047460,305102560,55101,206,bytes 305047460-305102560/499617324,55101,55101,174.06558400034555,174.10891700274078,51.35933400015347,225.50129200317315,True,
2,206,4,fresh-client,1,cross_512_edge,deflate_128,DEFLATE,128,40,43,3563,305208773,305261361,52589,206,bytes 305208773-305261361/499617324,52589,52589,152.2254579977016,152.26649999749498,61.04966600105399,213.34141599800205,True,
2,206,4,fresh-client,1,cross_512_edge,deflate_128,DEFLATE,128,40,44,3564,305261370,305312689,51320,206,bytes 305261370-305312689/499617324,51320,51320,207.14941600090242,207.200583001395,58.03212499813526,265.2729580004234,True,
2,207,5,fresh-client,1,cross_128_edge,zstd_512,ZSTD,512,10,10,230,304767160,305606839,839680,206,bytes 304767160-305606839/490194415,839680,839680,166.21483400012949,166.25275000114925,1369.8997089995828,1536.2280840017775,True,
2,208,2,fresh-client,1,interior,lzw_256,LZW,256,20,20,900,406553924,406841161,287238,206,bytes 406553924-406841161/661012853,287238,287238,132.8125,132.84470900180168,133.0835839980864,265.9537090003141,True,
2,209,2,fresh-client,1,cross_512_corner,deflate_256,DEFLATE,256,21,21,945,315110154,315323387,213234,206,bytes 315110154-315323387/498427477,213234,213234,161.7675830020744,161.8009580015496,96.47674999723677,258.31225000001723,True,
2,209,2,fresh-client,1,cross_512_corner,deflate_256,DEFLATE,256,21,22,946,315323396,315533302,209907,206,bytes 315323396-315533302/498427477,209907,209907,200.67458400080795,200.80912499906844,107.90137499861885,308.7495840009069,True,
2,209,2,fresh-client,1,cross_512_corner,deflate_256,DEFLATE,256,22,21,989,323490842,323701123,210282,206,bytes 323490842-323701123/498427477,210282,210282,238.71266700007254,238.80458400162752,101.66570900037186,340.5226249997213,True,
2,209,2,fresh-client,1,cross_512_corner,deflate_256,DEFLATE,256,22,22,990,323701132,323912576,211445,206,bytes 323701132-323912576/498427477,211445,211445,145.33258399751503,145.36299999963376,102.28604200165137,247.67745899953297,True,
2,210,3,fresh-client,1,cross_128_corner,deflate_256,DEFLATE,256,20,20,900,306262458,306479353,216896,206,bytes 306262458-306479353/498427477,216896,216896,147.53399999972316,147.5652919980348,356.8030409987841,504.4072499986214,True,
2,211,3,fresh-client,1,cross_256_edge,zstd_128,ZSTD,128,40,41,3561,300282113,300335031,52919,206,bytes 300282113-300335031/492119117,52919,52919,152.62587500183145,152.66116700149723,55.084584000724135,207.76050000131363,True,
2,211,3,fresh-client,1,cross_256_edge,zstd_128,ZSTD,128,40,42,3562,300335040,300386695,51656,206,bytes 300335040-300386695/492119117,51656,51656,135.92616699679638,135.95324999914737,45.44858299777843,181.41199999809032,True,
2,212,3,fresh-client,1,cross_128_corner,deflate_128,DEFLATE,128,40,40,3560,305047460,305102560,55101,206,bytes 305047460-305102560/499617324,55101,55101,145.2677080014837,145.29641600165633,64.7095000022091,210.01812500253436,True,
2,212,3,fresh-client,1,cross_128_corner,deflate_128,DEFLATE,128,40,41,3561,305102569,305156400,53832,206,bytes 305102569-305156400/499617324,53832,53832,159.64408299987554,159.6747920011694,90.77891699780594,250.49383400255465,True,
2,212,3,fresh-client,1,cross_128_corner,deflate_128,DEFLATE,128,41,40,3648,309446600,309501607,55008,206,bytes 309446600-309501607/499617324,55008,55008,362.93320800177753,362.9707910004072,51.48449999978766,414.4706250008312,True,
2,212,3,fresh-client,1,cross_128_corner,deflate_128,DEFLATE,128,41,41,3649,309501616,309555017,53402,206,bytes 309501616-309555017/499617324,53402,53402,171.7857500007085,171.82258300090325,56.71112600248307,228.56970800057752,True,
2,213,4,fresh-client,1,cross_256_corner,lzw_512,LZW,512,10,10,230,411686466,412818824,1132359,206,bytes 411686466-412818824/661107776,1132359,1132359,143.1553750007879,143.18400000047404,298.0317500005185,441.26545900144265,True,
2,214,5,fresh-client,1,cross_128_edge,deflate_512,DEFLATE,512,10,10,230,310426888,311281522,854635,206,bytes 310426888-311281522/499024403,854635,854635,140.03845900151646,140.0695420015836,775.8116260010866,915.9270009986358,True,
2,215,1,fresh-client,1,interior,deflate_512,DEFLATE,512,10,10,230,310426888,311281522,854635,206,bytes 310426888-311281522/499024403,854635,854635,170.76529200130608,170.79629200088675,523.2443749991944,694.0805000012915,True,
2,216,2,fresh-client,1,cross_256_corner,lzw_256,LZW,256,20,20,900,406553924,406841161,287238,206,bytes 406553924-406841161/661012853,287238,287238,162.583834000543,162.61366700200597,157.4630420000176,320.1228340003581,True,
2,216,2,fresh-client,1,cross_256_corner,lzw_256,LZW,256,20,21,901,406841170,407119092,277923,206,bytes 406841170-407119092/661012853,277923,277923,139.7295419992588,139.7550420006155,184.7627500028466,324.5932089994312,True,
2,216,2,fresh-client,1,cross_256_corner,lzw_256,LZW,256,21,20,944,417962328,418246396,284069,206,bytes 417962328-418246396/661012853,284069,284069,162.95379200164462,162.98358400308643,141.02262499727658,304.0537510023569,True,
2,216,2,fresh-client,1,cross_256_corner,lzw_256,LZW,256,21,21,945,418246405,418529582,283178,206,bytes 418246405-418529582/661012853,283178,283178,151.22545899794204,151.25491700018756,139.76970799922128,291.07024999757414,True,
2,217,4,fresh-client,1,cross_128_corner,zstd_128,ZSTD,128,40,40,3560,300228058,300282104,54047,206,bytes 300228058-300282104/492119117,54047,54047,147.2812089996296,147.30537500145147,73.53116699960083,220.84895900115953,True,
2,217,4,fresh-client,1,cross_128_corner,zstd_128,ZSTD,128,40,41,3561,300282113,300335031,52919,206,bytes 300282113-300335031/492119117,52919,52919,124.79741599963745,124.82358299894258,73.67566700122552,198.5131250003178,True,
2,217,4,fresh-client,1,cross_128_corner,zstd_128,ZSTD,128,41,40,3648,304567089,304621133,54045,206,bytes 304567089-304621133/492119117,54045,54045,261.5715829997498,261.68370799859986,58.81608300114749,320.5493329987803,True,
2,217,4,fresh-client,1,cross_128_corner,zstd_128,ZSTD,128,41,41,3649,304621142,304673679,52538,206,bytes 304621142-304673679/492119117,52538,52538,160.85412499887752,160.88845799822593,50.514583999756724,211.41837499817484,True,
2,218,5,fresh-client,1,cross_256_corner,deflate_128,DEFLATE,128,41,41,3649,309501616,309555017,53402,206,bytes 309501616-309555017/499617324,53402,53402,127.8178749998915,127.84495899904869,49.60291699899244,177.45783400096116,True,
2,218,5,fresh-client,1,cross_256_corner,deflate_128,DEFLATE,128,41,42,3650,309555026,309609246,54221,206,bytes 309555026-309609246/499617324,54221,54221,145.01941699927556,145.04883399786195,60.899500000232365,205.9608749987092,True,
2,218,5,fresh-client,1,cross_256_corner,deflate_128,DEFLATE,128,42,41,3737,313827295,313880653,53359,206,bytes 313827295-313880653/499617324,53359,53359,150.0321250023262,150.06691600137856,167.56783399978303,317.6850830022886,True,
2,218,5,fresh-client,1,cross_256_corner,deflate_128,DEFLATE,128,42,42,3738,313880662,313934033,53372,206,bytes 313880662-313934033/499617324,53372,53372,216.95970899963868,217.01104200110422,65.85670899949037,282.9098750007688,True,
2,219,4,fresh-client,1,cross_128_edge,deflate_128,DEFLATE,128,40,40,3560,305047460,305102560,55101,206,bytes 305047460-305102560/499617324,55101,55101,163.54841700012912,163.5826250021637,50.550416999612935,214.1489579989866,True,
2,219,4,fresh-client,1,cross_128_edge,deflate_128,DEFLATE,128,40,41,3561,305102569,305156400,53832,206,bytes 305102569-305156400/499617324,53832,53832,131.67654199787648,131.70337499832385,51.368084001296666,183.08204200002365,True,
2,220,3,fresh-client,1,cross_512_edge,zstd_256,ZSTD,256,20,21,901,301328177,301535592,207416,206,bytes 301328177-301535592/490384277,207416,207416,362.6092080012313,362.6473750009609,96.4815829975123,459.18233300108113,True,
2,220,3,fresh-client,1,cross_512_edge,zstd_256,ZSTD,256,20,22,902,301535601,301739853,204253,206,bytes 301535601-301739853/490384277,204253,204253,134.21891699908883,134.24741699782317,115.0865839990729,249.36437499854947,True,
2,221,4,fresh-client,1,interior,zstd_128,ZSTD,128,40,40,3560,300228058,300282104,54047,206,bytes 300228058-300282104/492119117,54047,54047,177.40383399723214,177.43937499835738,52.03112500021234,229.48358400026336,True,
2,222,2,fresh-client,1,cross_512_edge,zstd_256,ZSTD,256,20,21,901,301328177,301535592,207416,206,bytes 301328177-301535592/490384277,207416,207416,137.9371250004624,137.97087500279304,268.2466670012218,406.26887600228656,True,
2,222,2,fresh-client,1,cross_512_edge,zstd_256,ZSTD,256,20,22,902,301535601,301739853,204253,206,bytes 301535601-301739853/490384277,204253,204253,153.60454199981177,153.63416699983645,131.11954200212494,284.7990420013957,True,
2,223,3,fresh-client,1,cross_512_corner,deflate_256,DEFLATE,256,21,21,945,315110154,315323387,213234,206,bytes 315110154-315323387/498427477,213234,213234,155.3575420002744,155.39274999900954,122.24124999920605,277.67608299836866,True,
2,223,3,fresh-client,1,cross_512_corner,deflate_256,DEFLATE,256,21,22,946,315323396,315533302,209907,206,bytes 315323396-315533302/498427477,209907,209907,136.23808400006965,136.26654200197663,137.68883300144807,273.9983339997707,True,
2,223,3,fresh-client,1,cross_512_corner,deflate_256,DEFLATE,256,22,21,989,323490842,323701123,210282,206,bytes 323490842-323701123/498427477,210282,210282,269.38529099788866,269.50399999986985,350.58862500227406,620.1457499992102,True,
2,223,3,fresh-client,1,cross_512_corner,deflate_256,DEFLATE,256,22,22,990,323701132,323912576,211445,206,bytes 323701132-323912576/498427477,211445,211445,193.83191599990823,193.88183299815864,175.7312500012631,369.6641249989625,True,
2,224,3,fresh-client,1,cross_256_edge,zstd_512,ZSTD,512,10,10,230,304767160,305606839,839680,206,bytes 304767160-305606839/490194415,839680,839680,163.79116700045415,163.82170900033088,346.2189590027265,510.08725100109586,True,
2,225,1,fresh-client,1,cross_128_edge,zstd_128,ZSTD,128,40,40,3560,300228058,300282104,54047,206,bytes 300228058-300282104/492119117,54047,54047,146.41541600212804,146.4449160012009,92.96237499802373,239.44216600284562,True,
2,225,1,fresh-client,1,cross_128_edge,zstd_128,ZSTD,128,40,41,3561,300282113,300335031,52919,206,bytes 300282113-300335031/492119117,52919,52919,143.05741700081853,143.08533300209092,54.304957997374004,197.4019170011161,True,
2,226,4,fresh-client,1,cross_128_edge,deflate_512,DEFLATE,512,10,10,230,310426888,311281522,854635,206,bytes 310426888-311281522/499024403,854635,854635,147.4969590017281,147.52591700016637,462.2173749994545,609.789501002524,True,
2,227,3,fresh-client,1,cross_512_edge,zstd_128,ZSTD,128,40,43,3563,300386704,300438476,51773,206,bytes 300386704-300438476/492119117,51773,51773,141.34016699972562,141.37420800034306,58.041416999913054,199.43124999917927,True,
2,227,3,fresh-client,1,cross_512_edge,zstd_128,ZSTD,128,40,44,3564,300438485,300489278,50794,206,bytes 300438485-300489278/492119117,50794,50794,139.37679199807462,139.40545799778192,52.244999998947605,191.66345799749251,True,
2,228,5,fresh-client,1,cross_256_corner,lzw_512,LZW,512,10,10,230,411686466,412818824,1132359,206,bytes 411686466-412818824/661107776,1132359,1132359,150.5166669994651,150.56499999991502,465.2384590008296,615.8704999979818,True,
2,229,4,fresh-client,1,cross_512_edge,deflate_512,DEFLATE,512,10,10,230,310426888,311281522,854635,206,bytes 310426888-311281522/499024403,854635,854635,152.61866700166138,152.65187499971944,248.07295799837448,400.7686670011026,True,
2,229,4,fresh-client,1,cross_512_edge,deflate_512,DEFLATE,512,10,11,231,311281531,312113785,832255,206,bytes 311281531-312113785/499024403,832255,832255,157.96070899887127,158.00108399707824,542.5048340002832,700.5522090003069,True,
2,230,2,fresh-client,1,cross_128_edge,zstd_128,ZSTD,128,40,40,3560,300228058,300282104,54047,206,bytes 300228058-300282104/492119117,54047,54047,148.68004200252471,148.71291700183065,45.81733299710322,194.54370899984497,True,
2,230,2,fresh-client,1,cross_128_edge,zstd_128,ZSTD,128,40,41,3561,300282113,300335031,52919,206,bytes 300282113-300335031/492119117,52919,52919,314.9385419965256,314.96983299803105,52.67858400111436,367.66254199756077,True,
2,231,1,fresh-client,1,cross_512_edge,deflate_512,DEFLATE,512,10,10,230,310426888,311281522,854635,206,bytes 310426888-311281522/499024403,854635,854635,223.54470899881562,223.6365009994188,225.7313339978282,449.4150840000657,True,
2,231,1,fresh-client,1,cross_512_edge,deflate_512,DEFLATE,512,10,11,231,311281531,312113785,832255,206,bytes 311281531-312113785/499024403,832255,832255,166.75495900199166,166.7894999991404,488.6919170021429,655.5227509998076,True,
2,232,1,fresh-client,1,cross_128_corner,zstd_128,ZSTD,128,40,40,3560,300228058,300282104,54047,206,bytes 300228058-300282104/492119117,54047,54047,224.8961250006687,224.96237499944982,52.62887499702629,277.61416700013797,True,
2,232,1,fresh-client,1,cross_128_corner,zstd_128,ZSTD,128,40,41,3561,300282113,300335031,52919,206,bytes 300282113-300335031/492119117,52919,52919,154.3744999980845,154.41216699764482,46.06570800024201,200.49137499881908,True,
2,232,1,fresh-client,1,cross_128_corner,zstd_128,ZSTD,128,41,40,3648,304567089,304621133,54045,206,bytes 304567089-304621133/492119117,54045,54045,177.35754200111842,177.40329200023552,48.75070800335379,226.175959000102,True,
2,232,1,fresh-client,1,cross_128_corner,zstd_128,ZSTD,128,41,41,3649,304621142,304673679,52538,206,bytes 304621142-304673679/492119117,52538,52538,139.0916250020382,139.12820800032932,51.179707999835955,190.32925000283285,True,
2,233,3,fresh-client,1,cross_128_corner,lzw_256,LZW,256,20,20,900,406553924,406841161,287238,206,bytes 406553924-406841161/661012853,287238,287238,334.56816699981573,334.6549590023642,605.4711249998945,940.1888749998761,True,
2,234,2,fresh-client,1,cross_256_corner,lzw_512,LZW,512,10,10,230,411686466,412818824,1132359,206,bytes 411686466-412818824/661107776,1132359,1132359,137.82870900104172,137.85920900045312,413.5505829981412,551.4617920016462,True,
2,235,3,fresh-client,1,cross_256_edge,lzw_256,LZW,256,20,20,900,406553924,406841161,287238,206,bytes 406553924-406841161/661012853,287238,287238,172.48749999998836,172.52374999952735,147.40145900213975,319.9661250000645,True,
2,235,3,fresh-client,1,cross_256_edge,lzw_256,LZW,256,20,21,901,406841170,407119092,277923,206,bytes 406841170-407119092/661012853,277923,277923,142.58145799976774,142.62133300144342,141.74999999886495,284.4215000004624,True,
2,236,2,fresh-client,1,cross_512_edge,deflate_256,DEFLATE,256,20,21,901,306479362,306690064,210703,206,bytes 306479362-306690064/498427477,210703,210703,173.6468330018397,173.68812499989872,174.54204200112144,348.28345799905946,True,
2,236,2,fresh-client,1,cross_512_edge,deflate_256,DEFLATE,256,20,22,902,306690073,306897377,207305,206,bytes 306690073-306897377/498427477,207305,207305,157.2297089987842,157.26450000147452,113.91612499937764,271.21733400053927,True,
2,237,5,fresh-client,1,interior,lzw_256,LZW,256,20,20,900,406553924,406841161,287238,206,bytes 406553924-406841161/661012853,287238,287238,175.46329099786817,175.50133299664594,165.96300099990913,341.49458299725666,True,
2,238,2,fresh-client,1,cross_128_corner,deflate_256,DEFLATE,256,20,20,900,306262458,306479353,216896,206,bytes 306262458-306479353/498427477,216896,216896,149.30091700080084,149.32991699970444,135.746708001534,285.11354199872585,True,
2,239,4,fresh-client,1,cross_512_edge,zstd_512,ZSTD,512,10,10,230,304767160,305606839,839680,206,bytes 304767160-305606839/490194415,839680,839680,191.4412080004695,191.49083299998892,354.5407919991703,546.0922500024026,True,
2,239,4,fresh-client,1,cross_512_edge,zstd_512,ZSTD,512,10,11,231,305606848,306426901,820054,206,bytes 305606848-306426901/490194415,820054,820054,157.929166998656,157.9715829975612,496.6700420009147,654.6816669979307,True,
2,240,5,fresh-client,1,cross_128_edge,lzw_256,LZW,256,20,20,900,406553924,406841161,287238,206,bytes 406553924-406841161/661012853,287238,287238,155.96870800072793,156.00958299910417,128.41862500135903,284.4630409999809,True,
2,241,3,fresh-client,1,cross_128_corner,deflate_512,DEFLATE,512,10,10,230,310426888,311281522,854635,206,bytes 310426888-311281522/499024403,854635,854635,120.6705000004149,120.69408399838721,266.1036249992321,386.8206259976432,True,
2,242,2,fresh-client,1,cross_128_edge,deflate_256,DEFLATE,256,20,20,900,306262458,306479353,216896,206,bytes 306262458-306479353/498427477,216896,216896,374.10408399955486,374.14908400023705,87.92220800023642,462.11104199755937,True,
2,243,4,fresh-client,1,cross_128_corner,deflate_256,DEFLATE,256,20,20,900,306262458,306479353,216896,206,bytes 306262458-306479353/498427477,216896,216896,133.55445799970767,133.5846669971943,92.91758399922401,226.5205000003334,True,
2,244,3,fresh-client,1,cross_128_edge,lzw_256,LZW,256,20,20,900,406553924,406841161,287238,206,bytes 406553924-406841161/661012853,287238,287238,129.19933300145203,129.22570800219546,127.67249999888008,256.93191600294085,True,
2,245,1,fresh-client,1,cross_256_edge,zstd_512,ZSTD,512,10,10,230,304767160,305606839,839680,206,bytes 304767160-305606839/490194415,839680,839680,169.050625001546,169.0777910007455,321.38579200181994,490.5120830007945,True,
2,246,4,fresh-client,1,cross_256_edge,deflate_512,DEFLATE,512,10,10,230,310426888,311281522,854635,206,bytes 310426888-311281522/499024403,854635,854635,141.73858299909625,141.76820799912093,276.9445829981123,418.83012499965844,True,
2,247,5,fresh-client,1,cross_128_edge,deflate_128,DEFLATE,128,40,40,3560,305047460,305102560,55101,206,bytes 305047460-305102560/499617324,55101,55101,184.43637599921203,184.5059589977609,49.24787499840022,233.7748339996324,True,
2,247,5,fresh-client,1,cross_128_edge,deflate_128,DEFLATE,128,40,41,3561,305102569,305156400,53832,206,bytes 305102569-305156400/499617324,53832,53832,149.20387500023935,149.24845899804495,48.01983299694257,197.28833399858559,True,
2,248,2,fresh-client,1,cross_512_edge,deflate_128,DEFLATE,128,40,43,3563,305208773,305261361,52589,206,bytes 305208773-305261361/499617324,52589,52589,197.1877920004772,197.2152090020245,71.15170899851364,268.37850000083563,True,
2,248,2,fresh-client,1,cross_512_edge,deflate_128,DEFLATE,128,40,44,3564,305261370,305312689,51320,206,bytes 305261370-305312689/499617324,51320,51320,109.67587499908404,109.7016249987064,58.321708002040396,168.03429199717357,True,
2,249,3,fresh-client,1,interior,lzw_128,LZW,128,40,40,3560,404091050,404163820,72771,206,bytes 404091050-404163820/661264391,72771,72771,131.2009580033191,131.23691600048915,63.662500000646105,194.924750001519,True,
2,250,2,fresh-client,1,cross_256_corner,deflate_256,DEFLATE,256,20,20,900,306262458,306479353,216896,206,bytes 306262458-306479353/498427477,216896,216896,140.1673749969632,140.20104199880734,113.1411249989469,253.37920899983146,True,
2,250,2,fresh-client,1,cross_256_corner,deflate_256,DEFLATE,256,20,21,901,306479362,306690064,210703,206,bytes 306479362-306690064/498427477,210703,210703,148.49649999814574,148.5275000013644,189.92858400088153,338.4884590013826,True,
2,250,2,fresh-client,1,cross_256_corner,deflate_256,DEFLATE,256,21,20,944,314896453,315110145,213693,206,bytes 314896453-315110145/498427477,213693,213693,175.7158750006056,175.75275000126567,116.46512500010431,292.25037500145845,True,
2,250,2,fresh-client,1,cross_256_corner,deflate_256,DEFLATE,256,21,21,945,315110154,315323387,213234,206,bytes 315110154-315323387/498427477,213234,213234,239.27466600071057,239.31141600041883,651.599291999446,890.9402079989377,True,
2,251,5,fresh-client,1,cross_512_edge,deflate_256,DEFLATE,256,20,21,901,306479362,306690064,210703,206,bytes 306479362-306690064/498427477,210703,210703,169.9728759995196,170.0129589989956,165.29145800086553,335.37320899995393,True,
2,251,5,fresh-client,1,cross_512_edge,deflate_256,DEFLATE,256,20,22,902,306690073,306897377,207305,206,bytes 306690073-306897377/498427477,207305,207305,141.1184169992339,141.1517919987091,118.25979199784342,259.46750000002794,True,
2,252,5,fresh-client,1,cross_512_edge,lzw_512,LZW,512,10,10,230,411686466,412818824,1132359,206,bytes 411686466-412818824/661107776,1132359,1132359,355.46104199966067,355.4992090030282,354.3316670002241,709.8816670004453,True,
2,252,5,fresh-client,1,cross_512_edge,lzw_512,LZW,512,10,11,231,412818833,413920320,1101488,206,bytes 412818833-413920320/661107776,1101488,1101488,164.93800000171177,164.9747080009547,248.3336250006687,413.33366699836915,True,
2,253,4,fresh-client,1,interior,deflate_512,DEFLATE,512,10,10,230,310426888,311281522,854635,206,bytes 310426888-311281522/499024403,854635,854635,226.74454099978902,226.83695800151327,192.21233400094206,419.0881659997103,True,
2,254,1,fresh-client,1,cross_512_edge,deflate_128,DEFLATE,128,40,43,3563,305208773,305261361,52589,206,bytes 305208773-305261361/499617324,52589,52589,371.2281250009255,371.25162500160513,69.64708300074562,440.90987500021583,True,
2,254,1,fresh-client,1,cross_512_edge,deflate_128,DEFLATE,128,40,44,3564,305261370,305312689,51320,206,bytes 305261370-305312689/499617324,51320,51320,139.0071669993631,139.03387499885866,74.60820800042711,213.67095899768174,True,
2,255,2,fresh-client,1,cross_512_edge,zstd_128,ZSTD,128,40,43,3563,300386704,300438476,51773,206,bytes 300386704-300438476/492119117,51773,51773,237.81212600079016,237.92641700129025,67.3775420000311,305.35612600215245,True,
2,255,2,fresh-client,1,cross_512_edge,zstd_128,ZSTD,128,40,44,3564,300438485,300489278,50794,206,bytes 300438485-300489278/492119117,50794,50794,168.1802080020134,168.20362500220654,47.47483399842167,215.68854200086207,True,
2,256,3,fresh-client,1,cross_512_corner,lzw_128,LZW,128,43,43,3827,421475357,421546899,71543,206,bytes 421475357-421546899/661264391,71543,71543,406.71083300185273,406.8379170021217,100.01712499797577,506.87187500079744,True,
2,256,3,fresh-client,1,cross_512_corner,lzw_128,LZW,128,43,44,3828,421546908,421617252,70345,206,bytes 421546908-421617252/661264391,70345,70345,228.03762499825098,228.08708400043542,47.21416699976544,275.3301249977085,True,
2,256,3,fresh-client,1,cross_512_corner,lzw_128,LZW,128,44,43,3915,426954274,427023840,69567,206,bytes 426954274-427023840/661264391,69567,69567,223.41624999899068,223.50470799938194,74.8823750000156,298.42049999933806,True,
2,256,3,fresh-client,1,cross_512_corner,lzw_128,LZW,128,44,44,3916,427023849,427094094,70246,206,bytes 427023849-427094094/661264391,70246,70246,188.41483400319703,188.44858400188969,64.54741699781152,253.02879200171446,True,
2,257,2,fresh-client,1,cross_256_corner,lzw_128,LZW,128,41,41,3649,409965315,410035919,70605,206,bytes 409965315-410035919/661264391,70605,70605,393.41433300069184,393.5090000013588,76.94295800320106,470.47775000100955,True,
2,257,2,fresh-client,1,cross_256_corner,lzw_128,LZW,128,41,42,3650,410035928,410107613,71686,206,bytes 410035928-410107613/661264391,71686,71686,177.68029199942248,177.725499997905,103.3461669976532,281.09979199871304,True,
2,257,2,fresh-client,1,cross_256_corner,lzw_128,LZW,128,42,41,3737,415676272,415746842,70571,206,bytes 415676272-415746842/661264391,70571,70571,185.82191599853104,185.86837499969988,62.509250001312466,248.5096659984265,True,
2,257,2,fresh-client,1,cross_256_corner,lzw_128,LZW,128,42,42,3738,415746851,415817546,70696,206,bytes 415746851-415817546/661264391,70696,70696,179.9785420007538,180.02641699786182,330.19099999728496,510.2407919985126,True,
2,258,1,fresh-client,1,cross_256_edge,deflate_256,DEFLATE,256,20,20,900,306262458,306479353,216896,206,bytes 306262458-306479353/498427477,216896,216896,181.39762500140932,181.45291700056987,209.3312920005701,390.8317090026685,True,
2,258,1,fresh-client,1,cross_256_edge,deflate_256,DEFLATE,256,20,21,901,306479362,306690064,210703,206,bytes 306479362-306690064/498427477,210703,210703,141.73579099951894,141.76837500053807,96.39170900118188,238.19749999893247,True,
2,259,5,fresh-client,1,cross_128_edge,deflate_256,DEFLATE,256,20,20,900,306262458,306479353,216896,206,bytes 306262458-306479353/498427477,216896,216896,139.26274999903399,139.29195899982005,206.9232510002621,346.24629199970514,True,
2,260,1,fresh-client,1,cross_128_corner,deflate_128,DEFLATE,128,40,40,3560,305047460,305102560,55101,206,bytes 305047460-305102560/499617324,55101,55101,152.5837919980404,152.6155840001593,71.49616599781439,224.1372919997957,True,
2,260,1,fresh-client,1,cross_128_corner,deflate_128,DEFLATE,128,40,41,3561,305102569,305156400,53832,206,bytes 305102569-305156400/499617324,53832,53832,159.4714169987128,159.5062090018473,70.14341600006446,229.67733399855206,True,
2,260,1,fresh-client,1,cross_128_corner,deflate_128,DEFLATE,128,41,40,3648,309446600,309501607,55008,206,bytes 309446600-309501607/499617324,55008,55008,154.10283399978653,154.13700000135577,46.64641700219363,200.7967509998707,True,
2,260,1,fresh-client,1,cross_128_corner,deflate_128,DEFLATE,128,41,41,3649,309501616,309555017,53402,206,bytes 309501616-309555017/499617324,53402,53402,156.32354199988185,156.35745799954748,50.268167000467656,206.63608299946645,True,
2,261,3,fresh-client,1,cross_512_edge,lzw_256,LZW,256,20,21,901,406841170,407119092,277923,206,bytes 406841170-407119092/661012853,277923,277923,334.86604199788417,334.9006669996015,109.81225000068662,444.72837499779416,True,
2,261,3,fresh-client,1,cross_512_edge,lzw_256,LZW,256,20,22,902,407119101,407393560,274460,206,bytes 407119101-407393560/661012853,274460,274460,138.13679199665785,138.17237499824842,163.6228330025915,301.84558299879427,True,
2,262,2,fresh-client,1,cross_256_edge,lzw_128,LZW,128,40,41,3561,404163829,404234861,71033,206,bytes 404163829-404234861/661264391,71033,71033,166.61791699880268,166.6449999975157,52.429458002734464,219.0946669979894,True,
2,262,2,fresh-client,1,cross_256_edge,lzw_128,LZW,128,40,42,3562,404234870,404303621,68752,206,bytes 404234870-404303621/661264391,68752,68752,151.19599999889033,151.2345830014965,183.78395900072064,335.0539580023906,True,
2,263,4,fresh-client,1,cross_128_edge,zstd_256,ZSTD,256,20,20,900,301115142,301328168,213027,206,bytes 301115142-301328168/490384277,213027,213027,215.9571660013171,216.00983300231746,139.17858399872785,355.2296660018328,True,
2,264,5,fresh-client,1,cross_128_corner,zstd_256,ZSTD,256,20,20,900,301115142,301328168,213027,206,bytes 301115142-301328168/490384277,213027,213027,155.48287500132574,155.53133300272748,108.0598340013239,263.6178330030816,True,
2,265,5,fresh-client,1,cross_512_corner,deflate_512,DEFLATE,512,10,10,230,310426888,311281522,854635,206,bytes 310426888-311281522/499024403,854635,854635,152.22837499823072,152.32941700014635,289.1888749982172,441.54408399845124,True,
2,265,5,fresh-client,1,cross_512_corner,deflate_512,DEFLATE,512,10,11,231,311281531,312113785,832255,206,bytes 311281531-312113785/499024403,832255,832255,154.03545899971505,154.07066700208816,235.47220899854437,389.57575099993846,True,
2,265,5,fresh-client,1,cross_512_corner,deflate_512,DEFLATE,512,11,10,252,327623520,328452071,828552,206,bytes 327623520-328452071/499024403,828552,828552,163.25891700034845,163.3009580000362,553.1461259997741,716.5087920002406,True,
2,265,5,fresh-client,1,cross_512_corner,deflate_512,DEFLATE,512,11,11,253,328452080,329294883,842804,206,bytes 328452080-329294883/499024403,842804,842804,176.4917910004442,176.52979100239463,223.04087500015157,399.6037079996313,True,
2,266,4,fresh-client,1,cross_256_edge,lzw_128,LZW,128,40,41,3561,404163829,404234861,71033,206,bytes 404163829-404234861/661264391,71033,71033,174.17600100088748,174.22162599905278,54.047499997977866,228.30516699832515,True,
2,266,4,fresh-client,1,cross_256_edge,lzw_128,LZW,128,40,42,3562,404234870,404303621,68752,206,bytes 404234870-404303621/661264391,68752,68752,145.57233300001826,145.60424999945099,129.41837499965914,275.04625000074157,True,
2,267,3,fresh-client,1,cross_256_edge,lzw_128,LZW,128,40,41,3561,404163829,404234861,71033,206,bytes 404163829-404234861/661264391,71033,71033,161.626040997362,161.66587499901652,64.5512500013865,226.23824999755016,True,
2,267,3,fresh-client,1,cross_256_edge,lzw_128,LZW,128,40,42,3562,404234870,404303621,68752,206,bytes 404234870-404303621/661264391,68752,68752,122.75008400320075,122.78183400121634,48.12129199854098,170.91958400123985,True,
2,268,3,fresh-client,1,cross_128_corner,lzw_512,LZW,512,10,10,230,411686466,412818824,1132359,206,bytes 411686466-412818824/661107776,1132359,1132359,192.0435419997375,192.09324999974342,285.2158749992668,477.3425000021234,True,
2,269,4,fresh-client,1,interior,lzw_128,LZW,128,40,40,3560,404091050,404163820,72771,206,bytes 404091050-404163820/661264391,72771,72771,241.04958400130272,241.1791250015085,47.183165999740595,288.4232090000296,True,
2,270,5,fresh-client,1,interior,deflate_128,DEFLATE,128,40,40,3560,305047460,305102560,55101,206,bytes 305047460-305102560/499617324,55101,55101,157.8711670008488,157.9163749993313,51.795666997350054,209.7301249996235,True,
2,271,5,fresh-client,1,cross_128_edge,zstd_128,ZSTD,128,40,40,3560,300228058,300282104,54047,206,bytes 300228058-300282104/492119117,54047,54047,152.02341699841782,152.0661670001573,56.07445900022867,208.15758299795561,True,
2,271,5,fresh-client,1,cross_128_edge,zstd_128,ZSTD,128,40,41,3561,300282113,300335031,52919,206,bytes 300282113-300335031/492119117,52919,52919,173.749334000604,173.7983750026615,186.18383400098537,360.06225000164704,True,
2,272,3,fresh-client,1,cross_512_corner,deflate_512,DEFLATE,512,10,10,230,310426888,311281522,854635,206,bytes 310426888-311281522/499024403,854635,854635,450.35529199958546,450.3935419998015,795.0189170005615,1245.4613340014475,True,
2,272,3,fresh-client,1,cross_512_corner,deflate_512,DEFLATE,512,10,11,231,311281531,312113785,832255,206,bytes 311281531-312113785/499024403,832255,832255,154.9646660023427,155.0024999996822,229.77458400055184,384.8362500029907,True,
2,272,3,fresh-client,1,cross_512_corner,deflate_512,DEFLATE,512,11,10,252,327623520,328452071,828552,206,bytes 327623520-328452071/499024403,828552,828552,153.03479100111872,153.07812500032014,194.82779200188816,347.9351250025502,True,
2,272,3,fresh-client,1,cross_512_corner,deflate_512,DEFLATE,512,11,11,253,328452080,329294883,842804,206,bytes 328452080-329294883/499024403,842804,842804,140.0312080004369,140.0687499990454,344.2662499983271,484.37312500027474,True,
2,273,5,fresh-client,1,cross_256_edge,lzw_256,LZW,256,20,20,900,406553924,406841161,287238,206,bytes 406553924-406841161/661012853,287238,287238,165.63908299940522,165.67554200082668,117.90283300069859,283.60491700004786,True,
2,273,5,fresh-client,1,cross_256_edge,lzw_256,LZW,256,20,21,901,406841170,407119092,277923,206,bytes 406841170-407119092/661012853,277923,277923,173.437790999742,173.47729100220022,148.79650000148104,322.29458300207625,True,
2,274,3,fresh-client,1,interior,deflate_256,DEFLATE,256,20,20,900,306262458,306479353,216896,206,bytes 306262458-306479353/498427477,216896,216896,245.0511249990086,245.12554199827719,93.38591699997778,338.5709169997426,True,
2,275,1,fresh-client,1,interior,zstd_512,ZSTD,512,10,10,230,304767160,305606839,839680,206,bytes 304767160-305606839/490194415,839680,839680,184.45845799942617,184.48904099932406,788.3549589969334,972.8827079998155,True,
2,276,1,fresh-client,1,cross_512_edge,zstd_256,ZSTD,256,20,21,901,301328177,301535592,207416,206,bytes 301328177-301535592/490384277,207416,207416,136.68770900039817,136.7400839990296,106.27712499990594,243.05204200209118,True,
2,276,1,fresh-client,1,cross_512_edge,zstd_256,ZSTD,256,20,22,902,301535601,301739853,204253,206,bytes 301535601-301739853/490384277,204253,204253,149.14208299887832,149.17366699955892,167.30216699943412,316.50758300020243,True,
2,277,3,fresh-client,1,cross_256_corner,deflate_512,DEFLATE,512,10,10,230,310426888,311281522,854635,206,bytes 310426888-311281522/499024403,854635,854635,150.74720800112118,150.78204200108303,357.869124996796,508.7034170028346,True,
2,278,5,fresh-client,1,cross_128_corner,deflate_128,DEFLATE,128,40,40,3560,305047460,305102560,55101,206,bytes 305047460-305102560/499617324,55101,55101,185.54054099877249,185.57845800023642,60.73166699934518,246.34129100013524,True,
2,278,5,fresh-client,1,cross_128_corner,deflate_128,DEFLATE,128,40,41,3561,305102569,305156400,53832,206,bytes 305102569-305156400/499617324,53832,53832,181.21687500024564,181.25758300084271,80.45008299814072,261.7377499991562,True,
2,278,5,fresh-client,1,cross_128_corner,deflate_128,DEFLATE,128,41,40,3648,309446600,309501607,55008,206,bytes 309446600-309501607/499617324,55008,55008,167.185583999526,167.22558400215348,62.43387500217068,229.6835010020004,True,
2,278,5,fresh-client,1,cross_128_corner,deflate_128,DEFLATE,128,41,41,3649,309501616,309555017,53402,206,bytes 309501616-309555017/499617324,53402,53402,259.50175000252784,259.61499999903026,48.15604200121015,307.8432090005663,True,
2,279,5,fresh-client,1,interior,lzw_128,LZW,128,40,40,3560,404091050,404163820,72771,206,bytes 404091050-404163820/661264391,72771,72771,160.20154199941317,160.2366670012998,114.78729200098314,275.06575000006706,True,
2,280,5,fresh-client,1,cross_128_edge,zstd_256,ZSTD,256,20,20,900,301115142,301328168,213027,206,bytes 301115142-301328168/490384277,213027,213027,179.91254200023832,179.9530419993971,105.73541699704947,285.729082999751,True,
2,281,5,fresh-client,1,cross_256_corner,zstd_512,ZSTD,512,10,10,230,304767160,305606839,839680,206,bytes 304767160-305606839/490194415,839680,839680,147.74545800173655,147.77624999987893,295.8419589995174,443.6634590019821,True,
2,282,5,fresh-client,1,cross_256_edge,zstd_512,ZSTD,512,10,10,230,304767160,305606839,839680,206,bytes 304767160-305606839/490194415,839680,839680,200.00879100189195,200.0560830019822,252.33841700173798,452.4710830010008,True,
2,283,1,fresh-client,1,cross_256_edge,zstd_256,ZSTD,256,20,20,900,301115142,301328168,213027,206,bytes 301115142-301328168/490384277,213027,213027,344.6876259986311,344.71837599994615,118.78433400124777,463.53875099885045,True,
2,283,1,fresh-client,1,cross_256_edge,zstd_256,ZSTD,256,20,21,901,301328177,301535592,207416,206,bytes 301328177-301535592/490384277,207416,207416,184.03275000309804,184.0701250002894,104.16991600141046,288.2857080003305,True,
2,284,3,fresh-client,1,cross_128_edge,lzw_128,LZW,128,40,40,3560,404091050,404163820,72771,206,bytes 404091050-404163820/661264391,72771,72771,161.58637500120676,161.6165839986934,50.47995800123317,212.10941699973773,True,
2,284,3,fresh-client,1,cross_128_edge,lzw_128,LZW,128,40,41,3561,404163829,404234861,71033,206,bytes 404163829-404234861/661264391,71033,71033,130.65587500022957,130.68412500069826,58.48416700246162,189.181624999037,True,
2,285,3,fresh-client,1,cross_128_edge,zstd_512,ZSTD,512,10,10,230,304767160,305606839,839680,206,bytes 304767160-305606839/490194415,839680,839680,132.13275000089197,132.16012499833596,416.23304200038547,548.4559169999557,True,
2,286,4,fresh-client,1,cross_128_corner,lzw_256,LZW,256,20,20,900,406553924,406841161,287238,206,bytes 406553924-406841161/661012853,287238,287238,152.67120900170994,152.70529199915472,121.5641249982582,274.3135839991737,True,
2,287,2,fresh-client,1,cross_256_edge,zstd_256,ZSTD,256,20,20,900,301115142,301328168,213027,206,bytes 301115142-301328168/490384277,213027,213027,151.08308399794623,151.18962499764166,94.72654199998942,245.96441699759453,True,
2,287,2,fresh-client,1,cross_256_edge,zstd_256,ZSTD,256,20,21,901,301328177,301535592,207416,206,bytes 301328177-301535592/490384277,207416,207416,171.49849999987055,171.5353330000653,102.70758400292834,274.2862499981129,True,
2,288,5,fresh-client,1,interior,deflate_512,DEFLATE,512,10,10,230,310426888,311281522,854635,206,bytes 310426888-311281522/499024403,854635,854635,215.40749999985565,215.48720800274168,606.428250001045,821.9758750019537,True,
2,289,2,fresh-client,1,cross_512_edge,lzw_512,LZW,512,10,10,230,411686466,412818824,1132359,206,bytes 411686466-412818824/661107776,1132359,1132359,171.443333998468,171.47854199720314,415.1742499998363,586.6811259984388,True,
2,289,2,fresh-client,1,cross_512_edge,lzw_512,LZW,512,10,11,231,412818833,413920320,1101488,206,bytes 412818833-413920320/661107776,1101488,1101488,215.09695799977635,215.1290829970094,755.6184999994002,970.8188339973276,True,
2,290,2,fresh-client,1,interior,deflate_512,DEFLATE,512,10,10,230,310426888,311281522,854635,206,bytes 310426888-311281522/499024403,854635,854635,168.97166700073285,169.0073339996161,372.7748750025057,541.830124999251,True,
2,291,3,fresh-client,1,cross_512_corner,lzw_512,LZW,512,10,10,230,411686466,412818824,1132359,206,bytes 411686466-412818824/661107776,1132359,1132359,172.82758299916168,172.86479199901805,384.8880420009664,557.7840419973654,True,
2,291,3,fresh-client,1,cross_512_corner,lzw_512,LZW,512,10,11,231,412818833,413920320,1101488,206,bytes 412818833-413920320/661107776,1101488,1101488,156.63233399754972,156.68683399781003,351.9432079992839,508.7465010001324,True,
2,291,3,fresh-client,1,cross_512_corner,lzw_512,LZW,512,11,10,252,434325460,435426146,1100687,206,bytes 434325460-435426146/661107776,1100687,1100687,147.29020899903844,147.32066699798452,312.24379199920804,459.61349999925005,True,
2,291,3,fresh-client,1,cross_512_corner,lzw_512,LZW,512,11,11,253,435426155,436544622,1118468,206,bytes 435426155-436544622/661107776,1118468,1118468,148.65008400010993,148.68083400142496,268.7796669997624,417.52658400218934,True,
2,292,3,fresh-client,1,interior,deflate_512,DEFLATE,512,10,10,230,310426888,311281522,854635,206,bytes 310426888-311281522/499024403,854635,854635,154.73220800049603,154.76212500288966,261.8410830000357,416.6389580022951,True,
2,293,4,fresh-client,1,interior,deflate_128,DEFLATE,128,40,40,3560,305047460,305102560,55101,206,bytes 305047460-305102560/499617324,55101,55101,190.2545420016395,190.29691700052354,86.16466699822922,276.49345800091396,True,
2,294,2,fresh-client,1,cross_256_corner,zstd_512,ZSTD,512,10,10,230,304767160,305606839,839680,206,bytes 304767160-305606839/490194415,839680,839680,173.97429199991166,174.01874999995925,193.23708299998543,367.29662499783444,True,
2,295,2,fresh-client,1,cross_128_corner,lzw_512,LZW,512,10,10,230,411686466,412818824,1132359,206,bytes 411686466-412818824/661107776,1132359,1132359,341.508542001975,341.5382499988482,761.0384580002574,1102.6215000019874,True,
2,296,4,fresh-client,1,cross_512_edge,lzw_512,LZW,512,10,10,230,411686466,412818824,1132359,206,bytes 411686466-412818824/661107776,1132359,1132359,153.7434169986227,153.77591699871118,402.13991700147744,555.9608339972328,True,
2,296,4,fresh-client,1,cross_512_edge,lzw_512,LZW,512,10,11,231,412818833,413920320,1101488,206,bytes 412818833-413920320/661107776,1101488,1101488,178.85837499852641,178.89758399905986,265.86008300000685,444.79416700050933,True,
2,297,1,fresh-client,1,cross_512_corner,deflate_256,DEFLATE,256,21,21,945,315110154,315323387,213234,206,bytes 315110154-315323387/498427477,213234,213234,146.3402919980581,146.37066700015566,109.16079200251261,255.56245899861096,True,
2,297,1,fresh-client,1,cross_512_corner,deflate_256,DEFLATE,256,21,22,946,315323396,315533302,209907,206,bytes 315323396-315533302/498427477,209907,209907,231.94362499998533,232.00412499863887,123.3293750010489,355.3608330003044,True,
2,297,1,fresh-client,1,cross_512_corner,deflate_256,DEFLATE,256,22,21,989,323490842,323701123,210282,206,bytes 323490842-323701123/498427477,210282,210282,137.68741699823295,137.71608299794025,119.42841600102838,257.18050000068615,True,
2,297,1,fresh-client,1,cross_512_corner,deflate_256,DEFLATE,256,22,22,990,323701132,323912576,211445,206,bytes 323701132-323912576/498427477,211445,211445,154.33379199748742,154.36624999711057,103.4887499990873,257.8922499997134,True,
2,298,4,fresh-client,1,cross_128_edge,lzw_512,LZW,512,10,10,230,411686466,412818824,1132359,206,bytes 411686466-412818824/661107776,1132359,1132359,148.99462500034133,149.0190829972562,357.8167499981646,506.8769169993175,True,
2,299,1,fresh-client,1,cross_128_corner,zstd_512,ZSTD,512,10,10,230,304767160,305606839,839680,206,bytes 304767160-305606839/490194415,839680,839680,146.10449999963748,146.13529100097367,211.32658399801585,357.50458300026366,True,
2,300,2,fresh-client,1,cross_128_corner,lzw_128,LZW,128,40,40,3560,404091050,404163820,72771,206,bytes 404091050-404163820/661264391,72771,72771,159.66958399803843,159.7006669981056,68.12245800028904,227.83758399964427,True,
2,300,2,fresh-client,1,cross_128_corner,lzw_128,LZW,128,40,41,3561,404163829,404234861,71033,206,bytes 404163829-404234861/661264391,71033,71033,155.64154100138694,155.67570799976238,53.780375001224456,209.46974999969825,True,
2,300,2,fresh-client,1,cross_128_corner,lzw_128,LZW,128,41,40,3648,409892800,409965306,72507,206,bytes 409892800-409965306/661264391,72507,72507,223.77604099892778,223.8282079997589,69.4100000000617,293.2674160001625,True,
2,300,2,fresh-client,1,cross_128_corner,lzw_128,LZW,128,41,41,3649,409965315,410035919,70605,206,bytes 409965315-410035919/661264391,70605,70605,167.81600000103936,167.8501669994148,69.10066700220341,236.98220900041633,True,
2,301,3,fresh-client,1,cross_256_corner,lzw_256,LZW,256,20,20,900,406553924,406841161,287238,206,bytes 406553924-406841161/661012853,287238,287238,168.93616699962877,168.97425000206567,188.79437500072527,357.8090000009979,True,
2,301,3,fresh-client,1,cross_256_corner,lzw_256,LZW,256,20,21,901,406841170,407119092,277923,206,bytes 406841170-407119092/661012853,277923,277923,145.9987079979328,146.02608299901476,230.46487499959767,376.53708300058497,True,
2,301,3,fresh-client,1,cross_256_corner,lzw_256,LZW,256,21,20,944,417962328,418246396,284069,206,bytes 417962328-418246396/661012853,284069,284069,145.06087500194553,145.09341700249934,143.11895900027594,288.25900000083493,True,
2,301,3,fresh-client,1,cross_256_corner,lzw_256,LZW,256,21,21,945,418246405,418529582,283178,206,bytes 418246405-418529582/661012853,283178,283178,152.31950000088545,152.39054199992097,155.02458400078467,307.4412919995666,True,
2,302,3,fresh-client,1,cross_512_corner,zstd_512,ZSTD,512,10,10,230,304767160,305606839,839680,206,bytes 304767160-305606839/490194415,839680,839680,159.84387500066077,159.8860420017445,310.5155829980504,470.4477500017674,True,
2,302,3,fresh-client,1,cross_512_corner,zstd_512,ZSTD,512,10,11,231,305606848,306426901,820054,206,bytes 305606848-306426901/490194415,820054,820054,165.61687500143307,165.6501670004218,241.51545799759333,407.2034579985484,True,
2,302,3,fresh-client,1,cross_512_corner,zstd_512,ZSTD,512,11,10,252,321640707,322458855,818149,206,bytes 321640707-322458855/490194415,818149,818149,320.65970900293905,320.68966700171586,302.0354590007628,622.7600010024616,True,
2,302,3,fresh-client,1,cross_512_corner,zstd_512,ZSTD,512,11,11,253,322458864,323289120,830257,206,bytes 322458864-323289120/490194415,830257,830257,126.13150000106543,126.15879200166091,255.0316249980824,381.23429200277315,True,
2,303,4,fresh-client,1,cross_256_corner,deflate_256,DEFLATE,256,20,20,900,306262458,306479353,216896,206,bytes 306262458-306479353/498427477,216896,216896,146.095375999721,146.12600100008422,143.01529200020013,289.19225099889445,True,
2,303,4,fresh-client,1,cross_256_corner,deflate_256,DEFLATE,256,20,21,901,306479362,306690064,210703,206,bytes 306479362-306690064/498427477,210703,210703,152.02695799962385,152.05716699711047,210.51212499878602,362.61583299710765,True,
2,303,4,fresh-client,1,cross_256_corner,deflate_256,DEFLATE,256,21,20,944,314896453,315110145,213693,206,bytes 314896453-315110145/498427477,213693,213693,143.37620899823378,143.40387499760254,91.42762500050594,234.84662599730655,True,
2,303,4,fresh-client,1,cross_256_corner,deflate_256,DEFLATE,256,21,21,945,315110154,315323387,213234,206,bytes 315110154-315323387/498427477,213234,213234,135.5223329992441,135.55195799926878,139.19095799792558,274.7893750020012,True,
2,304,3,fresh-client,1,cross_128_edge,zstd_128,ZSTD,128,40,40,3560,300228058,300282104,54047,206,bytes 300228058-300282104/492119117,54047,54047,157.18695800023852,157.21666600074968,74.22062499972526,231.46574999918812,True,
2,304,3,fresh-client,1,cross_128_edge,zstd_128,ZSTD,128,40,41,3561,300282113,300335031,52919,206,bytes 300282113-300335031/492119117,52919,52919,134.31504199979827,134.34341700121877,132.64304200129118,267.00800000253366,True,
2,305,2,fresh-client,1,cross_256_edge,deflate_512,DEFLATE,512,10,10,230,310426888,311281522,854635,206,bytes 310426888-311281522/499024403,854635,854635,163.00308300196775,163.03595800127368,303.4002499989583,466.48237500266987,True,
2,306,1,fresh-client,1,cross_256_corner,lzw_512,LZW,512,10,10,230,411686466,412818824,1132359,206,bytes 411686466-412818824/661107776,1132359,1132359,147.71445899896207,147.74216699879616,400.8471670022118,548.6897919981857,True,
2,307,4,fresh-client,1,cross_128_corner,deflate_128,DEFLATE,128,40,40,3560,305047460,305102560,55101,206,bytes 305047460-305102560/499617324,55101,55101,161.7904999984603,161.82366700013517,97.77004200077499,259.6397919987794,True,
2,307,4,fresh-client,1,cross_128_corner,deflate_128,DEFLATE,128,40,41,3561,305102569,305156400,53832,206,bytes 305102569-305156400/499617324,53832,53832,146.74154100066517,146.77300000039395,101.297582998086,248.1006250018254,True,
2,307,4,fresh-client,1,cross_128_corner,deflate_128,DEFLATE,128,41,40,3648,309446600,309501607,55008,206,bytes 309446600-309501607/499617324,55008,55008,239.97137500191457,240.0723749997269,61.060415999236284,301.1888330001966,True,
2,307,4,fresh-client,1,cross_128_corner,deflate_128,DEFLATE,128,41,41,3649,309501616,309555017,53402,206,bytes 309501616-309555017/499617324,53402,53402,240.34141700030887,240.4598339999211,66.69354100085911,307.2099999990314,True,
2,308,2,fresh-client,1,cross_256_edge,deflate_128,DEFLATE,128,40,41,3561,305102569,305156400,53832,206,bytes 305102569-305156400/499617324,53832,53832,163.42795799937448,163.4581670004991,67.90370799717493,231.37891700025648,True,
2,308,2,fresh-client,1,cross_256_edge,deflate_128,DEFLATE,128,40,42,3562,305156409,305208764,52356,206,bytes 305156409-305208764/499617324,52356,52356,131.61741699877894,131.64483400032623,51.75749999762047,183.41399999917485,True,
2,309,2,fresh-client,1,interior,zstd_256,ZSTD,256,20,20,900,301115142,301328168,213027,206,bytes 301115142-301328168/490384277,213027,213027,130.99220900039654,131.01791699955356,109.25058299835655,240.29937500017695,True,
2,310,2,fresh-client,1,cross_128_edge,lzw_256,LZW,256,20,20,900,406553924,406841161,287238,206,bytes 406553924-406841161/661012853,287238,287238,160.88891699837404,160.922874998505,225.9701250004582,386.90595899970504,True,
2,311,2,fresh-client,1,cross_128_edge,lzw_128,LZW,128,40,40,3560,404091050,404163820,72771,206,bytes 404091050-404163820/661264391,72771,72771,156.460624999454,156.49308399952133,134.38425099957385,290.91545900155324,True,
2,311,2,fresh-client,1,cross_128_edge,lzw_128,LZW,128,40,41,3561,404163829,404234861,71033,206,bytes 404163829-404234861/661264391,71033,71033,310.8075829986774,310.83345799925155,56.453291999787325,367.2970000006899,True,
2,312,4,fresh-client,1,cross_512_corner,deflate_256,DEFLATE,256,21,21,945,315110154,315323387,213234,206,bytes 315110154-315323387/498427477,213234,213234,116.21400000149151,116.2358330002462,232.44425099983346,348.71287499845494,True,
2,312,4,fresh-client,1,cross_512_corner,deflate_256,DEFLATE,256,21,22,946,315323396,315533302,209907,206,bytes 315323396-315533302/498427477,209907,209907,264.5489999995334,264.6179580005992,152.38895899892668,417.04987499906565,True,
2,312,4,fresh-client,1,cross_512_corner,deflate_256,DEFLATE,256,22,21,989,323490842,323701123,210282,206,bytes 323490842-323701123/498427477,210282,210282,238.05716700007906,238.1697080018057,129.1140000030282,367.3400420011603,True,
2,312,4,fresh-client,1,cross_512_corner,deflate_256,DEFLATE,256,22,22,990,323701132,323912576,211445,206,bytes 323701132-323912576/498427477,211445,211445,269.0333329992427,269.1453330007789,130.01325000004726,399.2115000000922,True,
2,313,5,fresh-client,1,cross_256_edge,lzw_128,LZW,128,40,41,3561,404163829,404234861,71033,206,bytes 404163829-404234861/661264391,71033,71033,148.53312500054017,148.5687919994234,64.87433300208068,213.4613750022254,True,
2,313,5,fresh-client,1,cross_256_edge,lzw_128,LZW,128,40,42,3562,404234870,404303621,68752,206,bytes 404234870-404303621/661264391,68752,68752,125.98091600011685,126.00954100344097,68.48633399931714,194.51062500229455,True,
2,314,3,fresh-client,1,cross_128_corner,zstd_512,ZSTD,512,10,10,230,304767160,305606839,839680,206,bytes 304767160-305606839/490194415,839680,839680,159.01599999779137,159.04849999787984,324.3368340008601,483.43691699847113,True,
2,315,1,fresh-client,1,cross_256_edge,lzw_256,LZW,256,20,20,900,406553924,406841161,287238,206,bytes 406553924-406841161/661012853,287238,287238,142.78391699917847,142.81570900129736,123.4801669997978,266.34308400025475,True,
2,315,1,fresh-client,1,cross_256_edge,lzw_256,LZW,256,20,21,901,406841170,407119092,277923,206,bytes 406841170-407119092/661012853,277923,277923,188.70212500041816,188.74054200205137,215.90045900302357,404.8198750024312,True,
3,1,4,fresh-client,1,cross_128_edge,zstd_128,ZSTD,128,40,40,3560,300228058,300282104,54047,206,bytes 300228058-300282104/492119117,54047,54047,220.62512500269804,220.67391599921393,66.07970800178009,286.7996660024801,True,
3,1,4,fresh-client,1,cross_128_edge,zstd_128,ZSTD,128,40,41,3561,300282113,300335031,52919,206,bytes 300282113-300335031/492119117,52919,52919,186.29895800040686,186.33754199981922,68.87179100158392,255.26858299781452,True,
3,2,3,fresh-client,1,cross_128_edge,lzw_128,LZW,128,40,40,3560,404091050,404163820,72771,206,bytes 404091050-404163820/661264391,72771,72771,204.20720800029812,204.25354100007098,77.4179580002965,281.69625000009546,True,
3,2,3,fresh-client,1,cross_128_edge,lzw_128,LZW,128,40,41,3561,404163829,404234861,71033,206,bytes 404163829-404234861/661264391,71033,71033,377.55187500079046,377.6598340009514,92.5344999996014,470.2511670002423,True,
3,3,1,fresh-client,1,cross_256_edge,deflate_256,DEFLATE,256,20,20,900,306262458,306479353,216896,206,bytes 306262458-306479353/498427477,216896,216896,149.4544590022997,149.48225000262028,145.5134169991652,295.0299170006474,True,
3,3,1,fresh-client,1,cross_256_edge,deflate_256,DEFLATE,256,20,21,901,306479362,306690064,210703,206,bytes 306479362-306690064/498427477,210703,210703,151.90933300254983,151.94283300297684,105.05766699861852,257.0384170030593,True,
3,4,4,fresh-client,1,cross_512_corner,zstd_256,ZSTD,256,21,21,945,309824343,310033910,209568,206,bytes 309824343-310033910/490384277,209568,209568,168.89516700030072,168.9340839984652,108.20529100237763,277.1706669991545,True,
3,4,4,fresh-client,1,cross_512_corner,zstd_256,ZSTD,256,21,22,946,310033919,310240520,206602,206,bytes 310033919-310240520/490384277,206602,206602,368.7281669990625,368.77187499703723,101.74845800065668,470.55279199776123,True,
3,4,4,fresh-client,1,cross_512_corner,zstd_256,ZSTD,256,22,21,989,318075010,318281956,206947,206,bytes 318075010-318281956/490384277,206947,206947,164.21433399955276,164.2467919991759,117.73104200256057,282.0153749999008,True,
3,4,4,fresh-client,1,cross_512_corner,zstd_256,ZSTD,256,22,22,990,318281965,318490136,208172,206,bytes 318281965-318490136/490384277,208172,208172,150.52266699785832,150.55212500010384,134.81691700144438,285.4049589986971,True,
3,5,2,fresh-client,1,cross_512_corner,zstd_512,ZSTD,512,10,10,230,304767160,305606839,839680,206,bytes 304767160-305606839/490194415,839680,839680,181.6480829984357,181.68750000040745,205.25870799974655,386.993916999927,True,
3,5,2,fresh-client,1,cross_512_corner,zstd_512,ZSTD,512,10,11,231,305606848,306426901,820054,206,bytes 305606848-306426901/490194415,820054,820054,148.86966700214543,148.90037499935715,450.1856669994595,599.1305009993084,True,
3,5,2,fresh-client,1,cross_512_corner,zstd_512,ZSTD,512,11,10,252,321640707,322458855,818149,206,bytes 321640707-322458855/490194415,818149,818149,280.0224579987116,280.1087080006255,437.1819170009985,717.3476249990927,True,
3,5,2,fresh-client,1,cross_512_corner,zstd_512,ZSTD,512,11,11,253,322458864,323289120,830257,206,bytes 322458864-323289120/490194415,830257,830257,162.14612499970826,162.18191699954332,522.6335000006657,684.847833999811,True,
3,6,2,fresh-client,1,cross_128_edge,lzw_256,LZW,256,20,20,900,406553924,406841161,287238,206,bytes 406553924-406841161/661012853,287238,287238,167.31737500231247,167.35654100193642,172.6221249991795,340.0217500020517,True,
3,7,5,fresh-client,1,cross_512_corner,deflate_128,DEFLATE,128,43,43,3827,318224016,318278030,54015,206,bytes 318224016-318278030/499617324,54015,54015,153.10020800097845,153.137458000856,59.462666999024805,212.6170000010461,True,
3,7,5,fresh-client,1,cross_512_corner,deflate_128,DEFLATE,128,43,44,3828,318278039,318331048,53010,206,bytes 318278039-318331048/499617324,53010,53010,179.46270799802733,179.49833300008322,139.7232500021346,319.27070799793,True,
3,7,5,fresh-client,1,cross_512_corner,deflate_128,DEFLATE,128,44,43,3915,322379939,322432680,52742,206,bytes 322379939-322432680/499617324,52742,52742,129.58991699997569,129.61720900057117,49.14766699948814,178.77641700033564,True,
3,7,5,fresh-client,1,cross_512_corner,deflate_128,DEFLATE,128,44,44,3916,322432689,322485817,53129,206,bytes 322432689-322485817/499617324,53129,53129,142.77791700078524,142.80754200080992,45.61125000327593,188.43099999867263,True,
3,8,4,fresh-client,1,cross_512_corner,lzw_128,LZW,128,43,43,3827,421475357,421546899,71543,206,bytes 421475357-421546899/661264391,71543,71543,132.2716249997029,132.29712499742163,73.52029200046672,205.83079099742463,True,
3,8,4,fresh-client,1,cross_512_corner,lzw_128,LZW,128,43,44,3828,421546908,421617252,70345,206,bytes 421546908-421617252/661264391,70345,70345,123.06929199985461,123.09291700148606,77.79600000139908,200.9015420007927,True,
3,8,4,fresh-client,1,cross_512_corner,lzw_128,LZW,128,44,43,3915,426954274,427023840,69567,206,bytes 426954274-427023840/661264391,69567,69567,274.3057090010552,274.42133400109014,206.18891599951894,480.66420900067897,True,
3,8,4,fresh-client,1,cross_512_corner,lzw_128,LZW,128,44,44,3916,427023849,427094094,70246,206,bytes 427023849-427094094/661264391,70246,70246,153.70695800083922,153.74416600025143,57.97487499876297,211.7327079977258,True,
3,9,1,fresh-client,1,cross_256_edge,lzw_128,LZW,128,40,41,3561,404163829,404234861,71033,206,bytes 404163829-404234861/661264391,71033,71033,150.5023749996326,150.53687500039814,53.24562500027241,203.7987499970768,True,
3,9,1,fresh-client,1,cross_256_edge,lzw_128,LZW,128,40,42,3562,404234870,404303621,68752,206,bytes 404234870-404303621/661264391,68752,68752,151.11625000281492,151.15091700135963,89.41829200193752,240.59737500283518,True,
3,10,3,fresh-client,1,interior,deflate_512,DEFLATE,512,10,10,230,310426888,311281522,854635,206,bytes 310426888-311281522/499024403,854635,854635,227.12466600205516,227.2166250004375,289.60720900067827,516.8698750021576,True,
3,11,1,fresh-client,1,cross_512_corner,lzw_512,LZW,512,10,10,230,411686466,412818824,1132359,206,bytes 411686466-412818824/661107776,1132359,1132359,386.8688750008005,386.9079580035759,418.679834001523,805.6462920030754,True,
3,11,1,fresh-client,1,cross_512_corner,lzw_512,LZW,512,10,11,231,412818833,413920320,1101488,206,bytes 412818833-413920320/661107776,1101488,1101488,138.70433299962315,138.7378749968775,262.49558400013484,401.2728749985399,True,
3,11,1,fresh-client,1,cross_512_corner,lzw_512,LZW,512,11,10,252,434325460,435426146,1100687,206,bytes 434325460-435426146/661107776,1100687,1100687,152.40962499956368,152.44329199776985,281.97937499862746,434.4557089971204,True,
3,11,1,fresh-client,1,cross_512_corner,lzw_512,LZW,512,11,11,253,435426155,436544622,1118468,206,bytes 435426155-436544622/661107776,1118468,1118468,176.2455839998438,176.3014589996601,378.80133300132,555.1496669977496,True,
3,12,4,fresh-client,1,cross_512_edge,lzw_256,LZW,256,20,21,901,406841170,407119092,277923,206,bytes 406841170-407119092/661012853,277923,277923,234.2627079997328,234.32341599982465,197.63858399892342,431.98537500211387,True,
3,12,4,fresh-client,1,cross_512_edge,lzw_256,LZW,256,20,22,902,407119101,407393560,274460,206,bytes 407119101-407393560/661012853,274460,274460,287.6011250009469,287.71216600216576,125.18287499915459,412.9430829998455,True,
3,13,5,fresh-client,1,cross_128_edge,zstd_512,ZSTD,512,10,10,230,304767160,305606839,839680,206,bytes 304767160-305606839/490194415,839680,839680,166.90700000253855,166.94475000258535,186.9029590015998,353.8950420006586,True,
3,14,3,fresh-client,1,cross_512_corner,lzw_256,LZW,256,21,21,945,418246405,418529582,283178,206,bytes 418246405-418529582/661012853,283178,283178,138.85424999898532,138.88195799881942,128.54170799982967,267.44816599966725,True,
3,14,3,fresh-client,1,cross_512_corner,lzw_256,LZW,256,21,22,946,418529591,418807664,278074,206,bytes 418529591-418807664/661012853,278074,278074,251.67741699988255,251.733459001116,145.8859170015785,397.6541260017257,True,
3,14,3,fresh-client,1,cross_512_corner,lzw_256,LZW,256,22,21,989,429313097,429591287,278191,206,bytes 429313097-429591287/661012853,278191,278191,185.92654100211803,185.96483300279942,131.90416699944763,317.8918750018056,True,
3,14,3,fresh-client,1,cross_512_corner,lzw_256,LZW,256,22,22,990,429591296,429871211,279916,206,bytes 429591296-429871211/661012853,279916,279916,121.33687499954249,121.36904200087884,123.71537499711849,245.12766699990607,True,
3,15,1,fresh-client,1,cross_256_edge,zstd_512,ZSTD,512,10,10,230,304767160,305606839,839680,206,bytes 304767160-305606839/490194415,839680,839680,147.24199999909615,147.27275000041118,272.328416001983,419.6472910007287,True,
3,16,5,fresh-client,1,cross_128_edge,zstd_128,ZSTD,128,40,40,3560,300228058,300282104,54047,206,bytes 300228058-300282104/492119117,54047,54047,147.35716699942714,147.40474999780417,90.90174999801093,238.33200000080978,True,
3,16,5,fresh-client,1,cross_128_edge,zstd_128,ZSTD,128,40,41,3561,300282113,300335031,52919,206,bytes 300282113-300335031/492119117,52919,52919,133.78608399943914,133.81624999965425,56.21866600267822,190.04887499977485,True,
3,17,5,fresh-client,1,cross_128_corner,lzw_256,LZW,256,20,20,900,406553924,406841161,287238,206,bytes 406553924-406841161/661012853,287238,287238,133.2127500027127,133.23904100252548,144.6360839981935,277.9088750030496,True,
3,18,1,fresh-client,1,cross_256_corner,zstd_256,ZSTD,256,20,20,900,301115142,301328168,213027,206,bytes 301115142-301328168/490384277,213027,213027,223.94954199990025,224.03045800092514,89.85295899765333,313.9263340017351,True,
3,18,1,fresh-client,1,cross_256_corner,zstd_256,ZSTD,256,20,21,901,301328177,301535592,207416,206,bytes 301328177-301535592/490384277,207416,207416,166.8445420000353,166.87904200080084,94.2254170004162,261.1394580017077,True,
3,18,1,fresh-client,1,cross_256_corner,zstd_256,ZSTD,256,21,20,944,309614499,309824334,209836,206,bytes 309614499-309824334/490384277,209836,209836,160.05104100258905,160.08700000020326,116.80658299883362,276.92287500030943,True,
3,18,1,fresh-client,1,cross_256_corner,zstd_256,ZSTD,256,21,21,945,309824343,310033910,209568,206,bytes 309824343-310033910/490384277,209568,209568,129.91916700048023,129.94679199982784,115.04466599944863,245.0277090028976,True,
3,19,5,fresh-client,1,cross_512_edge,zstd_256,ZSTD,256,20,21,901,301328177,301535592,207416,206,bytes 301328177-301535592/490384277,207416,207416,325.78416699834634,325.8117920013319,121.70020900157397,447.53816700176685,True,
3,19,5,fresh-client,1,cross_512_edge,zstd_256,ZSTD,256,20,22,902,301535601,301739853,204253,206,bytes 301535601-301739853/490384277,204253,204253,127.47133399898303,127.49674999940908,122.86958299955586,250.4405420004332,True,
3,20,4,fresh-client,1,cross_128_edge,lzw_128,LZW,128,40,40,3560,404091050,404163820,72771,206,bytes 404091050-404163820/661264391,72771,72771,161.57733400177676,161.6066669994325,54.69966700184159,216.32045899968944,True,
3,20,4,fresh-client,1,cross_128_edge,lzw_128,LZW,128,40,41,3561,404163829,404234861,71033,206,bytes 404163829-404234861/661264391,71033,71033,149.04424999986077,149.07987500191666,138.1331250013318,287.26150000147754,True,
3,21,2,fresh-client,1,cross_256_corner,lzw_512,LZW,512,10,10,230,411686466,412818824,1132359,206,bytes 411686466-412818824/661107776,1132359,1132359,156.55754200270167,156.5855000008014,949.9097090010764,1106.5715420008928,True,
3,22,2,fresh-client,1,cross_256_edge,lzw_256,LZW,256,20,20,900,406553924,406841161,287238,206,bytes 406553924-406841161/661012853,287238,287238,160.40562499983935,160.44154199698824,136.36024999868823,296.838749996823,True,
3,22,2,fresh-client,1,cross_256_edge,lzw_256,LZW,256,20,21,901,406841170,407119092,277923,206,bytes 406841170-407119092/661012853,277923,277923,155.39716700004647,155.43066700047348,133.9186660006817,289.3696259998251,True,
3,23,1,fresh-client,1,cross_512_corner,deflate_512,DEFLATE,512,10,10,230,310426888,311281522,854635,206,bytes 310426888-311281522/499024403,854635,854635,249.68762500066077,249.75433299914584,414.3170839997765,664.1361669971957,True,
3,23,1,fresh-client,1,cross_512_corner,deflate_512,DEFLATE,512,10,11,231,311281531,312113785,832255,206,bytes 311281531-312113785/499024403,832255,832255,160.02274999846122,160.05899999800022,212.11174999916693,372.2018339976785,True,
3,23,1,fresh-client,1,cross_512_corner,deflate_512,DEFLATE,512,11,10,252,327623520,328452071,828552,206,bytes 327623520-328452071/499024403,828552,828552,151.62549999877228,151.65820799666108,407.142042000487,558.8250419968972,True,
3,23,1,fresh-client,1,cross_512_corner,deflate_512,DEFLATE,512,11,11,253,328452080,329294883,842804,206,bytes 328452080-329294883/499024403,842804,842804,132.89274999988265,132.92879200162133,212.90091700211633,345.8799590007402,True,
3,24,4,fresh-client,1,cross_256_edge,zstd_256,ZSTD,256,20,20,900,301115142,301328168,213027,206,bytes 301115142-301328168/490384277,213027,213027,146.13445899885846,146.16683399799513,91.01070799806621,237.19262499798788,True,
3,24,4,fresh-client,1,cross_256_edge,zstd_256,ZSTD,256,20,21,901,301328177,301535592,207416,206,bytes 301328177-301535592/490384277,207416,207416,133.3998750014871,133.4286669989524,192.03054100216832,325.47216700186254,True,
3,25,5,fresh-client,1,cross_128_corner,deflate_128,DEFLATE,128,40,40,3560,305047460,305102560,55101,206,bytes 305047460-305102560/499617324,55101,55101,127.32966700059478,127.35470800180337,64.51266699878033,191.88404200031073,True,
3,25,5,fresh-client,1,cross_128_corner,deflate_128,DEFLATE,128,40,41,3561,305102569,305156400,53832,206,bytes 305102569-305156400/499617324,53832,53832,825.7794999990438,825.8905420007068,175.22475000077975,1001.1651669992716,True,
3,25,5,fresh-client,1,cross_128_corner,deflate_128,DEFLATE,128,41,40,3648,309446600,309501607,55008,206,bytes 309446600-309501607/499617324,55008,55008,142.80816599784885,142.8416249982547,60.49958299990976,203.35462499861023,True,
3,25,5,fresh-client,1,cross_128_corner,deflate_128,DEFLATE,128,41,41,3649,309501616,309555017,53402,206,bytes 309501616-309555017/499617324,53402,53402,152.787167000497,152.83329199883156,60.834291001810925,213.68070899916347,True,
3,26,1,fresh-client,1,cross_128_corner,zstd_512,ZSTD,512,10,10,230,304767160,305606839,839680,206,bytes 304767160-305606839/490194415,839680,839680,147.05404200140038,147.0840420006425,442.3720000013418,589.4914170021366,True,
3,27,3,fresh-client,1,cross_256_edge,zstd_128,ZSTD,128,40,41,3561,300282113,300335031,52919,206,bytes 300282113-300335031/492119117,52919,52919,160.6230420002248,160.6587499991292,73.39825000235578,234.08895899774507,True,
3,27,3,fresh-client,1,cross_256_edge,zstd_128,ZSTD,128,40,42,3562,300335040,300386695,51656,206,bytes 300335040-300386695/492119117,51656,51656,334.5352920005098,334.56208399729803,66.03845899735461,400.61079199949745,True,
3,28,3,fresh-client,1,cross_256_edge,zstd_512,ZSTD,512,10,10,230,304767160,305606839,839680,206,bytes 304767160-305606839/490194415,839680,839680,121.10575000042445,121.15720799920382,743.1680000008782,864.3809589993907,True,
3,29,3,fresh-client,1,cross_256_edge,lzw_256,LZW,256,20,20,900,406553924,406841161,287238,206,bytes 406553924-406841161/661012853,287238,287238,157.54604099856806,157.57966599994688,126.05595800050651,283.66462499980116,True,
3,29,3,fresh-client,1,cross_256_edge,lzw_256,LZW,256,20,21,901,406841170,407119092,277923,206,bytes 406841170-407119092/661012853,277923,277923,237.5209999991057,237.65624999941792,110.69487599888816,348.4041670017177,True,
3,30,5,fresh-client,1,cross_512_edge,lzw_256,LZW,256,20,21,901,406841170,407119092,277923,206,bytes 406841170-407119092/661012853,277923,277923,162.66920799898799,162.70349999831524,102.45779099932406,265.1823330015759,True,
3,30,5,fresh-client,1,cross_512_edge,lzw_256,LZW,256,20,22,902,407119101,407393560,274460,206,bytes 407119101-407393560/661012853,274460,274460,129.38300000314484,129.41245800175238,171.0285000008298,300.4702920006821,True,
3,31,2,fresh-client,1,cross_512_corner,lzw_512,LZW,512,10,10,230,411686466,412818824,1132359,206,bytes 411686466-412818824/661107776,1132359,1132359,167.4212500001886,167.45995900055277,380.0237499999639,547.6149589994748,True,
3,31,2,fresh-client,1,cross_512_corner,lzw_512,LZW,512,10,11,231,412818833,413920320,1101488,206,bytes 412818833-413920320/661107776,1101488,1101488,267.2596669981431,267.29216699823155,274.4217920007941,541.7605000002368,True,
3,31,2,fresh-client,1,cross_512_corner,lzw_512,LZW,512,11,10,252,434325460,435426146,1100687,206,bytes 434325460-435426146/661107776,1100687,1100687,150.87804200084065,150.91441699769348,576.8787920023897,727.8528759998153,True,
3,31,2,fresh-client,1,cross_512_corner,lzw_512,LZW,512,11,11,253,435426155,436544622,1118468,206,bytes 435426155-436544622/661107776,1118468,1118468,148.85866599797737,148.887208000815,303.24383299739566,452.1906250010943,True,
3,32,5,fresh-client,1,cross_128_edge,zstd_256,ZSTD,256,20,20,900,301115142,301328168,213027,206,bytes 301115142-301328168/490384277,213027,213027,194.8591669970483,194.906707998598,115.93366699889884,310.88083299982827,True,
3,33,5,fresh-client,1,cross_256_edge,lzw_512,LZW,512,10,10,230,411686466,412818824,1132359,206,bytes 411686466-412818824/661107776,1132359,1132359,177.2514170006616,177.29220800174517,234.58154200125136,411.8980000021111,True,
3,34,4,fresh-client,1,interior,deflate_512,DEFLATE,512,10,10,230,310426888,311281522,854635,206,bytes 310426888-311281522/499024403,854635,854635,170.82549999759067,170.8655419970455,352.6400420014397,523.5270419980225,True,
3,35,3,fresh-client,1,cross_512_edge,lzw_512,LZW,512,10,10,230,411686466,412818824,1132359,206,bytes 411686466-412818824/661107776,1132359,1132359,166.40058399934787,166.43958399799885,1093.242626000574,1259.718958997837,True,
3,35,3,fresh-client,1,cross_512_edge,lzw_512,LZW,512,10,11,231,412818833,413920320,1101488,206,bytes 412818833-413920320/661107776,1101488,1101488,183.380375001434,183.41654200048652,340.18749999813735,523.7888750016282,True,
3,36,2,fresh-client,1,cross_128_edge,lzw_512,LZW,512,10,10,230,411686466,412818824,1132359,206,bytes 411686466-412818824/661107776,1132359,1132359,231.13904099955107,231.21008300222456,321.57816700055264,552.8067080012988,True,
3,37,5,fresh-client,1,cross_256_corner,deflate_512,DEFLATE,512,10,10,230,310426888,311281522,854635,206,bytes 310426888-311281522/499024403,854635,854635,178.76133400204708,178.8385420004488,349.21933399891714,528.0875009993906,True,
3,38,1,fresh-client,1,interior,zstd_256,ZSTD,256,20,20,900,301115142,301328168,213027,206,bytes 301115142-301328168/490384277,213027,213027,342.2705410011986,342.3737080011051,186.5493749974121,528.9470829993661,True,
3,39,4,fresh-client,1,cross_256_corner,deflate_256,DEFLATE,256,20,20,900,306262458,306479353,216896,206,bytes 306262458-306479353/498427477,216896,216896,151.41737600060878,151.4547090009728,111.37724999935017,262.85862599979737,True,
3,39,4,fresh-client,1,cross_256_corner,deflate_256,DEFLATE,256,20,21,901,306479362,306690064,210703,206,bytes 306479362-306690064/498427477,210703,210703,459.21766699757427,459.2968340002699,87.70862500023213,547.0388339999772,True,
3,39,4,fresh-client,1,cross_256_corner,deflate_256,DEFLATE,256,21,20,944,314896453,315110145,213693,206,bytes 314896453-315110145/498427477,213693,213693,134.08562499898835,134.12720799897215,135.7968339980289,269.94687499973224,True,
3,39,4,fresh-client,1,cross_256_corner,deflate_256,DEFLATE,256,21,21,945,315110154,315323387,213234,206,bytes 315110154-315323387/498427477,213234,213234,162.26649999953224,162.30395800084807,107.98162500213948,270.30366599865374,True,
3,40,4,fresh-client,1,cross_512_corner,zstd_128,ZSTD,128,43,43,3827,313219659,313272608,52950,206,bytes 313219659-313272608/492119117,52950,52950,133.96154200017918,134.0035840003111,49.36812500091037,183.3913760019641,True,
3,40,4,fresh-client,1,cross_512_corner,zstd_128,ZSTD,128,43,44,3828,313272617,313324753,52137,206,bytes 313272617-313324753/492119117,52137,52137,224.61829199892236,224.6670839995204,50.46999999831314,275.1639169982809,True,
3,40,4,fresh-client,1,cross_512_corner,zstd_128,ZSTD,128,44,43,3915,317314658,317366615,51958,206,bytes 317314658-317366615/492119117,51958,51958,155.87345799940522,155.92091699727462,50.40987499887706,206.35212499837507,True,
3,40,4,fresh-client,1,cross_512_corner,zstd_128,ZSTD,128,44,44,3916,317366624,317418939,52316,206,bytes 317366624-317418939/492119117,52316,52316,149.42491699912352,149.4771670004411,44.301207999524195,193.80062599884695,True,
3,41,4,fresh-client,1,cross_512_corner,zstd_512,ZSTD,512,10,10,230,304767160,305606839,839680,206,bytes 304767160-305606839/490194415,839680,839680,178.11875000188593,178.16175000189105,260.24233299904154,438.46791699979804,True,
3,41,4,fresh-client,1,cross_512_corner,zstd_512,ZSTD,512,10,11,231,305606848,306426901,820054,206,bytes 305606848-306426901/490194415,820054,820054,210.41825000065728,210.62358299968764,215.8305009979813,426.4952919984353,True,
3,41,4,fresh-client,1,cross_512_corner,zstd_512,ZSTD,512,11,10,252,321640707,322458855,818149,206,bytes 321640707-322458855/490194415,818149,818149,156.99491700070212,157.03045900227153,266.0048339967034,423.08716700063087,True,
3,41,4,fresh-client,1,cross_512_corner,zstd_512,ZSTD,512,11,11,253,322458864,323289120,830257,206,bytes 322458864-323289120/490194415,830257,830257,167.71779200280434,167.7751260031073,348.09758299888927,515.9142090014939,True,
3,42,2,fresh-client,1,cross_128_corner,lzw_256,LZW,256,20,20,900,406553924,406841161,287238,206,bytes 406553924-406841161/661012853,287238,287238,163.40854100053548,163.44541599755757,123.37808400116046,286.8538330003503,True,
3,43,5,fresh-client,1,interior,zstd_512,ZSTD,512,10,10,230,304767160,305606839,839680,206,bytes 304767160-305606839/490194415,839680,839680,153.90829099851544,153.94575000027544,208.269749997271,362.25637499956065,True,
3,44,4,fresh-client,1,cross_128_edge,deflate_512,DEFLATE,512,10,10,230,310426888,311281522,854635,206,bytes 310426888-311281522/499024403,854635,854635,234.66645799999242,234.76183300226694,265.5269999995653,500.3296670001873,True,
3,45,3,fresh-client,1,cross_256_corner,zstd_512,ZSTD,512,10,10,230,304767160,305606839,839680,206,bytes 304767160-305606839/490194415,839680,839680,196.66708399745403,196.7373339975893,211.69854199979454,408.4651669982122,True,
3,46,1,fresh-client,1,cross_512_corner,zstd_512,ZSTD,512,10,10,230,304767160,305606839,839680,206,bytes 304767160-305606839/490194415,839680,839680,133.76754199998686,133.85800100149936,260.3902500013646,394.2732089999481,True,
3,46,1,fresh-client,1,cross_512_corner,zstd_512,ZSTD,512,10,11,231,305606848,306426901,820054,206,bytes 305606848-306426901/490194415,820054,820054,154.23329199984437,154.28166700075963,178.92904200198245,333.2577500004845,True,
3,46,1,fresh-client,1,cross_512_corner,zstd_512,ZSTD,512,11,10,252,321640707,322458855,818149,206,bytes 321640707-322458855/490194415,818149,818149,160.78612600176712,160.8217089997197,232.76733300008345,393.6308340016694,True,
3,46,1,fresh-client,1,cross_512_corner,zstd_512,ZSTD,512,11,11,253,322458864,323289120,830257,206,bytes 322458864-323289120/490194415,830257,830257,146.07470799819566,146.10416700088535,277.64291699713795,423.79258399887476,True,
3,47,2,fresh-client,1,cross_512_edge,deflate_128,DEFLATE,128,40,43,3563,305208773,305261361,52589,206,bytes 305208773-305261361/499617324,52589,52589,334.2582500008575,334.28804100185516,65.83641699762666,400.1382080023177,True,
3,47,2,fresh-client,1,cross_512_edge,deflate_128,DEFLATE,128,40,44,3564,305261370,305312689,51320,206,bytes 305261370-305312689/499617324,51320,51320,130.65779200042016,130.69383300171467,46.04391600150848,176.74999999871943,True,
3,48,3,fresh-client,1,cross_512_edge,lzw_256,LZW,256,20,21,901,406841170,407119092,277923,206,bytes 406841170-407119092/661012853,277923,277923,131.72375100111822,131.7537920003815,265.895125001407,397.7053340022394,True,
3,48,3,fresh-client,1,cross_512_edge,lzw_256,LZW,256,20,22,902,407119101,407393560,274460,206,bytes 407119101-407393560/661012853,274460,274460,151.42125000056694,151.45370900063426,139.95737499863026,291.4516669989098,True,
3,49,1,fresh-client,1,cross_128_edge,zstd_128,ZSTD,128,40,40,3560,300228058,300282104,54047,206,bytes 300228058-300282104/492119117,54047,54047,175.85841700201854,175.89583399967523,74.34458299758262,250.26312599948142,True,
3,49,1,fresh-client,1,cross_128_edge,zstd_128,ZSTD,128,40,41,3561,300282113,300335031,52919,206,bytes 300282113-300335031/492119117,52919,52919,140.6978330014681,140.73412500147242,53.348041998106055,194.09687500228756,True,
3,50,3,fresh-client,1,cross_128_corner,lzw_256,LZW,256,20,20,900,406553924,406841161,287238,206,bytes 406553924-406841161/661012853,287238,287238,150.18354099811404,150.23474999907194,194.72095899982378,344.9924579981598,True,
3,51,3,fresh-client,1,cross_256_corner,lzw_128,LZW,128,41,41,3649,409965315,410035919,70605,206,bytes 409965315-410035919/661264391,70605,70605,185.33033399944543,185.575458999665,49.24816699713119,234.8977500005276,True,
3,51,3,fresh-client,1,cross_256_corner,lzw_128,LZW,128,41,42,3650,410035928,410107613,71686,206,bytes 410035928-410107613/661264391,71686,71686,145.82279100068263,145.85595799871953,56.48241699964274,202.3540000009234,True,
3,51,3,fresh-client,1,cross_256_corner,lzw_128,LZW,128,42,41,3737,415676272,415746842,70571,206,bytes 415676272-415746842/661264391,70571,70571,149.41266599998926,149.44454099895665,79.46016699861502,228.91820799850393,True,
3,51,3,fresh-client,1,cross_256_corner,lzw_128,LZW,128,42,42,3738,415746851,415817546,70696,206,bytes 415746851-415817546/661264391,70696,70696,156.46283400201355,156.5065009999671,168.12100000242935,324.66308400034904,True,
3,52,3,fresh-client,1,cross_512_edge,zstd_512,ZSTD,512,10,10,230,304767160,305606839,839680,206,bytes 304767160-305606839/490194415,839680,839680,161.77650000099675,161.80879099920276,228.75316600038786,390.5782910005655,True,
3,52,3,fresh-client,1,cross_512_edge,zstd_512,ZSTD,512,10,11,231,305606848,306426901,820054,206,bytes 305606848-306426901/490194415,820054,820054,181.21404200064717,181.25116700321087,242.40220800129464,423.7013750025653,True,
3,53,3,fresh-client,1,cross_512_corner,deflate_512,DEFLATE,512,10,10,230,310426888,311281522,854635,206,bytes 310426888-311281522/499024403,854635,854635,234.4671249993553,234.5649169983517,239.04362500252319,473.63770899755764,True,
3,53,3,fresh-client,1,cross_512_corner,deflate_512,DEFLATE,512,10,11,231,311281531,312113785,832255,206,bytes 311281531-312113785/499024403,832255,832255,180.938707999303,180.9769999999844,233.78695800056448,414.80591599975014,True,
3,53,3,fresh-client,1,cross_512_corner,deflate_512,DEFLATE,512,11,10,252,327623520,328452071,828552,206,bytes 327623520-328452071/499024403,828552,828552,141.9503329998406,141.98091700018267,779.2373759984912,921.2786669995694,True,
3,53,3,fresh-client,1,cross_512_corner,deflate_512,DEFLATE,512,11,11,253,328452080,329294883,842804,206,bytes 328452080-329294883/499024403,842804,842804,147.95770900309435,147.9842920016381,312.1731669998553,460.19858400177327,True,
3,54,2,fresh-client,1,interior,zstd_512,ZSTD,512,10,10,230,304767160,305606839,839680,206,bytes 304767160-305606839/490194415,839680,839680,156.02437499910593,156.0591250017751,1180.711250002787,1336.8737089986098,True,
3,55,1,fresh-client,1,cross_512_corner,zstd_256,ZSTD,256,21,21,945,309824343,310033910,209568,206,bytes 309824343-310033910/490384277,209568,209568,610.9576670023671,611.034583998844,569.1778759974113,1180.2480010010186,True,
3,55,1,fresh-client,1,cross_512_corner,zstd_256,ZSTD,256,21,22,946,310033919,310240520,206602,206,bytes 310033919-310240520/490384277,206602,206602,340.24766700167675,340.272792000178,230.87425000267103,571.1800839999341,True,
3,55,1,fresh-client,1,cross_512_corner,zstd_256,ZSTD,256,22,21,989,318075010,318281956,206947,206,bytes 318075010-318281956/490384277,206947,206947,156.98404199793003,157.02524999869638,122.65908300105366,279.723332998401,True,
3,55,1,fresh-client,1,cross_512_corner,zstd_256,ZSTD,256,22,22,990,318281965,318490136,208172,206,bytes 318281965-318490136/490384277,208172,208172,176.0393340009614,176.0740000026999,97.74033299981966,273.8401669994346,True,
3,56,3,fresh-client,1,cross_512_edge,zstd_128,ZSTD,128,40,43,3563,300386704,300438476,51773,206,bytes 300386704-300438476/492119117,51773,51773,200.53816600193386,200.57258300221292,73.32308300101431,273.90783300143084,True,
3,56,3,fresh-client,1,cross_512_edge,zstd_128,ZSTD,128,40,44,3564,300438485,300489278,50794,206,bytes 300438485-300489278/492119117,50794,50794,217.8405830018164,217.8985000027751,57.24645899681491,275.1729580013489,True,
3,57,2,fresh-client,1,cross_256_corner,zstd_512,ZSTD,512,10,10,230,304767160,305606839,839680,206,bytes 304767160-305606839/490194415,839680,839680,136.6565839998657,136.690583996824,240.27333300182363,376.9993339992652,True,
3,58,4,fresh-client,1,cross_128_corner,zstd_512,ZSTD,512,10,10,230,304767160,305606839,839680,206,bytes 304767160-305606839/490194415,839680,839680,194.140083000093,194.22841699997662,414.6593330005999,608.9148749997548,True,
3,59,1,fresh-client,1,cross_512_edge,zstd_128,ZSTD,128,40,43,3563,300386704,300438476,51773,206,bytes 300386704-300438476/492119117,51773,51773,155.79170799901476,155.8279169985326,49.8339580008178,205.6801250000717,True,
3,59,1,fresh-client,1,cross_512_edge,zstd_128,ZSTD,128,40,44,3564,300438485,300489278,50794,206,bytes 300438485-300489278/492119117,50794,50794,219.49045799919986,219.581166998978,53.67045900129597,273.2898340000247,True,
3,60,3,fresh-client,1,interior,lzw_256,LZW,256,20,20,900,406553924,406841161,287238,206,bytes 406553924-406841161/661012853,287238,287238,384.3451249995269,384.487708000961,219.22141700270004,604.0287079995323,True,
3,61,1,fresh-client,1,cross_512_edge,zstd_512,ZSTD,512,10,10,230,304767160,305606839,839680,206,bytes 304767160-305606839/490194415,839680,839680,174.61720899882494,174.6614170006069,242.50637499790173,417.2192090009048,True,
3,61,1,fresh-client,1,cross_512_edge,zstd_512,ZSTD,512,10,11,231,305606848,306426901,820054,206,bytes 305606848-306426901/490194415,820054,820054,143.13458299875492,143.16254199729883,243.6650420022488,386.9239169980574,True,
3,62,4,fresh-client,1,cross_512_edge,lzw_128,LZW,128,40,43,3563,404303630,404372483,68854,206,bytes 404303630-404372483/661264391,68854,68854,204.33487499758485,204.39116699708393,45.269207999808714,249.6912919996248,True,
3,62,4,fresh-client,1,cross_512_edge,lzw_128,LZW,128,40,44,3564,404372492,404440436,67945,206,bytes 404372492-404440436/661264391,67945,67945,136.0508750003646,136.09195800017915,67.11991699921782,203.22620799925062,True,
3,63,2,fresh-client,1,cross_256_edge,deflate_256,DEFLATE,256,20,20,900,306262458,306479353,216896,206,bytes 306262458-306479353/498427477,216896,216896,145.77954099877388,145.80874999955995,143.7990419981361,289.637624999159,True,
3,63,2,fresh-client,1,cross_256_edge,deflate_256,DEFLATE,256,20,21,901,306479362,306690064,210703,206,bytes 306479362-306690064/498427477,210703,210703,126.7383329977747,126.7672499998298,135.34116700247978,262.1499999986554,True,
3,64,3,fresh-client,1,interior,zstd_128,ZSTD,128,40,40,3560,300228058,300282104,54047,206,bytes 300228058-300282104/492119117,54047,54047,244.36008400152787,244.44058399967616,110.00004199740943,354.45287599941366,True,
3,65,2,fresh-client,1,interior,deflate_256,DEFLATE,256,20,20,900,306262458,306479353,216896,206,bytes 306262458-306479353/498427477,216896,216896,115.59100000158651,115.63204200137989,110.76354100077879,226.4246250015276,True,
3,66,5,fresh-client,1,cross_256_corner,lzw_256,LZW,256,20,20,900,406553924,406841161,287238,206,bytes 406553924-406841161/661012853,287238,287238,137.2432909993222,137.2771250025835,134.60058300188393,271.8934580007044,True,
3,66,5,fresh-client,1,cross_256_corner,lzw_256,LZW,256,20,21,901,406841170,407119092,277923,206,bytes 406841170-407119092/661012853,277923,277923,332.2737920025247,332.3020419993554,502.84629100133316,835.1643749992945,True,
3,66,5,fresh-client,1,cross_256_corner,lzw_256,LZW,256,21,20,944,417962328,418246396,284069,206,bytes 417962328-418246396/661012853,284069,284069,340.68808400115813,340.7998340007907,185.10087500180816,525.9515840007225,True,
3,66,5,fresh-client,1,cross_256_corner,lzw_256,LZW,256,21,21,945,418246405,418529582,283178,206,bytes 418246405-418529582/661012853,283178,283178,176.93495800267556,176.97324999971897,185.07008400047198,362.0802500008722,True,
3,67,1,fresh-client,1,interior,lzw_512,LZW,512,10,10,230,411686466,412818824,1132359,206,bytes 411686466-412818824/661107776,1132359,1132359,138.29945800171117,138.32800000091083,236.88179199962178,375.24158300220734,True,
3,68,3,fresh-client,1,cross_128_edge,deflate_256,DEFLATE,256,20,20,900,306262458,306479353,216896,206,bytes 306262458-306479353/498427477,216896,216896,163.94041600142373,163.97112499907962,93.60145800019382,257.5989169999957,True,
3,69,5,fresh-client,1,cross_512_corner,zstd_256,ZSTD,256,21,21,945,309824343,310033910,209568,206,bytes 309824343-310033910/490384277,209568,209568,248.59600000127102,248.72570799925597,103.21599999952014,351.9817080014036,True,
3,69,5,fresh-client,1,cross_512_corner,zstd_256,ZSTD,256,21,22,946,310033919,310240520,206602,206,bytes 310033919-310240520/490384277,206602,206602,164.73070799838752,164.76324999894132,101.12991699861595,265.9289160001208,True,
3,69,5,fresh-client,1,cross_512_corner,zstd_256,ZSTD,256,22,21,989,318075010,318281956,206947,206,bytes 318075010-318281956/490384277,206947,206947,216.29733400186524,216.34241700303392,105.87229199882131,322.257667001395,True,
3,69,5,fresh-client,1,cross_512_corner,zstd_256,ZSTD,256,22,22,990,318281965,318490136,208172,206,bytes 318281965-318490136/490384277,208172,208172,148.4721669985447,148.50304200081155,193.10591600151383,341.6318339986901,True,
3,70,1,fresh-client,1,cross_128_corner,deflate_128,DEFLATE,128,40,40,3560,305047460,305102560,55101,206,bytes 305047460-305102560/499617324,55101,55101,167.9079579989775,167.9431669981568,47.91958300120314,215.8822079982201,True,
3,70,1,fresh-client,1,cross_128_corner,deflate_128,DEFLATE,128,40,41,3561,305102569,305156400,53832,206,bytes 305102569-305156400/499617324,53832,53832,156.5400409999711,156.5775000017311,60.279791003267746,216.8850830021256,True,
3,70,1,fresh-client,1,cross_128_corner,deflate_128,DEFLATE,128,41,40,3648,309446600,309501607,55008,206,bytes 309446600-309501607/499617324,55008,55008,553.0532509983459,553.2008339978347,191.87950000195997,745.1604169982602,True,
3,70,1,fresh-client,1,cross_128_corner,deflate_128,DEFLATE,128,41,41,3649,309501616,309555017,53402,206,bytes 309501616-309555017/499617324,53402,53402,149.38204099962604,149.414749997959,61.849084002460586,211.27679100027308,True,
3,71,1,fresh-client,1,cross_128_corner,deflate_512,DEFLATE,512,10,10,230,310426888,311281522,854635,206,bytes 310426888-311281522/499024403,854635,854635,155.95470900007058,155.98900099939783,573.3001250009693,729.3494170007762,True,
3,72,3,fresh-client,1,cross_256_corner,deflate_128,DEFLATE,128,41,41,3649,309501616,309555017,53402,206,bytes 309501616-309555017/499617324,53402,53402,145.68762599810725,145.71975099897827,46.232500000769505,191.9655009987764,True,
3,72,3,fresh-client,1,cross_256_corner,deflate_128,DEFLATE,128,41,42,3650,309555026,309609246,54221,206,bytes 309555026-309609246/499617324,54221,54221,117.41929200070444,117.44883400024264,52.49283400189597,169.95337499974994,True,
3,72,3,fresh-client,1,cross_256_corner,deflate_128,DEFLATE,128,42,41,3737,313827295,313880653,53359,206,bytes 313827295-313880653/499617324,53359,53359,159.48520800156984,159.5179169999028,49.74633299934794,209.28170800107182,True,
3,72,3,fresh-client,1,cross_256_corner,deflate_128,DEFLATE,128,42,42,3738,313880662,313934033,53372,206,bytes 313880662-313934033/499617324,53372,53372,178.92616700191866,178.971208002622,50.3685419971589,229.38137500023004,True,
3,73,4,fresh-client,1,cross_128_corner,deflate_512,DEFLATE,512,10,10,230,310426888,311281522,854635,206,bytes 310426888-311281522/499024403,854635,854635,221.071457999642,221.23058299985132,211.70933400208014,432.97187499774736,True,
3,74,1,fresh-client,1,cross_512_edge,deflate_512,DEFLATE,512,10,10,230,310426888,311281522,854635,206,bytes 310426888-311281522/499024403,854635,854635,364.22624999977415,364.2577500031621,210.0417080000625,574.3232500026352,True,
3,74,1,fresh-client,1,cross_512_edge,deflate_512,DEFLATE,512,10,11,231,311281531,312113785,832255,206,bytes 311281531-312113785/499024403,832255,832255,299.3726249987958,299.4663749996107,744.9936250013707,1044.4954589984263,True,
3,75,3,fresh-client,1,cross_256_corner,deflate_512,DEFLATE,512,10,10,230,310426888,311281522,854635,206,bytes 310426888-311281522/499024403,854635,854635,268.23570800115704,268.3030830012285,327.1539999986999,595.5038749998494,True,
3,76,1,fresh-client,1,cross_128_edge,deflate_128,DEFLATE,128,40,40,3560,305047460,305102560,55101,206,bytes 305047460-305102560/499617324,55101,55101,176.99591699783923,177.0379999979923,51.38375000024098,228.45008299918845,True,
3,76,1,fresh-client,1,cross_128_edge,deflate_128,DEFLATE,128,40,41,3561,305102569,305156400,53832,206,bytes 305102569-305156400/499617324,53832,53832,149.12495799944736,149.17633300137823,48.9270830003079,198.11599999957252,True,
3,77,2,fresh-client,1,cross_512_edge,lzw_256,LZW,256,20,21,901,406841170,407119092,277923,206,bytes 406841170-407119092/661012853,277923,277923,222.20300000117277,222.27295800257707,116.95516699910513,339.264792000904,True,
3,77,2,fresh-client,1,cross_512_edge,lzw_256,LZW,256,20,22,902,407119101,407393560,274460,206,bytes 407119101-407393560/661012853,274460,274460,172.01966699940385,172.05962500156602,175.29404200104182,347.4706669985608,True,
3,78,3,fresh-client,1,cross_256_corner,zstd_256,ZSTD,256,20,20,900,301115142,301328168,213027,206,bytes 301115142-301328168/490384277,213027,213027,144.76949999880162,144.80099999855156,119.40300000060233,264.227874999051,True,
3,78,3,fresh-client,1,cross_256_corner,zstd_256,ZSTD,256,20,21,901,301328177,301535592,207416,206,bytes 301328177-301535592/490384277,207416,207416,161.93512499739882,161.97287499744562,209.05345899882377,371.06254199898103,True,
3,78,3,fresh-client,1,cross_256_corner,zstd_256,ZSTD,256,21,20,944,309614499,309824334,209836,206,bytes 309614499-309824334/490384277,209836,209836,176.29725000006147,176.34154099869193,126.63541700021597,303.016124998976,True,
3,78,3,fresh-client,1,cross_256_corner,zstd_256,ZSTD,256,21,21,945,309824343,310033910,209568,206,bytes 309824343-310033910/490384277,209568,209568,169.73658399729175,169.78333400038537,114.1088749973278,283.95137500046985,True,
3,79,5,fresh-client,1,interior,zstd_128,ZSTD,128,40,40,3560,300228058,300282104,54047,206,bytes 300228058-300282104/492119117,54047,54047,149.39137499823119,149.43662499717902,51.00437500004773,200.45679099712288,True,
3,80,4,fresh-client,1,cross_128_corner,zstd_128,ZSTD,128,40,40,3560,300228058,300282104,54047,206,bytes 300228058-300282104/492119117,54047,54047,237.40758300118614,237.53287499857834,69.7587510003359,307.3216250013502,True,
3,80,4,fresh-client,1,cross_128_corner,zstd_128,ZSTD,128,40,41,3561,300282113,300335031,52919,206,bytes 300282113-300335031/492119117,52919,52919,171.91633299808018,171.95708299914259,57.690208002895815,229.68412499903934,True,
3,80,4,fresh-client,1,cross_128_corner,zstd_128,ZSTD,128,41,40,3648,304567089,304621133,54045,206,bytes 304567089-304621133/492119117,54045,54045,179.79449999984354,179.83345800166717,74.29208300163737,254.16237500030547,True,
3,80,4,fresh-client,1,cross_128_corner,zstd_128,ZSTD,128,41,41,3649,304621142,304673679,52538,206,bytes 304621142-304673679/492119117,52538,52538,150.33041599963326,150.3625830009696,91.84100000129547,242.23274999894784,True,
3,81,1,fresh-client,1,cross_256_corner,zstd_128,ZSTD,128,41,41,3649,304621142,304673679,52538,206,bytes 304621142-304673679/492119117,52538,52538,240.6233749970852,240.73479199796566,45.17933399984031,285.9657499975583,True,
3,81,1,fresh-client,1,cross_256_corner,zstd_128,ZSTD,128,41,42,3650,304673688,304726888,53201,206,bytes 304673688-304726888/492119117,53201,53201,156.0242500017921,156.05750000031549,51.47075000058976,207.54254200073774,True,
3,81,1,fresh-client,1,cross_256_corner,zstd_128,ZSTD,128,42,41,3737,308887700,308940134,52435,206,bytes 308887700-308940134/492119117,52435,52435,150.86900000096648,150.90841600249405,58.426084000529954,209.35512500000186,True,
3,81,1,fresh-client,1,cross_256_corner,zstd_128,ZSTD,128,42,42,3738,308940143,308992671,52529,206,bytes 308940143-308992671/492119117,52529,52529,408.27237499979674,408.31766599876573,143.19295899986173,551.5516659979767,True,
3,82,1,fresh-client,1,cross_512_edge,deflate_128,DEFLATE,128,40,43,3563,305208773,305261361,52589,206,bytes 305208773-305261361/499617324,52589,52589,127.88558399915928,127.91187599941622,46.54641700108186,174.46975100028794,True,
3,82,1,fresh-client,1,cross_512_edge,deflate_128,DEFLATE,128,40,44,3564,305261370,305312689,51320,206,bytes 305261370-305312689/499617324,51320,51320,150.56195799843408,150.5976250009553,55.55325000023004,206.17079200019361,True,
3,83,2,fresh-client,1,interior,lzw_256,LZW,256,20,20,900,406553924,406841161,287238,206,bytes 406553924-406841161/661012853,287238,287238,135.36262499837903,135.4060829980881,205.18333399741095,340.6954999991285,True,
3,84,1,fresh-client,1,cross_128_corner,deflate_256,DEFLATE,256,20,20,900,306262458,306479353,216896,206,bytes 306262458-306479353/498427477,216896,216896,150.67645899762283,150.71070900012273,209.83304199762642,360.58533399773296,True,
3,85,2,fresh-client,1,cross_512_corner,zstd_256,ZSTD,256,21,21,945,309824343,310033910,209568,206,bytes 309824343-310033910/490384277,209568,209568,144.54891700006556,144.5843750007043,94.131333000405,238.73775000174646,True,
3,85,2,fresh-client,1,cross_512_corner,zstd_256,ZSTD,256,21,22,946,310033919,310240520,206602,206,bytes 310033919-310240520/490384277,206602,206602,123.57237499963958,123.60237499888171,99.55587500007823,223.19345899813925,True,
3,85,2,fresh-client,1,cross_512_corner,zstd_256,ZSTD,256,22,21,989,318075010,318281956,206947,206,bytes 318075010-318281956/490384277,206947,206947,174.4128330028616,174.44529100248474,95.66733300016494,270.13808300034725,True,
3,85,2,fresh-client,1,cross_512_corner,zstd_256,ZSTD,256,22,22,990,318281965,318490136,208172,206,bytes 318281965-318490136/490384277,208172,208172,140.58975000079954,140.6201250028971,194.81725000150618,335.49075000337325,True,
3,86,4,fresh-client,1,cross_256_edge,lzw_256,LZW,256,20,20,900,406553924,406841161,287238,206,bytes 406553924-406841161/661012853,287238,287238,166.50612500234274,166.54008400291787,147.20566700270865,313.7877920016763,True,
3,86,4,fresh-client,1,cross_256_edge,lzw_256,LZW,256,20,21,901,406841170,407119092,277923,206,bytes 406841170-407119092/661012853,277923,277923,130.5087500004447,130.53737500013085,112.1041670012346,242.6726250014326,True,
3,87,2,fresh-client,1,cross_256_edge,zstd_256,ZSTD,256,20,20,900,301115142,301328168,213027,206,bytes 301115142-301328168/490384277,213027,213027,153.79329200004577,153.8356669989298,102.61724999872968,256.51195899990853,True,
3,87,2,fresh-client,1,cross_256_edge,zstd_256,ZSTD,256,20,21,901,301328177,301535592,207416,206,bytes 301328177-301535592/490384277,207416,207416,250.11533399811015,250.20591700013028,94.22045800238266,344.49129199856543,True,
3,88,3,fresh-client,1,cross_512_edge,deflate_512,DEFLATE,512,10,10,230,310426888,311281522,854635,206,bytes 310426888-311281522/499024403,854635,854635,183.52999999842723,183.5787909985811,209.59754200157477,393.2129579989123,True,
3,88,3,fresh-client,1,cross_512_edge,deflate_512,DEFLATE,512,10,11,231,311281531,312113785,832255,206,bytes 311281531-312113785/499024403,832255,832255,141.509084001882,141.53883399922051,197.11195799754933,338.67866700165905,True,
3,89,2,fresh-client,1,cross_512_edge,deflate_512,DEFLATE,512,10,10,230,310426888,311281522,854635,206,bytes 310426888-311281522/499024403,854635,854635,202.84512499711127,202.88820799760288,257.56283400187385,460.4865000001155,True,
3,89,2,fresh-client,1,cross_512_edge,deflate_512,DEFLATE,512,10,11,231,311281531,312113785,832255,206,bytes 311281531-312113785/499024403,832255,832255,178.38954200124135,178.43012500088662,1270.7332509999105,1449.2549180031347,True,
3,90,1,fresh-client,1,cross_128_corner,lzw_512,LZW,512,10,10,230,411686466,412818824,1132359,206,bytes 411686466-412818824/661107776,1132359,1132359,150.5255420015601,150.5624169985822,713.8970830019389,864.5219169993652,True,
3,91,3,fresh-client,1,cross_256_corner,deflate_256,DEFLATE,256,20,20,900,306262458,306479353,216896,206,bytes 306262458-306479353/498427477,216896,216896,131.19191700025112,131.2217500017141,119.95237600058317,251.20891700134962,True,
3,91,3,fresh-client,1,cross_256_corner,deflate_256,DEFLATE,256,20,21,901,306479362,306690064,210703,206,bytes 306479362-306690064/498427477,210703,210703,359.03350000080536,359.06754200186697,115.43966599856503,474.543292002636,True,
3,91,3,fresh-client,1,cross_256_corner,deflate_256,DEFLATE,256,21,20,944,314896453,315110145,213693,206,bytes 314896453-315110145/498427477,213693,213693,164.23249999934342,164.2748330014001,105.80258399932063,270.19354200092494,True,
3,91,3,fresh-client,1,cross_256_corner,deflate_256,DEFLATE,256,21,21,945,315110154,315323387,213234,206,bytes 315110154-315323387/498427477,213234,213234,154.58679199946346,154.61804199730977,97.12825000315206,251.76699999792618,True,
3,92,2,fresh-client,1,cross_512_edge,deflate_256,DEFLATE,256,20,21,901,306479362,306690064,210703,206,bytes 306479362-306690064/498427477,210703,210703,127.47900000249501,127.5099170015892,193.94520800051396,321.496250002383,True,
3,92,2,fresh-client,1,cross_512_edge,deflate_256,DEFLATE,256,20,22,902,306690073,306897377,207305,206,bytes 306690073-306897377/498427477,207305,207305,145.75408399832668,145.78891699784435,125.09008300185087,270.9047919997829,True,
3,93,5,fresh-client,1,cross_256_edge,zstd_512,ZSTD,512,10,10,230,304767160,305606839,839680,206,bytes 304767160-305606839/490194415,839680,839680,149.92733299732208,149.95995799836237,394.63408299707226,544.6290419968136,True,
3,94,5,fresh-client,1,cross_512_corner,lzw_256,LZW,256,21,21,945,418246405,418529582,283178,206,bytes 418246405-418529582/661012853,283178,283178,206.11633299995447,206.22404200184974,163.08479199869907,369.3478330023936,True,
3,94,5,fresh-client,1,cross_512_corner,lzw_256,LZW,256,21,22,946,418529591,418807664,278074,206,bytes 418529591-418807664/661012853,278074,278074,134.76295900181867,134.79229200311238,148.5422080004355,283.3703340002103,True,
3,94,5,fresh-client,1,cross_512_corner,lzw_256,LZW,256,22,21,989,429313097,429591287,278191,206,bytes 429313097-429591287/661012853,278191,278191,144.63945899842656,144.6786249980505,119.93758300013724,264.6547090007516,True,
3,94,5,fresh-client,1,cross_512_corner,lzw_256,LZW,256,22,22,990,429591296,429871211,279916,206,bytes 429591296-429871211/661012853,279916,279916,137.57541699669673,137.6087919998099,257.90041700020083,395.5668759990658,True,
3,95,4,fresh-client,1,cross_256_corner,zstd_512,ZSTD,512,10,10,230,304767160,305606839,839680,206,bytes 304767160-305606839/490194415,839680,839680,188.72487500266288,188.76716600061627,207.15929200014216,395.94887500061304,True,
3,96,4,fresh-client,1,cross_256_edge,lzw_128,LZW,128,40,41,3561,404163829,404234861,71033,206,bytes 404163829-404234861/661264391,71033,71033,157.61287499844912,157.66199999779928,56.969833000039216,214.66249999866704,True,
3,96,4,fresh-client,1,cross_256_edge,lzw_128,LZW,128,40,42,3562,404234870,404303621,68752,206,bytes 404234870-404303621/661264391,68752,68752,154.2150839995884,154.25150000010035,51.234917002147995,205.49887499873876,True,
3,97,2,fresh-client,1,cross_256_edge,lzw_128,LZW,128,40,41,3561,404163829,404234861,71033,206,bytes 404163829-404234861/661264391,71033,71033,212.5066250009695,212.56745800201315,76.75374999962514,289.3650410005648,True,
3,97,2,fresh-client,1,cross_256_edge,lzw_128,LZW,128,40,42,3562,404234870,404303621,68752,206,bytes 404234870-404303621/661264391,68752,68752,158.7707920007233,158.8047919976816,49.10737500176765,207.92762500059325,True,
3,98,2,fresh-client,1,interior,deflate_128,DEFLATE,128,40,40,3560,305047460,305102560,55101,206,bytes 305047460-305102560/499617324,55101,55101,162.22962500251015,162.26958300103433,64.7954589985602,227.08925000188174,True,
3,99,5,fresh-client,1,interior,lzw_512,LZW,512,10,10,230,411686466,412818824,1132359,206,bytes 411686466-412818824/661107776,1132359,1132359,194.01154200022575,194.05595799980802,796.8460420015617,990.9278750019439,True,
3,100,1,fresh-client,1,cross_512_edge,lzw_128,LZW,128,40,43,3563,404303630,404372483,68854,206,bytes 404303630-404372483/661264391,68854,68854,155.71512499809614,155.76404099920182,121.87891700159525,277.6675829991291,True,
3,100,1,fresh-client,1,cross_512_edge,lzw_128,LZW,128,40,44,3564,404372492,404440436,67945,206,bytes 404372492-404440436/661264391,67945,67945,270.8222500004922,270.92045900280937,53.254624999681255,324.2623750011262,True,
3,101,3,fresh-client,1,cross_256_edge,deflate_512,DEFLATE,512,10,10,230,310426888,311281522,854635,206,bytes 310426888-311281522/499024403,854635,854635,396.2191669997992,396.2524580019817,329.630874999566,725.9144580020802,True,
3,102,1,fresh-client,1,cross_128_edge,lzw_512,LZW,512,10,10,230,411686466,412818824,1132359,206,bytes 411686466-412818824/661107776,1132359,1132359,143.5369159989932,143.57100000052014,355.11529200084624,498.71512499885284,True,
3,103,4,fresh-client,1,cross_512_edge,deflate_512,DEFLATE,512,10,10,230,310426888,311281522,854635,206,bytes 310426888-311281522/499024403,854635,854635,158.70008300043992,158.73383300277055,215.8077910025895,374.57733300107066,True,
3,103,4,fresh-client,1,cross_512_edge,deflate_512,DEFLATE,512,10,11,231,311281531,312113785,832255,206,bytes 311281531-312113785/499024403,832255,832255,155.8082090014068,155.8476669997617,278.6814579994825,434.55508400074905,True,
3,104,3,fresh-client,1,cross_128_corner,deflate_128,DEFLATE,128,40,40,3560,305047460,305102560,55101,206,bytes 305047460-305102560/499617324,55101,55101,219.02058300111094,219.049957999232,46.88387499845703,265.94720800130744,True,
3,104,3,fresh-client,1,cross_128_corner,deflate_128,DEFLATE,128,40,41,3561,305102569,305156400,53832,206,bytes 305102569-305156400/499617324,53832,53832,128.40587500249967,128.44304200189072,51.628041997901164,180.0814590023947,True,
3,104,3,fresh-client,1,cross_128_corner,deflate_128,DEFLATE,128,41,40,3648,309446600,309501607,55008,206,bytes 309446600-309501607/499617324,55008,55008,233.27129099925514,233.3548749993497,241.2689999982831,474.66458300186787,True,
3,104,3,fresh-client,1,cross_128_corner,deflate_128,DEFLATE,128,41,41,3649,309501616,309555017,53402,206,bytes 309501616-309555017/499617324,53402,53402,184.99504200008232,185.04508400292252,49.63141600092058,234.70362500302144,True,
3,105,3,fresh-client,1,cross_128_edge,zstd_512,ZSTD,512,10,10,230,304767160,305606839,839680,206,bytes 304767160-305606839/490194415,839680,839680,184.88770800104248,185.00316700010444,188.33912499758299,373.4209579997696,True,
3,106,1,fresh-client,1,interior,deflate_512,DEFLATE,512,10,10,230,310426888,311281522,854635,206,bytes 310426888-311281522/499024403,854635,854635,276.35750099943834,276.9948759996623,309.2012910019548,586.2432089998038,True,
3,107,2,fresh-client,1,cross_512_corner,zstd_128,ZSTD,128,43,43,3827,313219659,313272608,52950,206,bytes 313219659-313272608/492119117,52950,52950,177.05716700220364,177.10070900284336,75.56174999990617,252.68845900063752,True,
3,107,2,fresh-client,1,cross_512_corner,zstd_128,ZSTD,128,43,44,3828,313272617,313324753,52137,206,bytes 313272617-313324753/492119117,52137,52137,145.1874170015799,145.22104199932073,54.38629199852585,199.62012500036508,True,
3,107,2,fresh-client,1,cross_512_corner,zstd_128,ZSTD,128,44,43,3915,317314658,317366615,51958,206,bytes 317314658-317366615/492119117,51958,51958,155.27737500087824,155.3111249995709,56.06958299904363,211.39362499889103,True,
3,107,2,fresh-client,1,cross_512_corner,zstd_128,ZSTD,128,44,44,3916,317366624,317418939,52316,206,bytes 317366624-317418939/492119117,52316,52316,140.8527090025018,140.88104200345697,49.19483400226454,190.08741700235987,True,
3,108,5,fresh-client,1,interior,zstd_256,ZSTD,256,20,20,900,301115142,301328168,213027,206,bytes 301115142-301328168/490384277,213027,213027,245.50258399904124,245.60666699835565,115.1325419996283,360.8100839992403,True,
3,109,4,fresh-client,1,cross_128_corner,deflate_128,DEFLATE,128,40,40,3560,305047460,305102560,55101,206,bytes 305047460-305102560/499617324,55101,55101,156.51720800087787,156.5522079981747,55.88841699864133,212.46824999980163,True,
3,109,4,fresh-client,1,cross_128_corner,deflate_128,DEFLATE,128,40,41,3561,305102569,305156400,53832,206,bytes 305102569-305156400/499617324,53832,53832,180.0462499995774,180.08770800224738,55.50437499914551,235.6277079998108,True,
3,109,4,fresh-client,1,cross_128_corner,deflate_128,DEFLATE,128,41,40,3648,309446600,309501607,55008,206,bytes 309446600-309501607/499617324,55008,55008,145.26566700078547,145.31808299943805,71.34470800156123,216.68712500104448,True,
3,109,4,fresh-client,1,cross_128_corner,deflate_128,DEFLATE,128,41,41,3649,309501616,309555017,53402,206,bytes 309501616-309555017/499617324,53402,53402,235.84533399844076,236.15191699718707,45.3073749995383,281.49520899751224,True,
3,110,5,fresh-client,1,cross_128_edge,lzw_256,LZW,256,20,20,900,406553924,406841161,287238,206,bytes 406553924-406841161/661012853,287238,287238,469.3192920021829,469.35237599973334,127.34379200264812,596.7115420025948,True,
3,111,2,fresh-client,1,cross_256_corner,lzw_256,LZW,256,20,20,900,406553924,406841161,287238,206,bytes 406553924-406841161/661012853,287238,287238,117.25162500079023,117.28729100286728,133.33712500025285,250.65533300221432,True,
3,111,2,fresh-client,1,cross_256_corner,lzw_256,LZW,256,20,21,901,406841170,407119092,277923,206,bytes 406841170-407119092/661012853,277923,277923,162.35758400216582,162.38712500125985,118.1447080016369,280.68691700173076,True,
3,111,2,fresh-client,1,cross_256_corner,lzw_256,LZW,256,21,20,944,417962328,418246396,284069,206,bytes 417962328-418246396/661012853,284069,284069,145.13258300212328,145.19695800117915,103.03070900044986,248.26445800135843,True,
3,111,2,fresh-client,1,cross_256_corner,lzw_256,LZW,256,21,21,945,418246405,418529582,283178,206,bytes 418246405-418529582/661012853,283178,283178,181.8754580017412,181.94683299952885,134.69541699669207,316.6705830008141,True,
3,112,3,fresh-client,1,cross_128_corner,zstd_128,ZSTD,128,40,40,3560,300228058,300282104,54047,206,bytes 300228058-300282104/492119117,54047,54047,147.5680840012501,147.60845899945707,47.62454099909519,195.25258400244638,True,
3,112,3,fresh-client,1,cross_128_corner,zstd_128,ZSTD,128,40,41,3561,300282113,300335031,52919,206,bytes 300282113-300335031/492119117,52919,52919,159.296624999115,159.3385419982951,95.3977909994137,254.7846249981376,True,
3,112,3,fresh-client,1,cross_128_corner,zstd_128,ZSTD,128,41,40,3648,304567089,304621133,54045,206,bytes 304567089-304621133/492119117,54045,54045,140.87179199850652,140.90749999741092,81.67833299739868,222.60850000020582,True,
3,112,3,fresh-client,1,cross_128_corner,zstd_128,ZSTD,128,41,41,3649,304621142,304673679,52538,206,bytes 304621142-304673679/492119117,52538,52538,126.57366699932027,126.60845799837261,68.58174999797484,195.21099999838043,True,
3,113,5,fresh-client,1,cross_128_corner,lzw_128,LZW,128,40,40,3560,404091050,404163820,72771,206,bytes 404091050-404163820/661264391,72771,72771,195.35841600009007,195.4034580012376,57.014458001503954,252.43979100196157,True,
3,113,5,fresh-client,1,cross_128_corner,lzw_128,LZW,128,40,41,3561,404163829,404234861,71033,206,bytes 404163829-404234861/661264391,71033,71033,225.53466699901037,225.61912499804748,52.242957997805206,277.89620899784495,True,
3,113,5,fresh-client,1,cross_128_corner,lzw_128,LZW,128,41,40,3648,409892800,409965306,72507,206,bytes 409892800-409965306/661264391,72507,72507,166.09895900182892,166.13512500043726,57.931290997657925,224.08412500226405,True,
3,113,5,fresh-client,1,cross_128_corner,lzw_128,LZW,128,41,41,3649,409965315,410035919,70605,206,bytes 409965315-410035919/661264391,70605,70605,187.96945799840614,188.01574999815784,46.1647920019459,234.19724999985192,True,
3,114,2,fresh-client,1,cross_128_edge,deflate_512,DEFLATE,512,10,10,230,310426888,311281522,854635,206,bytes 310426888-311281522/499024403,854635,854635,146.79991599768982,146.82779099894105,774.9556670023594,921.8476669993834,True,
3,115,4,fresh-client,1,cross_128_corner,lzw_128,LZW,128,40,40,3560,404091050,404163820,72771,206,bytes 404091050-404163820/661264391,72771,72771,202.6553760006209,202.77079199877335,49.155499997141305,251.95691699991585,True,
3,115,4,fresh-client,1,cross_128_corner,lzw_128,LZW,128,40,41,3561,404163829,404234861,71033,206,bytes 404163829-404234861/661264391,71033,71033,130.5585410009371,130.59208300182945,54.93575000218698,185.54462500105728,True,
3,115,4,fresh-client,1,cross_128_corner,lzw_128,LZW,128,41,40,3648,409892800,409965306,72507,206,bytes 409892800-409965306/661264391,72507,72507,219.8968339980638,219.9512089973723,48.00154099939391,267.99216699873796,True,
3,115,4,fresh-client,1,cross_128_corner,lzw_128,LZW,128,41,41,3649,409965315,410035919,70605,206,bytes 409965315-410035919/661264391,70605,70605,146.43687499847147,146.46916700075963,297.1227500020177,443.62158399962937,True,
3,116,2,fresh-client,1,cross_256_edge,deflate_128,DEFLATE,128,40,41,3561,305102569,305156400,53832,206,bytes 305102569-305156400/499617324,53832,53832,143.08974999948987,143.1209160000435,58.67145899901516,201.8080829984683,True,
3,116,2,fresh-client,1,cross_256_edge,deflate_128,DEFLATE,128,40,42,3562,305156409,305208764,52356,206,bytes 305156409-305208764/499617324,52356,52356,424.35699999987264,424.400791998778,45.512125001550885,469.94029200141085,True,
3,117,5,fresh-client,1,cross_128_corner,deflate_512,DEFLATE,512,10,10,230,310426888,311281522,854635,206,bytes 310426888-311281522/499024403,854635,854635,140.6080419983482,140.64087500082678,233.55350000201724,374.2346670005645,True,
3,118,4,fresh-client,1,cross_256_corner,lzw_512,LZW,512,10,10,230,411686466,412818824,1132359,206,bytes 411686466-412818824/661107776,1132359,1132359,169.6885419987666,169.73824999877252,556.2287080028909,726.0077509999974,True,
3,119,4,fresh-client,1,cross_256_corner,deflate_512,DEFLATE,512,10,10,230,310426888,311281522,854635,206,bytes 310426888-311281522/499024403,854635,854635,148.00587500212714,148.04970800105366,226.68625000005704,374.76600000081817,True,
3,120,2,fresh-client,1,cross_256_corner,zstd_256,ZSTD,256,20,20,900,301115142,301328168,213027,206,bytes 301115142-301328168/490384277,213027,213027,144.5307079993654,144.56508299917914,133.28166700011934,277.87991700097336,True,
3,120,2,fresh-client,1,cross_256_corner,zstd_256,ZSTD,256,20,21,901,301328177,301535592,207416,206,bytes 301328177-301535592/490384277,207416,207416,263.3640829990327,263.4537909980281,127.36641599985887,390.8609999998589,True,
3,120,2,fresh-client,1,cross_256_corner,zstd_256,ZSTD,256,21,20,944,309614499,309824334,209836,206,bytes 309614499-309824334/490384277,209836,209836,135.80533300046227,135.84016599997994,140.83858400044846,276.8033749998722,True,
3,120,2,fresh-client,1,cross_256_corner,zstd_256,ZSTD,256,21,21,945,309824343,310033910,209568,206,bytes 309824343-310033910/490384277,209568,209568,199.60991700281738,199.71416699991096,94.04770800028928,293.79387500011944,True,
3,121,1,fresh-client,1,cross_256_corner,deflate_256,DEFLATE,256,20,20,900,306262458,306479353,216896,206,bytes 306262458-306479353/498427477,216896,216896,116.62274999980582,116.65641699801199,188.4425829994143,305.13458299901686,True,
3,121,1,fresh-client,1,cross_256_corner,deflate_256,DEFLATE,256,20,21,901,306479362,306690064,210703,206,bytes 306479362-306690064/498427477,210703,210703,182.1664579983917,182.20699999801582,132.01512500017998,314.2338750003546,True,
3,121,1,fresh-client,1,cross_256_corner,deflate_256,DEFLATE,256,21,20,944,314896453,315110145,213693,206,bytes 314896453-315110145/498427477,213693,213693,124.87512499865261,124.90758299827576,94.95095799866249,219.8832920003042,True,
3,121,1,fresh-client,1,cross_256_corner,deflate_256,DEFLATE,256,21,21,945,315110154,315323387,213234,206,bytes 315110154-315323387/498427477,213234,213234,145.02495800115867,145.06087500194553,99.03550099988934,244.11987500207033,True,
3,122,3,fresh-client,1,cross_512_corner,lzw_512,LZW,512,10,10,230,411686466,412818824,1132359,206,bytes 411686466-412818824/661107776,1132359,1132359,141.0244580001745,141.06295800229418,1777.717708999262,1918.8547500016284,True,
3,122,3,fresh-client,1,cross_512_corner,lzw_512,LZW,512,10,11,231,412818833,413920320,1101488,206,bytes 412818833-413920320/661107776,1101488,1101488,137.03262499984703,137.06462499976624,360.3319169997121,497.4437079981726,True,
3,122,3,fresh-client,1,cross_512_corner,lzw_512,LZW,512,11,10,252,434325460,435426146,1100687,206,bytes 434325460-435426146/661107776,1100687,1100687,181.30783299784525,181.36329099797877,856.3035009974556,1037.7238749970275,True,
3,122,3,fresh-client,1,cross_512_corner,lzw_512,LZW,512,11,11,253,435426155,436544622,1118468,206,bytes 435426155-436544622/661107776,1118468,1118468,143.82129200021154,143.85837499867193,352.1509580023121,496.0365839979204,True,
3,123,5,fresh-client,1,cross_512_corner,zstd_128,ZSTD,128,43,43,3827,313219659,313272608,52950,206,bytes 313219659-313272608/492119117,52950,52950,138.31366700105718,138.3365000001504,47.97262499778299,186.31749999985914,True,
3,123,5,fresh-client,1,cross_512_corner,zstd_128,ZSTD,128,43,44,3828,313272617,313324753,52137,206,bytes 313272617-313324753/492119117,52137,52137,119.7673329988902,119.79929099834408,200.8986670007289,320.7402499974705,True,
3,123,5,fresh-client,1,cross_512_corner,zstd_128,ZSTD,128,44,43,3915,317314658,317366615,51958,206,bytes 317314658-317366615/492119117,51958,51958,177.02037499839207,177.06345899932785,49.445374999777414,226.53579199686646,True,
3,123,5,fresh-client,1,cross_512_corner,zstd_128,ZSTD,128,44,44,3916,317366624,317418939,52316,206,bytes 317366624-317418939/492119117,52316,52316,354.1224590007914,354.155584002001,57.377916000405094,411.54754200033494,True,
3,124,4,fresh-client,1,interior,deflate_256,DEFLATE,256,20,20,900,306262458,306479353,216896,206,bytes 306262458-306479353/498427477,216896,216896,142.96220899996115,142.98708400019677,124.69625000085216,267.72300000084215,True,
3,125,1,fresh-client,1,cross_512_corner,deflate_128,DEFLATE,128,43,43,3827,318224016,318278030,54015,206,bytes 318224016-318278030/499617324,54015,54015,194.61091700213728,194.7130830012611,49.40479200013215,244.1514170022856,True,
3,125,1,fresh-client,1,cross_512_corner,deflate_128,DEFLATE,128,43,44,3828,318278039,318331048,53010,206,bytes 318278039-318331048/499617324,53010,53010,161.12000000066473,161.15279199948418,47.348624997539446,208.5134580011072,True,
3,125,1,fresh-client,1,cross_512_corner,deflate_128,DEFLATE,128,44,43,3915,322379939,322432680,52742,206,bytes 322379939-322432680/499617324,52742,52742,169.13545900024474,169.16533400217304,85.74662499813712,254.95616700209212,True,
3,125,1,fresh-client,1,cross_512_corner,deflate_128,DEFLATE,128,44,44,3916,322432689,322485817,53129,206,bytes 322432689-322485817/499617324,53129,53129,155.32441699906485,155.35550099957618,53.98004100061371,209.34862599824555,True,
3,126,1,fresh-client,1,cross_128_edge,zstd_512,ZSTD,512,10,10,230,304767160,305606839,839680,206,bytes 304767160-305606839/490194415,839680,839680,127.51033400127199,127.53816699841991,330.70966599916574,458.3025419997284,True,
3,127,5,fresh-client,1,cross_512_edge,deflate_256,DEFLATE,256,20,21,901,306479362,306690064,210703,206,bytes 306479362-306690064/498427477,210703,210703,165.59766699720058,165.62891699868487,107.2942079990753,272.952916999202,True,
3,127,5,fresh-client,1,cross_512_edge,deflate_256,DEFLATE,256,20,22,902,306690073,306897377,207305,206,bytes 306690073-306897377/498427477,207305,207305,163.33554099765024,163.37058299905038,119.02462500074762,282.42683300049976,True,
3,128,4,fresh-client,1,cross_256_corner,deflate_128,DEFLATE,128,41,41,3649,309501616,309555017,53402,206,bytes 309501616-309555017/499617324,53402,53402,155.93004199763527,155.96220899897162,161.18324999843026,317.18458399700467,True,
3,128,4,fresh-client,1,cross_256_corner,deflate_128,DEFLATE,128,41,42,3650,309555026,309609246,54221,206,bytes 309555026-309609246/499617324,54221,54221,151.58004199838615,151.6124999980093,51.60987500130432,203.23683400056325,True,
3,128,4,fresh-client,1,cross_256_corner,deflate_128,DEFLATE,128,42,41,3737,313827295,313880653,53359,206,bytes 313827295-313880653/499617324,53359,53359,154.50770900133648,154.58579199912492,45.745999999780906,200.3417090018047,True,
3,128,4,fresh-client,1,cross_256_corner,deflate_128,DEFLATE,128,42,42,3738,313880662,313934033,53372,206,bytes 313880662-313934033/499617324,53372,53372,123.52366599952802,123.5467910009902,79.46554199952516,203.03112500187126,True,
3,129,2,fresh-client,1,cross_256_edge,zstd_512,ZSTD,512,10,10,230,304767160,305606839,839680,206,bytes 304767160-305606839/490194415,839680,839680,174.0781260014046,174.12200100079644,372.17087500175694,546.3327510005911,True,
3,130,1,fresh-client,1,cross_128_edge,deflate_256,DEFLATE,256,20,20,900,306262458,306479353,216896,206,bytes 306262458-306479353/498427477,216896,216896,173.99495800054865,174.02749999746447,108.40087500037043,282.4687920001452,True,
3,131,2,fresh-client,1,cross_256_edge,zstd_128,ZSTD,128,40,41,3561,300282113,300335031,52919,206,bytes 300282113-300335031/492119117,52919,52919,254.60645799830672,254.66783299998497,57.05970800045179,311.7413330001,True,
3,131,2,fresh-client,1,cross_256_edge,zstd_128,ZSTD,128,40,42,3562,300335040,300386695,51656,206,bytes 300335040-300386695/492119117,51656,51656,155.92937500332482,156.0060000010708,51.56399999759742,207.5813340015884,True,
3,132,4,fresh-client,1,cross_512_edge,deflate_128,DEFLATE,128,40,43,3563,305208773,305261361,52589,206,bytes 305208773-305261361/499617324,52589,52589,164.2604590015253,164.2880420004076,79.0623749999213,243.37212600221392,True,
3,132,4,fresh-client,1,cross_512_edge,deflate_128,DEFLATE,128,40,44,3564,305261370,305312689,51320,206,bytes 305261370-305312689/499617324,51320,51320,145.04487500016694,145.0795829987328,108.02770900045289,253.13620799715864,True,
3,133,3,fresh-client,1,cross_512_corner,deflate_128,DEFLATE,128,43,43,3827,318224016,318278030,54015,206,bytes 318224016-318278030/499617324,54015,54015,488.39604199747555,488.4219169980497,55.31041600261233,543.7429579978925,True,
3,133,3,fresh-client,1,cross_512_corner,deflate_128,DEFLATE,128,43,44,3828,318278039,318331048,53010,206,bytes 318278039-318331048/499617324,53010,53010,168.23666699929163,168.26979200050118,57.116125000902684,225.41145800278173,True,
3,133,3,fresh-client,1,cross_512_corner,deflate_128,DEFLATE,128,44,43,3915,322379939,322432680,52742,206,bytes 322379939-322432680/499617324,52742,52742,153.1380829983391,153.16808299758122,57.774292003159644,210.95512499960023,True,
3,133,3,fresh-client,1,cross_512_corner,deflate_128,DEFLATE,128,44,44,3916,322432689,322485817,53129,206,bytes 322432689-322485817/499617324,53129,53129,141.84745899910922,141.87862499966286,44.018832999427104,185.91020900203148,True,
3,134,4,fresh-client,1,cross_512_edge,zstd_256,ZSTD,256,20,21,901,301328177,301535592,207416,206,bytes 301328177-301535592/490384277,207416,207416,155.78375000040978,155.81529100018088,102.3093340008927,258.14987500052666,True,
3,134,4,fresh-client,1,cross_512_edge,zstd_256,ZSTD,256,20,22,902,301535601,301739853,204253,206,bytes 301535601-301739853/490384277,204253,204253,134.39645800099242,134.42762499835226,224.39425000266056,358.8583329983521,True,
3,135,3,fresh-client,1,cross_512_corner,zstd_256,ZSTD,256,21,21,945,309824343,310033910,209568,206,bytes 309824343-310033910/490384277,209568,209568,137.0929580007214,137.12370800203644,154.4229169994651,291.5694170005736,True,
3,135,3,fresh-client,1,cross_512_corner,zstd_256,ZSTD,256,21,22,946,310033919,310240520,206602,206,bytes 310033919-310240520/490384277,206602,206602,332.82533300007344,332.94245800061617,733.4045830029936,1066.4050419982232,True,
3,135,3,fresh-client,1,cross_512_corner,zstd_256,ZSTD,256,22,21,989,318075010,318281956,206947,206,bytes 318075010-318281956/490384277,206947,206947,154.03579200210515,154.07500000219443,107.80641699966509,261.9168750024983,True,
3,135,3,fresh-client,1,cross_512_corner,zstd_256,ZSTD,256,22,22,990,318281965,318490136,208172,206,bytes 318281965-318490136/490384277,208172,208172,163.03562499888358,163.06975000043167,99.20604100261698,262.29329199850326,True,
3,136,3,fresh-client,1,cross_256_edge,deflate_256,DEFLATE,256,20,20,900,306262458,306479353,216896,206,bytes 306262458-306479353/498427477,216896,216896,188.07070800176007,188.11900000218884,199.36704100109637,387.5210000005609,True,
3,136,3,fresh-client,1,cross_256_edge,deflate_256,DEFLATE,256,20,21,901,306479362,306690064,210703,206,bytes 306479362-306690064/498427477,210703,210703,139.57633300015004,139.62112499939394,133.76591699852725,273.4337500005495,True,
3,137,1,fresh-client,1,cross_128_edge,lzw_128,LZW,128,40,40,3560,404091050,404163820,72771,206,bytes 404091050-404163820/661264391,72771,72771,209.57358300074702,209.61820799857378,109.69941599978483,319.33283299804316,True,
3,137,1,fresh-client,1,cross_128_edge,lzw_128,LZW,128,40,41,3561,404163829,404234861,71033,206,bytes 404163829-404234861/661264391,71033,71033,197.35979100005352,197.41100000101142,52.43995799901313,249.89608300165855,True,
3,138,1,fresh-client,1,cross_256_edge,deflate_128,DEFLATE,128,40,41,3561,305102569,305156400,53832,206,bytes 305102569-305156400/499617324,53832,53832,174.99737500111223,175.0361670019629,45.896792002167786,220.9492500005581,True,
3,138,1,fresh-client,1,cross_256_edge,deflate_128,DEFLATE,128,40,42,3562,305156409,305208764,52356,206,bytes 305156409-305208764/499617324,52356,52356,257.8191249995143,257.91854199997033,50.94266699961736,308.92141699951026,True,
3,139,5,fresh-client,1,cross_512_corner,zstd_512,ZSTD,512,10,10,230,304767160,305606839,839680,206,bytes 304767160-305606839/490194415,839680,839680,188.97083300180384,189.11875000048894,1202.5982929990278,1391.753375002736,True,
3,139,5,fresh-client,1,cross_512_corner,zstd_512,ZSTD,512,10,11,231,305606848,306426901,820054,206,bytes 305606848-306426901/490194415,820054,820054,187.90199999784818,187.94579200039152,517.2807919989282,705.2905839991581,True,
3,139,5,fresh-client,1,cross_512_corner,zstd_512,ZSTD,512,11,10,252,321640707,322458855,818149,206,bytes 321640707-322458855/490194415,818149,818149,135.69058299981407,135.72370800102362,368.5535840013472,504.33491700096056,True,
3,139,5,fresh-client,1,cross_512_corner,zstd_512,ZSTD,512,11,11,253,322458864,323289120,830257,206,bytes 322458864-323289120/490194415,830257,830257,346.50041699933354,346.5310840001621,681.4620009972714,1028.019666999171,True,
3,140,5,fresh-client,1,cross_256_edge,deflate_512,DEFLATE,512,10,10,230,310426888,311281522,854635,206,bytes 310426888-311281522/499024403,854635,854635,194.02612500198302,194.05837500016787,329.08716699967044,523.1879999992088,True,
3,141,4,fresh-client,1,cross_512_corner,deflate_128,DEFLATE,128,43,43,3827,318224016,318278030,54015,206,bytes 318224016-318278030/499617324,54015,54015,178.65425000127289,178.69104200144648,76.34916599999997,255.06645900168223,True,
3,141,4,fresh-client,1,cross_512_corner,deflate_128,DEFLATE,128,43,44,3828,318278039,318331048,53010,206,bytes 318278039-318331048/499617324,53010,53010,130.88066700220224,130.92020900148782,153.13900000182912,284.08962600224186,True,
3,141,4,fresh-client,1,cross_512_corner,deflate_128,DEFLATE,128,44,43,3915,322379939,322432680,52742,206,bytes 322379939-322432680/499617324,52742,52742,170.30191700177966,170.3352080003242,50.980749998416286,221.3291250009206,True,
3,141,4,fresh-client,1,cross_512_corner,deflate_128,DEFLATE,128,44,44,3916,322432689,322485817,53129,206,bytes 322432689-322485817/499617324,53129,53129,161.9127079975442,161.95799999695737,57.768834001763025,219.74466599931475,True,
3,142,2,fresh-client,1,cross_128_corner,zstd_256,ZSTD,256,20,20,900,301115142,301328168,213027,206,bytes 301115142-301328168/490384277,213027,213027,131.83420799759915,131.87637499868288,95.11116699650302,227.0259580000129,True,
3,143,5,fresh-client,1,interior,lzw_256,LZW,256,20,20,900,406553924,406841161,287238,206,bytes 406553924-406841161/661012853,287238,287238,198.9102500010631,198.95808300134377,285.9179580009368,484.9132500021369,True,
3,144,1,fresh-client,1,cross_512_corner,lzw_256,LZW,256,21,21,945,418246405,418529582,283178,206,bytes 418246405-418529582/661012853,283178,283178,187.4301669995475,187.50112499765237,117.74416700063739,305.2847510007268,True,
3,144,1,fresh-client,1,cross_512_corner,lzw_256,LZW,256,21,22,946,418529591,418807664,278074,206,bytes 418529591-418807664/661012853,278074,278074,173.6205000015616,173.66116600169335,144.15358399855904,317.8491250000661,True,
3,144,1,fresh-client,1,cross_512_corner,lzw_256,LZW,256,22,21,989,429313097,429591287,278191,206,bytes 429313097-429591287/661012853,278191,278191,163.1686250002531,163.20687500046915,200.4804169991985,363.7255829999049,True,
3,144,1,fresh-client,1,cross_512_corner,lzw_256,LZW,256,22,22,990,429591296,429871211,279916,206,bytes 429591296-429871211/661012853,279916,279916,252.40404199939803,252.47995799873024,163.73858400038444,416.24179200152867,True,
3,145,4,fresh-client,1,cross_128_edge,lzw_256,LZW,256,20,20,900,406553924,406841161,287238,206,bytes 406553924-406841161/661012853,287238,287238,206.36708399979398,206.41808400250738,329.1207919974113,535.6167089994415,True,
3,146,5,fresh-client,1,cross_128_corner,lzw_512,LZW,512,10,10,230,411686466,412818824,1132359,206,bytes 411686466-412818824/661107776,1132359,1132359,160.72616699966602,160.7626250006433,275.29458299977705,436.08954199953587,True,
3,147,3,fresh-client,1,cross_128_edge,zstd_256,ZSTD,256,20,20,900,301115142,301328168,213027,206,bytes 301115142-301328168/490384277,213027,213027,153.0770420031331,153.10858400334837,186.09737500082701,339.27541700177244,True,
3,148,5,fresh-client,1,cross_256_corner,zstd_512,ZSTD,512,10,10,230,304767160,305606839,839680,206,bytes 304767160-305606839/490194415,839680,839680,141.06570900185034,141.10070900278515,383.4492500027409,524.5746260006854,True,
3,149,5,fresh-client,1,cross_128_corner,zstd_128,ZSTD,128,40,40,3560,300228058,300282104,54047,206,bytes 300228058-300282104/492119117,54047,54047,174.35616700095125,174.40191700006835,66.79137500032084,241.23137499918812,True,
3,149,5,fresh-client,1,cross_128_corner,zstd_128,ZSTD,128,40,41,3561,300282113,300335031,52919,206,bytes 300282113-300335031/492119117,52919,52919,208.32158400298795,208.367792001809,53.271125001629116,261.68404200143414,True,
3,149,5,fresh-client,1,cross_128_corner,zstd_128,ZSTD,128,41,40,3648,304567089,304621133,54045,206,bytes 304567089-304621133/492119117,54045,54045,141.08020800267695,141.1153330009256,226.44716699869605,367.6086250015942,True,
3,149,5,fresh-client,1,cross_128_corner,zstd_128,ZSTD,128,41,41,3649,304621142,304673679,52538,206,bytes 304621142-304673679/492119117,52538,52538,363.4870009991573,363.5208759988018,57.69900000086636,421.23812600038946,True,
3,150,2,fresh-client,1,cross_256_edge,deflate_512,DEFLATE,512,10,10,230,310426888,311281522,854635,206,bytes 310426888-311281522/499024403,854635,854635,144.15212500171037,144.19166700099595,216.2756249999802,360.49916699994355,True,
3,151,2,fresh-client,1,cross_512_edge,lzw_512,LZW,512,10,10,230,411686466,412818824,1132359,206,bytes 411686466-412818824/661107776,1132359,1132359,240.24108400044497,240.29966699890792,272.62154200070654,512.9727919993456,True,
3,151,2,fresh-client,1,cross_512_edge,lzw_512,LZW,512,10,11,231,412818833,413920320,1101488,206,bytes 412818833-413920320/661107776,1101488,1101488,256.8929160006519,256.97591599964653,312.9799170019396,569.977374998416,True,
3,152,4,fresh-client,1,cross_128_corner,lzw_256,LZW,256,20,20,900,406553924,406841161,287238,206,bytes 406553924-406841161/661012853,287238,287238,222.8071669997007,222.85833400019328,138.17204099905211,361.0589589989104,True,
3,153,2,fresh-client,1,cross_128_corner,deflate_256,DEFLATE,256,20,20,900,306262458,306479353,216896,206,bytes 306262458-306479353/498427477,216896,216896,211.10854200014728,211.17050000248128,123.52737499895738,334.7271250022459,True,
3,154,1,fresh-client,1,cross_256_corner,lzw_128,LZW,128,41,41,3649,409965315,410035919,70605,206,bytes 409965315-410035919/661264391,70605,70605,182.63662499884958,182.67766699864296,65.29962499917019,248.00854199929745,True,
3,154,1,fresh-client,1,cross_256_corner,lzw_128,LZW,128,41,42,3650,410035928,410107613,71686,206,bytes 410035928-410107613/661264391,71686,71686,292.8637919976609,292.9865839978447,88.04324999800883,381.07091699930606,True,
3,154,1,fresh-client,1,cross_256_corner,lzw_128,LZW,128,42,41,3737,415676272,415746842,70571,206,bytes 415676272-415746842/661264391,70571,70571,180.20270899796742,180.2466250010184,84.36083299966413,264.68291700075497,True,
3,154,1,fresh-client,1,cross_256_corner,lzw_128,LZW,128,42,42,3738,415746851,415817546,70696,206,bytes 415746851-415817546/661264391,70696,70696,168.3930409999448,168.4263329989335,75.76229099868215,244.23625000054017,True,
3,155,5,fresh-client,1,cross_256_edge,lzw_128,LZW,128,40,41,3561,404163829,404234861,71033,206,bytes 404163829-404234861/661264391,71033,71033,125.67229200067231,125.70333400071831,57.18745800186298,182.90212499778136,True,
3,155,5,fresh-client,1,cross_256_edge,lzw_128,LZW,128,40,42,3562,404234870,404303621,68752,206,bytes 404234870-404303621/661264391,68752,68752,212.61795800091932,212.65791600308148,60.17541600158438,272.8595830012637,True,
3,156,3,fresh-client,1,cross_128_corner,deflate_256,DEFLATE,256,20,20,900,306262458,306479353,216896,206,bytes 306262458-306479353/498427477,216896,216896,181.44904200016754,181.48850000216044,116.0608329992101,297.576625001966,True,
3,157,4,fresh-client,1,cross_512_corner,deflate_512,DEFLATE,512,10,10,230,310426888,311281522,854635,206,bytes 310426888-311281522/499024403,854635,854635,166.65420800200081,166.69287500189967,368.3335829991847,535.0860830003512,True,
3,157,4,fresh-client,1,cross_512_corner,deflate_512,DEFLATE,512,10,11,231,311281531,312113785,832255,206,bytes 311281531-312113785/499024403,832255,832255,221.82025000074646,221.87366700018174,226.16995799762663,448.089000001346,True,
3,157,4,fresh-client,1,cross_512_corner,deflate_512,DEFLATE,512,11,10,252,327623520,328452071,828552,206,bytes 327623520-328452071/499024403,828552,828552,134.09720799973002,134.1261250017851,219.3477079999866,353.49562500050524,True,
3,157,4,fresh-client,1,cross_512_corner,deflate_512,DEFLATE,512,11,11,253,328452080,329294883,842804,206,bytes 328452080-329294883/499024403,842804,842804,164.84629199840128,164.8800000002666,287.7627920024679,452.67437499933294,True,
3,158,3,fresh-client,1,cross_512_corner,deflate_256,DEFLATE,256,21,21,945,315110154,315323387,213234,206,bytes 315110154-315323387/498427477,213234,213234,153.2158750014787,153.2520000000659,214.43770900077652,367.71712500194553,True,
3,158,3,fresh-client,1,cross_512_corner,deflate_256,DEFLATE,256,21,22,946,315323396,315533302,209907,206,bytes 315323396-315533302/498427477,209907,209907,127.41470800028765,127.44512499921257,130.72783399911714,258.1998330024362,True,
3,158,3,fresh-client,1,cross_512_corner,deflate_256,DEFLATE,256,22,21,989,323490842,323701123,210282,206,bytes 323490842-323701123/498427477,210282,210282,433.70920899906196,433.7590420000197,132.67733300017426,566.4943749980011,True,
3,158,3,fresh-client,1,cross_512_corner,deflate_256,DEFLATE,256,22,22,990,323701132,323912576,211445,206,bytes 323701132-323912576/498427477,211445,211445,217.94558300098288,218.0083330022171,107.37966599845095,325.4383749990666,True,
3,159,4,fresh-client,1,cross_256_corner,zstd_256,ZSTD,256,20,20,900,301115142,301328168,213027,206,bytes 301115142-301328168/490384277,213027,213027,183.8971670003957,183.93620799906785,144.19374999852153,328.1804580001335,True,
3,159,4,fresh-client,1,cross_256_corner,zstd_256,ZSTD,256,20,21,901,301328177,301535592,207416,206,bytes 301328177-301535592/490384277,207416,207416,233.24829100238276,233.32708300222293,97.15808400142123,330.53554100115434,True,
3,159,4,fresh-client,1,cross_256_corner,zstd_256,ZSTD,256,21,20,944,309614499,309824334,209836,206,bytes 309614499-309824334/490384277,209836,209836,170.3083329994115,170.3421249985695,109.99891599931289,280.3767910008901,True,
3,159,4,fresh-client,1,cross_256_corner,zstd_256,ZSTD,256,21,21,945,309824343,310033910,209568,206,bytes 309824343-310033910/490384277,209568,209568,165.63037500236533,165.66591700029676,118.70149999958812,284.4092500017723,True,
3,160,1,fresh-client,1,cross_128_corner,lzw_256,LZW,256,20,20,900,406553924,406841161,287238,206,bytes 406553924-406841161/661012853,287238,287238,155.72045799854095,155.75670799807995,225.77608400024474,381.56650000019,True,
3,161,4,fresh-client,1,cross_128_corner,zstd_256,ZSTD,256,20,20,900,301115142,301328168,213027,206,bytes 301115142-301328168/490384277,213027,213027,174.54408399862587,174.57712499890476,168.65749999851687,343.2743749981455,True,
3,162,3,fresh-client,1,cross_512_edge,deflate_256,DEFLATE,256,20,21,901,306479362,306690064,210703,206,bytes 306479362-306690064/498427477,210703,210703,152.9308339995623,152.9694169985305,144.82929199948558,297.84795899831806,True,
3,162,3,fresh-client,1,cross_512_edge,deflate_256,DEFLATE,256,20,22,902,306690073,306897377,207305,206,bytes 306690073-306897377/498427477,207305,207305,144.06537499962724,144.0952919983829,267.64304199969047,411.76783300034003,True,
3,163,1,fresh-client,1,cross_128_corner,zstd_128,ZSTD,128,40,40,3560,300228058,300282104,54047,206,bytes 300228058-300282104/492119117,54047,54047,174.37020800207392,174.41270800190978,49.99091699937708,224.42758300167043,True,
3,163,1,fresh-client,1,cross_128_corner,zstd_128,ZSTD,128,40,41,3561,300282113,300335031,52919,206,bytes 300282113-300335031/492119117,52919,52919,168.69362500074203,168.7344169986318,54.637207998894155,223.38679200038314,True,
3,163,1,fresh-client,1,cross_128_corner,zstd_128,ZSTD,128,41,40,3648,304567089,304621133,54045,206,bytes 304567089-304621133/492119117,54045,54045,149.67487499961862,149.70891699704225,54.8239170020679,204.54666699879454,True,
3,163,1,fresh-client,1,cross_128_corner,zstd_128,ZSTD,128,41,41,3649,304621142,304673679,52538,206,bytes 304621142-304673679/492119117,52538,52538,151.16391600167844,151.19908300039242,50.83058400123264,202.04500000181724,True,
3,164,2,fresh-client,1,cross_128_edge,lzw_128,LZW,128,40,40,3560,404091050,404163820,72771,206,bytes 404091050-404163820/661264391,72771,72771,273.6494170021615,273.7257500011765,65.62220799969509,339.3756250006845,True,
3,164,2,fresh-client,1,cross_128_edge,lzw_128,LZW,128,40,41,3561,404163829,404234861,71033,206,bytes 404163829-404234861/661264391,71033,71033,175.04175000067335,175.09029199936776,55.73295800058986,230.85120800169534,True,
3,165,4,fresh-client,1,cross_512_edge,zstd_128,ZSTD,128,40,43,3563,300386704,300438476,51773,206,bytes 300386704-300438476/492119117,51773,51773,181.1730829977023,181.21387499923003,47.8743330022553,229.1042920005566,True,
3,165,4,fresh-client,1,cross_512_edge,zstd_128,ZSTD,128,40,44,3564,300438485,300489278,50794,206,bytes 300438485-300489278/492119117,50794,50794,134.85149999905843,134.89758299692767,51.45358300069347,186.36720799986506,True,
3,166,3,fresh-client,1,cross_128_corner,deflate_512,DEFLATE,512,10,10,230,310426888,311281522,854635,206,bytes 310426888-311281522/499024403,854635,854635,197.78199999927892,197.8257080008916,226.7870830000902,424.6928329994262,True,
3,167,5,fresh-client,1,cross_256_edge,zstd_128,ZSTD,128,40,41,3561,300282113,300335031,52919,206,bytes 300282113-300335031/492119117,52919,52919,432.2560840009828,432.3093750026601,202.20537499699276,634.5690840025782,True,
3,167,5,fresh-client,1,cross_256_edge,zstd_128,ZSTD,128,40,42,3562,300335040,300386695,51656,206,bytes 300335040-300386695/492119117,51656,51656,240.2494169982674,240.30237599799875,49.52433300059056,289.8488760001783,True,
3,168,3,fresh-client,1,cross_256_edge,lzw_512,LZW,512,10,10,230,411686466,412818824,1132359,206,bytes 411686466-412818824/661107776,1132359,1132359,169.26829099975294,169.29762500149081,253.78808399909758,423.1090409994067,True,
3,169,5,fresh-client,1,cross_512_edge,deflate_512,DEFLATE,512,10,10,230,310426888,311281522,854635,206,bytes 310426888-311281522/499024403,854635,854635,140.431042000273,140.49933400019654,229.65729100178578,370.21800100046676,True,
3,169,5,fresh-client,1,cross_512_edge,deflate_512,DEFLATE,512,10,11,231,311281531,312113785,832255,206,bytes 311281531-312113785/499024403,832255,832255,195.1139160009916,195.15654100177926,203.7468339985935,398.97616600137553,True,
3,170,2,fresh-client,1,cross_512_edge,zstd_128,ZSTD,128,40,43,3563,300386704,300438476,51773,206,bytes 300386704-300438476/492119117,51773,51773,147.79545900091762,147.82395899965195,48.88566600129707,196.72395900124684,True,
3,170,2,fresh-client,1,cross_512_edge,zstd_128,ZSTD,128,40,44,3564,300438485,300489278,50794,206,bytes 300438485-300489278/492119117,50794,50794,166.05216700190795,166.0987089999253,53.51487500229268,219.63729200069793,True,
3,171,1,fresh-client,1,cross_512_corner,lzw_128,LZW,128,43,43,3827,421475357,421546899,71543,206,bytes 421475357-421546899/661264391,71543,71543,140.78591599900392,140.8244999984163,52.32112500016228,193.1634579996171,True,
3,171,1,fresh-client,1,cross_512_corner,lzw_128,LZW,128,43,44,3828,421546908,421617252,70345,206,bytes 421546908-421617252/661264391,70345,70345,265.5980419986008,265.7026249980845,50.163542000518646,315.9131669999624,True,
3,171,1,fresh-client,1,cross_512_corner,lzw_128,LZW,128,44,43,3915,426954274,427023840,69567,206,bytes 426954274-427023840/661264391,69567,69567,206.051416000264,206.09441600026912,105.161000003136,311.30258300254354,True,
3,171,1,fresh-client,1,cross_512_corner,lzw_128,LZW,128,44,44,3916,427023849,427094094,70246,206,bytes 427023849-427094094/661264391,70246,70246,172.3616250019404,172.40387499987264,67.22770900159958,239.65825000050245,True,
3,172,4,fresh-client,1,cross_512_corner,lzw_256,LZW,256,21,21,945,418246405,418529582,283178,206,bytes 418246405-418529582/661012853,283178,283178,148.24750000116182,148.28041700093308,219.17975000178558,367.493875000946,True,
3,172,4,fresh-client,1,cross_512_corner,lzw_256,LZW,256,21,22,946,418529591,418807664,278074,206,bytes 418529591-418807664/661012853,278074,278074,154.04791699984344,154.0809590005665,133.8837919975049,288.01854199991794,True,
3,172,4,fresh-client,1,cross_512_corner,lzw_256,LZW,256,22,21,989,429313097,429591287,278191,206,bytes 429313097-429591287/661012853,278191,278191,154.8064169983263,154.8452079987328,111.65433299902361,266.53362499928335,True,
3,172,4,fresh-client,1,cross_512_corner,lzw_256,LZW,256,22,22,990,429591296,429871211,279916,206,bytes 429591296-429871211/661012853,279916,279916,185.7231670001056,185.76145899714902,120.67745800231933,306.50558399793226,True,
3,173,4,fresh-client,1,cross_128_corner,lzw_512,LZW,512,10,10,230,411686466,412818824,1132359,206,bytes 411686466-412818824/661107776,1132359,1132359,255.87083400023403,256.00883399965824,1070.882250998693,1326.9525840005372,True,
3,174,4,fresh-client,1,cross_512_corner,lzw_512,LZW,512,10,10,230,411686466,412818824,1132359,206,bytes 411686466-412818824/661107776,1132359,1132359,171.1758750025183,171.21054100061883,254.9129590006487,426.1609999994107,True,
3,174,4,fresh-client,1,cross_512_corner,lzw_512,LZW,512,10,11,231,412818833,413920320,1101488,206,bytes 412818833-413920320/661107776,1101488,1101488,162.12724999786587,162.16233299928717,364.74475000068196,526.9321249979839,True,
3,174,4,fresh-client,1,cross_512_corner,lzw_512,LZW,512,11,10,252,434325460,435426146,1100687,206,bytes 434325460-435426146/661107776,1100687,1100687,141.9427499968151,141.9763329977286,275.1779579994036,417.181624998193,True,
3,174,4,fresh-client,1,cross_512_corner,lzw_512,LZW,512,11,11,253,435426155,436544622,1118468,206,bytes 435426155-436544622/661107776,1118468,1118468,356.8371670007764,356.86941699896124,319.7472920001019,676.6687919989636,True,
3,175,4,fresh-client,1,cross_128_edge,zstd_512,ZSTD,512,10,10,230,304767160,305606839,839680,206,bytes 304767160-305606839/490194415,839680,839680,161.9386249985837,161.97549999924377,219.3663750003907,381.3888330005284,True,
3,176,3,fresh-client,1,cross_128_corner,lzw_128,LZW,128,40,40,3560,404091050,404163820,72771,206,bytes 404091050-404163820/661264391,72771,72771,156.85875000053784,156.89254199969582,64.59395899946685,221.50254200096242,True,
3,176,3,fresh-client,1,cross_128_corner,lzw_128,LZW,128,40,41,3561,404163829,404234861,71033,206,bytes 404163829-404234861/661264391,71033,71033,133.36612499915645,133.4339999993972,50.30458300097962,183.752832999744,True,
3,176,3,fresh-client,1,cross_128_corner,lzw_128,LZW,128,41,40,3648,409892800,409965306,72507,206,bytes 409892800-409965306/661264391,72507,72507,226.51337500064983,226.57454200088978,48.30099999890081,274.9093750026077,True,
3,176,3,fresh-client,1,cross_128_corner,lzw_128,LZW,128,41,41,3649,409965315,410035919,70605,206,bytes 409965315-410035919/661264391,70605,70605,136.16783399993437,136.19708399710362,56.776958001137245,192.98620900008245,True,
3,177,4,fresh-client,1,cross_256_edge,zstd_512,ZSTD,512,10,10,230,304767160,305606839,839680,206,bytes 304767160-305606839/490194415,839680,839680,144.29295800073305,144.33145800285274,183.23987500116345,327.6021250021586,True,
3,178,4,fresh-client,1,interior,zstd_128,ZSTD,128,40,40,3560,300228058,300282104,54047,206,bytes 300228058-300282104/492119117,54047,54047,162.53154199876008,162.5642090002657,50.522666999313515,213.09829199890373,True,
3,179,5,fresh-client,1,cross_128_corner,zstd_512,ZSTD,512,10,10,230,304767160,305606839,839680,206,bytes 304767160-305606839/490194415,839680,839680,125.83979199916939,125.8700839971425,257.83433300239267,383.7502919996041,True,
3,180,3,fresh-client,1,interior,lzw_128,LZW,128,40,40,3560,404091050,404163820,72771,206,bytes 404091050-404163820/661264391,72771,72771,143.29237499987357,143.32091699907323,50.462625000363914,193.79516700064414,True,
3,181,2,fresh-client,1,cross_512_edge,zstd_512,ZSTD,512,10,10,230,304767160,305606839,839680,206,bytes 304767160-305606839/490194415,839680,839680,123.37041700084228,123.39920799786341,241.45612500069547,364.90374999993946,True,
3,181,2,fresh-client,1,cross_512_edge,zstd_512,ZSTD,512,10,11,231,305606848,306426901,820054,206,bytes 305606848-306426901/490194415,820054,820054,156.8991249987448,156.9327079996583,317.1360839987756,474.09758399953716,True,
3,182,5,fresh-client,1,cross_512_edge,lzw_512,LZW,512,10,10,230,411686466,412818824,1132359,206,bytes 411686466-412818824/661107776,1132359,1132359,147.6726660002896,147.7076249975653,336.63966699896264,484.3910829986271,True,
3,182,5,fresh-client,1,cross_512_edge,lzw_512,LZW,512,10,11,231,412818833,413920320,1101488,206,bytes 412818833-413920320/661107776,1101488,1101488,132.0322079991456,132.0665419989382,324.1215000016382,456.2397920017247,True,
3,183,2,fresh-client,1,cross_512_corner,lzw_256,LZW,256,21,21,945,418246405,418529582,283178,206,bytes 418246405-418529582/661012853,283178,283178,161.13675000087824,161.16941600193968,171.40350000045146,332.62495800227043,True,
3,183,2,fresh-client,1,cross_512_corner,lzw_256,LZW,256,21,22,946,418529591,418807664,278074,206,bytes 418529591-418807664/661012853,278074,278074,141.1466659992584,141.1910410024575,137.1522500012361,278.5724580025999,True,
3,183,2,fresh-client,1,cross_512_corner,lzw_256,LZW,256,22,21,989,429313097,429591287,278191,206,bytes 429313097-429591287/661012853,278191,278191,148.85933299956378,148.8898749994405,130.72337500125286,279.69054200002574,True,
3,183,2,fresh-client,1,cross_512_corner,lzw_256,LZW,256,22,22,990,429591296,429871211,279916,206,bytes 429591296-429871211/661012853,279916,279916,183.2803760007664,183.3252510004968,126.49837500066496,309.86679199850187,True,
3,184,1,fresh-client,1,interior,zstd_128,ZSTD,128,40,40,3560,300228058,300282104,54047,206,bytes 300228058-300282104/492119117,54047,54047,144.42137500009267,144.463958000415,57.64704199827975,202.13033300024108,True,
3,185,5,fresh-client,1,cross_128_corner,deflate_256,DEFLATE,256,20,20,900,306262458,306479353,216896,206,bytes 306262458-306479353/498427477,216896,216896,373.95425000067917,373.9886250004929,103.45970900016255,477.46804199778126,True,
3,186,2,fresh-client,1,cross_128_edge,zstd_512,ZSTD,512,10,10,230,304767160,305606839,839680,206,bytes 304767160-305606839/490194415,839680,839680,215.68795799976215,215.7171250000829,210.18454200020642,425.9304160004831,True,
3,187,2,fresh-client,1,cross_128_corner,lzw_128,LZW,128,40,40,3560,404091050,404163820,72771,206,bytes 404091050-404163820/661264391,72771,72771,275.7565419997263,275.8849170022586,48.4302500008198,324.376458000188,True,
3,187,2,fresh-client,1,cross_128_corner,lzw_128,LZW,128,40,41,3561,404163829,404234861,71033,206,bytes 404163829-404234861/661264391,71033,71033,153.7886250007432,153.8330000003043,71.07779200305231,224.93891699923552,True,
3,187,2,fresh-client,1,cross_128_corner,lzw_128,LZW,128,41,40,3648,409892800,409965306,72507,206,bytes 409892800-409965306/661264391,72507,72507,133.08854199931375,133.1109579987242,143.92500100075267,277.0526249987597,True,
3,187,2,fresh-client,1,cross_128_corner,lzw_128,LZW,128,41,41,3649,409965315,410035919,70605,206,bytes 409965315-410035919/661264391,70605,70605,129.78766599917435,129.83387500207755,64.22195800041663,194.0725829990697,True,
3,188,4,fresh-client,1,cross_256_corner,zstd_128,ZSTD,128,41,41,3649,304621142,304673679,52538,206,bytes 304621142-304673679/492119117,52538,52538,136.80516699969303,136.837750000268,84.6968330006348,221.5688329997647,True,
3,188,4,fresh-client,1,cross_256_corner,zstd_128,ZSTD,128,41,42,3650,304673688,304726888,53201,206,bytes 304673688-304726888/492119117,53201,53201,217.3137499994482,217.47270899868454,66.28387499949895,283.7707920007233,True,
3,188,4,fresh-client,1,cross_256_corner,zstd_128,ZSTD,128,42,41,3737,308887700,308940134,52435,206,bytes 308887700-308940134/492119117,52435,52435,133.2676249985525,133.31520799692953,67.8064589992573,201.13404099902255,True,
3,188,4,fresh-client,1,cross_256_corner,zstd_128,ZSTD,128,42,42,3738,308940143,308992671,52529,206,bytes 308940143-308992671/492119117,52529,52529,181.38037500102655,181.42645800253376,56.34933300098055,237.80987500140327,True,
3,189,5,fresh-client,1,cross_256_edge,lzw_256,LZW,256,20,20,900,406553924,406841161,287238,206,bytes 406553924-406841161/661012853,287238,287238,181.15058300099918,181.2319579985342,158.8925840005686,340.1970419981808,True,
3,189,5,fresh-client,1,cross_256_edge,lzw_256,LZW,256,20,21,901,406841170,407119092,277923,206,bytes 406841170-407119092/661012853,277923,277923,405.77329200095846,405.84025000134716,240.84679199950187,646.7501250008354,True,
3,190,4,fresh-client,1,interior,lzw_256,LZW,256,20,20,900,406553924,406841161,287238,206,bytes 406553924-406841161/661012853,287238,287238,167.3878750007134,167.4124170021969,181.64004199934425,349.34666700064554,True,
3,191,2,fresh-client,1,cross_256_corner,deflate_256,DEFLATE,256,20,20,900,306262458,306479353,216896,206,bytes 306262458-306479353/498427477,216896,216896,179.84029199942597,179.88679200061597,106.83187599715893,286.77383399917744,True,
3,191,2,fresh-client,1,cross_256_corner,deflate_256,DEFLATE,256,20,21,901,306479362,306690064,210703,206,bytes 306479362-306690064/498427477,210703,210703,154.65320899966173,154.68416699877707,184.76866700075334,339.4992089997686,True,
3,191,2,fresh-client,1,cross_256_corner,deflate_256,DEFLATE,256,21,20,944,314896453,315110145,213693,206,bytes 314896453-315110145/498427477,213693,213693,137.58129100096994,137.61245799832977,142.51216599950567,280.16954099803115,True,
3,191,2,fresh-client,1,cross_256_corner,deflate_256,DEFLATE,256,21,21,945,315110154,315323387,213234,206,bytes 315110154-315323387/498427477,213234,213234,144.9407500003872,144.96820899876184,110.87612499977695,255.8675839973148,True,
3,192,1,fresh-client,1,cross_128_edge,zstd_256,ZSTD,256,20,20,900,301115142,301328168,213027,206,bytes 301115142-301328168/490384277,213027,213027,123.76495799981058,123.79616600082954,86.81424999667797,210.62429099765723,True,
3,193,4,fresh-client,1,cross_256_edge,zstd_128,ZSTD,128,40,41,3561,300282113,300335031,52919,206,bytes 300282113-300335031/492119117,52919,52919,116.98941600116086,117.025833002117,54.27929099823814,171.33620800086646,True,
3,193,4,fresh-client,1,cross_256_edge,zstd_128,ZSTD,128,40,42,3562,300335040,300386695,51656,206,bytes 300335040-300386695/492119117,51656,51656,456.3135839998722,456.357625000237,47.05366700000013,503.4295840014238,True,
3,194,1,fresh-client,1,cross_128_corner,zstd_256,ZSTD,256,20,20,900,301115142,301328168,213027,206,bytes 301115142-301328168/490384277,213027,213027,127.07450000016252,127.17858299947693,140.60408400109736,267.80662500095787,True,
3,195,5,fresh-client,1,cross_128_edge,deflate_512,DEFLATE,512,10,10,230,310426888,311281522,854635,206,bytes 310426888-311281522/499024403,854635,854635,133.88954200127046,133.93466699926648,298.126334000699,432.08879200028605,True,
3,196,1,fresh-client,1,cross_256_edge,lzw_256,LZW,256,20,20,900,406553924,406841161,287238,206,bytes 406553924-406841161/661012853,287238,287238,120.58245800290024,120.60691600345308,162.59170799821732,283.2214580012078,True,
3,196,1,fresh-client,1,cross_256_edge,lzw_256,LZW,256,20,21,901,406841170,407119092,277923,206,bytes 406841170-407119092/661012853,277923,277923,172.33679099808796,172.37658299927716,131.4567499975965,303.8633750002191,True,
3,197,5,fresh-client,1,cross_128_edge,deflate_256,DEFLATE,256,20,20,900,306262458,306479353,216896,206,bytes 306262458-306479353/498427477,216896,216896,163.38166599962278,163.41545799878077,159.58954199959408,323.03762499941513,True,
3,198,1,fresh-client,1,cross_512_edge,lzw_512,LZW,512,10,10,230,411686466,412818824,1132359,206,bytes 411686466-412818824/661107776,1132359,1132359,151.90912500111153,151.94370899916976,234.95966699920245,386.9366250000894,True,
3,198,1,fresh-client,1,cross_512_edge,lzw_512,LZW,512,10,11,231,412818833,413920320,1101488,206,bytes 412818833-413920320/661107776,1101488,1101488,164.82129200085183,164.8548330013,238.17174999931012,403.0574999997043,True,
3,199,1,fresh-client,1,cross_512_edge,lzw_256,LZW,256,20,21,901,406841170,407119092,277923,206,bytes 406841170-407119092/661012853,277923,277923,142.79445799911628,142.82858300066437,268.1373330015049,411.01941599845304,True,
3,199,1,fresh-client,1,cross_512_edge,lzw_256,LZW,256,20,22,902,407119101,407393560,274460,206,bytes 407119101-407393560/661012853,274460,274460,141.24733399876277,141.2740420018963,114.66550100158202,256.0355839996191,True,
3,200,5,fresh-client,1,cross_256_corner,deflate_256,DEFLATE,256,20,20,900,306262458,306479353,216896,206,bytes 306262458-306479353/498427477,216896,216896,122.05816600180697,122.08825000197976,139.56162499744096,261.6856660024496,True,
3,200,5,fresh-client,1,cross_256_corner,deflate_256,DEFLATE,256,20,21,901,306479362,306690064,210703,206,bytes 306479362-306690064/498427477,210703,210703,140.82274999964284,140.8532079985889,114.81166600060533,255.68624999868916,True,
3,200,5,fresh-client,1,cross_256_corner,deflate_256,DEFLATE,256,21,20,944,314896453,315110145,213693,206,bytes 314896453-315110145/498427477,213693,213693,225.78845799944247,225.85541700027534,128.5554999994929,354.4275419990299,True,
3,200,5,fresh-client,1,cross_256_corner,deflate_256,DEFLATE,256,21,21,945,315110154,315323387,213234,206,bytes 315110154-315323387/498427477,213234,213234,143.23379100096645,143.2665829997859,94.81466699799057,238.10691600010614,True,
3,201,2,fresh-client,1,interior,deflate_512,DEFLATE,512,10,10,230,310426888,311281522,854635,206,bytes 310426888-311281522/499024403,854635,854635,439.5426259980013,439.61604200012516,344.5500420020835,784.2450419993838,True,
3,202,1,fresh-client,1,interior,deflate_128,DEFLATE,128,40,40,3560,305047460,305102560,55101,206,bytes 305047460-305102560/499617324,55101,55101,155.425249999098,155.46700000049896,49.73204199995962,205.2126259986835,True,
3,203,3,fresh-client,1,cross_256_corner,zstd_128,ZSTD,128,41,41,3649,304621142,304673679,52538,206,bytes 304621142-304673679/492119117,52538,52538,169.71129200101132,169.74554199987324,61.38087500221445,231.14437500044005,True,
3,203,3,fresh-client,1,cross_256_corner,zstd_128,ZSTD,128,41,42,3650,304673688,304726888,53201,206,bytes 304673688-304726888/492119117,53201,53201,173.9646249989164,174.01108400008525,56.98304099860252,231.02516699873377,True,
3,203,3,fresh-client,1,cross_256_corner,zstd_128,ZSTD,128,42,41,3737,308887700,308940134,52435,206,bytes 308887700-308940134/492119117,52435,52435,141.09041700066882,141.12445900173043,132.0726250014559,273.2676670020737,True,
3,203,3,fresh-client,1,cross_256_corner,zstd_128,ZSTD,128,42,42,3738,308940143,308992671,52529,206,bytes 308940143-308992671/492119117,52529,52529,380.5654580028204,380.59829200210515,51.714458000788,432.32704200272565,True,
3,204,1,fresh-client,1,interior,lzw_128,LZW,128,40,40,3560,404091050,404163820,72771,206,bytes 404091050-404163820/661264391,72771,72771,223.31991700048093,223.39358300087042,384.4474170000467,607.8784999990603,True,
3,205,4,fresh-client,1,cross_256_edge,deflate_256,DEFLATE,256,20,20,900,306262458,306479353,216896,206,bytes 306262458-306479353/498427477,216896,216896,187.007624997932,187.05758400028571,115.5440840011579,302.645042000222,True,
3,205,4,fresh-client,1,cross_256_edge,deflate_256,DEFLATE,256,20,21,901,306479362,306690064,210703,206,bytes 306479362-306690064/498427477,210703,210703,132.76233400029014,132.79162500111852,143.90920900041237,276.74116699927254,True,
3,206,1,fresh-client,1,cross_128_edge,deflate_512,DEFLATE,512,10,10,230,310426888,311281522,854635,206,bytes 310426888-311281522/499024403,854635,854635,139.38079199942877,139.41074999820557,190.19445800222456,329.63858299990534,True,
3,207,4,fresh-client,1,cross_128_edge,zstd_256,ZSTD,256,20,20,900,301115142,301328168,213027,206,bytes 301115142-301328168/490384277,213027,213027,189.26995899892063,189.31475000135833,97.21966700089979,286.54533400185755,True,
3,208,5,fresh-client,1,cross_256_edge,deflate_256,DEFLATE,256,20,20,900,306262458,306479353,216896,206,bytes 306262458-306479353/498427477,216896,216896,135.8494999985851,135.89079099983792,99.96745800162898,235.8789159989101,True,
3,208,5,fresh-client,1,cross_256_edge,deflate_256,DEFLATE,256,20,21,901,306479362,306690064,210703,206,bytes 306479362-306690064/498427477,210703,210703,156.60425000169198,156.6352090012515,110.71483400155557,267.39000100133126,True,
3,209,1,fresh-client,1,cross_512_edge,zstd_256,ZSTD,256,20,21,901,301328177,301535592,207416,206,bytes 301328177-301535592/490384277,207416,207416,138.00149999951827,138.03275000100257,85.82654200290563,223.87950000120327,True,
3,209,1,fresh-client,1,cross_512_edge,zstd_256,ZSTD,256,20,22,902,301535601,301739853,204253,206,bytes 301535601-301739853/490384277,204253,204253,238.0600000033155,238.11045800175634,102.71120800098288,340.8488750028482,True,
3,210,4,fresh-client,1,cross_128_edge,lzw_512,LZW,512,10,10,230,411686466,412818824,1132359,206,bytes 411686466-412818824/661107776,1132359,1132359,138.34654200036312,138.379874999373,505.7459999989078,644.1702500014799,True,
3,211,5,fresh-client,1,cross_128_edge,lzw_128,LZW,128,40,40,3560,404091050,404163820,72771,206,bytes 404091050-404163820/661264391,72771,72771,225.50000000046566,225.550375002058,72.59629199688789,298.17929199998616,True,
3,211,5,fresh-client,1,cross_128_edge,lzw_128,LZW,128,40,41,3561,404163829,404234861,71033,206,bytes 404163829-404234861/661264391,71033,71033,193.27766700007487,193.31970900020679,86.00337499956368,279.3472919984197,True,
3,212,2,fresh-client,1,cross_512_edge,zstd_256,ZSTD,256,20,21,901,301328177,301535592,207416,206,bytes 301328177-301535592/490384277,207416,207416,151.91195800071,151.94237499963492,129.33012500070618,281.3137919984001,True,
3,212,2,fresh-client,1,cross_512_edge,zstd_256,ZSTD,256,20,22,902,301535601,301739853,204253,206,bytes 301535601-301739853/490384277,204253,204253,160.35008299877518,160.38375000061933,103.42933300125878,263.8406669975666,True,
3,213,2,fresh-client,1,cross_128_edge,deflate_256,DEFLATE,256,20,20,900,306262458,306479353,216896,206,bytes 306262458-306479353/498427477,216896,216896,200.19112500085612,200.3092499980994,97.3031670000637,297.65062499791384,True,
3,214,5,fresh-client,1,interior,deflate_128,DEFLATE,128,40,40,3560,305047460,305102560,55101,206,bytes 305047460-305102560/499617324,55101,55101,146.8490830011433,146.89041699966765,47.03258299923618,193.93687499905354,True,
3,215,2,fresh-client,1,cross_256_edge,lzw_512,LZW,512,10,10,230,411686466,412818824,1132359,206,bytes 411686466-412818824/661107776,1132359,1132359,144.95733299918356,144.99037499990663,272.3220840016438,417.3761249985546,True,
3,216,5,fresh-client,1,interior,lzw_128,LZW,128,40,40,3560,404091050,404163820,72771,206,bytes 404091050-404163820/661264391,72771,72771,130.05458399857162,130.0838749994,51.11195900099119,181.2088760016195,True,
3,217,2,fresh-client,1,cross_256_corner,deflate_128,DEFLATE,128,41,41,3649,309501616,309555017,53402,206,bytes 309501616-309555017/499617324,53402,53402,348.17820800162735,348.2126659982896,50.910916997963795,399.1381250016275,True,
3,217,2,fresh-client,1,cross_256_corner,deflate_128,DEFLATE,128,41,42,3650,309555026,309609246,54221,206,bytes 309555026-309609246/499617324,54221,54221,104.27345800053445,104.30091700254707,48.519624997425126,152.83458300109487,True,
3,217,2,fresh-client,1,cross_256_corner,deflate_128,DEFLATE,128,42,41,3737,313827295,313880653,53359,206,bytes 313827295-313880653/499617324,53359,53359,150.9520010004053,151.03175100011867,55.03679200046463,206.0821670020232,True,
3,217,2,fresh-client,1,cross_256_corner,deflate_128,DEFLATE,128,42,42,3738,313880662,313934033,53372,206,bytes 313880662-313934033/499617324,53372,53372,139.72345900037908,139.75516699792934,64.89791700005298,204.67216699762503,True,
3,218,2,fresh-client,1,cross_256_corner,zstd_128,ZSTD,128,41,41,3649,304621142,304673679,52538,206,bytes 304621142-304673679/492119117,52538,52538,241.37266600155272,241.43570800151792,46.33362499953364,287.7928330017312,True,
3,218,2,fresh-client,1,cross_256_corner,zstd_128,ZSTD,128,41,42,3650,304673688,304726888,53201,206,bytes 304673688-304726888/492119117,53201,53201,139.92816699828836,139.9652510008309,52.39533300118637,192.38108399804332,True,
3,218,2,fresh-client,1,cross_256_corner,zstd_128,ZSTD,128,42,41,3737,308887700,308940134,52435,206,bytes 308887700-308940134/492119117,52435,52435,162.15641600138042,162.19374999855063,46.220500000345055,208.43816599881393,True,
3,218,2,fresh-client,1,cross_256_corner,zstd_128,ZSTD,128,42,42,3738,308940143,308992671,52529,206,bytes 308940143-308992671/492119117,52529,52529,157.61358300005668,157.6500000010128,45.574790998216486,203.237417001219,True,
3,219,3,fresh-client,1,cross_512_corner,zstd_128,ZSTD,128,43,43,3827,313219659,313272608,52950,206,bytes 313219659-313272608/492119117,52950,52950,115.76754099951359,115.7972080000036,49.775458999647526,165.58400000212714,True,
3,219,3,fresh-client,1,cross_512_corner,zstd_128,ZSTD,128,43,44,3828,313272617,313324753,52137,206,bytes 313272617-313324753/492119117,52137,52137,209.3007090006722,209.35316699979012,52.650208002887666,262.0195010022144,True,
3,219,3,fresh-client,1,cross_512_corner,zstd_128,ZSTD,128,44,43,3915,317314658,317366615,51958,206,bytes 317314658-317366615/492119117,51958,51958,136.1780839979474,136.21054199757054,85.804416998144,222.0398749996093,True,
3,219,3,fresh-client,1,cross_512_corner,zstd_128,ZSTD,128,44,44,3916,317366624,317418939,52316,206,bytes 317366624-317418939/492119117,52316,52316,135.38770800005295,135.4161670024041,86.57854099874385,222.0157920019119,True,
3,220,4,fresh-client,1,cross_512_edge,zstd_512,ZSTD,512,10,10,230,304767160,305606839,839680,206,bytes 304767160-305606839/490194415,839680,839680,138.8541250016715,138.88404200042714,239.68383299870766,378.5977080005978,True,
3,220,4,fresh-client,1,cross_512_edge,zstd_512,ZSTD,512,10,11,231,305606848,306426901,820054,206,bytes 305606848-306426901/490194415,820054,820054,186.1073750005744,186.15800000043237,256.2340000004042,442.4312920018565,True,
3,221,1,fresh-client,1,cross_128_corner,lzw_128,LZW,128,40,40,3560,404091050,404163820,72771,206,bytes 404091050-404163820/661264391,72771,72771,152.90120899953763,152.93512499920325,66.58787500055041,219.5399170013843,True,
3,221,1,fresh-client,1,cross_128_corner,lzw_128,LZW,128,40,41,3561,404163829,404234861,71033,206,bytes 404163829-404234861/661264391,71033,71033,139.21074999962002,139.24383300036425,50.70591700132354,189.96512499870732,True,
3,221,1,fresh-client,1,cross_128_corner,lzw_128,LZW,128,41,40,3648,409892800,409965306,72507,206,bytes 409892800-409965306/661264391,72507,72507,150.21645800152328,150.2500830029021,64.27754100150196,214.54500000254484,True,
3,221,1,fresh-client,1,cross_128_corner,lzw_128,LZW,128,41,41,3649,409965315,410035919,70605,206,bytes 409965315-410035919/661264391,70605,70605,170.7000419992255,170.74029200011864,50.855583998782095,221.6134170012083,True,
3,222,3,fresh-client,1,cross_128_edge,lzw_512,LZW,512,10,10,230,411686466,412818824,1132359,206,bytes 411686466-412818824/661107776,1132359,1132359,139.07995800036588,139.1126249982335,349.4351250010368,488.5727079999924,True,
3,223,4,fresh-client,1,cross_256_edge,lzw_512,LZW,512,10,10,230,411686466,412818824,1132359,206,bytes 411686466-412818824/661107776,1132359,1132359,454.9015420016076,454.9635000003036,318.96450000203913,773.9750010005082,True,
3,224,3,fresh-client,1,cross_512_edge,deflate_128,DEFLATE,128,40,43,3563,305208773,305261361,52589,206,bytes 305208773-305261361/499617324,52589,52589,145.14425000015763,145.17545799753862,76.09545800005435,221.2972079978499,True,
3,224,3,fresh-client,1,cross_512_edge,deflate_128,DEFLATE,128,40,44,3564,305261370,305312689,51320,206,bytes 305261370-305312689/499617324,51320,51320,134.27404200047022,134.30033400072716,82.46470800077077,216.78008399976534,True,
3,225,3,fresh-client,1,interior,deflate_256,DEFLATE,256,20,20,900,306262458,306479353,216896,206,bytes 306262458-306479353/498427477,216896,216896,114.427832999354,114.46108300151536,206.61012600248796,321.1262920012814,True,
3,226,2,fresh-client,1,interior,zstd_256,ZSTD,256,20,20,900,301115142,301328168,213027,206,bytes 301115142-301328168/490384277,213027,213027,154.92254200216848,154.95858400026918,125.34545800008345,280.34116700291634,True,
3,227,4,fresh-client,1,cross_256_edge,deflate_512,DEFLATE,512,10,10,230,310426888,311281522,854635,206,bytes 310426888-311281522/499024403,854635,854635,134.95191699985298,134.98170799721265,228.82154200124205,363.8438749985653,True,
3,228,3,fresh-client,1,cross_256_edge,zstd_256,ZSTD,256,20,20,900,301115142,301328168,213027,206,bytes 301115142-301328168/490384277,213027,213027,153.48120799899334,153.51758299948415,112.03858299995773,265.59220800118055,True,
3,228,3,fresh-client,1,cross_256_edge,zstd_256,ZSTD,256,20,21,901,301328177,301535592,207416,206,bytes 301328177-301535592/490384277,207416,207416,167.48633300085203,167.51566600214574,98.51399999752175,266.055291001976,True,
3,229,1,fresh-client,1,cross_128_edge,lzw_256,LZW,256,20,20,900,406553924,406841161,287238,206,bytes 406553924-406841161/661012853,287238,287238,124.60358399766847,124.6475419975468,113.8969170024211,238.57383399808896,True,
3,230,2,fresh-client,1,cross_128_edge,zstd_256,ZSTD,256,20,20,900,301115142,301328168,213027,206,bytes 301115142-301328168/490384277,213027,213027,158.0205840000417,158.05566699782503,123.31025000094087,281.4049589978822,True,
3,231,1,fresh-client,1,cross_256_corner,lzw_256,LZW,256,20,20,900,406553924,406841161,287238,206,bytes 406553924-406841161/661012853,287238,287238,150.04416599913384,150.11329099797877,207.63675099806278,357.7787079993868,True,
3,231,1,fresh-client,1,cross_256_corner,lzw_256,LZW,256,20,21,901,406841170,407119092,277923,206,bytes 406841170-407119092/661012853,277923,277923,141.87645799756865,141.91795799706597,131.94962499983376,273.92070799760404,True,
3,231,1,fresh-client,1,cross_256_corner,lzw_256,LZW,256,21,20,944,417962328,418246396,284069,206,bytes 417962328-418246396/661012853,284069,284069,224.90608299995074,224.96591700110002,145.34891699804575,370.3499170005671,True,
3,231,1,fresh-client,1,cross_256_corner,lzw_256,LZW,256,21,21,945,418246405,418529582,283178,206,bytes 418246405-418529582/661012853,283178,283178,172.92224999982864,172.96945799898822,653.7560420001682,826.7632499992033,True,
3,232,2,fresh-client,1,cross_512_edge,lzw_128,LZW,128,40,43,3563,404303630,404372483,68854,206,bytes 404303630-404372483/661264391,68854,68854,202.1325829991838,202.16954100033036,48.325208001188,250.51158299902454,True,
3,232,2,fresh-client,1,cross_512_edge,lzw_128,LZW,128,40,44,3564,404372492,404440436,67945,206,bytes 404372492-404440436/661264391,67945,67945,115.28341600205749,115.31295800159569,81.64662499984843,196.9747910006845,True,
3,233,5,fresh-client,1,cross_256_corner,lzw_512,LZW,512,10,10,230,411686466,412818824,1132359,206,bytes 411686466-412818824/661107776,1132359,1132359,203.69562599807978,203.72979199964902,325.47333299953607,529.307416996744,True,
3,234,5,fresh-client,1,cross_256_corner,deflate_128,DEFLATE,128,41,41,3649,309501616,309555017,53402,206,bytes 309501616-309555017/499617324,53402,53402,148.65999999892665,148.69637499941746,47.03595899991342,195.7487920008134,True,
3,234,5,fresh-client,1,cross_256_corner,deflate_128,DEFLATE,128,41,42,3650,309555026,309609246,54221,206,bytes 309555026-309609246/499617324,54221,54221,155.04262600006768,155.07604199956404,56.99962499784306,212.09879199886927,True,
3,234,5,fresh-client,1,cross_256_corner,deflate_128,DEFLATE,128,42,41,3737,313827295,313880653,53359,206,bytes 313827295-313880653/499617324,53359,53359,365.14816600174527,365.1886250008829,70.97895900005824,436.2079580023419,True,
3,234,5,fresh-client,1,cross_256_corner,deflate_128,DEFLATE,128,42,42,3738,313880662,313934033,53372,206,bytes 313880662-313934033/499617324,53372,53372,152.42216699698474,152.4578759999713,51.768500001344364,204.24275099867373,True,
3,235,4,fresh-client,1,cross_128_edge,deflate_256,DEFLATE,256,20,20,900,306262458,306479353,216896,206,bytes 306262458-306479353/498427477,216896,216896,201.0990419985319,201.14537499830476,99.91412499948638,301.09120799897937,True,
3,236,1,fresh-client,1,cross_256_corner,zstd_512,ZSTD,512,10,10,230,304767160,305606839,839680,206,bytes 304767160-305606839/490194415,839680,839680,181.04679200041573,181.09291700238828,328.166584000428,509.2951670012553,True,
3,237,5,fresh-client,1,cross_128_edge,deflate_128,DEFLATE,128,40,40,3560,305047460,305102560,55101,206,bytes 305047460-305102560/499617324,55101,55101,149.88191699740128,149.90929199848324,72.31195900021703,222.23529199982295,True,
3,237,5,fresh-client,1,cross_128_edge,deflate_128,DEFLATE,128,40,41,3561,305102569,305156400,53832,206,bytes 305102569-305156400/499617324,53832,53832,127.05766699946253,127.08479200227885,46.658041999762645,173.75395800263504,True,
3,238,3,fresh-client,1,cross_128_corner,zstd_512,ZSTD,512,10,10,230,304767160,305606839,839680,206,bytes 304767160-305606839/490194415,839680,839680,132.3457510006847,132.39133399838465,459.47541699933936,591.9089169983636,True,
3,239,5,fresh-client,1,cross_512_corner,deflate_256,DEFLATE,256,21,21,945,315110154,315323387,213234,206,bytes 315110154-315323387/498427477,213234,213234,163.8504170005035,163.8818329993228,128.62124999810476,292.5510419991042,True,
3,239,5,fresh-client,1,cross_512_corner,deflate_256,DEFLATE,256,21,22,946,315323396,315533302,209907,206,bytes 315323396-315533302/498427477,209907,209907,142.4074999995355,142.4375839997083,183.5969589992601,326.06895900244126,True,
3,239,5,fresh-client,1,cross_512_corner,deflate_256,DEFLATE,256,22,21,989,323490842,323701123,210282,206,bytes 323490842-323701123/498427477,210282,210282,140.98837500205263,141.01837500129477,266.69050000054995,407.75591700003133,True,
3,239,5,fresh-client,1,cross_512_corner,deflate_256,DEFLATE,256,22,22,990,323701132,323912576,211445,206,bytes 323701132-323912576/498427477,211445,211445,158.3781250010361,158.40899999966496,163.076083001215,321.5296250018582,True,
3,240,3,fresh-client,1,cross_256_corner,lzw_256,LZW,256,20,20,900,406553924,406841161,287238,206,bytes 406553924-406841161/661012853,287238,287238,150.16258299874607,150.1938750006957,105.23633400225663,255.46295900130644,True,
3,240,3,fresh-client,1,cross_256_corner,lzw_256,LZW,256,20,21,901,406841170,407119092,277923,206,bytes 406841170-407119092/661012853,277923,277923,155.33154100194224,155.36591600175598,294.2632919985044,449.6787910029525,True,
3,240,3,fresh-client,1,cross_256_corner,lzw_256,LZW,256,21,20,944,417962328,418246396,284069,206,bytes 417962328-418246396/661012853,284069,284069,143.74433300326928,143.7734580031247,131.33704199935892,275.1838750009483,True,
3,240,3,fresh-client,1,cross_256_corner,lzw_256,LZW,256,21,21,945,418246405,418529582,283178,206,bytes 418246405-418529582/661012853,283178,283178,174.9889999991865,175.02500000045984,131.95949999862933,307.03087499932735,True,
3,241,1,fresh-client,1,interior,zstd_512,ZSTD,512,10,10,230,304767160,305606839,839680,206,bytes 304767160-305606839/490194415,839680,839680,136.44125000064378,136.4716660027625,319.75833300020895,456.2705830030609,True,
3,242,2,fresh-client,1,cross_128_edge,deflate_128,DEFLATE,128,40,40,3560,305047460,305102560,55101,206,bytes 305047460-305102560/499617324,55101,55101,232.560166001349,232.70954100007657,71.22545899983379,303.9712909994705,True,
3,242,2,fresh-client,1,cross_128_edge,deflate_128,DEFLATE,128,40,41,3561,305102569,305156400,53832,206,bytes 305102569-305156400/499617324,53832,53832,170.52279200288467,170.56137500185287,72.62516700211563,243.21591700208955,True,
3,243,2,fresh-client,1,cross_128_corner,deflate_512,DEFLATE,512,10,10,230,310426888,311281522,854635,206,bytes 310426888-311281522/499024403,854635,854635,159.8748340002203,159.91225099787698,199.6739999995043,359.64783399685984,True,
3,244,1,fresh-client,1,cross_256_edge,zstd_256,ZSTD,256,20,20,900,301115142,301328168,213027,206,bytes 301115142-301328168/490384277,213027,213027,356.5795419999631,356.61179200178594,111.39912499857019,468.0469590020948,True,
3,244,1,fresh-client,1,cross_256_edge,zstd_256,ZSTD,256,20,21,901,301328177,301535592,207416,206,bytes 301328177-301535592/490384277,207416,207416,182.80037500153412,182.840125002258,111.1629160004668,294.0272500018182,True,
3,245,4,fresh-client,1,cross_256_corner,lzw_256,LZW,256,20,20,900,406553924,406841161,287238,206,bytes 406553924-406841161/661012853,287238,287238,144.32829100042,144.35895799761056,122.08391600142932,266.4707500007353,True,
3,245,4,fresh-client,1,cross_256_corner,lzw_256,LZW,256,20,21,901,406841170,407119092,277923,206,bytes 406841170-407119092/661012853,277923,277923,188.33929199900012,188.3858750006766,142.3297500004992,330.7641249994049,True,
3,245,4,fresh-client,1,cross_256_corner,lzw_256,LZW,256,21,20,944,417962328,418246396,284069,206,bytes 417962328-418246396/661012853,284069,284069,152.7027080010157,152.73583300222526,138.737792000029,291.5067079993605,True,
3,245,4,fresh-client,1,cross_256_corner,lzw_256,LZW,256,21,21,945,418246405,418529582,283178,206,bytes 418246405-418529582/661012853,283178,283178,152.73145900209784,152.76366699981736,117.3827499987965,270.1896250000573,True,
3,246,1,fresh-client,1,interior,deflate_256,DEFLATE,256,20,20,900,306262458,306479353,216896,206,bytes 306262458-306479353/498427477,216896,216896,176.92791700028465,176.96658299973933,193.2011249991774,370.20833299902733,True,
3,247,2,fresh-client,1,interior,zstd_128,ZSTD,128,40,40,3560,300228058,300282104,54047,206,bytes 300228058-300282104/492119117,54047,54047,158.02016700035892,158.05250000266824,81.81254199735122,239.89204200188396,True,
3,248,4,fresh-client,1,cross_256_corner,lzw_128,LZW,128,41,41,3649,409965315,410035919,70605,206,bytes 409965315-410035919/661264391,70605,70605,252.23258299956797,252.34408300093492,70.95824999851175,323.356375000003,True,
3,248,4,fresh-client,1,cross_256_corner,lzw_128,LZW,128,41,42,3650,410035928,410107613,71686,206,bytes 410035928-410107613/661264391,71686,71686,140.3419579983165,140.37062499846797,51.67300000175601,192.05583299844875,True,
3,248,4,fresh-client,1,cross_256_corner,lzw_128,LZW,128,42,41,3737,415676272,415746842,70571,206,bytes 415676272-415746842/661264391,70571,70571,204.88525000109803,204.92725000076462,84.48629200211144,289.4551669996872,True,
3,248,4,fresh-client,1,cross_256_corner,lzw_128,LZW,128,42,42,3738,415746851,415817546,70696,206,bytes 415746851-415817546/661264391,70696,70696,161.53891599969938,161.57174999898416,50.72633300005691,212.31158299997333,True,
3,249,5,fresh-client,1,interior,deflate_512,DEFLATE,512,10,10,230,310426888,311281522,854635,206,bytes 310426888-311281522/499024403,854635,854635,153.0934590009565,153.1213750022289,209.5206669982872,362.69395899944357,True,
3,250,5,fresh-client,1,cross_512_edge,zstd_512,ZSTD,512,10,10,230,304767160,305606839,839680,206,bytes 304767160-305606839/490194415,839680,839680,153.16187500138767,153.19583300151862,279.44741700048326,432.75633300072514,True,
3,250,5,fresh-client,1,cross_512_edge,zstd_512,ZSTD,512,10,11,231,305606848,306426901,820054,206,bytes 305606848-306426901/490194415,820054,820054,148.88537500155508,148.91404200170655,360.5749170019408,509.53162500081817,True,
3,251,1,fresh-client,1,cross_256_edge,lzw_512,LZW,512,10,10,230,411686466,412818824,1132359,206,bytes 411686466-412818824/661107776,1132359,1132359,135.65050000033807,135.68029100133572,354.4816670000728,490.20937499881256,True,
3,252,5,fresh-client,1,cross_512_edge,deflate_128,DEFLATE,128,40,43,3563,305208773,305261361,52589,206,bytes 305208773-305261361/499617324,52589,52589,143.7169580021873,143.74633300030837,66.76125000012689,210.5206670021289,True,
3,252,5,fresh-client,1,cross_512_edge,deflate_128,DEFLATE,128,40,44,3564,305261370,305312689,51320,206,bytes 305261370-305312689/499617324,51320,51320,129.58695799898123,129.61287500002072,101.56120899773668,231.2151249971066,True,
3,253,5,fresh-client,1,cross_512_corner,deflate_512,DEFLATE,512,10,10,230,310426888,311281522,854635,206,bytes 310426888-311281522/499024403,854635,854635,123.1921250000596,123.22095899799024,490.2037499996368,613.4677919981186,True,
3,253,5,fresh-client,1,cross_512_corner,deflate_512,DEFLATE,512,10,11,231,311281531,312113785,832255,206,bytes 311281531-312113785/499024403,832255,832255,353.7995000006049,353.82920800111606,231.26720800064504,585.1351250021253,True,
3,253,5,fresh-client,1,cross_512_corner,deflate_512,DEFLATE,512,11,10,252,327623520,328452071,828552,206,bytes 327623520-328452071/499024403,828552,828552,150.23083300184226,150.2638330021,413.25454199977685,563.5532080013945,True,
3,253,5,fresh-client,1,cross_512_corner,deflate_512,DEFLATE,512,11,11,253,328452080,329294883,842804,206,bytes 328452080-329294883/499024403,842804,842804,156.09862499695737,156.1318329986534,420.56979200060596,576.7619999969611,True,
3,254,2,fresh-client,1,cross_128_corner,lzw_512,LZW,512,10,10,230,411686466,412818824,1132359,206,bytes 411686466-412818824/661107776,1132359,1132359,146.47620899995673,146.51341699936893,483.4473340015393,629.997292002372,True,
3,255,2,fresh-client,1,cross_128_corner,zstd_512,ZSTD,512,10,10,230,304767160,305606839,839680,206,bytes 304767160-305606839/490194415,839680,839680,148.78916700035916,148.82349999970756,233.11941599968122,381.98716699844226,True,
3,256,4,fresh-client,1,cross_128_corner,deflate_256,DEFLATE,256,20,20,900,306262458,306479353,216896,206,bytes 306262458-306479353/498427477,216896,216896,138.44379199872492,138.47154199902434,97.60329200071283,236.10383400227875,True,
3,257,4,fresh-client,1,cross_512_edge,deflate_256,DEFLATE,256,20,21,901,306479362,306690064,210703,206,bytes 306479362-306690064/498427477,210703,210703,217.32750000228407,217.41545800250606,107.32704199836007,324.77908299915725,True,
3,257,4,fresh-client,1,cross_512_edge,deflate_256,DEFLATE,256,20,22,902,306690073,306897377,207305,206,bytes 306690073-306897377/498427477,207305,207305,183.62016600076458,183.65929100036738,127.87987499905284,311.5858750024927,True,
3,258,3,fresh-client,1,cross_128_corner,zstd_256,ZSTD,256,20,20,900,301115142,301328168,213027,206,bytes 301115142-301328168/490384277,213027,213027,134.23495900133275,134.26600100137875,106.08158399918466,240.3841260020272,True,
3,259,1,fresh-client,1,cross_256_edge,deflate_512,DEFLATE,512,10,10,230,310426888,311281522,854635,206,bytes 310426888-311281522/499024403,854635,854635,142.2290000009525,142.25966700178105,302.725499997905,445.06470800115494,True,
3,260,1,fresh-client,1,cross_256_corner,deflate_128,DEFLATE,128,41,41,3649,309501616,309555017,53402,206,bytes 309501616-309555017/499617324,53402,53402,125.858250001329,125.88749999849824,52.43641600100091,178.3375420018274,True,
3,260,1,fresh-client,1,cross_256_corner,deflate_128,DEFLATE,128,41,42,3650,309555026,309609246,54221,206,bytes 309555026-309609246/499617324,54221,54221,125.55883399909362,125.59370899907663,46.25274999852991,171.85670899925753,True,
3,260,1,fresh-client,1,cross_256_corner,deflate_128,DEFLATE,128,42,41,3737,313827295,313880653,53359,206,bytes 313827295-313880653/499617324,53359,53359,124.59725000007893,124.62062499980675,51.74995800189208,176.379790998908,True,
3,260,1,fresh-client,1,cross_256_corner,deflate_128,DEFLATE,128,42,42,3738,313880662,313934033,53372,206,bytes 313880662-313934033/499617324,53372,53372,108.16095799964387,108.1844580003235,60.77620900032343,168.97912499916856,True,
3,261,5,fresh-client,1,cross_256_edge,deflate_128,DEFLATE,128,40,41,3561,305102569,305156400,53832,206,bytes 305102569-305156400/499617324,53832,53832,127.4327089995495,127.47375099934288,142.8267080009391,270.3532509985962,True,
3,261,5,fresh-client,1,cross_256_edge,deflate_128,DEFLATE,128,40,42,3562,305156409,305208764,52356,206,bytes 305156409-305208764/499617324,52356,52356,146.3364580013149,146.36337499905494,89.3559579999419,235.75704199902248,True,
3,262,5,fresh-client,1,cross_512_edge,lzw_128,LZW,128,40,43,3563,404303630,404372483,68854,206,bytes 404303630-404372483/661264391,68854,68854,138.7265409975953,138.7547079975775,97.21683400130132,236.0094579998986,True,
3,262,5,fresh-client,1,cross_512_edge,lzw_128,LZW,128,40,44,3564,404372492,404440436,67945,206,bytes 404372492-404440436/661264391,67945,67945,161.282166998717,161.3189589988906,67.45054100247216,228.7891669984674,True,
3,263,3,fresh-client,1,cross_256_corner,lzw_512,LZW,512,10,10,230,411686466,412818824,1132359,206,bytes 411686466-412818824/661107776,1132359,1132359,137.3247919982532,137.3524999980873,397.05462499841815,534.4652499989024,True,
3,264,1,fresh-client,1,interior,lzw_256,LZW,256,20,20,900,406553924,406841161,287238,206,bytes 406553924-406841161/661012853,287238,287238,445.27287500022794,445.3454580034304,131.28749999668798,576.6713750017516,True,
3,265,1,fresh-client,1,cross_256_corner,lzw_512,LZW,512,10,10,230,411686466,412818824,1132359,206,bytes 411686466-412818824/661107776,1132359,1132359,227.40629200052354,227.51616700043087,312.85466700137476,540.4217920004157,True,
3,266,3,fresh-client,1,cross_512_edge,lzw_128,LZW,128,40,43,3563,404303630,404372483,68854,206,bytes 404303630-404372483/661264391,68854,68854,177.32325000179117,177.35941700084368,55.681166999420384,233.05425000216928,True,
3,266,3,fresh-client,1,cross_512_edge,lzw_128,LZW,128,40,44,3564,404372492,404440436,67945,206,bytes 404372492-404440436/661264391,67945,67945,143.05454100031056,143.08479100145632,60.54387499898439,203.64175000213436,True,
3,267,2,fresh-client,1,cross_128_corner,deflate_128,DEFLATE,128,40,40,3560,305047460,305102560,55101,206,bytes 305047460-305102560/499617324,55101,55101,160.22650000013527,160.26158300155657,131.5477500029374,291.8537080004171,True,
3,267,2,fresh-client,1,cross_128_corner,deflate_128,DEFLATE,128,40,41,3561,305102569,305156400,53832,206,bytes 305102569-305156400/499617324,53832,53832,176.91487499905634,176.953666999907,52.27983399890945,229.25079199922038,True,
3,267,2,fresh-client,1,cross_128_corner,deflate_128,DEFLATE,128,41,40,3648,309446600,309501607,55008,206,bytes 309446600-309501607/499617324,55008,55008,138.43870800337754,138.46879100310616,51.78075000003446,190.26175000180956,True,
3,267,2,fresh-client,1,cross_128_corner,deflate_128,DEFLATE,128,41,41,3649,309501616,309555017,53402,206,bytes 309501616-309555017/499617324,53402,53402,138.63695800318965,138.6668750019453,50.57812499944703,189.25666600262048,True,
3,268,1,fresh-client,1,cross_512_corner,zstd_128,ZSTD,128,43,43,3827,313219659,313272608,52950,206,bytes 313219659-313272608/492119117,52950,52950,141.0698749969015,141.09795799959102,63.519333001750056,204.63029199891025,True,
3,268,1,fresh-client,1,cross_512_corner,zstd_128,ZSTD,128,43,44,3828,313272617,313324753,52137,206,bytes 313272617-313324753/492119117,52137,52137,233.4358340012841,233.50283400213812,43.69525000220165,277.24345900060143,True,
3,268,1,fresh-client,1,cross_512_corner,zstd_128,ZSTD,128,44,43,3915,317314658,317366615,51958,206,bytes 317314658-317366615/492119117,51958,51958,159.37529200164136,159.41337500044028,58.62849999903119,218.05679200042505,True,
3,268,1,fresh-client,1,cross_512_corner,zstd_128,ZSTD,128,44,44,3916,317366624,317418939,52316,206,bytes 317366624-317418939/492119117,52316,52316,132.93041699944297,132.96008399993298,46.33704200023203,179.31045899968012,True,
3,269,3,fresh-client,1,interior,lzw_512,LZW,512,10,10,230,411686466,412818824,1132359,206,bytes 411686466-412818824/661107776,1132359,1132359,140.41541700134985,140.44495900088805,547.5010000009206,688.0092089995742,True,
3,270,2,fresh-client,1,interior,lzw_512,LZW,512,10,10,230,411686466,412818824,1132359,206,bytes 411686466-412818824/661107776,1132359,1132359,173.95820900128456,173.996208999597,342.35445900048944,516.406751001341,True,
3,271,3,fresh-client,1,cross_256_edge,deflate_128,DEFLATE,128,40,41,3561,305102569,305156400,53832,206,bytes 305102569-305156400/499617324,53832,53832,144.43758299967158,144.46708300238242,57.66799999764771,202.14658300028532,True,
3,271,3,fresh-client,1,cross_256_edge,deflate_128,DEFLATE,128,40,42,3562,305156409,305208764,52356,206,bytes 305156409-305208764/499617324,52356,52356,115.4439590027323,115.4694169999857,122.99454100138973,238.503500000661,True,
3,272,2,fresh-client,1,interior,lzw_128,LZW,128,40,40,3560,404091050,404163820,72771,206,bytes 404091050-404163820/661264391,72771,72771,143.24137500079814,143.27104200128815,52.013291999173816,195.29545800105552,True,
3,273,3,fresh-client,1,cross_128_edge,deflate_512,DEFLATE,512,10,10,230,310426888,311281522,854635,206,bytes 310426888-311281522/499024403,854635,854635,135.32299999860697,135.3544999983569,222.0246249999036,357.4097509990679,True,
3,274,2,fresh-client,1,cross_128_corner,zstd_128,ZSTD,128,40,40,3560,300228058,300282104,54047,206,bytes 300228058-300282104/492119117,54047,54047,145.01875000132713,145.05395800006227,61.84504100019694,206.91562499996508,True,
3,274,2,fresh-client,1,cross_128_corner,zstd_128,ZSTD,128,40,41,3561,300282113,300335031,52919,206,bytes 300282113-300335031/492119117,52919,52919,339.4916249999369,339.5173329990939,80.43116699991515,419.9597500009986,True,
3,274,2,fresh-client,1,cross_128_corner,zstd_128,ZSTD,128,41,40,3648,304567089,304621133,54045,206,bytes 304567089-304621133/492119117,54045,54045,119.71825000000536,119.74783300320269,56.86016700201435,176.62850000124308,True,
3,274,2,fresh-client,1,cross_128_corner,zstd_128,ZSTD,128,41,41,3649,304621142,304673679,52538,206,bytes 304621142-304673679/492119117,52538,52538,148.2666669980972,148.2988749994547,53.84066599799553,202.16283299669158,True,
3,275,1,fresh-client,1,cross_512_edge,deflate_256,DEFLATE,256,20,21,901,306479362,306690064,210703,206,bytes 306479362-306690064/498427477,210703,210703,125.70291600059136,125.73608299862826,97.16595799909555,222.93879099743208,True,
3,275,1,fresh-client,1,cross_512_edge,deflate_256,DEFLATE,256,20,22,902,306690073,306897377,207305,206,bytes 306690073-306897377/498427477,207305,207305,131.41383399852202,131.44320900028106,200.11820899890154,331.59700100077316,True,
3,276,3,fresh-client,1,interior,zstd_512,ZSTD,512,10,10,230,304767160,305606839,839680,206,bytes 304767160-305606839/490194415,839680,839680,172.20699999961653,172.24595800144016,297.12724999990314,469.4083750000573,True,
3,277,5,fresh-client,1,cross_256_edge,zstd_256,ZSTD,256,20,20,900,301115142,301328168,213027,206,bytes 301115142-301328168/490384277,213027,213027,131.96575099937036,131.9943759990565,119.21741599871893,251.2436670003808,True,
3,277,5,fresh-client,1,cross_256_edge,zstd_256,ZSTD,256,20,21,901,301328177,301535592,207416,206,bytes 301328177-301535592/490384277,207416,207416,146.3043750009092,146.33420800237218,190.72345799941104,337.1073750022333,True,
3,278,3,fresh-client,1,cross_512_edge,zstd_256,ZSTD,256,20,21,901,301328177,301535592,207416,206,bytes 301328177-301535592/490384277,207416,207416,125.41558299926692,125.44229100240045,125.00954200004344,250.48504200094612,True,
3,278,3,fresh-client,1,cross_512_edge,zstd_256,ZSTD,256,20,22,902,301535601,301739853,204253,206,bytes 301535601-301739853/490384277,204253,204253,148.76387500044075,148.7944159998733,136.46541699927184,285.2973330009263,True,
3,279,4,fresh-client,1,cross_256_edge,deflate_128,DEFLATE,128,40,41,3561,305102569,305156400,53832,206,bytes 305102569-305156400/499617324,53832,53832,149.60912500100676,149.64754200263997,61.911791999591514,211.57420900271973,True,
3,279,4,fresh-client,1,cross_256_edge,deflate_128,DEFLATE,128,40,42,3562,305156409,305208764,52356,206,bytes 305156409-305208764/499617324,52356,52356,138.1892509998579,138.21991700024228,149.9266249993525,288.1912920020113,True,
3,280,2,fresh-client,1,cross_256_corner,deflate_512,DEFLATE,512,10,10,230,310426888,311281522,854635,206,bytes 310426888-311281522/499024403,854635,854635,156.89829099937924,156.93337499760673,332.69470899904263,489.6740829972259,True,
3,281,5,fresh-client,1,cross_512_corner,lzw_512,LZW,512,10,10,230,411686466,412818824,1132359,206,bytes 411686466-412818824/661107776,1132359,1132359,133.3027079999738,133.33337500080233,498.5148330015363,631.9045829986862,True,
3,281,5,fresh-client,1,cross_512_corner,lzw_512,LZW,512,10,11,231,412818833,413920320,1101488,206,bytes 412818833-413920320/661107776,1101488,1101488,146.4672919973964,146.49704199837288,348.613917001785,495.15625099957106,True,
3,281,5,fresh-client,1,cross_512_corner,lzw_512,LZW,512,11,10,252,434325460,435426146,1100687,206,bytes 434325460-435426146/661107776,1100687,1100687,177.53779199847486,177.57725000046776,581.783000001451,759.4148339994717,True,
3,281,5,fresh-client,1,cross_512_corner,lzw_512,LZW,512,11,11,253,435426155,436544622,1118468,206,bytes 435426155-436544622/661107776,1118468,1118468,145.2564999999595,145.287333001761,296.95062499740743,442.28025000120397,True,
3,282,2,fresh-client,1,cross_256_corner,lzw_128,LZW,128,41,41,3649,409965315,410035919,70605,206,bytes 409965315-410035919/661264391,70605,70605,157.51162500237115,157.54520900009084,158.9363749990298,316.52891700287,True,
3,282,2,fresh-client,1,cross_256_corner,lzw_128,LZW,128,41,42,3650,410035928,410107613,71686,206,bytes 410035928-410107613/661264391,71686,71686,279.7695000008389,279.80320900314837,74.47462500203983,354.2915840007481,True,
3,282,2,fresh-client,1,cross_256_corner,lzw_128,LZW,128,42,41,3737,415676272,415746842,70571,206,bytes 415676272-415746842/661264391,70571,70571,331.96616699933656,331.99770799910766,63.72795899733319,395.7402499981981,True,
3,282,2,fresh-client,1,cross_256_corner,lzw_128,LZW,128,42,42,3738,415746851,415817546,70696,206,bytes 415746851-415817546/661264391,70696,70696,153.96324999892386,154.0002919973631,145.99366699985694,300.0250839977525,True,
3,283,5,fresh-client,1,cross_256_corner,zstd_256,ZSTD,256,20,20,900,301115142,301328168,213027,206,bytes 301115142-301328168/490384277,213027,213027,144.0269589984382,144.05545899717254,108.81233300096937,252.89854199945694,True,
3,283,5,fresh-client,1,cross_256_corner,zstd_256,ZSTD,256,20,21,901,301328177,301535592,207416,206,bytes 301328177-301535592/490384277,207416,207416,169.148959001177,169.1850000024715,104.51233400090132,273.7397510027222,True,
3,283,5,fresh-client,1,cross_256_corner,zstd_256,ZSTD,256,21,20,944,309614499,309824334,209836,206,bytes 309614499-309824334/490384277,209836,209836,142.1416249977483,142.17158300016308,248.6176250022254,390.85591599723557,True,
3,283,5,fresh-client,1,cross_256_corner,zstd_256,ZSTD,256,21,21,945,309824343,310033910,209568,206,bytes 309824343-310033910/490384277,209568,209568,185.26383399876067,185.30537499827915,121.42279199906625,306.77750099857803,True,
3,284,5,fresh-client,1,cross_256_corner,zstd_128,ZSTD,128,41,41,3649,304621142,304673679,52538,206,bytes 304621142-304673679/492119117,52538,52538,146.71912500125472,146.74849999937578,57.7685409989499,204.52962499985006,True,
3,284,5,fresh-client,1,cross_256_corner,zstd_128,ZSTD,128,41,42,3650,304673688,304726888,53201,206,bytes 304673688-304726888/492119117,53201,53201,183.57845900027314,183.62045899993973,52.627500001108274,236.27904199747718,True,
3,284,5,fresh-client,1,cross_256_corner,zstd_128,ZSTD,128,42,41,3737,308887700,308940134,52435,206,bytes 308887700-308940134/492119117,52435,52435,139.87112500035437,139.90158399974462,50.22054099754314,190.13566699868534,True,
3,284,5,fresh-client,1,cross_256_corner,zstd_128,ZSTD,128,42,42,3738,308940143,308992671,52529,206,bytes 308940143-308992671/492119117,52529,52529,204.22770799996215,204.27995799764176,51.55558299884433,255.867166997632,True,
3,285,3,fresh-client,1,cross_128_edge,zstd_128,ZSTD,128,40,40,3560,300228058,300282104,54047,206,bytes 300228058-300282104/492119117,54047,54047,253.89812499997788,254.00012499812874,46.674250002979534,300.7999169967661,True,
3,285,3,fresh-client,1,cross_128_edge,zstd_128,ZSTD,128,40,41,3561,300282113,300335031,52919,206,bytes 300282113-300335031/492119117,52919,52919,152.48070799862035,152.51291700042202,48.5977919997822,201.12295899889432,True,
3,286,2,fresh-client,1,cross_128_edge,zstd_128,ZSTD,128,40,40,3560,300228058,300282104,54047,206,bytes 300228058-300282104/492119117,54047,54047,128.00141600018833,128.04804099869216,52.90291700293892,180.9625829992001,True,
3,286,2,fresh-client,1,cross_128_edge,zstd_128,ZSTD,128,40,41,3561,300282113,300335031,52919,206,bytes 300282113-300335031/492119117,52919,52919,125.94149999858928,125.96862499776762,51.23325000022305,177.2120419991552,True,
3,287,1,fresh-client,1,cross_512_corner,deflate_256,DEFLATE,256,21,21,945,315110154,315323387,213234,206,bytes 315110154-315323387/498427477,213234,213234,196.25504099894897,196.29408299806528,106.85258300145506,303.1945410002663,True,
3,287,1,fresh-client,1,cross_512_corner,deflate_256,DEFLATE,256,21,22,946,315323396,315533302,209907,206,bytes 315323396-315533302/498427477,209907,209907,142.74104200012516,142.76895900184172,111.7681249997986,254.57133400050225,True,
3,287,1,fresh-client,1,cross_512_corner,deflate_256,DEFLATE,256,22,21,989,323490842,323701123,210282,206,bytes 323490842-323701123/498427477,210282,210282,156.60841700082528,156.6520420019515,119.95575000037206,276.7265000002226,True,
3,287,1,fresh-client,1,cross_512_corner,deflate_256,DEFLATE,256,22,22,990,323701132,323912576,211445,206,bytes 323701132-323912576/498427477,211445,211445,139.47962499878486,139.50883299912675,211.84741699835286,351.3836249985616,True,
3,288,2,fresh-client,1,cross_512_corner,deflate_512,DEFLATE,512,10,10,230,310426888,311281522,854635,206,bytes 310426888-311281522/499024403,854635,854635,124.963750000461,124.98779200177523,233.71612499977346,358.7421250012994,True,
3,288,2,fresh-client,1,cross_512_corner,deflate_512,DEFLATE,512,10,11,231,311281531,312113785,832255,206,bytes 311281531-312113785/499024403,832255,832255,379.52258299992536,379.5540830033133,333.9249999989988,713.5146670007089,True,
3,288,2,fresh-client,1,cross_512_corner,deflate_512,DEFLATE,512,11,10,252,327623520,328452071,828552,206,bytes 327623520-328452071/499024403,828552,828552,130.24433299869997,130.2845829995931,302.87658300221665,433.22620799881406,True,
3,288,2,fresh-client,1,cross_512_corner,deflate_512,DEFLATE,512,11,11,253,328452080,329294883,842804,206,bytes 328452080-329294883/499024403,842804,842804,145.54858400151716,145.72966700143297,289.8544169984234,435.6340009981068,True,
3,289,3,fresh-client,1,cross_256_edge,lzw_128,LZW,128,40,41,3561,404163829,404234861,71033,206,bytes 404163829-404234861/661264391,71033,71033,196.3814580012695,196.4284999994561,53.346791999501875,249.82458299928112,True,
3,289,3,fresh-client,1,cross_256_edge,lzw_128,LZW,128,40,42,3562,404234870,404303621,68752,206,bytes 404234870-404303621/661264391,68752,68752,237.43533300148556,237.50237499916693,60.14062500253203,297.68370799865806,True,
3,290,5,fresh-client,1,cross_512_corner,lzw_128,LZW,128,43,43,3827,421475357,421546899,71543,206,bytes 421475357-421546899/661264391,71543,71543,203.84362599725137,203.88904199717217,119.1265840025153,323.0572089996713,True,
3,290,5,fresh-client,1,cross_512_corner,lzw_128,LZW,128,43,44,3828,421546908,421617252,70345,206,bytes 421546908-421617252/661264391,70345,70345,138.13549999758834,138.16666599814198,76.37816699934774,214.55912499732221,True,
3,290,5,fresh-client,1,cross_512_corner,lzw_128,LZW,128,44,43,3915,426954274,427023840,69567,206,bytes 426954274-427023840/661264391,69567,69567,164.94212500037975,164.97595900000306,53.5665829993377,218.5585839979467,True,
3,290,5,fresh-client,1,cross_512_corner,lzw_128,LZW,128,44,44,3916,427023849,427094094,70246,206,bytes 427023849-427094094/661264391,70246,70246,139.0548339986708,139.0927920001559,50.159000002167886,189.29562499761232,True,
3,291,3,fresh-client,1,cross_512_corner,zstd_512,ZSTD,512,10,10,230,304767160,305606839,839680,206,bytes 304767160-305606839/490194415,839680,839680,181.27000000094995,181.30762500004494,450.29741700273007,631.6406670011929,True,
3,291,3,fresh-client,1,cross_512_corner,zstd_512,ZSTD,512,10,11,231,305606848,306426901,820054,206,bytes 305606848-306426901/490194415,820054,820054,156.51133400024264,156.55070899811108,235.61366699868813,392.19195899931947,True,
3,291,3,fresh-client,1,cross_512_corner,zstd_512,ZSTD,512,11,10,252,321640707,322458855,818149,206,bytes 321640707-322458855/490194415,818149,818149,166.1805830008234,166.21487500015064,225.29766699881293,391.5368340021814,True,
3,291,3,fresh-client,1,cross_512_corner,zstd_512,ZSTD,512,11,11,253,322458864,323289120,830257,206,bytes 322458864-323289120/490194415,830257,830257,199.95891700091306,200.00437499766122,769.758999998885,969.8265000006359,True,
3,292,4,fresh-client,1,interior,zstd_256,ZSTD,256,20,20,900,301115142,301328168,213027,206,bytes 301115142-301328168/490384277,213027,213027,179.43529200056219,179.48087499826215,101.00091700223857,280.51358399898163,True,
3,293,3,fresh-client,1,interior,deflate_128,DEFLATE,128,40,40,3560,305047460,305102560,55101,206,bytes 305047460-305102560/499617324,55101,55101,241.0398329993768,241.09450000105426,57.18125000203145,298.3212500002992,True,
3,294,3,fresh-client,1,interior,zstd_256,ZSTD,256,20,20,900,301115142,301328168,213027,206,bytes 301115142-301328168/490384277,213027,213027,147.15074999912758,147.18408299813746,145.59808400008478,292.89979199893423,True,
3,295,5,fresh-client,1,interior,deflate_256,DEFLATE,256,20,20,900,306262458,306479353,216896,206,bytes 306262458-306479353/498427477,216896,216896,148.83116700002574,148.8776250007504,128.04216699805693,276.95245900031296,True,
3,296,4,fresh-client,1,interior,lzw_512,LZW,512,10,10,230,411686466,412818824,1132359,206,bytes 411686466-412818824/661107776,1132359,1132359,139.50449999902048,139.53475000016624,381.9466259992623,521.5277919996879,True,
3,297,3,fresh-client,1,cross_512_corner,lzw_128,LZW,128,43,43,3827,421475357,421546899,71543,206,bytes 421475357-421546899/661264391,71543,71543,142.53608299986809,142.58545800112188,76.22095799888484,218.8255000000936,True,
3,297,3,fresh-client,1,cross_512_corner,lzw_128,LZW,128,43,44,3828,421546908,421617252,70345,206,bytes 421546908-421617252/661264391,70345,70345,354.5524579967605,354.5830829971237,54.80549999992945,409.4017499992333,True,
3,297,3,fresh-client,1,cross_512_corner,lzw_128,LZW,128,44,43,3915,426954274,427023840,69567,206,bytes 426954274-427023840/661264391,69567,69567,117.76145899784751,117.79008399753366,143.1291670014616,260.95537500077626,True,
3,297,3,fresh-client,1,cross_512_corner,lzw_128,LZW,128,44,44,3916,427023849,427094094,70246,206,bytes 427023849-427094094/661264391,70246,70246,126.69999999707215,126.72670899701188,51.81479199745809,178.55270899963216,True,
3,298,5,fresh-client,1,cross_128_corner,zstd_256,ZSTD,256,20,20,900,301115142,301328168,213027,206,bytes 301115142-301328168/490384277,213027,213027,108.91079100110801,108.9477910027199,93.53204199942411,202.51220800128067,True,
3,299,5,fresh-client,1,cross_256_corner,lzw_128,LZW,128,41,41,3649,409965315,410035919,70605,206,bytes 409965315-410035919/661264391,70605,70605,166.5362499988987,166.71333300109836,49.480584002594696,216.20983300090302,True,
3,299,5,fresh-client,1,cross_256_corner,lzw_128,LZW,128,41,42,3650,410035928,410107613,71686,206,bytes 410035928-410107613/661264391,71686,71686,148.22933400137117,148.26299999913317,54.91099999926519,203.18649999899208,True,
3,299,5,fresh-client,1,cross_256_corner,lzw_128,LZW,128,42,41,3737,415676272,415746842,70571,206,bytes 415676272-415746842/661264391,70571,70571,216.35470800174517,216.41449999879114,58.64608300180407,275.1033329986967,True,
3,299,5,fresh-client,1,cross_256_corner,lzw_128,LZW,128,42,42,3738,415746851,415817546,70696,206,bytes 415746851-415817546/661264391,70696,70696,163.93041699848254,163.9660000000731,51.670749999175314,215.65170800022315,True,
3,300,4,fresh-client,1,interior,lzw_128,LZW,128,40,40,3560,404091050,404163820,72771,206,bytes 404091050-404163820/661264391,72771,72771,122.27479200009839,122.30187500244938,61.41850000130944,183.7393339992559,True,
3,301,3,fresh-client,1,cross_128_edge,deflate_128,DEFLATE,128,40,40,3560,305047460,305102560,55101,206,bytes 305047460-305102560/499617324,55101,55101,132.5390830024844,132.5739580024674,55.329541999526555,187.9192080014036,True,
3,301,3,fresh-client,1,cross_128_edge,deflate_128,DEFLATE,128,40,41,3561,305102569,305156400,53832,206,bytes 305102569-305156400/499617324,53832,53832,129.49591700089513,129.52454200058128,77.8841250030382,207.43295899956138,True,
3,302,5,fresh-client,1,cross_512_edge,zstd_128,ZSTD,128,40,43,3563,300386704,300438476,51773,206,bytes 300386704-300438476/492119117,51773,51773,219.84358400004567,219.87383400119143,43.865416999324225,263.76341699869954,True,
3,302,5,fresh-client,1,cross_512_edge,zstd_128,ZSTD,128,40,44,3564,300438485,300489278,50794,206,bytes 300438485-300489278/492119117,50794,50794,166.31745899940142,166.34587500084308,69.05729099889868,235.42749999978696,True,
3,303,3,fresh-client,1,cross_128_edge,lzw_256,LZW,256,20,20,900,406553924,406841161,287238,206,bytes 406553924-406841161/661012853,287238,287238,142.51837499978137,142.54458299910766,163.38837500006775,305.96979199981433,True,
3,304,2,fresh-client,1,cross_512_corner,deflate_256,DEFLATE,256,21,21,945,315110154,315323387,213234,206,bytes 315110154-315323387/498427477,213234,213234,149.98274999743444,150.01220899648615,148.76824999737437,298.82049999650917,True,
3,304,2,fresh-client,1,cross_512_corner,deflate_256,DEFLATE,256,21,22,946,315323396,315533302,209907,206,bytes 315323396-315533302/498427477,209907,209907,220.50729100010358,220.57437500188826,101.54695799792535,322.1564170016791,True,
3,304,2,fresh-client,1,cross_512_corner,deflate_256,DEFLATE,256,22,21,989,323490842,323701123,210282,206,bytes 323490842-323701123/498427477,210282,210282,159.85579200059874,159.93216700007906,122.68054099695291,282.6484170000185,True,
3,304,2,fresh-client,1,cross_512_corner,deflate_256,DEFLATE,256,22,22,990,323701132,323912576,211445,206,bytes 323701132-323912576/498427477,211445,211445,242.30429100134643,242.37679100042442,609.988666998106,852.4117920023855,True,
3,305,4,fresh-client,1,interior,zstd_512,ZSTD,512,10,10,230,304767160,305606839,839680,206,bytes 304767160-305606839/490194415,839680,839680,151.61170799910906,151.64920799725223,933.7911260008696,1085.4834589990787,True,
3,306,2,fresh-client,1,cross_512_corner,lzw_128,LZW,128,43,43,3827,421475357,421546899,71543,206,bytes 421475357-421546899/661264391,71543,71543,363.7226669998199,363.7519580006483,54.7677089998615,418.53125000125146,True,
3,306,2,fresh-client,1,cross_512_corner,lzw_128,LZW,128,43,44,3828,421546908,421617252,70345,206,bytes 421546908-421617252/661264391,70345,70345,158.21654200044577,158.2545420023962,216.7071660005604,375.0262500034296,True,
3,306,2,fresh-client,1,cross_512_corner,lzw_128,LZW,128,44,43,3915,426954274,427023840,69567,206,bytes 426954274-427023840/661264391,69567,69567,194.57529099963722,194.63099999848055,90.04933300093398,284.7265409982356,True,
3,306,2,fresh-client,1,cross_512_corner,lzw_128,LZW,128,44,44,3916,427023849,427094094,70246,206,bytes 427023849-427094094/661264391,70246,70246,190.05245799780823,190.09391700092237,57.88679100078298,248.01045799904387,True,
3,307,3,fresh-client,1,cross_128_corner,lzw_512,LZW,512,10,10,230,411686466,412818824,1132359,206,bytes 411686466-412818824/661107776,1132359,1132359,169.10237500269432,169.1406670033757,352.1169170016947,521.3033340005495,True,
3,308,1,fresh-client,1,cross_256_corner,deflate_512,DEFLATE,512,10,10,230,310426888,311281522,854635,206,bytes 310426888-311281522/499024403,854635,854635,155.8246259992302,155.86191699912888,210.30783300011535,366.215583999292,True,
3,309,1,fresh-client,1,cross_256_edge,zstd_128,ZSTD,128,40,41,3561,300282113,300335031,52919,206,bytes 300282113-300335031/492119117,52919,52919,156.94004200122436,156.97754199936753,45.04308399918955,202.0347079997009,True,
3,309,1,fresh-client,1,cross_256_edge,zstd_128,ZSTD,128,40,42,3562,300335040,300386695,51656,206,bytes 300335040-300386695/492119117,51656,51656,160.18808399894624,160.22266700019827,47.95558399928268,208.1912920002651,True,
3,310,4,fresh-client,1,cross_512_edge,lzw_512,LZW,512,10,10,230,411686466,412818824,1132359,206,bytes 411686466-412818824/661107776,1132359,1132359,193.166791999829,193.2190419975086,292.9153330005647,486.17729199759196,True,
3,310,4,fresh-client,1,cross_512_edge,lzw_512,LZW,512,10,11,231,412818833,413920320,1101488,206,bytes 412818833-413920320/661107776,1101488,1101488,141.61008299925015,141.63920799910557,332.1563760000572,473.8410419995489,True,
3,311,4,fresh-client,1,cross_128_edge,deflate_128,DEFLATE,128,40,40,3560,305047460,305102560,55101,206,bytes 305047460-305102560/499617324,55101,55101,144.17937500184053,144.211875001929,132.76399999813293,277.00416700099595,True,
3,311,4,fresh-client,1,cross_128_edge,deflate_128,DEFLATE,128,40,41,3561,305102569,305156400,53832,206,bytes 305102569-305156400/499617324,53832,53832,151.9966670020949,152.02954200140084,48.96862500027055,201.01466699998127,True,
3,312,4,fresh-client,1,interior,deflate_128,DEFLATE,128,40,40,3560,305047460,305102560,55101,206,bytes 305047460-305102560/499617324,55101,55101,129.43649999942863,129.46924999778275,52.07966599846259,181.56579199785483,True,
3,313,2,fresh-client,1,cross_512_corner,deflate_128,DEFLATE,128,43,43,3827,318224016,318278030,54015,206,bytes 318224016-318278030/499617324,54015,54015,115.3177920023154,115.35245800041594,59.91612499929033,175.3009580024809,True,
3,313,2,fresh-client,1,cross_512_corner,deflate_128,DEFLATE,128,43,44,3828,318278039,318331048,53010,206,bytes 318278039-318331048/499617324,53010,53010,131.50445799692534,131.53762499860022,75.31366599869216,206.86333299818216,True,
3,313,2,fresh-client,1,cross_512_corner,deflate_128,DEFLATE,128,44,43,3915,322379939,322432680,52742,206,bytes 322379939-322432680/499617324,52742,52742,123.21499999961816,123.24483300108113,161.9755410029029,285.2507499992498,True,
3,313,2,fresh-client,1,cross_512_corner,deflate_128,DEFLATE,128,44,44,3916,322432689,322485817,53129,206,bytes 322432689-322485817/499617324,53129,53129,157.1682920002786,157.202624999627,66.08841700290213,223.31341699828045,True,
3,314,5,fresh-client,1,cross_128_edge,lzw_512,LZW,512,10,10,230,411686466,412818824,1132359,206,bytes 411686466-412818824/661107776,1132359,1132359,133.54849999814178,133.5775420011487,740.0583750022633,873.7154170012218,True,
3,315,4,fresh-client,1,cross_512_corner,deflate_256,DEFLATE,256,21,21,945,315110154,315323387,213234,206,bytes 315110154-315323387/498427477,213234,213234,143.9711669991084,144.00729200133355,117.39491700063809,261.4332090015523,True,
3,315,4,fresh-client,1,cross_512_corner,deflate_256,DEFLATE,256,21,22,946,315323396,315533302,209907,206,bytes 315323396-315533302/498427477,209907,209907,333.7015409997548,333.73020799990627,143.39537499836297,477.14895800163504,True,
3,315,4,fresh-client,1,cross_512_corner,deflate_256,DEFLATE,256,22,21,989,323490842,323701123,210282,206,bytes 323490842-323701123/498427477,210282,210282,142.01800000228104,142.04533399970387,204.69558399781818,346.76466699966113,True,
3,315,4,fresh-client,1,cross_512_corner,deflate_256,DEFLATE,256,22,22,990,323701132,323912576,211445,206,bytes 323701132-323912576/498427477,211445,211445,138.7697919999482,138.81087499976275,128.7274169990269,267.5624580006115,True,
1,1,2,reused-client,1,interior,zstd_256,ZSTD,256,20,20,900,301115142,301328168,213027,206,bytes 301115142-301328168/490384277,213027,213027,48.93604199969559,49.00599999746191,53.2296250021318,102.26241700001992,True,
1,2,3,reused-client,1,cross_128_corner,lzw_512,LZW,512,10,10,230,411686466,412818824,1132359,206,bytes 411686466-412818824/661107776,1132359,1132359,39.252000002306886,39.430709002772346,311.88400000246475,351.34650100008,True,
1,3,2,reused-client,1,cross_256_edge,deflate_256,DEFLATE,256,20,20,900,306262458,306479353,216896,206,bytes 306262458-306479353/498427477,216896,216896,41.96754200165742,42.0434590014338,59.36854199899244,101.43958399930852,True,
1,3,2,reused-client,1,cross_256_edge,deflate_256,DEFLATE,256,20,21,901,306479362,306690064,210703,206,bytes 306479362-306690064/498427477,210703,210703,41.6610420033976,41.736833001777995,30.795208000199636,72.56458300253144,True,
1,4,2,reused-client,1,cross_512_edge,zstd_128,ZSTD,128,40,43,3563,300386704,300438476,51773,206,bytes 300386704-300438476/492119117,51773,51773,43.54999999850406,43.71154199907323,0.4105830012122169,44.14854200149421,True,
1,4,2,reused-client,1,cross_512_edge,zstd_128,ZSTD,128,40,44,3564,300438485,300489278,50794,206,bytes 300438485-300489278/492119117,50794,50794,55.95637499936856,56.103541999618756,0.44787500155507587,56.57404200246674,True,
1,5,2,reused-client,1,cross_512_edge,deflate_128,DEFLATE,128,40,43,3563,305208773,305261361,52589,206,bytes 305208773-305261361/499617324,52589,52589,78.1428340014827,78.30783399913344,0.818540996988304,79.15208399936091,True,
1,5,2,reused-client,1,cross_512_edge,deflate_128,DEFLATE,128,40,44,3564,305261370,305312689,51320,206,bytes 305261370-305312689/499617324,51320,51320,58.163792000414105,58.203832999424776,2.855082999303704,61.070542000379646,True,
1,6,1,reused-client,1,cross_256_corner,lzw_128,LZW,128,41,41,3649,409965315,410035919,70605,206,bytes 409965315-410035919/661264391,70605,70605,31.513916997937486,31.635999999707565,6.142582999018487,37.7952919989184,True,
1,6,1,reused-client,1,cross_256_corner,lzw_128,LZW,128,41,42,3650,410035928,410107613,71686,206,bytes 410035928-410107613/661264391,71686,71686,146.10670800175285,146.1690420001105,0.45604199840454385,146.64733300014632,True,
1,6,1,reused-client,1,cross_256_corner,lzw_128,LZW,128,42,41,3737,415676272,415746842,70571,206,bytes 415676272-415746842/661264391,70571,70571,42.7849170009722,42.87891700005275,5.416915999376215,48.32183400139911,True,
1,6,1,reused-client,1,cross_256_corner,lzw_128,LZW,128,42,42,3738,415746851,415817546,70696,206,bytes 415746851-415817546/661264391,70696,70696,41.10708399821306,41.17787599898293,5.7440830023551825,46.94779199780896,True,
1,7,5,reused-client,1,interior,zstd_512,ZSTD,512,10,10,230,304767160,305606839,839680,206,bytes 304767160-305606839/490194415,839680,839680,45.62187500050641,45.87837500002934,164.61612500279443,210.52204100124072,True,
1,8,5,reused-client,1,cross_128_edge,zstd_256,ZSTD,256,20,20,900,301115142,301328168,213027,206,bytes 301115142-301328168/490384277,213027,213027,79.70025000031455,79.72729200264439,29.175333998864517,108.92020800019964,True,
1,9,5,reused-client,1,cross_512_corner,lzw_256,LZW,256,21,21,945,418246405,418529582,283178,206,bytes 418246405-418529582/661012853,283178,283178,35.915084001317155,35.984750000352506,52.18908300230396,88.21033400090528,True,
1,9,5,reused-client,1,cross_512_corner,lzw_256,LZW,256,21,22,946,418529591,418807664,278074,206,bytes 418529591-418807664/661012853,278074,278074,73.99329200052307,74.05566700253985,26.915290996839758,100.99254200031282,True,
1,9,5,reused-client,1,cross_512_corner,lzw_256,LZW,256,22,21,989,429313097,429591287,278191,206,bytes 429313097-429591287/661012853,278191,278191,44.923083998583024,44.98733400032506,51.04354200011585,96.1566669975582,True,
1,9,5,reused-client,1,cross_512_corner,lzw_256,LZW,256,22,22,990,429591296,429871211,279916,206,bytes 429591296-429871211/661012853,279916,279916,62.032750000071246,62.14045799788437,36.75204200044391,98.92233299979125,True,
1,10,4,reused-client,1,cross_128_edge,zstd_256,ZSTD,256,20,20,900,301115142,301328168,213027,206,bytes 301115142-301328168/490384277,213027,213027,56.97525000141468,57.03741700199316,37.26325000025099,94.32333299992024,True,
1,11,2,reused-client,1,cross_512_corner,deflate_128,DEFLATE,128,43,43,3827,318224016,318278030,54015,206,bytes 318224016-318278030/499617324,54015,54015,43.71449999962351,43.795542002044385,4.940874998283107,48.75766700206441,True,
1,11,2,reused-client,1,cross_512_corner,deflate_128,DEFLATE,128,43,44,3828,318278039,318331048,53010,206,bytes 318278039-318331048/499617324,53010,53010,132.33766700068372,132.47162499828846,5.873209000128554,138.3754169983149,True,
1,11,2,reused-client,1,cross_512_corner,deflate_128,DEFLATE,128,44,43,3915,322379939,322432680,52742,206,bytes 322379939-322432680/499617324,52742,52742,41.342374999658205,41.40291699877707,10.040958997706184,51.46700000113924,True,
1,11,2,reused-client,1,cross_512_corner,deflate_128,DEFLATE,128,44,44,3916,322432689,322485817,53129,206,bytes 322432689-322485817/499617324,53129,53129,43.23937500157626,43.29599999982747,5.972792001557536,49.29666600219207,True,
1,12,5,reused-client,1,cross_256_corner,deflate_256,DEFLATE,256,20,20,900,306262458,306479353,216896,206,bytes 306262458-306479353/498427477,216896,216896,42.15595899950131,42.24054199949023,53.24149999796646,95.50954199949047,True,
1,12,5,reused-client,1,cross_256_corner,deflate_256,DEFLATE,256,20,21,901,306479362,306690064,210703,206,bytes 306479362-306690064/498427477,210703,210703,41.60158299782779,41.69983300016611,26.73999999751686,68.46420799774933,True,
1,12,5,reused-client,1,cross_256_corner,deflate_256,DEFLATE,256,21,20,944,314896453,315110145,213693,206,bytes 314896453-315110145/498427477,213693,213693,41.87950000050478,41.954832999181235,48.693000000639586,90.67549999963376,True,
1,12,5,reused-client,1,cross_256_corner,deflate_256,DEFLATE,256,21,21,945,315110154,315323387,213234,206,bytes 315110154-315323387/498427477,213234,213234,53.32379199899151,53.76254200018593,20.880082996882265,74.66733399996883,True,
1,13,3,reused-client,1,cross_512_edge,lzw_512,LZW,512,10,10,230,411686466,412818824,1132359,206,bytes 411686466-412818824/661107776,1132359,1132359,51.05441699924995,51.12566699972376,210.11749999888707,261.2748339997779,True,
1,13,3,reused-client,1,cross_512_edge,lzw_512,LZW,512,10,11,231,412818833,413920320,1101488,206,bytes 412818833-413920320/661107776,1101488,1101488,51.75387499912176,51.78729199906229,275.9961670017219,327.8123330019298,True,
1,14,3,reused-client,1,cross_256_edge,lzw_512,LZW,512,10,10,230,411686466,412818824,1132359,206,bytes 411686466-412818824/661107776,1132359,1132359,49.58795800121152,49.65808300039498,249.29195900040213,298.9928749993851,True,
1,15,3,reused-client,1,cross_128_edge,deflate_128,DEFLATE,128,40,40,3560,305047460,305102560,55101,206,bytes 305047460-305102560/499617324,55101,55101,51.17000000245753,51.29375000251457,8.267041001090547,59.60554200282786,True,
1,15,3,reused-client,1,cross_128_edge,deflate_128,DEFLATE,128,40,41,3561,305102569,305156400,53832,206,bytes 305102569-305156400/499617324,53832,53832,95.97924999980023,96.11445799964713,0.46408400157815777,96.60345800148207,True,
1,16,1,reused-client,1,cross_512_edge,deflate_128,DEFLATE,128,40,43,3563,305208773,305261361,52589,206,bytes 305208773-305261361/499617324,52589,52589,105.17095799878007,105.28999999951338,0.3577920033421833,105.67150000133552,True,
1,16,1,reused-client,1,cross_512_edge,deflate_128,DEFLATE,128,40,44,3564,305261370,305312689,51320,206,bytes 305261370-305312689/499617324,51320,51320,190.45112500316463,190.5622910016973,70.1075420001871,260.69579199975124,True,
1,17,3,reused-client,1,cross_512_corner,zstd_256,ZSTD,256,21,21,945,309824343,310033910,209568,206,bytes 309824343-310033910/490384277,209568,209568,49.85500000111642,49.93391699827043,179.93791600019904,229.91237499809358,True,
1,17,3,reused-client,1,cross_512_corner,zstd_256,ZSTD,256,21,22,946,310033919,310240520,206602,206,bytes 310033919-310240520/490384277,206602,206602,50.77316700044321,50.89120900083799,76.85316700008116,127.78695900124148,True,
1,17,3,reused-client,1,cross_512_corner,zstd_256,ZSTD,256,22,21,989,318075010,318281956,206947,206,bytes 318075010-318281956/490384277,206947,206947,73.53112500277348,73.60325000263401,67.9846670027473,141.64366700060782,True,
1,17,3,reused-client,1,cross_512_corner,zstd_256,ZSTD,256,22,22,990,318281965,318490136,208172,206,bytes 318281965-318490136/490384277,208172,208172,95.74895900004776,95.86825000224053,59.10149999908754,155.01379200213705,True,
1,18,5,reused-client,1,cross_512_corner,zstd_128,ZSTD,128,43,43,3827,313219659,313272608,52950,206,bytes 313219659-313272608/492119117,52950,52950,63.110958002653206,63.22962500053109,0.5986670003039762,63.85408300047857,True,
1,18,5,reused-client,1,cross_512_corner,zstd_128,ZSTD,128,43,44,3828,313272617,313324753,52137,206,bytes 313272617-313324753/492119117,52137,52137,47.874375002720626,47.994000000471715,3.420625002036104,51.44591700081946,True,
1,18,5,reused-client,1,cross_512_corner,zstd_128,ZSTD,128,44,43,3915,317314658,317366615,51958,206,bytes 317314658-317366615/492119117,51958,51958,55.09716699816636,55.20412500118255,2.9846670004189946,58.224125001288485,True,
1,18,5,reused-client,1,cross_512_corner,zstd_128,ZSTD,128,44,44,3916,317366624,317418939,52316,206,bytes 317366624-317418939/492119117,52316,52316,54.4049999989511,54.53129200031981,0.4562920003081672,55.00591700183577,True,
1,19,4,reused-client,1,interior,deflate_128,DEFLATE,128,40,40,3560,305047460,305102560,55101,206,bytes 305047460-305102560/499617324,55101,55101,47.467125001276145,47.53675000029034,5.367999998270534,52.943709000828676,True,
1,20,4,reused-client,1,cross_256_corner,lzw_128,LZW,128,41,41,3649,409965315,410035919,70605,206,bytes 409965315-410035919/661264391,70605,70605,58.505875000264496,58.86395800189348,15.645999999833293,74.59929100150475,True,
1,20,4,reused-client,1,cross_256_corner,lzw_128,LZW,128,41,42,3650,410035928,410107613,71686,206,bytes 410035928-410107613/661264391,71686,71686,52.4750420008786,52.55320800279151,14.254959001846146,66.84250000034808,True,
1,20,4,reused-client,1,cross_256_corner,lzw_128,LZW,128,42,41,3737,415676272,415746842,70571,206,bytes 415676272-415746842/661264391,70571,70571,58.03300000115996,58.18208400160074,8.144791001541307,66.35616700077662,True,
1,20,4,reused-client,1,cross_256_corner,lzw_128,LZW,128,42,42,3738,415746851,415817546,70696,206,bytes 415746851-415817546/661264391,70696,70696,118.1717090003076,118.24274999889894,63.678250000521075,181.95529199874727,True,
1,21,1,reused-client,1,cross_128_corner,deflate_512,DEFLATE,512,10,10,230,310426888,311281522,854635,206,bytes 310426888-311281522/499024403,854635,854635,42.158625001320615,42.24287499891943,570.5715420008346,612.8534999988915,True,
1,22,3,reused-client,1,cross_256_edge,lzw_256,LZW,256,20,20,900,406553924,406841161,287238,206,bytes 406553924-406841161/661012853,287238,287238,82.50137499999255,82.57654100088985,166.49400000096648,249.11333300042315,True,
1,22,3,reused-client,1,cross_256_edge,lzw_256,LZW,256,20,21,901,406841170,407119092,277923,206,bytes 406841170-407119092/661012853,277923,277923,121.77191700175172,122.42225000227336,121.24833300185855,243.69908299922827,True,
1,23,2,reused-client,1,cross_512_edge,zstd_256,ZSTD,256,20,21,901,301328177,301535592,207416,206,bytes 301328177-301535592/490384277,207416,207416,44.12129100091988,44.238500002393266,66.77937499989639,111.05137500271667,True,
1,23,2,reused-client,1,cross_512_edge,zstd_256,ZSTD,256,20,22,902,301535601,301739853,204253,206,bytes 301535601-301739853/490384277,204253,204253,45.7161249978526,45.796583999617724,95.90433400080656,141.73712499905378,True,
1,24,5,reused-client,1,cross_128_edge,zstd_512,ZSTD,512,10,10,230,304767160,305606839,839680,206,bytes 304767160-305606839/490194415,839680,839680,50.23908299699542,50.35208299887017,332.89991700075916,383.2887919998029,True,
1,25,3,reused-client,1,interior,deflate_128,DEFLATE,128,40,40,3560,305047460,305102560,55101,206,bytes 305047460-305102560/499617324,55101,55101,43.716166001104284,43.82941600124468,2.704124999581836,46.5602910007874,True,
1,26,3,reused-client,1,cross_256_edge,zstd_256,ZSTD,256,20,20,900,301115142,301328168,213027,206,bytes 301115142-301328168/490384277,213027,213027,52.50954199800617,52.61041699850466,72.24066699927789,124.8879169979773,True,
1,26,3,reused-client,1,cross_256_edge,zstd_256,ZSTD,256,20,21,901,301328177,301535592,207416,206,bytes 301328177-301535592/490384277,207416,207416,119.28841599728912,119.42324999836273,57.48200000016368,176.9429999985732,True,
1,27,4,reused-client,1,cross_128_corner,lzw_256,LZW,256,20,20,900,406553924,406841161,287238,206,bytes 406553924-406841161/661012853,287238,287238,51.6158339996764,51.687749997654464,92.99137500056531,144.7084999999788,True,
1,28,5,reused-client,1,cross_512_corner,deflate_128,DEFLATE,128,43,43,3827,318224016,318278030,54015,206,bytes 318224016-318278030/499617324,54015,54015,69.82349999816506,69.98366699917824,1.1255839999648742,71.13804199980223,True,
1,28,5,reused-client,1,cross_512_corner,deflate_128,DEFLATE,128,43,44,3828,318278039,318331048,53010,206,bytes 318278039-318331048/499617324,53010,53010,49.581625000428176,49.66091700043762,0.24241699793492444,49.9223750011879,True,
1,28,5,reused-client,1,cross_512_corner,deflate_128,DEFLATE,128,44,43,3915,322379939,322432680,52742,206,bytes 322379939-322432680/499617324,52742,52742,53.120958000363316,53.287541999452515,36.381582998728845,89.70662499996251,True,
1,28,5,reused-client,1,cross_512_corner,deflate_128,DEFLATE,128,44,44,3916,322432689,322485817,53129,206,bytes 322432689-322485817/499617324,53129,53129,50.21754200060968,50.30020800040802,2.9774579998047557,53.30687500099884,True,
1,29,2,reused-client,1,cross_128_corner,deflate_128,DEFLATE,128,40,40,3560,305047460,305102560,55101,206,bytes 305047460-305102560/499617324,55101,55101,44.682167001155904,44.86295799870277,0.47774999984540045,45.36737499802257,True,
1,29,2,reused-client,1,cross_128_corner,deflate_128,DEFLATE,128,40,41,3561,305102569,305156400,53832,206,bytes 305102569-305156400/499617324,53832,53832,47.17095799787785,47.225415997672826,4.45358399883844,51.69654099881882,True,
1,29,2,reused-client,1,cross_128_corner,deflate_128,DEFLATE,128,41,40,3648,309446600,309501607,55008,206,bytes 309446600-309501607/499617324,55008,55008,56.128915999579476,56.56037500011735,6.543666000652593,63.13124999724096,True,
1,29,2,reused-client,1,cross_128_corner,deflate_128,DEFLATE,128,41,41,3649,309501616,309555017,53402,206,bytes 309501616-309555017/499617324,53402,53402,48.00462500134017,48.089875002915505,0.29437500052154064,48.40162500113365,True,
1,30,5,reused-client,1,cross_256_corner,lzw_256,LZW,256,20,20,900,406553924,406841161,287238,206,bytes 406553924-406841161/661012853,287238,287238,40.22941600123886,40.30370799955563,97.99533399927896,138.3133750023262,True,
1,30,5,reused-client,1,cross_256_corner,lzw_256,LZW,256,20,21,901,406841170,407119092,277923,206,bytes 406841170-407119092/661012853,277923,277923,46.99400000026799,47.03279100067448,77.79929099706351,124.86216600154876,True,
1,30,5,reused-client,1,cross_256_corner,lzw_256,LZW,256,21,20,944,417962328,418246396,284069,206,bytes 417962328-418246396/661012853,284069,284069,115.34133399982238,115.45099999784725,316.59579199913424,432.07708399859257,True,
1,30,5,reused-client,1,cross_256_corner,lzw_256,LZW,256,21,21,945,418246405,418529582,283178,206,bytes 418246405-418529582/661012853,283178,283178,60.284541999862995,60.35404199792538,212.9006670002127,273.29145899784635,True,
1,31,4,reused-client,1,interior,zstd_512,ZSTD,512,10,10,230,304767160,305606839,839680,206,bytes 304767160-305606839/490194415,839680,839680,37.76883400132647,37.83970900258282,598.1337089979206,636.0372510025627,True,
1,32,2,reused-client,1,cross_128_corner,lzw_512,LZW,512,10,10,230,411686466,412818824,1132359,206,bytes 411686466-412818824/661107776,1132359,1132359,58.41258299915353,58.529124999040505,526.4137920021312,585.0490000011632,True,
1,33,5,reused-client,1,cross_512_edge,deflate_512,DEFLATE,512,10,10,230,310426888,311281522,854635,206,bytes 310426888-311281522/499024403,854635,854635,53.43429200001992,53.55537600189564,349.36212500178954,402.9715420001594,True,
1,33,5,reused-client,1,cross_512_edge,deflate_512,DEFLATE,512,10,11,231,311281531,312113785,832255,206,bytes 311281531-312113785/499024403,832255,832255,45.144292002078146,45.24474999925587,281.73062600035337,327.0182920023217,True,
1,34,5,reused-client,1,interior,lzw_128,LZW,128,40,40,3560,404091050,404163820,72771,206,bytes 404091050-404163820/661264391,72771,72771,48.8480409985641,48.97066600096878,3.2105829995998647,52.21783299930394,True,
1,35,4,reused-client,1,cross_128_edge,deflate_128,DEFLATE,128,40,40,3560,305047460,305102560,55101,206,bytes 305047460-305102560/499617324,55101,55101,45.19274999984191,45.27520799820195,9.13100000252598,54.45174999840674,True,
1,35,4,reused-client,1,cross_128_edge,deflate_128,DEFLATE,128,40,41,3561,305102569,305156400,53832,206,bytes 305102569-305156400/499617324,53832,53832,55.76254100014921,55.88079099834431,24.827791999996407,80.78095800010487,True,
1,36,5,reused-client,1,cross_512_edge,lzw_128,LZW,128,40,43,3563,404303630,404372483,68854,206,bytes 404303630-404372483/661264391,68854,68854,50.35950000092271,50.452041999960784,2.5201669996022247,52.9995830002008,True,
1,36,5,reused-client,1,cross_512_edge,lzw_128,LZW,128,40,44,3564,404372492,404440436,67945,206,bytes 404372492-404440436/661264391,67945,67945,43.98170900094556,44.10066700074822,1.0110419971169904,45.14208399996278,True,
1,37,5,reused-client,1,cross_512_edge,zstd_512,ZSTD,512,10,10,230,304767160,305606839,839680,206,bytes 304767160-305606839/490194415,839680,839680,44.18087500016554,44.30308300288743,294.8695000013686,339.23308300290955,True,
1,37,5,reused-client,1,cross_512_edge,zstd_512,ZSTD,512,10,11,231,305606848,306426901,820054,206,bytes 305606848-306426901/490194415,820054,820054,43.792417000076966,43.872416998055996,365.47079200317967,409.3708340005833,True,
1,38,5,reused-client,1,interior,deflate_128,DEFLATE,128,40,40,3560,305047460,305102560,55101,206,bytes 305047460-305102560/499617324,55101,55101,93.06404200106044,93.14612500020303,0.48754199815448374,93.65920900017954,True,
1,39,5,reused-client,1,cross_128_edge,deflate_128,DEFLATE,128,40,40,3560,305047460,305102560,55101,206,bytes 305047460-305102560/499617324,55101,55101,48.94741699899896,49.21208399900934,5.850916997587774,55.110291999881156,True,
1,39,5,reused-client,1,cross_128_edge,deflate_128,DEFLATE,128,40,41,3561,305102569,305156400,53832,206,bytes 305102569-305156400/499617324,53832,53832,51.165666001907084,51.29708300228231,3.696042000228772,55.03329099883558,True,
1,40,5,reused-client,1,cross_256_edge,zstd_512,ZSTD,512,10,10,230,304767160,305606839,839680,206,bytes 304767160-305606839/490194415,839680,839680,83.52204199763946,83.61329199760803,221.21754199906718,304.9093339977844,True,
1,41,5,reused-client,1,interior,deflate_256,DEFLATE,256,20,20,900,306262458,306479353,216896,206,bytes 306262458-306479353/498427477,216896,216896,141.0750420000113,141.2012920009147,44.71279099743697,185.93795799824875,True,
1,42,4,reused-client,1,cross_512_edge,zstd_128,ZSTD,128,40,43,3563,300386704,300438476,51773,206,bytes 300386704-300438476/492119117,51773,51773,42.082374999154126,42.20691699811141,2.2513329968205653,44.48137500003213,True,
1,42,4,reused-client,1,cross_512_edge,zstd_128,ZSTD,128,40,44,3564,300438485,300489278,50794,206,bytes 300438485-300489278/492119117,50794,50794,40.551333000621526,40.65804099809611,3.5002910008188337,44.17891599950963,True,
1,43,5,reused-client,1,cross_512_edge,lzw_256,LZW,256,20,21,901,406841170,407119092,277923,206,bytes 406841170-407119092/661012853,277923,277923,49.65141600041534,49.78162499901373,38.94520800167811,88.76966599927982,True,
1,43,5,reused-client,1,cross_512_edge,lzw_256,LZW,256,20,22,902,407119101,407393560,274460,206,bytes 407119101-407393560/661012853,274460,274460,41.5244169998914,41.606499999033986,32.453042000270216,74.09166700017522,True,
1,44,2,reused-client,1,interior,deflate_128,DEFLATE,128,40,40,3560,305047460,305102560,55101,206,bytes 305047460-305102560/499617324,55101,55101,52.38449999887962,52.49720899882959,0.3362500028742943,52.85487500077579,True,
1,45,2,reused-client,1,cross_512_edge,lzw_512,LZW,512,10,10,230,411686466,412818824,1132359,206,bytes 411686466-412818824/661107776,1132359,1132359,72.04037599876756,72.13495899850386,180.86358300206484,253.0135839988361,True,
1,45,2,reused-client,1,cross_512_edge,lzw_512,LZW,512,10,11,231,412818833,413920320,1101488,206,bytes 412818833-413920320/661107776,1101488,1101488,47.11174999829382,47.143250001681736,171.6844160000619,218.87845899982494,True,
1,46,4,reused-client,1,cross_128_edge,lzw_256,LZW,256,20,20,900,406553924,406841161,287238,206,bytes 406553924-406841161/661012853,287238,287238,51.80112499874667,51.87508399831131,31.25374999945052,83.16895899770316,True,
1,47,5,reused-client,1,cross_512_edge,zstd_256,ZSTD,256,20,21,901,301328177,301535592,207416,206,bytes 301328177-301535592/490384277,207416,207416,131.08379199911724,131.1918749997858,18.40075000291108,149.64154200060875,True,
1,47,5,reused-client,1,cross_512_edge,zstd_256,ZSTD,256,20,22,902,301535601,301739853,204253,206,bytes 301535601-301739853/490384277,204253,204253,64.08445800116169,64.20945799982292,139.47654199728277,203.7112079997314,True,
1,48,1,reused-client,1,cross_128_corner,zstd_256,ZSTD,256,20,20,900,301115142,301328168,213027,206,bytes 301115142-301328168/490384277,213027,213027,34.48591599953943,34.615707998455036,34.62574999866774,69.32858299842337,True,
1,49,1,reused-client,1,cross_128_edge,deflate_128,DEFLATE,128,40,40,3560,305047460,305102560,55101,206,bytes 305047460-305102560/499617324,55101,55101,53.60087500230293,53.6810420016991,0.32429100247099996,54.0262079994136,True,
1,49,1,reused-client,1,cross_128_edge,deflate_128,DEFLATE,128,40,41,3561,305102569,305156400,53832,206,bytes 305102569-305156400/499617324,53832,53832,35.77137499814853,35.846290997142205,2.303042001585709,38.17408299801173,True,
1,50,3,reused-client,1,cross_256_corner,zstd_256,ZSTD,256,20,20,900,301115142,301328168,213027,206,bytes 301115142-301328168/490384277,213027,213027,58.23874999987311,58.30945799971232,56.019791001745034,114.3597080008476,True,
1,50,3,reused-client,1,cross_256_corner,zstd_256,ZSTD,256,20,21,901,301328177,301535592,207416,206,bytes 301328177-301535592/490384277,207416,207416,39.97966600218206,40.097290999256074,41.44545799863408,81.59245800197823,True,
1,50,3,reused-client,1,cross_256_corner,zstd_256,ZSTD,256,21,20,944,309614499,309824334,209836,206,bytes 309614499-309824334/490384277,209836,209836,65.32220799999777,65.46087499737041,42.74762499699136,108.24258299908252,True,
1,50,3,reused-client,1,cross_256_corner,zstd_256,ZSTD,256,21,21,945,309824343,310033910,209568,206,bytes 309824343-310033910/490384277,209568,209568,47.73399999976391,47.839165999903344,30.69491700080107,78.57112499914365,True,
1,51,2,reused-client,1,cross_256_edge,zstd_128,ZSTD,128,40,41,3561,300282113,300335031,52919,206,bytes 300282113-300335031/492119117,52919,52919,43.615124999632826,43.726167001295835,1.8106659990735352,45.5670840019593,True,
1,51,2,reused-client,1,cross_256_edge,zstd_128,ZSTD,128,40,42,3562,300335040,300386695,51656,206,bytes 300335040-300386695/492119117,51656,51656,67.31333299831022,67.43554099739413,143.68712499708636,211.18037499763886,True,
1,52,4,reused-client,1,cross_512_edge,lzw_256,LZW,256,20,21,901,406841170,407119092,277923,206,bytes 406841170-407119092/661012853,277923,277923,44.291416998021305,44.35570900022867,89.80504099963582,134.18812499730848,True,
1,52,4,reused-client,1,cross_512_edge,lzw_256,LZW,256,20,22,902,407119101,407393560,274460,206,bytes 407119101-407393560/661012853,274460,274460,43.51583300012862,43.609999996988336,110.65099999905215,154.31262499987497,True,
1,53,2,reused-client,1,cross_512_edge,lzw_256,LZW,256,20,21,901,406841170,407119092,277923,206,bytes 406841170-407119092/661012853,277923,277923,47.088666000490775,47.16637499950593,192.74829200003296,239.98466699777055,True,
1,53,2,reused-client,1,cross_512_edge,lzw_256,LZW,256,20,22,902,407119101,407393560,274460,206,bytes 407119101-407393560/661012853,274460,274460,43.98024999682093,44.08487499676994,50.78549999961979,94.92408299774979,True,
1,54,4,reused-client,1,cross_512_corner,deflate_128,DEFLATE,128,43,43,3827,318224016,318278030,54015,206,bytes 318224016-318278030/499617324,54015,54015,39.83558300024015,39.95674999896437,0.5173329991521314,40.49479199966299,True,
1,54,4,reused-client,1,cross_512_corner,deflate_128,DEFLATE,128,43,44,3828,318278039,318331048,53010,206,bytes 318278039-318331048/499617324,53010,53010,49.249832998611964,49.36637499849894,36.5183750000142,85.95129099921905,True,
1,54,4,reused-client,1,cross_512_corner,deflate_128,DEFLATE,128,44,43,3915,322379939,322432680,52742,206,bytes 322379939-322432680/499617324,52742,52742,60.42320900087361,60.571458998310845,6.916458001796855,67.53954200030421,True,
1,54,4,reused-client,1,cross_512_corner,deflate_128,DEFLATE,128,44,44,3916,322432689,322485817,53129,206,bytes 322432689-322485817/499617324,53129,53129,54.92395800320082,55.01895800261991,0.39450000258511864,55.463291002524784,True,
1,55,2,reused-client,1,cross_256_edge,zstd_256,ZSTD,256,20,20,900,301115142,301328168,213027,206,bytes 301115142-301328168/490384277,213027,213027,79.28404100312036,79.41741600006935,115.25312500089058,194.73550000111572,True,
1,55,2,reused-client,1,cross_256_edge,zstd_256,ZSTD,256,20,21,901,301328177,301535592,207416,206,bytes 301328177-301535592/490384277,207416,207416,71.37599999987287,71.6740000025311,38.472583997645415,110.20983300113585,True,
1,56,5,reused-client,1,cross_128_edge,lzw_128,LZW,128,40,40,3560,404091050,404163820,72771,206,bytes 404091050-404163820/661264391,72771,72771,57.280791999801295,57.386042000871385,10.715915999753634,68.1453329998476,True,
1,56,5,reused-client,1,cross_128_edge,lzw_128,LZW,128,40,41,3561,404163829,404234861,71033,206,bytes 404163829-404234861/661264391,71033,71033,41.067458001634805,41.17729100107681,5.016207996959565,46.22350000136066,True,
1,57,2,reused-client,1,interior,zstd_128,ZSTD,128,40,40,3560,300228058,300282104,54047,206,bytes 300228058-300282104/492119117,54047,54047,73.69716700122808,73.80679199923179,0.3694579972943757,74.20729200021015,True,
1,58,2,reused-client,1,cross_256_corner,zstd_128,ZSTD,128,41,41,3649,304621142,304673679,52538,206,bytes 304621142-304673679/492119117,52538,52538,52.275874997576466,52.40516599951661,6.73224999991362,59.17404099818668,True,
1,58,2,reused-client,1,cross_256_corner,zstd_128,ZSTD,128,41,42,3650,304673688,304726888,53201,206,bytes 304673688-304726888/492119117,53201,53201,50.8963339998445,51.01008399651619,0.37508400055230595,51.404458998149494,True,
1,58,2,reused-client,1,cross_256_corner,zstd_128,ZSTD,128,42,41,3737,308887700,308940134,52435,206,bytes 308887700-308940134/492119117,52435,52435,46.851958002662286,46.942750002926914,4.151500001171371,51.1240000014368,True,
1,58,2,reused-client,1,cross_256_corner,zstd_128,ZSTD,128,42,42,3738,308940143,308992671,52529,206,bytes 308940143-308992671/492119117,52529,52529,64.10104200040223,64.18900000062422,0.3789590009546373,64.58504200054449,True,
1,59,3,reused-client,1,cross_512_edge,deflate_256,DEFLATE,256,20,21,901,306479362,306690064,210703,206,bytes 306479362-306690064/498427477,210703,210703,57.405042000027606,57.51520799822174,31.779000000824453,89.34320800108253,True,
1,59,3,reused-client,1,cross_512_edge,deflate_256,DEFLATE,256,20,22,902,306690073,306897377,207305,206,bytes 306690073-306897377/498427477,207305,207305,50.66445899865357,50.78050000156509,29.97683300054632,80.80245900055161,True,
1,60,2,reused-client,1,cross_128_corner,deflate_256,DEFLATE,256,20,20,900,306262458,306479353,216896,206,bytes 306262458-306479353/498427477,216896,216896,57.29708400031086,57.38258400015184,131.4867500004766,188.90858400118304,True,
1,61,4,reused-client,1,cross_512_edge,deflate_256,DEFLATE,256,20,21,901,306479362,306690064,210703,206,bytes 306479362-306690064/498427477,210703,210703,46.480416000122204,46.57075000068289,145.02183299919125,191.6440410022915,True,
1,61,4,reused-client,1,cross_512_edge,deflate_256,DEFLATE,256,20,22,902,306690073,306897377,207305,206,bytes 306690073-306897377/498427477,207305,207305,61.341249998804415,61.49783300134004,87.80562500032829,149.3327499993029,True,
1,62,3,reused-client,1,interior,deflate_256,DEFLATE,256,20,20,900,306262458,306479353,216896,206,bytes 306262458-306479353/498427477,216896,216896,38.50883299674024,38.6006249973434,64.28075000076205,102.92783299883013,True,
1,63,1,reused-client,1,cross_128_edge,zstd_256,ZSTD,256,20,20,900,301115142,301328168,213027,206,bytes 301115142-301328168/490384277,213027,213027,58.36204099978204,58.448957999644335,71.44483399679302,129.9513330013724,True,
1,64,4,reused-client,1,cross_128_edge,deflate_512,DEFLATE,512,10,10,230,310426888,311281522,854635,206,bytes 310426888-311281522/499024403,854635,854635,39.35679200003506,39.46079199886299,248.74383299902547,288.2552500013844,True,
1,65,3,reused-client,1,cross_128_edge,lzw_256,LZW,256,20,20,900,406553924,406841161,287238,206,bytes 406553924-406841161/661012853,287238,287238,41.393374998733634,41.50762499921257,65.70954200287815,107.25966700192657,True,
1,66,2,reused-client,1,cross_512_corner,zstd_128,ZSTD,128,43,43,3827,313219659,313272608,52950,206,bytes 313219659-313272608/492119117,52950,52950,40.453582998452475,40.55225000047358,28.211374999955297,68.80195800113142,True,
1,66,2,reused-client,1,cross_512_corner,zstd_128,ZSTD,128,43,44,3828,313272617,313324753,52137,206,bytes 313272617-313324753/492119117,52137,52137,41.6042920005566,41.70533399883425,3.4441659990989137,45.180666998930974,True,
1,66,2,reused-client,1,cross_512_corner,zstd_128,ZSTD,128,44,43,3915,317314658,317366615,51958,206,bytes 317314658-317366615/492119117,51958,51958,105.28112500105635,105.39841699937824,0.5364169992390089,105.9590839977318,True,
1,66,2,reused-client,1,cross_512_corner,zstd_128,ZSTD,128,44,44,3916,317366624,317418939,52316,206,bytes 317366624-317418939/492119117,52316,52316,69.37974999891594,69.48225000087405,0.49745800060918555,70.00087499909569,True,
1,67,2,reused-client,1,cross_512_edge,zstd_512,ZSTD,512,10,10,230,304767160,305606839,839680,206,bytes 304767160-305606839/490194415,839680,839680,38.19820900025661,38.32045900344383,235.1755419986148,273.55145900219213,True,
1,67,2,reused-client,1,cross_512_edge,zstd_512,ZSTD,512,10,11,231,305606848,306426901,820054,206,bytes 305606848-306426901/490194415,820054,820054,47.85020900089876,47.95591700167279,492.6881259998481,540.6852920023084,True,
1,68,5,reused-client,1,cross_256_corner,deflate_128,DEFLATE,128,41,41,3649,309501616,309555017,53402,206,bytes 309501616-309555017/499617324,53402,53402,47.822000000451226,47.96916700070142,4.963958002917934,52.965541999583365,True,
1,68,5,reused-client,1,cross_256_corner,deflate_128,DEFLATE,128,41,42,3650,309555026,309609246,54221,206,bytes 309555026-309609246/499617324,54221,54221,108.33099999945262,108.40625000128057,0.3256659983890131,108.7491250000312,True,
1,68,5,reused-client,1,cross_256_corner,deflate_128,DEFLATE,128,42,41,3737,313827295,313880653,53359,206,bytes 313827295-313880653/499617324,53359,53359,53.916042001219466,53.993084002286196,5.644666001899168,59.66758400245453,True,
1,68,5,reused-client,1,cross_256_corner,deflate_128,DEFLATE,128,42,42,3738,313880662,313934033,53372,206,bytes 313880662-313934033/499617324,53372,53372,44.697875000565546,44.773834000807256,31.6616249983781,76.46170900261495,True,
1,69,4,reused-client,1,cross_512_corner,lzw_128,LZW,128,43,43,3827,421475357,421546899,71543,206,bytes 421475357-421546899/661264391,71543,71543,74.45358299810323,74.53633299883222,31.10324999943259,105.6683749993681,True,
1,69,4,reused-client,1,cross_512_corner,lzw_128,LZW,128,43,44,3828,421546908,421617252,70345,206,bytes 421546908-421617252/661264391,70345,70345,51.84933300188277,51.93162499926984,44.64254100093967,96.60599999915576,True,
1,69,4,reused-client,1,cross_512_corner,lzw_128,LZW,128,44,43,3915,426954274,427023840,69567,206,bytes 426954274-427023840/661264391,69567,69567,58.2219999996596,58.30516700007138,82.823708999058,141.1587509974197,True,
1,69,4,reused-client,1,cross_512_corner,lzw_128,LZW,128,44,44,3916,427023849,427094094,70246,206,bytes 427023849-427094094/661264391,70246,70246,54.59987499853014,54.67441599830636,59.346499998355284,114.07854099888937,True,
1,70,5,reused-client,1,cross_256_edge,deflate_256,DEFLATE,256,20,20,900,306262458,306479353,216896,206,bytes 306262458-306479353/498427477,216896,216896,71.96179200036568,72.02974999745493,155.61108400288504,227.68599999835715,True,
1,70,5,reused-client,1,cross_256_edge,deflate_256,DEFLATE,256,20,21,901,306479362,306690064,210703,206,bytes 306479362-306690064/498427477,210703,210703,104.63566700127558,104.77829200317501,213.695957998425,318.5411260019464,True,
1,71,2,reused-client,1,cross_512_corner,zstd_512,ZSTD,512,10,10,230,304767160,305606839,839680,206,bytes 304767160-305606839/490194415,839680,839680,68.67358300223714,68.85391700052423,517.8517499989539,586.7588330002036,True,
1,71,2,reused-client,1,cross_512_corner,zstd_512,ZSTD,512,10,11,231,305606848,306426901,820054,206,bytes 305606848-306426901/490194415,820054,820054,58.39020800340222,58.49458300144761,617.3606250013108,675.88112500016,True,
1,71,2,reused-client,1,cross_512_corner,zstd_512,ZSTD,512,11,10,252,321640707,322458855,818149,206,bytes 321640707-322458855/490194415,818149,818149,42.86812500140513,42.92962500039721,458.48595799907343,501.4515010007017,True,
1,71,2,reused-client,1,cross_512_corner,zstd_512,ZSTD,512,11,11,253,322458864,323289120,830257,206,bytes 322458864-323289120/490194415,830257,830257,37.09083300054772,37.166500002058456,478.19983400040655,515.3898749995278,True,
1,72,3,reused-client,1,cross_512_corner,deflate_128,DEFLATE,128,43,43,3827,318224016,318278030,54015,206,bytes 318224016-318278030/499617324,54015,54015,53.683916998124914,53.76787499699276,1.1519580002641305,54.94804199770442,True,
1,72,3,reused-client,1,cross_512_corner,deflate_128,DEFLATE,128,43,44,3828,318278039,318331048,53010,206,bytes 318278039-318331048/499617324,53010,53010,431.9770000001881,432.0484160016349,163.3200840005884,595.4044580030313,True,
1,72,3,reused-client,1,cross_512_corner,deflate_128,DEFLATE,128,44,43,3915,322379939,322432680,52742,206,bytes 322379939-322432680/499617324,52742,52742,127.97387500177138,128.04504100131453,18.353333001869032,146.4580410029157,True,
1,72,3,reused-client,1,cross_512_corner,deflate_128,DEFLATE,128,44,44,3916,322432689,322485817,53129,206,bytes 322432689-322485817/499617324,53129,53129,43.497708000359125,43.57891700055916,37.98766700128908,81.61691699933726,True,
1,73,3,reused-client,1,cross_512_corner,lzw_128,LZW,128,43,43,3827,421475357,421546899,71543,206,bytes 421475357-421546899/661264391,71543,71543,41.29366699999082,41.36149999976624,42.55341699899873,83.93724999768892,True,
1,73,3,reused-client,1,cross_512_corner,lzw_128,LZW,128,43,44,3828,421546908,421617252,70345,206,bytes 421546908-421617252/661264391,70345,70345,82.68579200012027,82.75541700277245,33.26162500161445,116.04366700339597,True,
1,73,3,reused-client,1,cross_512_corner,lzw_128,LZW,128,44,43,3915,426954274,427023840,69567,206,bytes 426954274-427023840/661264391,69567,69567,59.88845899992157,59.98037500103237,36.00125000230037,96.01733299859916,True,
1,73,3,reused-client,1,cross_512_corner,lzw_128,LZW,128,44,44,3916,427023849,427094094,70246,206,bytes 427023849-427094094/661264391,70246,70246,49.50654200001736,49.57387500326149,25.35308399819769,74.9521249999816,True,
1,74,2,reused-client,1,cross_256_corner,deflate_256,DEFLATE,256,20,20,900,306262458,306479353,216896,206,bytes 306262458-306479353/498427477,216896,216896,43.11616699851584,43.19395900165546,150.51620800295495,193.76245899911737,True,
1,74,2,reused-client,1,cross_256_corner,deflate_256,DEFLATE,256,20,21,901,306479362,306690064,210703,206,bytes 306479362-306690064/498427477,210703,210703,68.8512080014334,68.95862500095973,139.2751249986759,208.26525000302354,True,
1,74,2,reused-client,1,cross_256_corner,deflate_256,DEFLATE,256,21,20,944,314896453,315110145,213693,206,bytes 314896453-315110145/498427477,213693,213693,117.22649999865098,117.92312499892432,161.63554200102226,279.6052499979851,True,
1,74,2,reused-client,1,cross_256_corner,deflate_256,DEFLATE,256,21,21,945,315110154,315323387,213234,206,bytes 315110154-315323387/498427477,213234,213234,53.58762499963632,53.65891699693748,106.14895899925614,159.8389999999199,True,
1,75,4,reused-client,1,cross_256_corner,lzw_256,LZW,256,20,20,900,406553924,406841161,287238,206,bytes 406553924-406841161/661012853,287238,287238,54.72245900091366,54.81537499872502,102.06858400124474,156.92508400024963,True,
1,75,4,reused-client,1,cross_256_corner,lzw_256,LZW,256,20,21,901,406841170,407119092,277923,206,bytes 406841170-407119092/661012853,277923,277923,83.31470799748786,83.47991700065904,99.09224999864819,182.60116699821083,True,
1,75,4,reused-client,1,cross_256_corner,lzw_256,LZW,256,21,20,944,417962328,418246396,284069,206,bytes 417962328-418246396/661012853,284069,284069,50.86712499905843,50.9018329976243,123.80433399812318,174.7361669986276,True,
1,75,4,reused-client,1,cross_256_corner,lzw_256,LZW,256,21,21,945,418246405,418529582,283178,206,bytes 418246405-418529582/661012853,283178,283178,41.17320799923618,41.22941600144259,86.72720799950184,127.98912500147708,True,
1,76,1,reused-client,1,cross_512_edge,lzw_256,LZW,256,20,21,901,406841170,407119092,277923,206,bytes 406841170-407119092/661012853,277923,277923,136.32287500149687,136.41862499935087,84.79766699747415,221.2427500016929,True,
1,76,1,reused-client,1,cross_512_edge,lzw_256,LZW,256,20,22,902,407119101,407393560,274460,206,bytes 407119101-407393560/661012853,274460,274460,48.27570899942657,48.43649999747868,129.2517499969108,177.88620899955276,True,
1,77,2,reused-client,1,cross_128_corner,lzw_128,LZW,128,40,40,3560,404091050,404163820,72771,206,bytes 404091050-404163820/661264391,72771,72771,51.80612500043935,51.88358300074469,9.93074999860255,61.876208001194755,True,
1,77,2,reused-client,1,cross_128_corner,lzw_128,LZW,128,40,41,3561,404163829,404234861,71033,206,bytes 404163829-404234861/661264391,71033,71033,49.908458000572864,50.02862500259653,22.887459002959076,72.96716700147954,True,
1,77,2,reused-client,1,cross_128_corner,lzw_128,LZW,128,41,40,3648,409892800,409965306,72507,206,bytes 409892800-409965306/661264391,72507,72507,66.57129200175405,66.64795899996534,0.5968339974060655,67.26183400314767,True,
1,77,2,reused-client,1,cross_128_corner,lzw_128,LZW,128,41,41,3649,409965315,410035919,70605,206,bytes 409965315-410035919/661264391,70605,70605,62.116957997204736,62.23991599836154,0.35525000203051604,62.6109999975597,True,
1,78,1,reused-client,1,cross_128_edge,lzw_256,LZW,256,20,20,900,406553924,406841161,287238,206,bytes 406553924-406841161/661012853,287238,287238,74.32566699935705,74.41024999934598,72.63108299957821,147.08204199996544,True,
1,79,5,reused-client,1,cross_256_edge,deflate_128,DEFLATE,128,40,41,3561,305102569,305156400,53832,206,bytes 305102569-305156400/499617324,53832,53832,50.1685829985945,50.303541000175755,10.017333999712719,60.35462499858113,True,
1,79,5,reused-client,1,cross_256_edge,deflate_128,DEFLATE,128,40,42,3562,305156409,305208764,52356,206,bytes 305156409-305208764/499617324,52356,52356,86.89924999998766,87.02070800063666,0.3877500021189917,87.43179199882434,True,
1,80,4,reused-client,1,cross_256_edge,zstd_256,ZSTD,256,20,20,900,301115142,301328168,213027,206,bytes 301115142-301328168/490384277,213027,213027,44.76516700015054,44.880792000185465,44.77829100142117,89.7462920001999,True,
1,80,4,reused-client,1,cross_256_edge,zstd_256,ZSTD,256,20,21,901,301328177,301535592,207416,206,bytes 301328177-301535592/490384277,207416,207416,42.697958000644576,42.82170800070162,122.48099999851547,165.35141599888448,True,
1,81,3,reused-client,1,cross_128_corner,lzw_256,LZW,256,20,20,900,406553924,406841161,287238,206,bytes 406553924-406841161/661012853,287238,287238,44.85666700202273,44.945458001166116,60.596874998736894,105.58129200217081,True,
1,82,4,reused-client,1,cross_256_corner,deflate_256,DEFLATE,256,20,20,900,306262458,306479353,216896,206,bytes 306262458-306479353/498427477,216896,216896,42.70116600309848,42.782958000316285,38.77166600068449,81.58170800015796,True,
1,82,4,reused-client,1,cross_256_corner,deflate_256,DEFLATE,256,20,21,901,306479362,306690064,210703,206,bytes 306479362-306690064/498427477,210703,210703,53.41641700215405,53.50241700216429,29.156582997529767,82.70104200346395,True,
1,82,4,reused-client,1,cross_256_corner,deflate_256,DEFLATE,256,21,20,944,314896453,315110145,213693,206,bytes 314896453-315110145/498427477,213693,213693,76.31333300014376,76.43399999869871,47.7429589991516,124.22570799753885,True,
1,82,4,reused-client,1,cross_256_corner,deflate_256,DEFLATE,256,21,21,945,315110154,315323387,213234,206,bytes 315110154-315323387/498427477,213234,213234,47.28287499892758,47.42791599710472,39.502791998529574,86.99654099837062,True,
1,83,3,reused-client,1,cross_128_edge,lzw_128,LZW,128,40,40,3560,404091050,404163820,72771,206,bytes 404091050-404163820/661264391,72771,72771,51.94775000200025,52.08554199998616,1.2605839983734768,53.37287500151433,True,
1,83,3,reused-client,1,cross_128_edge,lzw_128,LZW,128,40,41,3561,404163829,404234861,71033,206,bytes 404163829-404234861/661264391,71033,71033,44.26516699822969,44.41729199970723,3.425540999160148,47.87383399889222,True,
1,84,1,reused-client,1,cross_256_edge,deflate_256,DEFLATE,256,20,20,900,306262458,306479353,216896,206,bytes 306262458-306479353/498427477,216896,216896,70.44637500075623,70.57837499814923,32.74358400085475,103.36016699875472,True,
1,84,1,reused-client,1,cross_256_edge,deflate_256,DEFLATE,256,20,21,901,306479362,306690064,210703,206,bytes 306479362-306690064/498427477,210703,210703,39.345749999483814,39.41608300010557,35.64754200124298,75.09012499940582,True,
1,85,1,reused-client,1,cross_256_corner,deflate_256,DEFLATE,256,20,20,900,306262458,306479353,216896,206,bytes 306262458-306479353/498427477,216896,216896,106.64766700210748,110.30491700148559,43.685290998837445,154.07437500107335,True,
1,85,1,reused-client,1,cross_256_corner,deflate_256,DEFLATE,256,20,21,901,306479362,306690064,210703,206,bytes 306479362-306690064/498427477,210703,210703,160.85433300031582,160.9851670000353,54.054042000643676,215.08529200218618,True,
1,85,1,reused-client,1,cross_256_corner,deflate_256,DEFLATE,256,21,20,944,314896453,315110145,213693,206,bytes 314896453-315110145/498427477,213693,213693,68.98570900011691,69.10404200243647,73.78608399812947,142.92691700029536,True,
1,85,1,reused-client,1,cross_256_corner,deflate_256,DEFLATE,256,21,21,945,315110154,315323387,213234,206,bytes 315110154-315323387/498427477,213234,213234,45.42149999906542,45.53049999958603,84.8005000007106,130.39341699914075,True,
1,86,1,reused-client,1,cross_256_corner,zstd_512,ZSTD,512,10,10,230,304767160,305606839,839680,206,bytes 304767160-305606839/490194415,839680,839680,50.06425000101444,50.16116700062412,320.42941699910443,370.6424590018287,True,
1,87,4,reused-client,1,cross_128_edge,deflate_256,DEFLATE,256,20,20,900,306262458,306479353,216896,206,bytes 306262458-306479353/498427477,216896,216896,52.01012500037905,52.306584002508316,110.42425000050571,162.76975000073435,True,
1,88,2,reused-client,1,cross_128_edge,lzw_128,LZW,128,40,40,3560,404091050,404163820,72771,206,bytes 404091050-404163820/661264391,72771,72771,125.18620799892233,125.36112499947194,26.771124998049345,152.17662500072038,True,
1,88,2,reused-client,1,cross_128_edge,lzw_128,LZW,128,40,41,3561,404163829,404234861,71033,206,bytes 404163829-404234861/661264391,71033,71033,46.5980840017437,46.71970900017186,28.811375002987916,75.57983400329249,True,
1,89,1,reused-client,1,interior,lzw_128,LZW,128,40,40,3560,404091050,404163820,72771,206,bytes 404091050-404163820/661264391,72771,72771,83.7171249986568,83.79499999864493,28.952959000889678,112.81808399871807,True,
1,90,1,reused-client,1,cross_512_edge,deflate_256,DEFLATE,256,20,21,901,306479362,306690064,210703,206,bytes 306479362-306690064/498427477,210703,210703,45.883083999797236,45.951209001941606,77.57358299932093,123.55050000041956,True,
1,90,1,reused-client,1,cross_512_edge,deflate_256,DEFLATE,256,20,22,902,306690073,306897377,207305,206,bytes 306690073-306897377/498427477,207305,207305,41.75754199968651,41.81962499933434,101.78799999994226,143.6416670003382,True,
1,91,2,reused-client,1,cross_256_edge,deflate_512,DEFLATE,512,10,10,230,310426888,311281522,854635,206,bytes 310426888-311281522/499024403,854635,854635,46.34079099923838,46.404500000789994,647.9404999990948,694.4058750013937,True,
1,92,3,reused-client,1,cross_256_corner,lzw_128,LZW,128,41,41,3649,409965315,410035919,70605,206,bytes 409965315-410035919/661264391,70605,70605,46.94875000132015,47.05729200213682,43.0430830019759,90.20545900057186,True,
1,92,3,reused-client,1,cross_256_corner,lzw_128,LZW,128,41,42,3650,410035928,410107613,71686,206,bytes 410035928-410107613/661264391,71686,71686,60.77979100155062,60.89066600179649,30.42966599969077,91.3585830021475,True,
1,92,3,reused-client,1,cross_256_corner,lzw_128,LZW,128,42,41,3737,415676272,415746842,70571,206,bytes 415676272-415746842/661264391,70571,70571,65.75858399810386,66.38625000050524,54.56645900267176,120.97308399825124,True,
1,92,3,reused-client,1,cross_256_corner,lzw_128,LZW,128,42,42,3738,415746851,415817546,70696,206,bytes 415746851-415817546/661264391,70696,70696,43.84600000048522,43.91858300004969,31.051792000653222,75.00108299791464,True,
1,93,3,reused-client,1,cross_512_edge,lzw_256,LZW,256,20,21,901,406841170,407119092,277923,206,bytes 406841170-407119092/661012853,277923,277923,50.003707998257596,50.08475000067847,110.65987500114716,160.7865000005404,True,
1,93,3,reused-client,1,cross_512_edge,lzw_256,LZW,256,20,22,902,407119101,407393560,274460,206,bytes 407119101-407393560/661012853,274460,274460,60.827792000054615,60.949249997065635,90.60737500112737,151.5847919981752,True,
1,94,2,reused-client,1,cross_128_corner,lzw_256,LZW,256,20,20,900,406553924,406841161,287238,206,bytes 406553924-406841161/661012853,287238,287238,41.22329199890373,41.30224999971688,205.23187499929918,246.59866699948907,True,
1,95,1,reused-client,1,cross_256_corner,deflate_512,DEFLATE,512,10,10,230,310426888,311281522,854635,206,bytes 310426888-311281522/499024403,854635,854635,60.05074999848148,60.24387499928707,292.4351250003383,352.7094169985503,True,
1,96,5,reused-client,1,cross_128_corner,zstd_256,ZSTD,256,20,20,900,301115142,301328168,213027,206,bytes 301115142-301328168/490384277,213027,213027,37.1977920003701,37.464500001078704,57.18991699905018,94.71670800121501,True,
1,97,5,reused-client,1,cross_256_corner,zstd_512,ZSTD,512,10,10,230,304767160,305606839,839680,206,bytes 304767160-305606839/490194415,839680,839680,62.524666001991136,62.62679100109381,227.21958399779396,289.89520800314494,True,
1,98,1,reused-client,1,cross_512_corner,zstd_512,ZSTD,512,10,10,230,304767160,305606839,839680,206,bytes 304767160-305606839/490194415,839680,839680,72.76483299938263,72.87612499931129,367.05241699746693,439.9812909978209,True,
1,98,1,reused-client,1,cross_512_corner,zstd_512,ZSTD,512,10,11,231,305606848,306426901,820054,206,bytes 305606848-306426901/490194415,820054,820054,48.02524999831803,48.100790998432785,186.035417002131,234.19045799892046,True,
1,98,1,reused-client,1,cross_512_corner,zstd_512,ZSTD,512,11,10,252,321640707,322458855,818149,206,bytes 321640707-322458855/490194415,818149,818149,42.851540998526616,42.96158299985109,160.23525000127847,203.24604099732824,True,
1,98,1,reused-client,1,cross_512_corner,zstd_512,ZSTD,512,11,11,253,322458864,323289120,830257,206,bytes 322458864-323289120/490194415,830257,830257,42.54520800168393,42.665417000534944,182.3237499993411,225.04775000197696,True,
1,99,5,reused-client,1,cross_128_corner,lzw_128,LZW,128,40,40,3560,404091050,404163820,72771,206,bytes 404091050-404163820/661264391,72771,72771,52.7235829977144,52.83733299802407,4.811499999050284,57.68033300046227,True,
1,99,5,reused-client,1,cross_128_corner,lzw_128,LZW,128,40,41,3561,404163829,404234861,71033,206,bytes 404163829-404234861/661264391,71033,71033,68.20620800135657,68.30679199993028,5.235958000412211,73.59945800271817,True,
1,99,5,reused-client,1,cross_128_corner,lzw_128,LZW,128,41,40,3648,409892800,409965306,72507,206,bytes 409892800-409965306/661264391,72507,72507,105.1906249995227,105.30308299712487,3.221667000616435,108.55349999837927,True,
1,99,5,reused-client,1,cross_128_corner,lzw_128,LZW,128,41,41,3649,409965315,410035919,70605,206,bytes 409965315-410035919/661264391,70605,70605,51.94300000221119,52.0598750008503,4.9257089995080605,57.0199580033659,True,
1,100,5,reused-client,1,interior,zstd_256,ZSTD,256,20,20,900,301115142,301328168,213027,206,bytes 301115142-301328168/490384277,213027,213027,54.54437500156928,54.790042002423434,26.31291700163274,81.2362500000745,True,
1,101,5,reused-client,1,cross_128_edge,deflate_512,DEFLATE,512,10,10,230,310426888,311281522,854635,206,bytes 310426888-311281522/499024403,854635,854635,43.33691699866904,43.42870799882803,304.42300000140676,347.896541999944,True,
1,102,3,reused-client,1,cross_128_corner,lzw_128,LZW,128,40,40,3560,404091050,404163820,72771,206,bytes 404091050-404163820/661264391,72771,72771,63.313416998425964,63.3957919999375,1.5001669999037404,64.9176670012821,True,
1,102,3,reused-client,1,cross_128_corner,lzw_128,LZW,128,40,41,3561,404163829,404234861,71033,206,bytes 404163829-404234861/661264391,71033,71033,57.77045799914049,57.85733299853746,7.230250001157401,65.12891699821921,True,
1,102,3,reused-client,1,cross_128_corner,lzw_128,LZW,128,41,40,3648,409892800,409965306,72507,206,bytes 409892800-409965306/661264391,72507,72507,47.667957998783095,47.75329200128908,3.0915419993107207,50.86962499990477,True,
1,102,3,reused-client,1,cross_128_corner,lzw_128,LZW,128,41,41,3649,409965315,410035919,70605,206,bytes 409965315-410035919/661264391,70605,70605,71.31887499781442,71.46366699817008,10.731667000072775,82.22666700021364,True,
1,103,5,reused-client,1,cross_256_edge,lzw_256,LZW,256,20,20,900,406553924,406841161,287238,206,bytes 406553924-406841161/661012853,287238,287238,55.182000000058906,55.43204200148466,80.83529199939221,136.31379200160154,True,
1,103,5,reused-client,1,cross_256_edge,lzw_256,LZW,256,20,21,901,406841170,407119092,277923,206,bytes 406841170-407119092/661012853,277923,277923,58.15412500305683,58.26416700074333,166.08545899725868,224.39624999969965,True,
1,104,4,reused-client,1,cross_512_edge,zstd_256,ZSTD,256,20,21,901,301328177,301535592,207416,206,bytes 301328177-301535592/490384277,207416,207416,63.683874999696855,63.777583000046434,32.81124999921303,96.66345799996634,True,
1,104,4,reused-client,1,cross_512_edge,zstd_256,ZSTD,256,20,22,902,301535601,301739853,204253,206,bytes 301535601-301739853/490384277,204253,204253,44.32683299819473,44.425332998798694,48.45175000082236,92.91320799820824,True,
1,105,4,reused-client,1,cross_128_corner,zstd_512,ZSTD,512,10,10,230,304767160,305606839,839680,206,bytes 304767160-305606839/490194415,839680,839680,83.13270800135797,83.2563330004632,326.49949999904493,409.7843749987078,True,
1,106,4,reused-client,1,cross_128_edge,lzw_128,LZW,128,40,40,3560,404091050,404163820,72771,206,bytes 404091050-404163820/661264391,72771,72771,40.47429199999897,40.59225000310107,29.241749998618616,69.89587499992922,True,
1,106,4,reused-client,1,cross_128_edge,lzw_128,LZW,128,40,41,3561,404163829,404234861,71033,206,bytes 404163829-404234861/661264391,71033,71033,50.469166999391746,50.578959002450574,530.9899999992922,581.6082090022974,True,
1,107,3,reused-client,1,interior,lzw_128,LZW,128,40,40,3560,404091050,404163820,72771,206,bytes 404091050-404163820/661264391,72771,72771,41.77187499954016,41.88012499798788,75.45220899919514,117.37150000044494,True,
1,108,4,reused-client,1,cross_128_corner,deflate_256,DEFLATE,256,20,20,900,306262458,306479353,216896,206,bytes 306262458-306479353/498427477,216896,216896,51.393958001426654,51.50316599974758,160.7331669983978,212.26654100246378,True,
1,109,5,reused-client,1,cross_128_corner,deflate_256,DEFLATE,256,20,20,900,306262458,306479353,216896,206,bytes 306262458-306479353/498427477,216896,216896,57.22291699930793,57.299000000057276,137.02016699971864,194.3807919997198,True,
1,110,3,reused-client,1,cross_512_edge,lzw_128,LZW,128,40,43,3563,404303630,404372483,68854,206,bytes 404303630-404372483/661264391,68854,68854,51.87350000051083,51.99166599777527,48.63825000211364,100.68395800044527,True,
1,110,3,reused-client,1,cross_512_edge,lzw_128,LZW,128,40,44,3564,404372492,404440436,67945,206,bytes 404372492-404440436/661264391,67945,67945,71.03608399847872,71.15579200035427,100.04045800087624,171.23279199950048,True,
1,111,2,reused-client,1,cross_128_edge,deflate_256,DEFLATE,256,20,20,900,306262458,306479353,216896,206,bytes 306262458-306479353/498427477,216896,216896,62.94729100045515,63.05591599812033,115.33204099760042,178.43495799752418,True,
1,112,4,reused-client,1,cross_256_edge,deflate_128,DEFLATE,128,40,41,3561,305102569,305156400,53832,206,bytes 305102569-305156400/499617324,53832,53832,81.71125000080792,81.82466700236546,21.08179099741392,102.96775000097114,True,
1,112,4,reused-client,1,cross_256_edge,deflate_128,DEFLATE,128,40,42,3562,305156409,305208764,52356,206,bytes 305156409-305208764/499617324,52356,52356,69.52095900123823,69.73704200208886,25.273584000387928,95.04783400188899,True,
1,113,3,reused-client,1,cross_256_edge,deflate_512,DEFLATE,512,10,10,230,310426888,311281522,854635,206,bytes 310426888-311281522/499024403,854635,854635,50.51495799853001,50.61149999892223,774.2140419977659,824.8867089969281,True,
1,114,1,reused-client,1,cross_512_corner,zstd_256,ZSTD,256,21,21,945,309824343,310033910,209568,206,bytes 309824343-310033910/490384277,209568,209568,86.03658400170389,86.14099999977043,147.53295899936347,233.71379200034426,True,
1,114,1,reused-client,1,cross_512_corner,zstd_256,ZSTD,256,21,22,946,310033919,310240520,206602,206,bytes 310033919-310240520/490384277,206602,206602,45.6782920009573,45.80020800131024,111.12091700124438,156.95608299938613,True,
1,114,1,reused-client,1,cross_512_corner,zstd_256,ZSTD,256,22,21,989,318075010,318281956,206947,206,bytes 318075010-318281956/490384277,206947,206947,48.390374999144115,48.50758299653535,107.43925000133459,155.995332999737,True,
1,114,1,reused-client,1,cross_512_corner,zstd_256,ZSTD,256,22,22,990,318281965,318490136,208172,206,bytes 318281965-318490136/490384277,208172,208172,49.53729199769441,49.68599999847356,90.94512500087149,140.69566699981806,True,
1,115,1,reused-client,1,interior,lzw_256,LZW,256,20,20,900,406553924,406841161,287238,206,bytes 406553924-406841161/661012853,287238,287238,60.24333299865248,60.38037499820348,200.10291599828633,260.54116600062116,True,
1,116,1,reused-client,1,cross_512_corner,deflate_256,DEFLATE,256,21,21,945,315110154,315323387,213234,206,bytes 315110154-315323387/498427477,213234,213234,55.79104199932772,55.91145799917285,88.53954199730651,144.57312499871477,True,
1,116,1,reused-client,1,cross_512_corner,deflate_256,DEFLATE,256,21,22,946,315323396,315533302,209907,206,bytes 315323396-315533302/498427477,209907,209907,38.076999997429084,38.185333000001265,72.81437500205357,111.03224999897066,True,
1,116,1,reused-client,1,cross_512_corner,deflate_256,DEFLATE,256,22,21,989,323490842,323701123,210282,206,bytes 323490842-323701123/498427477,210282,210282,39.65487499954179,39.68199999872013,99.60275100092986,139.29791700138594,True,
1,116,1,reused-client,1,cross_512_corner,deflate_256,DEFLATE,256,22,22,990,323701132,323912576,211445,206,bytes 323701132-323912576/498427477,211445,211445,44.025874998624204,44.06712499985588,70.72879200131865,114.82862499906332,True,
1,117,4,reused-client,1,cross_256_edge,lzw_256,LZW,256,20,20,900,406553924,406841161,287238,206,bytes 406553924-406841161/661012853,287238,287238,71.88070799747948,71.97166699916124,103.10908300016308,175.13708299884456,True,
1,117,4,reused-client,1,cross_256_edge,lzw_256,LZW,256,20,21,901,406841170,407119092,277923,206,bytes 406841170-407119092/661012853,277923,277923,49.565124998480314,49.67374999978347,98.35562499938533,148.08404199720826,True,
1,118,1,reused-client,1,cross_512_corner,lzw_256,LZW,256,21,21,945,418246405,418529582,283178,206,bytes 418246405-418529582/661012853,283178,283178,56.28312499902677,56.425665999995545,170.19475000051898,226.6779999990831,True,
1,118,1,reused-client,1,cross_512_corner,lzw_256,LZW,256,21,22,946,418529591,418807664,278074,206,bytes 418529591-418807664/661012853,278074,278074,44.474917001934955,44.57254200315219,105.82950000025448,150.46045900089666,True,
1,118,1,reused-client,1,cross_512_corner,lzw_256,LZW,256,22,21,989,429313097,429591287,278191,206,bytes 429313097-429591287/661012853,278191,278191,56.639750000613276,56.75224999868078,64.7911660016689,121.59104199963622,True,
1,118,1,reused-client,1,cross_512_corner,lzw_256,LZW,256,22,22,990,429591296,429871211,279916,206,bytes 429591296-429871211/661012853,279916,279916,40.325417001440655,40.423041999019915,61.83045799843967,102.27858399957768,True,
1,119,2,reused-client,1,cross_128_edge,zstd_512,ZSTD,512,10,10,230,304767160,305606839,839680,206,bytes 304767160-305606839/490194415,839680,839680,50.586416000442114,50.67137500009267,341.9517919974169,392.6735000022745,True,
1,120,5,reused-client,1,cross_512_edge,zstd_128,ZSTD,128,40,43,3563,300386704,300438476,51773,206,bytes 300386704-300438476/492119117,51773,51773,67.97679200099083,68.07770899831667,4.184792000160087,72.30825000078767,True,
1,120,5,reused-client,1,cross_512_edge,zstd_128,ZSTD,128,40,44,3564,300438485,300489278,50794,206,bytes 300438485-300489278/492119117,50794,50794,127.20699999772478,127.30512499911129,1.773416002833983,129.10816599833197,True,
1,121,1,reused-client,1,cross_128_corner,deflate_128,DEFLATE,128,40,40,3560,305047460,305102560,55101,206,bytes 305047460-305102560/499617324,55101,55101,42.25770800258033,42.407167002238566,12.085416998161236,54.53387500165263,True,
1,121,1,reused-client,1,cross_128_corner,deflate_128,DEFLATE,128,40,41,3561,305102569,305156400,53832,206,bytes 305102569-305156400/499617324,53832,53832,58.78879100055201,58.89370800286997,41.91070899832994,100.86745800072094,True,
1,121,1,reused-client,1,cross_128_corner,deflate_128,DEFLATE,128,41,40,3648,309446600,309501607,55008,206,bytes 309446600-309501607/499617324,55008,55008,38.858166997670196,38.97079200032749,6.237707999389386,45.25045799891814,True,
1,121,1,reused-client,1,cross_128_corner,deflate_128,DEFLATE,128,41,41,3649,309501616,309555017,53402,206,bytes 309501616-309555017/499617324,53402,53402,41.81704100119532,41.9318749991362,3.645749999122927,45.61070800264133,True,
1,122,1,reused-client,1,interior,deflate_256,DEFLATE,256,20,20,900,306262458,306479353,216896,206,bytes 306262458-306479353/498427477,216896,216896,46.44966599880718,46.604874998593004,68.22720800118987,114.86758299724897,True,
1,123,5,reused-client,1,cross_512_edge,deflate_128,DEFLATE,128,40,43,3563,305208773,305261361,52589,206,bytes 305208773-305261361/499617324,52589,52589,41.313958001410356,41.42883299937239,1.7179579990624916,43.17604199968628,True,
1,123,5,reused-client,1,cross_512_edge,deflate_128,DEFLATE,128,40,44,3564,305261370,305312689,51320,206,bytes 305261370-305312689/499617324,51320,51320,40.171374999772524,40.503667001758004,7.303957998374244,47.841374998824904,True,
1,124,4,reused-client,1,cross_512_corner,deflate_512,DEFLATE,512,10,10,230,310426888,311281522,854635,206,bytes 310426888-311281522/499024403,854635,854635,48.021958999015624,48.13504199773888,300.0717920003808,348.2695419988886,True,
1,124,4,reused-client,1,cross_512_corner,deflate_512,DEFLATE,512,10,11,231,311281531,312113785,832255,206,bytes 311281531-312113785/499024403,832255,832255,42.34270899905823,42.45191699737916,322.9444999997213,365.4557509980805,True,
1,124,4,reused-client,1,cross_512_corner,deflate_512,DEFLATE,512,11,10,252,327623520,328452071,828552,206,bytes 327623520-328452071/499024403,828552,828552,53.44225000226288,53.56920800113585,274.2770409968216,327.8766670009645,True,
1,124,4,reused-client,1,cross_512_corner,deflate_512,DEFLATE,512,11,11,253,328452080,329294883,842804,206,bytes 328452080-329294883/499024403,842804,842804,39.769999999407446,39.86862500096322,223.9377500009141,263.8675419984793,True,
1,125,2,reused-client,1,cross_128_corner,deflate_512,DEFLATE,512,10,10,230,310426888,311281522,854635,206,bytes 310426888-311281522/499024403,854635,854635,52.89608399834833,52.994583998952294,344.55275000073016,397.5955839996459,True,
1,126,3,reused-client,1,cross_256_corner,lzw_256,LZW,256,20,20,900,406553924,406841161,287238,206,bytes 406553924-406841161/661012853,287238,287238,44.985708002059255,45.24954100270406,63.82145799943828,109.13862500092364,True,
1,126,3,reused-client,1,cross_256_corner,lzw_256,LZW,256,20,21,901,406841170,407119092,277923,206,bytes 406841170-407119092/661012853,277923,277923,54.33120900124777,54.44195900054183,40.07979199741385,94.57458399992902,True,
1,126,3,reused-client,1,cross_256_corner,lzw_256,LZW,256,21,20,944,417962328,418246396,284069,206,bytes 417962328-418246396/661012853,284069,284069,41.82808300174656,41.94291600288125,62.3369589993672,104.31387500284472,True,
1,126,3,reused-client,1,cross_256_corner,lzw_256,LZW,256,21,21,945,418246405,418529582,283178,206,bytes 418246405-418529582/661012853,283178,283178,40.85000000122818,40.97645799993188,48.63900000054855,89.666625000973,True,
1,127,1,reused-client,1,cross_256_edge,deflate_128,DEFLATE,128,40,41,3561,305102569,305156400,53832,206,bytes 305102569-305156400/499617324,53832,53832,80.84575000248151,80.95408300141571,0.3556670017133001,81.35866700104089,True,
1,127,1,reused-client,1,cross_256_edge,deflate_128,DEFLATE,128,40,42,3562,305156409,305208764,52356,206,bytes 305156409-305208764/499617324,52356,52356,44.55720799887786,44.67337499954738,6.871707999380305,51.598665999335935,True,
1,128,1,reused-client,1,cross_256_corner,zstd_256,ZSTD,256,20,20,900,301115142,301328168,213027,206,bytes 301115142-301328168/490384277,213027,213027,43.55879200011259,43.67258400088758,29.82250000059139,73.54408399987733,True,
1,128,1,reused-client,1,cross_256_corner,zstd_256,ZSTD,256,20,21,901,301328177,301535592,207416,206,bytes 301328177-301535592/490384277,207416,207416,56.39016599889146,56.49745800110395,55.22270899746218,111.8053329992108,True,
1,128,1,reused-client,1,cross_256_corner,zstd_256,ZSTD,256,21,20,944,309614499,309824334,209836,206,bytes 309614499-309824334/490384277,209836,209836,51.66720800116309,51.89045800216263,31.57574999931967,83.53320800233632,True,
1,128,1,reused-client,1,cross_256_corner,zstd_256,ZSTD,256,21,21,945,309824343,310033910,209568,206,bytes 309824343-310033910/490384277,209568,209568,68.52570800037938,68.63866599815083,112.06012500042561,180.722875000356,True,
1,129,2,reused-client,1,interior,deflate_256,DEFLATE,256,20,20,900,306262458,306479353,216896,206,bytes 306262458-306479353/498427477,216896,216896,40.00600099971052,40.072833999147406,64.58137499794248,104.67808400062495,True,
1,130,1,reused-client,1,cross_128_corner,lzw_512,LZW,512,10,10,230,411686466,412818824,1132359,206,bytes 411686466-412818824/661107776,1132359,1132359,45.25333299898193,45.33362499932991,278.66816700043273,324.0291250003793,True,
1,131,3,reused-client,1,cross_256_corner,zstd_512,ZSTD,512,10,10,230,304767160,305606839,839680,206,bytes 304767160-305606839/490194415,839680,839680,41.3083329985966,41.37933300080476,261.8142920000537,303.2224159978796,True,
1,132,4,reused-client,1,cross_128_corner,zstd_128,ZSTD,128,40,40,3560,300228058,300282104,54047,206,bytes 300228058-300282104/492119117,54047,54047,132.52337499943678,132.58966699868324,7.683209001697833,140.29979199767695,True,
1,132,4,reused-client,1,cross_128_corner,zstd_128,ZSTD,128,40,41,3561,300282113,300335031,52919,206,bytes 300282113-300335031/492119117,52919,52919,53.270041000359925,53.400250002596295,0.8001669993973337,54.2181660021015,True,
1,132,4,reused-client,1,cross_128_corner,zstd_128,ZSTD,128,41,40,3648,304567089,304621133,54045,206,bytes 304567089-304621133/492119117,54045,54045,34.407875002216315,34.47045800203341,88.6809590010671,123.1760420014325,True,
1,132,4,reused-client,1,cross_128_corner,zstd_128,ZSTD,128,41,41,3649,304621142,304673679,52538,206,bytes 304621142-304673679/492119117,52538,52538,49.891750000824686,49.98258400155464,0.38545800271094777,50.38533400147571,True,
1,133,1,reused-client,1,interior,zstd_256,ZSTD,256,20,20,900,301115142,301328168,213027,206,bytes 301115142-301328168/490384277,213027,213027,34.48883300006855,34.65758300080779,51.735416000155965,86.43154200035497,True,
1,134,5,reused-client,1,cross_256_edge,lzw_512,LZW,512,10,10,230,411686466,412818824,1132359,206,bytes 411686466-412818824/661107776,1132359,1132359,46.8574170008651,46.92558399983682,300.05824999898323,347.0092090028629,True,
1,135,2,reused-client,1,cross_128_corner,zstd_256,ZSTD,256,20,20,900,301115142,301328168,213027,206,bytes 301115142-301328168/490384277,213027,213027,58.110959002078744,58.18466699929559,41.48483299650252,99.69791700132191,True,
1,136,4,reused-client,1,cross_512_corner,lzw_512,LZW,512,10,10,230,411686466,412818824,1132359,206,bytes 411686466-412818824/661107776,1132359,1132359,61.65720900025917,61.72587499895599,301.3447920020553,363.1073340002331,True,
1,136,4,reused-client,1,cross_512_corner,lzw_512,LZW,512,10,11,231,412818833,413920320,1101488,206,bytes 412818833-413920320/661107776,1101488,1101488,136.23120800184552,136.30420800109277,225.40629200011608,361.7358330011484,True,
1,136,4,reused-client,1,cross_512_corner,lzw_512,LZW,512,11,10,252,434325460,435426146,1100687,206,bytes 434325460-435426146/661107776,1100687,1100687,42.86287499780883,42.91983299845015,210.78824999858625,253.73691599816084,True,
1,136,4,reused-client,1,cross_512_corner,lzw_512,LZW,512,11,11,253,435426155,436544622,1118468,206,bytes 435426155-436544622/661107776,1118468,1118468,62.63795900304103,62.7031670010183,243.7824590015225,306.5313760016579,True,
1,137,3,reused-client,1,cross_512_edge,zstd_256,ZSTD,256,20,21,901,301328177,301535592,207416,206,bytes 301328177-301535592/490384277,207416,207416,43.64183299912838,43.707124998036306,27.611500001512468,71.35500000003958,True,
1,137,3,reused-client,1,cross_512_edge,zstd_256,ZSTD,256,20,22,902,301535601,301739853,204253,206,bytes 301535601-301739853/490384277,204253,204253,156.92175000003772,157.02250000322238,26.233458000206156,183.30591700214427,True,
1,138,1,reused-client,1,interior,zstd_512,ZSTD,512,10,10,230,304767160,305606839,839680,206,bytes 304767160-305606839/490194415,839680,839680,45.24587500054622,45.493292000173824,184.11754200133146,229.6495420014253,True,
1,139,5,reused-client,1,cross_128_corner,lzw_256,LZW,256,20,20,900,406553924,406841161,287238,206,bytes 406553924-406841161/661012853,287238,287238,35.93854199789348,36.013416996866,64.52116700165789,100.57124999730149,True,
1,140,1,reused-client,1,cross_128_corner,lzw_128,LZW,128,40,40,3560,404091050,404163820,72771,206,bytes 404091050-404163820/661264391,72771,72771,43.138959001225885,43.22029199829558,8.871207999618491,52.118416999292094,True,
1,140,1,reused-client,1,cross_128_corner,lzw_128,LZW,128,40,41,3561,404163829,404234861,71033,206,bytes 404163829-404234861/661264391,71033,71033,44.070749998354586,44.15987500033225,6.559999997989507,50.746082997648045,True,
1,140,1,reused-client,1,cross_128_corner,lzw_128,LZW,128,41,40,3648,409892800,409965306,72507,206,bytes 409892800-409965306/661264391,72507,72507,50.59550000078161,50.71570799918845,5.50416599799064,56.25350000264007,True,
1,140,1,reused-client,1,cross_128_corner,lzw_128,LZW,128,41,41,3649,409965315,410035919,70605,206,bytes 409965315-410035919/661264391,70605,70605,44.53724999984843,44.65524999977788,8.97587500003283,53.67325000042911,True,
1,141,1,reused-client,1,interior,lzw_512,LZW,512,10,10,230,411686466,412818824,1132359,206,bytes 411686466-412818824/661107776,1132359,1132359,58.264040999347344,58.387249999213964,297.5951670014183,356.03112500029965,True,
1,142,1,reused-client,1,cross_512_corner,lzw_128,LZW,128,43,43,3827,421475357,421546899,71543,206,bytes 421475357-421546899/661264391,71543,71543,125.73091599915642,125.84549999883166,0.6057080026948825,126.47712499892805,True,
1,142,1,reused-client,1,cross_512_corner,lzw_128,LZW,128,43,44,3828,421546908,421617252,70345,206,bytes 421546908-421617252/661264391,70345,70345,39.594958998350194,39.70770899832132,8.36712499949499,48.12379199938732,True,
1,142,1,reused-client,1,cross_512_corner,lzw_128,LZW,128,44,43,3915,426954274,427023840,69567,206,bytes 426954274-427023840/661264391,69567,69567,56.2598340002296,56.39524999787682,1.78645900086849,58.21304200071609,True,
1,142,1,reused-client,1,cross_512_corner,lzw_128,LZW,128,44,44,3916,427023849,427094094,70246,206,bytes 427023849-427094094/661264391,70246,70246,45.722792001470225,45.78491700158338,35.62420800153632,81.44883400018443,True,
1,143,2,reused-client,1,cross_512_corner,zstd_256,ZSTD,256,21,21,945,309824343,310033910,209568,206,bytes 309824343-310033910/490384277,209568,209568,46.94145799658145,47.005749998788815,40.17600000224775,87.21666699784691,True,
1,143,2,reused-client,1,cross_512_corner,zstd_256,ZSTD,256,21,22,946,310033919,310240520,206602,206,bytes 310033919-310240520/490384277,206602,206602,47.34787499910453,47.44370899788919,41.74625000086962,89.21866699893144,True,
1,143,2,reused-client,1,cross_512_corner,zstd_256,ZSTD,256,22,21,989,318075010,318281956,206947,206,bytes 318075010-318281956/490384277,206947,206947,49.60712500178488,49.694500001351116,37.12779100169428,86.86916700025904,True,
1,143,2,reused-client,1,cross_512_corner,zstd_256,ZSTD,256,22,22,990,318281965,318490136,208172,206,bytes 318281965-318490136/490384277,208172,208172,52.966332998039434,53.085125000507105,40.45120899900212,93.58579100080533,True,
1,144,1,reused-client,1,cross_128_edge,deflate_512,DEFLATE,512,10,10,230,310426888,311281522,854635,206,bytes 310426888-311281522/499024403,854635,854635,41.3402500016673,41.49933300141129,252.6419169989822,294.20041699995636,True,
1,145,1,reused-client,1,cross_512_corner,deflate_128,DEFLATE,128,43,43,3827,318224016,318278030,54015,206,bytes 318224016-318278030/499617324,54015,54015,65.84270900202682,65.93812500068452,0.39816599746700376,66.35783400270157,True,
1,145,1,reused-client,1,cross_512_corner,deflate_128,DEFLATE,128,43,44,3828,318278039,318331048,53010,206,bytes 318278039-318331048/499617324,53010,53010,37.331625000661006,37.466500001755776,6.666124998446321,44.17675000149757,True,
1,145,1,reused-client,1,cross_512_corner,deflate_128,DEFLATE,128,44,43,3915,322379939,322432680,52742,206,bytes 322379939-322432680/499617324,52742,52742,129.79591600014828,129.9151659986819,0.4216249981254805,130.35662499896716,True,
1,145,1,reused-client,1,cross_512_corner,deflate_128,DEFLATE,128,44,44,3916,322432689,322485817,53129,206,bytes 322432689-322485817/499617324,53129,53129,45.85787500036531,45.99587499978952,0.4306249975343235,46.447041000647005,True,
1,146,5,reused-client,1,cross_512_edge,deflate_256,DEFLATE,256,20,21,901,306479362,306690064,210703,206,bytes 306479362-306690064/498427477,210703,210703,40.4728330031503,40.54100000212202,44.1326250002021,84.7062500033644,True,
1,146,5,reused-client,1,cross_512_edge,deflate_256,DEFLATE,256,20,22,902,306690073,306897377,207305,206,bytes 306690073-306897377/498427477,207305,207305,43.246374996670056,43.37316599776386,58.09483400298632,101.50766599690542,True,
1,147,5,reused-client,1,interior,zstd_128,ZSTD,128,40,40,3560,300228058,300282104,54047,206,bytes 300228058-300282104/492119117,54047,54047,43.22879200117313,43.341625001630746,1.920750000863336,45.29000000184169,True,
1,148,3,reused-client,1,cross_256_edge,deflate_256,DEFLATE,256,20,20,900,306262458,306479353,216896,206,bytes 306262458-306479353/498427477,216896,216896,42.67750000144588,42.74762500062934,35.167542002454866,77.9473330003384,True,
1,148,3,reused-client,1,cross_256_edge,deflate_256,DEFLATE,256,20,21,901,306479362,306690064,210703,206,bytes 306479362-306690064/498427477,210703,210703,74.89387500027078,74.9324999997043,415.9759590002068,490.96854199888185,True,
1,149,4,reused-client,1,cross_512_corner,lzw_256,LZW,256,21,21,945,418246405,418529582,283178,206,bytes 418246405-418529582/661012853,283178,283178,168.4473329987668,168.5663749995001,134.2078749985376,302.83520900047733,True,
1,149,4,reused-client,1,cross_512_corner,lzw_256,LZW,256,21,22,946,418529591,418807664,278074,206,bytes 418529591-418807664/661012853,278074,278074,41.119375000562286,41.26320800060057,204.86083300056634,246.18879199988442,True,
1,149,4,reused-client,1,cross_512_corner,lzw_256,LZW,256,22,21,989,429313097,429591287,278191,206,bytes 429313097-429591287/661012853,278191,278191,85.82945899979677,85.96912500070175,142.0299999990675,228.06308399958652,True,
1,149,4,reused-client,1,cross_512_corner,lzw_256,LZW,256,22,22,990,429591296,429871211,279916,206,bytes 429591296-429871211/661012853,279916,279916,46.05658299988136,46.178417000191985,78.88179200017476,125.12995900033275,True,
1,150,1,reused-client,1,interior,deflate_128,DEFLATE,128,40,40,3560,305047460,305102560,55101,206,bytes 305047460-305102560/499617324,55101,55101,55.644792002567556,55.75937500179862,319.67195799734327,375.4992920003133,True,
1,151,5,reused-client,1,cross_128_corner,zstd_512,ZSTD,512,10,10,230,304767160,305606839,839680,206,bytes 304767160-305606839/490194415,839680,839680,37.587791000987636,37.70808300032513,494.9797920016863,532.7521250001155,True,
1,152,4,reused-client,1,cross_128_edge,lzw_512,LZW,512,10,10,230,411686466,412818824,1132359,206,bytes 411686466-412818824/661107776,1132359,1132359,43.862750000698725,44.01283400147804,545.4765419999603,589.5800010002858,True,
1,153,1,reused-client,1,cross_128_corner,lzw_256,LZW,256,20,20,900,406553924,406841161,287238,206,bytes 406553924-406841161/661012853,287238,287238,43.60525000083726,43.70249999919906,111.6960420004034,155.46050000193645,True,
1,154,2,reused-client,1,cross_256_corner,deflate_512,DEFLATE,512,10,10,230,310426888,311281522,854635,206,bytes 310426888-311281522/499024403,854635,854635,44.347375001962064,44.47104200153262,327.3081250008545,371.84937500205706,True,
1,155,5,reused-client,1,cross_256_edge,deflate_512,DEFLATE,512,10,10,230,310426888,311281522,854635,206,bytes 310426888-311281522/499024403,854635,854635,59.32224999924074,59.441124998556916,560.0004169973545,619.5014999975683,True,
1,156,5,reused-client,1,cross_256_edge,lzw_128,LZW,128,40,41,3561,404163829,404234861,71033,206,bytes 404163829-404234861/661264391,71033,71033,49.31145800219383,49.4042080026702,28.32825000223238,77.79095800287905,True,
1,156,5,reused-client,1,cross_256_edge,lzw_128,LZW,128,40,42,3562,404234870,404303621,68752,206,bytes 404234870-404303621/661264391,68752,68752,66.52137499986566,66.6457499974058,18.723749999480788,85.48845800032723,True,
1,157,3,reused-client,1,cross_512_corner,zstd_128,ZSTD,128,43,43,3827,313219659,313272608,52950,206,bytes 313219659-313272608/492119117,52950,52950,37.877999999182066,37.98941599961836,2.7816670008178335,40.79633299988927,True,
1,157,3,reused-client,1,cross_512_corner,zstd_128,ZSTD,128,43,44,3828,313272617,313324753,52137,206,bytes 313272617-313324753/492119117,52137,52137,56.115832998330006,56.23474999811151,0.4486249999899883,56.704915998125216,True,
1,157,3,reused-client,1,cross_512_corner,zstd_128,ZSTD,128,44,43,3915,317314658,317366615,51958,206,bytes 317314658-317366615/492119117,51958,51958,85.05404199968325,85.15970799999195,0.44912500015925616,85.63066699935007,True,
1,157,3,reused-client,1,cross_512_corner,zstd_128,ZSTD,128,44,44,3916,317366624,317418939,52316,206,bytes 317366624-317418939/492119117,52316,52316,47.37362499872688,47.558458001731196,0.6583329995919485,48.242541000945494,True,
1,158,2,reused-client,1,cross_512_edge,lzw_128,LZW,128,40,43,3563,404303630,404372483,68854,206,bytes 404303630-404372483/661264391,68854,68854,52.837541999906534,52.98879200199735,22.03900000313297,75.08279200192192,True,
1,158,2,reused-client,1,cross_512_edge,lzw_128,LZW,128,40,44,3564,404372492,404440436,67945,206,bytes 404372492-404440436/661264391,67945,67945,45.33479200108559,45.42554200088489,41.43304099852685,86.92070899996907,True,
1,159,3,reused-client,1,cross_256_corner,deflate_128,DEFLATE,128,41,41,3649,309501616,309555017,53402,206,bytes 309501616-309555017/499617324,53402,53402,46.681417003128445,46.80900000312249,1.3353329995879903,48.17133400138118,True,
1,159,3,reused-client,1,cross_256_corner,deflate_128,DEFLATE,128,41,42,3650,309555026,309609246,54221,206,bytes 309555026-309609246/499617324,54221,54221,48.969915998895885,49.07699999967008,7.139917001040885,56.25879099898157,True,
1,159,3,reused-client,1,cross_256_corner,deflate_128,DEFLATE,128,42,41,3737,313827295,313880653,53359,206,bytes 313827295-313880653/499617324,53359,53359,147.4506249978731,147.55666600103723,0.4290830001991708,148.00579100119649,True,
1,159,3,reused-client,1,cross_256_corner,deflate_128,DEFLATE,128,42,42,3738,313880662,313934033,53372,206,bytes 313880662-313934033/499617324,53372,53372,65.98004099942045,66.09662499977276,3.264790997491218,69.38941599946702,True,
1,160,3,reused-client,1,cross_128_edge,lzw_512,LZW,512,10,10,230,411686466,412818824,1132359,206,bytes 411686466-412818824/661107776,1132359,1132359,44.85374999785563,44.96662499877857,972.6057920015592,1017.6422090007691,True,
1,161,2,reused-client,1,cross_128_edge,zstd_256,ZSTD,256,20,20,900,301115142,301328168,213027,206,bytes 301115142-301328168/490384277,213027,213027,99.92099999726634,100.12991699841223,74.53429099768982,174.72929199720966,True,
1,162,1,reused-client,1,cross_256_corner,deflate_128,DEFLATE,128,41,41,3649,309501616,309555017,53402,206,bytes 309501616-309555017/499617324,53402,53402,69.63925000309246,69.75095800225972,10.546917001192924,80.34679200136452,True,
1,162,1,reused-client,1,cross_256_corner,deflate_128,DEFLATE,128,41,42,3650,309555026,309609246,54221,206,bytes 309555026-309609246/499617324,54221,54221,57.63462499817251,57.819541998469504,3.5456670011626557,61.39541699667461,True,
1,162,1,reused-client,1,cross_256_corner,deflate_128,DEFLATE,128,42,41,3737,313827295,313880653,53359,206,bytes 313827295-313880653/499617324,53359,53359,51.12975000156439,51.33800000112387,2.1936249977443367,53.55891699946369,True,
1,162,1,reused-client,1,cross_256_corner,deflate_128,DEFLATE,128,42,42,3738,313880662,313934033,53372,206,bytes 313880662-313934033/499617324,53372,53372,39.06979100065655,39.190290997794364,3.935582997655729,43.15762499754783,True,
1,163,5,reused-client,1,cross_128_corner,deflate_512,DEFLATE,512,10,10,230,310426888,311281522,854635,206,bytes 310426888-311281522/499024403,854635,854635,86.27433299989207,86.38116599831847,632.9489169984299,719.3928329979826,True,
1,164,1,reused-client,1,cross_256_corner,lzw_256,LZW,256,20,20,900,406553924,406841161,287238,206,bytes 406553924-406841161/661012853,287238,287238,43.561209000472445,43.67554200143786,147.8552079970541,191.59100000251783,True,
1,164,1,reused-client,1,cross_256_corner,lzw_256,LZW,256,20,21,901,406841170,407119092,277923,206,bytes 406841170-407119092/661012853,277923,277923,44.75599999932456,45.01895800058264,135.29374999779975,180.3752909981995,True,
1,164,1,reused-client,1,cross_256_corner,lzw_256,LZW,256,21,20,944,417962328,418246396,284069,206,bytes 417962328-418246396/661012853,284069,284069,39.03400000126567,39.147208000940736,136.5236250021553,175.79966699850047,True,
1,164,1,reused-client,1,cross_256_corner,lzw_256,LZW,256,21,21,945,418246405,418529582,283178,206,bytes 418246405-418529582/661012853,283178,283178,60.47316699914518,60.58929199934937,119.50066699864692,180.15654199916753,True,
1,165,2,reused-client,1,cross_256_corner,lzw_256,LZW,256,20,20,900,406553924,406841161,287238,206,bytes 406553924-406841161/661012853,287238,287238,58.40979099957622,58.645749999413965,182.82804200134706,241.52445800064015,True,
1,165,2,reused-client,1,cross_256_corner,lzw_256,LZW,256,20,21,901,406841170,407119092,277923,206,bytes 406841170-407119092/661012853,277923,277923,47.240083000360755,47.34395800187485,94.68612500131712,142.08229100040626,True,
1,165,2,reused-client,1,cross_256_corner,lzw_256,LZW,256,21,20,944,417962328,418246396,284069,206,bytes 417962328-418246396/661012853,284069,284069,81.24433400007547,81.29337500213296,84.94783300193376,166.28587600280298,True,
1,165,2,reused-client,1,cross_256_corner,lzw_256,LZW,256,21,21,945,418246405,418529582,283178,206,bytes 418246405-418529582/661012853,283178,283178,35.46716699929675,35.56241700061946,114.01133300023503,149.61841700278455,True,
1,166,4,reused-client,1,interior,deflate_256,DEFLATE,256,20,20,900,306262458,306479353,216896,206,bytes 306262458-306479353/498427477,216896,216896,39.57312500278931,39.686874999461,53.82949999693665,93.56937499978812,True,
1,167,3,reused-client,1,cross_128_edge,zstd_128,ZSTD,128,40,40,3560,300228058,300282104,54047,206,bytes 300228058-300282104/492119117,54047,54047,49.55541700110189,49.68587499752175,0.37879199953749776,50.08695799915586,True,
1,167,3,reused-client,1,cross_128_edge,zstd_128,ZSTD,128,40,41,3561,300282113,300335031,52919,206,bytes 300282113-300335031/492119117,52919,52919,65.35183300002245,65.45787499999278,8.877374999428866,74.37083300101222,True,
1,168,2,reused-client,1,cross_512_corner,lzw_128,LZW,128,43,43,3827,421475357,421546899,71543,206,bytes 421475357-421546899/661264391,71543,71543,61.474707999877864,61.57708300088416,8.076875001279404,69.68179099931149,True,
1,168,2,reused-client,1,cross_512_corner,lzw_128,LZW,128,43,44,3828,421546908,421617252,70345,206,bytes 421546908-421617252/661264391,70345,70345,41.615707999881124,41.723124999407446,22.417457999836188,64.1692499993951,True,
1,168,2,reused-client,1,cross_512_corner,lzw_128,LZW,128,44,43,3915,426954274,427023840,69567,206,bytes 426954274-427023840/661264391,69567,69567,59.022916000685655,59.05429099948378,10.512124998058425,69.57875000080094,True,
1,168,2,reused-client,1,cross_512_corner,lzw_128,LZW,128,44,44,3916,427023849,427094094,70246,206,bytes 427023849-427094094/661264391,70246,70246,119.66387500069686,120.2395840009558,0.5210830022406299,120.78083400047035,True,
1,169,5,reused-client,1,cross_256_corner,deflate_512,DEFLATE,512,10,10,230,310426888,311281522,854635,206,bytes 310426888-311281522/499024403,854635,854635,68.40333299987833,68.53079100255854,412.44729200116126,481.03066600015154,True,
1,170,5,reused-client,1,cross_128_edge,lzw_256,LZW,256,20,20,900,406553924,406841161,287238,206,bytes 406553924-406841161/661012853,287238,287238,57.04858399985824,57.144000002153916,118.67037499905564,175.86558400216745,True,
1,171,2,reused-client,1,cross_256_corner,lzw_128,LZW,128,41,41,3649,409965315,410035919,70605,206,bytes 409965315-410035919/661264391,70605,70605,46.15233399817953,46.29962599938153,25.211874999513384,71.56337600099505,True,
1,171,2,reused-client,1,cross_256_corner,lzw_128,LZW,128,41,42,3650,410035928,410107613,71686,206,bytes 410035928-410107613/661264391,71686,71686,91.64537499964354,91.73700000246754,19.269208998593967,111.04358300144668,True,
1,171,2,reused-client,1,cross_256_corner,lzw_128,LZW,128,42,41,3737,415676272,415746842,70571,206,bytes 415676272-415746842/661264391,70571,70571,38.0821670005389,38.16608399938559,23.12987500044983,61.33029199918383,True,
1,171,2,reused-client,1,cross_256_corner,lzw_128,LZW,128,42,42,3738,415746851,415817546,70696,206,bytes 415746851-415817546/661264391,70696,70696,145.40525000120397,145.47912499983795,5.2985839975008275,150.8020840010431,True,
1,172,1,reused-client,1,cross_512_corner,lzw_512,LZW,512,10,10,230,411686466,412818824,1132359,206,bytes 411686466-412818824/661107776,1132359,1132359,39.22729199985042,39.3142920001992,442.15516700205626,481.53562500010594,True,
1,172,1,reused-client,1,cross_512_corner,lzw_512,LZW,512,10,11,231,412818833,413920320,1101488,206,bytes 412818833-413920320/661107776,1101488,1101488,75.32645800165483,75.44058300118195,374.20066600316204,449.7017499998037,True,
1,172,1,reused-client,1,cross_512_corner,lzw_512,LZW,512,11,10,252,434325460,435426146,1100687,206,bytes 434325460-435426146/661107776,1100687,1100687,115.80037599924253,115.89679200187675,487.22341699976823,603.1557509995764,True,
1,172,1,reused-client,1,cross_512_corner,lzw_512,LZW,512,11,11,253,435426155,436544622,1118468,206,bytes 435426155-436544622/661107776,1118468,1118468,55.067249999410706,55.15991699940059,1077.5780420008232,1132.8269590012496,True,
1,173,3,reused-client,1,cross_128_corner,deflate_256,DEFLATE,256,20,20,900,306262458,306479353,216896,206,bytes 306262458-306479353/498427477,216896,216896,87.16704199832748,87.29391700035194,133.8185419990623,221.27133399771992,True,
1,174,2,reused-client,1,cross_256_corner,zstd_256,ZSTD,256,20,20,900,301115142,301328168,213027,206,bytes 301115142-301328168/490384277,213027,213027,53.13091700008954,53.24037500031409,199.45691699831514,252.77483399986522,True,
1,174,2,reused-client,1,cross_256_corner,zstd_256,ZSTD,256,20,21,901,301328177,301535592,207416,206,bytes 301328177-301535592/490384277,207416,207416,37.91350000028615,38.029249997634906,82.42387500285986,120.51316699944437,True,
1,174,2,reused-client,1,cross_256_corner,zstd_256,ZSTD,256,21,20,944,309614499,309824334,209836,206,bytes 309614499-309824334/490384277,209836,209836,56.84345799818402,56.95120800010045,88.75933400122449,145.7756249983504,True,
1,174,2,reused-client,1,cross_256_corner,zstd_256,ZSTD,256,21,21,945,309824343,310033910,209568,206,bytes 309824343-310033910/490384277,209568,209568,44.440000001486624,44.558584002516,100.57208400030504,145.19791700149653,True,
1,175,3,reused-client,1,cross_128_edge,deflate_512,DEFLATE,512,10,10,230,310426888,311281522,854635,206,bytes 310426888-311281522/499024403,854635,854635,41.41420800078777,41.50787500111619,333.2782079996832,374.9444580025738,True,
1,176,3,reused-client,1,cross_128_corner,deflate_128,DEFLATE,128,40,40,3560,305047460,305102560,55101,206,bytes 305047460-305102560/499617324,55101,55101,48.632999998517334,48.763957998744445,0.4587500006891787,49.24449999816716,True,
1,176,3,reused-client,1,cross_128_corner,deflate_128,DEFLATE,128,40,41,3561,305102569,305156400,53832,206,bytes 305102569-305156400/499617324,53832,53832,81.93874999778927,82.04995799678727,0.46187499901861884,82.53562499885447,True,
1,176,3,reused-client,1,cross_128_corner,deflate_128,DEFLATE,128,41,40,3648,309446600,309501607,55008,206,bytes 309446600-309501607/499617324,55008,55008,131.09629199971096,131.17604199942434,0.24241699793492444,131.43495799886296,True,
1,176,3,reused-client,1,cross_128_corner,deflate_128,DEFLATE,128,41,41,3649,309501616,309555017,53402,206,bytes 309501616-309555017/499617324,53402,53402,43.87562499687192,43.97741699722246,4.673999999795342,48.68391699710628,True,
1,177,5,reused-client,1,cross_128_corner,deflate_128,DEFLATE,128,40,40,3560,305047460,305102560,55101,206,bytes 305047460-305102560/499617324,55101,55101,56.99358299898449,57.105374999082414,5.639874998450978,62.779500000033295,True,
1,177,5,reused-client,1,cross_128_corner,deflate_128,DEFLATE,128,40,41,3561,305102569,305156400,53832,206,bytes 305102569-305156400/499617324,53832,53832,41.420165998715675,41.52891600097064,8.34266699894215,49.905291001778096,True,
1,177,5,reused-client,1,cross_128_corner,deflate_128,DEFLATE,128,41,40,3648,309446600,309501607,55008,206,bytes 309446600-309501607/499617324,55008,55008,44.09408300125506,44.20379099974525,21.830875000887318,66.09191600000486,True,
1,177,5,reused-client,1,cross_128_corner,deflate_128,DEFLATE,128,41,41,3649,309501616,309555017,53402,206,bytes 309501616-309555017/499617324,53402,53402,95.29149999798392,95.42612499717507,3.000707998580765,98.4584170000744,True,
1,178,4,reused-client,1,cross_512_edge,lzw_128,LZW,128,40,43,3563,404303630,404372483,68854,206,bytes 404303630-404372483/661264391,68854,68854,46.15858399847639,46.261374998721294,4.964957999618491,51.25525000039488,True,
1,178,4,reused-client,1,cross_512_edge,lzw_128,LZW,128,40,44,3564,404372492,404440436,67945,206,bytes 404372492-404440436/661264391,67945,67945,61.35829199774889,61.44099999801256,19.238500000938075,80.73629199861898,True,
1,179,2,reused-client,1,cross_256_edge,lzw_128,LZW,128,40,41,3561,404163829,404234861,71033,206,bytes 404163829-404234861/661264391,71033,71033,86.2349169983645,86.3336669972341,7.576791998872068,93.94487499957904,True,
1,179,2,reused-client,1,cross_256_edge,lzw_128,LZW,128,40,42,3562,404234870,404303621,68752,206,bytes 404234870-404303621/661264391,68752,68752,45.70070800036774,46.11233300238382,14.588000001822365,60.744500002329005,True,
1,180,1,reused-client,1,cross_128_edge,lzw_512,LZW,512,10,10,230,411686466,412818824,1132359,206,bytes 411686466-412818824/661107776,1132359,1132359,54.421417000412475,54.86187499991502,450.95312500052387,505.86316699991585,True,
1,181,4,reused-client,1,cross_128_corner,deflate_128,DEFLATE,128,40,40,3560,305047460,305102560,55101,206,bytes 305047460-305102560/499617324,55101,55101,53.964417002134724,54.08333400191623,5.55654100026004,59.68233400199097,True,
1,181,4,reused-client,1,cross_128_corner,deflate_128,DEFLATE,128,40,41,3561,305102569,305156400,53832,206,bytes 305102569-305156400/499617324,53832,53832,40.66966699974728,40.8051250014978,2.2858340016682632,43.1256250012666,True,
1,181,4,reused-client,1,cross_128_corner,deflate_128,DEFLATE,128,41,40,3648,309446600,309501607,55008,206,bytes 309446600-309501607/499617324,55008,55008,49.9537079995207,50.06512500040117,5.288208001729799,55.38933299976634,True,
1,181,4,reused-client,1,cross_128_corner,deflate_128,DEFLATE,128,41,41,3649,309501616,309555017,53402,206,bytes 309501616-309555017/499617324,53402,53402,86.39370899982168,86.50145900173811,3.3313330022792798,89.86174999881769,True,
1,182,1,reused-client,1,cross_256_edge,zstd_512,ZSTD,512,10,10,230,304767160,305606839,839680,206,bytes 304767160-305606839/490194415,839680,839680,38.8098750008794,38.946417000261135,237.0863329997519,276.09579199997825,True,
1,183,1,reused-client,1,cross_128_corner,deflate_256,DEFLATE,256,20,20,900,306262458,306479353,216896,206,bytes 306262458-306479353/498427477,216896,216896,35.64095800174982,35.87266600152361,44.3951660017774,80.32845799971255,True,
1,184,4,reused-client,1,interior,zstd_256,ZSTD,256,20,20,900,301115142,301328168,213027,206,bytes 301115142-301328168/490384277,213027,213027,63.00812500194297,63.10766699971282,80.69933299702825,143.86833300159196,True,
1,185,3,reused-client,1,interior,zstd_256,ZSTD,256,20,20,900,301115142,301328168,213027,206,bytes 301115142-301328168/490384277,213027,213027,50.42416699870955,50.533875000837725,54.808875000162516,105.40725000100792,True,
1,186,4,reused-client,1,cross_256_edge,deflate_512,DEFLATE,512,10,10,230,310426888,311281522,854635,206,bytes 310426888-311281522/499024403,854635,854635,123.90616699849488,124.01258300087648,264.0769999998156,388.1503749980766,True,
1,187,1,reused-client,1,cross_256_edge,zstd_256,ZSTD,256,20,20,900,301115142,301328168,213027,206,bytes 301115142-301328168/490384277,213027,213027,60.19633299729321,60.445624996646075,78.04958300039289,138.54958299998543,True,
1,187,1,reused-client,1,cross_256_edge,zstd_256,ZSTD,256,20,21,901,301328177,301535592,207416,206,bytes 301328177-301535592/490384277,207416,207416,49.69850000270526,49.76520800119033,80.99879200017313,130.80054100282723,True,
1,188,5,reused-client,1,interior,lzw_512,LZW,512,10,10,230,411686466,412818824,1132359,206,bytes 411686466-412818824/661107776,1132359,1132359,72.02845900246757,72.10487500196905,487.2501669997291,559.3915009994817,True,
1,189,1,reused-client,1,cross_512_edge,zstd_256,ZSTD,256,20,21,901,301328177,301535592,207416,206,bytes 301328177-301535592/490384277,207416,207416,55.03154199686833,55.11674999797833,41.88658299972303,97.0266249969427,True,
1,189,1,reused-client,1,cross_512_edge,zstd_256,ZSTD,256,20,22,902,301535601,301739853,204253,206,bytes 301535601-301739853/490384277,204253,204253,37.32562500226777,37.39225000026636,83.19383300113259,120.60824999934994,True,
1,190,4,reused-client,1,cross_256_edge,deflate_256,DEFLATE,256,20,20,900,306262458,306479353,216896,206,bytes 306262458-306479353/498427477,216896,216896,49.51124999934109,49.58137499852455,96.74924999853829,146.35583299968857,True,
1,190,4,reused-client,1,cross_256_edge,deflate_256,DEFLATE,256,20,21,901,306479362,306690064,210703,206,bytes 306479362-306690064/498427477,210703,210703,35.903833002521424,35.97095800068928,105.7122080019326,141.72095799949602,True,
1,191,2,reused-client,1,cross_512_corner,deflate_256,DEFLATE,256,21,21,945,315110154,315323387,213234,206,bytes 315110154-315323387/498427477,213234,213234,65.51941699945019,65.58349999977509,111.85270799978753,177.4602919977042,True,
1,191,2,reused-client,1,cross_512_corner,deflate_256,DEFLATE,256,21,22,946,315323396,315533302,209907,206,bytes 315323396-315533302/498427477,209907,209907,58.545790998323355,58.62566599898855,85.40008300042246,144.06166600019787,True,
1,191,2,reused-client,1,cross_512_corner,deflate_256,DEFLATE,256,22,21,989,323490842,323701123,210282,206,bytes 323490842-323701123/498427477,210282,210282,44.99095900246175,45.1721669996914,161.39566700076102,206.60275000045658,True,
1,191,2,reused-client,1,cross_512_corner,deflate_256,DEFLATE,256,22,22,990,323701132,323912576,211445,206,bytes 323701132-323912576/498427477,211445,211445,54.917875000683125,54.979915999865625,83.80087499972433,138.8034580013482,True,
1,192,3,reused-client,1,cross_512_edge,deflate_128,DEFLATE,128,40,43,3563,305208773,305261361,52589,206,bytes 305208773-305261361/499617324,52589,52589,46.929625001212116,46.9956250017276,4.166708997217938,51.18075000063982,True,
1,192,3,reused-client,1,cross_512_edge,deflate_128,DEFLATE,128,40,44,3564,305261370,305312689,51320,206,bytes 305261370-305312689/499617324,51320,51320,45.38512499857461,45.4880420002155,7.793624998157611,53.311249997932464,True,
1,193,2,reused-client,1,cross_256_edge,deflate_128,DEFLATE,128,40,41,3561,305102569,305156400,53832,206,bytes 305102569-305156400/499617324,53832,53832,63.29254199954448,63.35212599879014,0.1907500009110663,63.55654199796845,True,
1,193,2,reused-client,1,cross_256_edge,deflate_128,DEFLATE,128,40,42,3562,305156409,305208764,52356,206,bytes 305156409-305208764/499617324,52356,52356,39.253250000911066,39.32137499941746,8.493375000398373,47.834666998824105,True,
1,194,3,reused-client,1,interior,zstd_512,ZSTD,512,10,10,230,304767160,305606839,839680,206,bytes 304767160-305606839/490194415,839680,839680,36.904083000990795,36.96579200186534,336.5105830016546,373.5004170011962,True,
1,195,5,reused-client,1,cross_128_edge,deflate_256,DEFLATE,256,20,20,900,306262458,306479353,216896,206,bytes 306262458-306479353/498427477,216896,216896,48.7862909976684,48.873874999117106,56.401208999886876,105.31016599998111,True,
1,196,3,reused-client,1,cross_256_edge,lzw_128,LZW,128,40,41,3561,404163829,404234861,71033,206,bytes 404163829-404234861/661264391,71033,71033,47.38941599862301,47.47841599964886,10.167041997192428,57.67383299826179,True,
1,196,3,reused-client,1,cross_256_edge,lzw_128,LZW,128,40,42,3562,404234870,404303621,68752,206,bytes 404234870-404303621/661264391,68752,68752,119.68608399911318,119.77104199831956,7.236249999550637,127.03158399745007,True,
1,197,1,reused-client,1,interior,zstd_128,ZSTD,128,40,40,3560,300228058,300282104,54047,206,bytes 300228058-300282104/492119117,54047,54047,38.60841699861339,38.67783399982727,1.7826250004873145,40.47904199978802,True,
1,198,3,reused-client,1,cross_512_corner,lzw_512,LZW,512,10,10,230,411686466,412818824,1132359,206,bytes 411686466-412818824/661107776,1132359,1132359,48.118750000867294,48.19812500136322,528.1932500001858,576.4540830023179,True,
1,198,3,reused-client,1,cross_512_corner,lzw_512,LZW,512,10,11,231,412818833,413920320,1101488,206,bytes 412818833-413920320/661107776,1101488,1101488,70.71475100019597,70.82579200141481,660.3842090007674,731.2770419994195,True,
1,198,3,reused-client,1,cross_512_corner,lzw_512,LZW,512,11,10,252,434325460,435426146,1100687,206,bytes 434325460-435426146/661107776,1100687,1100687,56.59512599959271,56.70650100000785,446.83908299703035,503.59204199776286,True,
1,198,3,reused-client,1,cross_512_corner,lzw_512,LZW,512,11,11,253,435426155,436544622,1118468,206,bytes 435426155-436544622/661107776,1118468,1118468,40.14962500150432,40.2585830015596,416.19074999834993,456.5165000021807,True,
1,199,1,reused-client,1,cross_256_edge,lzw_256,LZW,256,20,20,900,406553924,406841161,287238,206,bytes 406553924-406841161/661012853,287238,287238,42.15024999939487,42.26462500082562,67.97308400200563,110.30379099975107,True,
1,199,1,reused-client,1,cross_256_edge,lzw_256,LZW,256,20,21,901,406841170,407119092,277923,206,bytes 406841170-407119092/661012853,277923,277923,49.18458400061354,49.305208998703165,136.75958399835508,186.12616699829232,True,
1,200,3,reused-client,1,cross_512_corner,lzw_256,LZW,256,21,21,945,418246405,418529582,283178,206,bytes 418246405-418529582/661012853,283178,283178,59.176083999773255,59.29325000033714,102.91133300052024,162.26599999936298,True,
1,200,3,reused-client,1,cross_512_corner,lzw_256,LZW,256,21,22,946,418529591,418807664,278074,206,bytes 418529591-418807664/661012853,278074,278074,44.15612500088173,44.28100000222912,120.35029199978453,164.7022500001185,True,
1,200,3,reused-client,1,cross_512_corner,lzw_256,LZW,256,22,21,989,429313097,429591287,278191,206,bytes 429313097-429591287/661012853,278191,278191,49.54433300008532,49.66104200138943,158.8023330004944,208.51012500133947,True,
1,200,3,reused-client,1,cross_512_corner,lzw_256,LZW,256,22,22,990,429591296,429871211,279916,206,bytes 429591296-429871211/661012853,279916,279916,46.170124998752726,46.2757919995056,138.58962499944028,184.9294169987843,True,
1,201,2,reused-client,1,cross_128_corner,zstd_512,ZSTD,512,10,10,230,304767160,305606839,839680,206,bytes 304767160-305606839/490194415,839680,839680,57.122999998682644,57.24433299837983,558.4893339982955,615.7869169983314,True,
1,202,3,reused-client,1,cross_256_corner,lzw_512,LZW,512,10,10,230,411686466,412818824,1132359,206,bytes 411686466-412818824/661107776,1132359,1132359,82.69812499929685,82.82404199781013,779.6612920028565,862.5491249986226,True,
1,203,5,reused-client,1,cross_256_corner,lzw_512,LZW,512,10,10,230,411686466,412818824,1132359,206,bytes 411686466-412818824/661107776,1132359,1132359,46.53566599881742,46.61520799709251,738.0783759981568,784.7668340000382,True,
1,204,1,reused-client,1,cross_512_edge,lzw_512,LZW,512,10,10,230,411686466,412818824,1132359,206,bytes 411686466-412818824/661107776,1132359,1132359,50.8295409999846,50.954708000062965,1161.182125997584,1212.1967080020113,True,
1,204,1,reused-client,1,cross_512_edge,lzw_512,LZW,512,10,11,231,412818833,413920320,1101488,206,bytes 412818833-413920320/661107776,1101488,1101488,52.22045799746411,52.34041699804948,1175.4531249971478,1227.8638759999012,True,
1,205,2,reused-client,1,cross_128_corner,zstd_128,ZSTD,128,40,40,3560,300228058,300282104,54047,206,bytes 300228058-300282104/492119117,54047,54047,63.49620800028788,63.61358299909625,18.858333998650778,82.51354100138997,True,
1,205,2,reused-client,1,cross_128_corner,zstd_128,ZSTD,128,40,41,3561,300282113,300335031,52919,206,bytes 300282113-300335031/492119117,52919,52919,63.357166000059806,63.46579099772498,24.74166699903435,88.25349999824539,True,
1,205,2,reused-client,1,cross_128_corner,zstd_128,ZSTD,128,41,40,3648,304567089,304621133,54045,206,bytes 304567089-304621133/492119117,54045,54045,56.53479200191214,56.60383299982641,123.17766699925414,179.83266699957312,True,
1,205,2,reused-client,1,cross_128_corner,zstd_128,ZSTD,128,41,41,3649,304621142,304673679,52538,206,bytes 304621142-304673679/492119117,52538,52538,90.00191599989193,90.10516600028495,59.60225000308128,149.76695800214657,True,
1,206,1,reused-client,1,cross_128_edge,deflate_256,DEFLATE,256,20,20,900,306262458,306479353,216896,206,bytes 306262458-306479353/498427477,216896,216896,50.30587500004913,50.50724999819067,92.90804200281855,143.4716660005506,True,
1,207,4,reused-client,1,cross_512_edge,zstd_512,ZSTD,512,10,10,230,304767160,305606839,839680,206,bytes 304767160-305606839/490194415,839680,839680,51.361375000851694,51.47837500044261,355.3037919991766,406.84800000235555,True,
1,207,4,reused-client,1,cross_512_edge,zstd_512,ZSTD,512,10,11,231,305606848,306426901,820054,206,bytes 305606848-306426901/490194415,820054,820054,60.69545900027151,60.801416999311186,399.3690829993284,460.1974590004829,True,
1,208,1,reused-client,1,cross_256_corner,zstd_128,ZSTD,128,41,41,3649,304621142,304673679,52538,206,bytes 304621142-304673679/492119117,52538,52538,40.49562500222237,40.61679100050242,41.20270799830905,81.96745800159988,True,
1,208,1,reused-client,1,cross_256_corner,zstd_128,ZSTD,128,41,42,3650,304673688,304726888,53201,206,bytes 304673688-304726888/492119117,53201,53201,45.75654200016288,45.91029199946206,8.64370800263714,54.59070899814833,True,
1,208,1,reused-client,1,cross_256_corner,zstd_128,ZSTD,128,42,41,3737,308887700,308940134,52435,206,bytes 308887700-308940134/492119117,52435,52435,68.79225000011502,68.9158339991991,0.3631250001490116,69.30095899951993,True,
1,208,1,reused-client,1,cross_256_corner,zstd_128,ZSTD,128,42,42,3738,308940143,308992671,52529,206,bytes 308940143-308992671/492119117,52529,52529,40.79983300107415,40.873958001611754,9.10683300025994,50.015875000099186,True,
1,209,2,reused-client,1,interior,lzw_512,LZW,512,10,10,230,411686466,412818824,1132359,206,bytes 411686466-412818824/661107776,1132359,1132359,56.38458400062518,56.67883400019491,324.0525000001071,380.80004199946416,True,
1,210,3,reused-client,1,cross_128_edge,zstd_512,ZSTD,512,10,10,230,304767160,305606839,839680,206,bytes 304767160-305606839/490194415,839680,839680,40.876917002606206,41.025208000064595,280.6249999994179,321.7158340012247,True,
1,211,4,reused-client,1,cross_128_corner,zstd_256,ZSTD,256,20,20,900,301115142,301328168,213027,206,bytes 301115142-301328168/490384277,213027,213027,69.89175000126124,70.01629200021853,88.09283300070092,158.1745840012445,True,
1,212,5,reused-client,1,cross_512_corner,zstd_256,ZSTD,256,21,21,945,309824343,310033910,209568,206,bytes 309824343-310033910/490384277,209568,209568,55.723249999573454,55.83216699960758,81.00562500112574,136.8977919992176,True,
1,212,5,reused-client,1,cross_512_corner,zstd_256,ZSTD,256,21,22,946,310033919,310240520,206602,206,bytes 310033919-310240520/490384277,206602,206602,46.249957998952596,46.35120799866854,56.2316670002474,102.6432910002768,True,
1,212,5,reused-client,1,cross_512_corner,zstd_256,ZSTD,256,22,21,989,318075010,318281956,206947,206,bytes 318075010-318281956/490384277,206947,206947,46.48349999843049,46.61058299825527,65.9023750013148,112.56358299942804,True,
1,212,5,reused-client,1,cross_512_corner,zstd_256,ZSTD,256,22,22,990,318281965,318490136,208172,206,bytes 318281965-318490136/490384277,208172,208172,43.6493330016674,43.765792001067894,57.48633400071412,101.29687500011642,True,
1,213,3,reused-client,1,cross_512_edge,deflate_512,DEFLATE,512,10,10,230,310426888,311281522,854635,206,bytes 310426888-311281522/499024403,854635,854635,46.05025000273599,46.17941700053052,392.5403749999532,438.77954200070235,True,
1,213,3,reused-client,1,cross_512_edge,deflate_512,DEFLATE,512,10,11,231,311281531,312113785,832255,206,bytes 311281531-312113785/499024403,832255,832255,52.57341700053075,52.65345899897511,236.72758399698068,289.4442920005531,True,
1,214,4,reused-client,1,interior,lzw_512,LZW,512,10,10,230,411686466,412818824,1132359,206,bytes 411686466-412818824/661107776,1132359,1132359,71.90691699724994,72.03279199893586,293.1352500017965,365.22708399934345,True,
1,215,4,reused-client,1,cross_512_edge,deflate_128,DEFLATE,128,40,43,3563,305208773,305261361,52589,206,bytes 305208773-305261361/499617324,52589,52589,45.433540999511024,45.56241599857458,3.0611249967478216,48.65287499706028,True,
1,215,4,reused-client,1,cross_512_edge,deflate_128,DEFLATE,128,40,44,3564,305261370,305312689,51320,206,bytes 305261370-305312689/499617324,51320,51320,49.88654199769371,50.00549999749637,0.5085829980089329,50.5626249978377,True,
1,216,4,reused-client,1,cross_256_corner,deflate_128,DEFLATE,128,41,41,3649,309501616,309555017,53402,206,bytes 309501616-309555017/499617324,53402,53402,50.30191699916031,50.45820899977116,0.5387500023061875,51.021791998209665,True,
1,216,4,reused-client,1,cross_256_corner,deflate_128,DEFLATE,128,41,42,3650,309555026,309609246,54221,206,bytes 309555026-309609246/499617324,54221,54221,65.1831659997697,65.28824999986682,5.322415996488417,70.64225000067381,True,
1,216,4,reused-client,1,cross_256_corner,deflate_128,DEFLATE,128,42,41,3737,313827295,313880653,53359,206,bytes 313827295-313880653/499617324,53359,53359,44.06191700036288,44.209667001268826,1.691708999715047,45.930334003060125,True,
1,216,4,reused-client,1,cross_256_corner,deflate_128,DEFLATE,128,42,42,3738,313880662,313934033,53372,206,bytes 313880662-313934033/499617324,53372,53372,148.7065840010473,148.81966699977056,1.1518749997776467,149.99891700063017,True,
1,217,4,reused-client,1,cross_512_corner,zstd_128,ZSTD,128,43,43,3827,313219659,313272608,52950,206,bytes 313219659-313272608/492119117,52950,52950,49.474832998384954,49.582708001253195,2.632708001328865,52.243416001147125,True,
1,217,4,reused-client,1,cross_512_corner,zstd_128,ZSTD,128,43,44,3828,313272617,313324753,52137,206,bytes 313272617-313324753/492119117,52137,52137,43.95637500056182,44.068250001146225,0.6577500025741756,44.75316699972609,True,
1,217,4,reused-client,1,cross_512_corner,zstd_128,ZSTD,128,44,43,3915,317314658,317366615,51958,206,bytes 317314658-317366615/492119117,51958,51958,87.49883299969952,87.6157909988251,0.43495800127857365,88.07566600080463,True,
1,217,4,reused-client,1,cross_512_corner,zstd_128,ZSTD,128,44,44,3916,317366624,317418939,52316,206,bytes 317366624-317418939/492119117,52316,52316,40.927124999143416,41.25166700032423,0.8255419998022262,42.10650000095484,True,
1,218,2,reused-client,1,cross_128_edge,zstd_128,ZSTD,128,40,40,3560,300228058,300282104,54047,206,bytes 300228058-300282104/492119117,54047,54047,45.97016600018833,46.08479099988472,0.45795899859513156,46.56495800008997,True,
1,218,2,reused-client,1,cross_128_edge,zstd_128,ZSTD,128,40,41,3561,300282113,300335031,52919,206,bytes 300282113-300335031/492119117,52919,52919,48.18425000121351,48.29325000173412,3.2352919988625217,51.55749999903492,True,
1,219,2,reused-client,1,interior,zstd_512,ZSTD,512,10,10,230,304767160,305606839,839680,206,bytes 304767160-305606839/490194415,839680,839680,62.25799999810988,62.37991599846282,143.39833300255123,205.83616599833476,True,
1,220,1,reused-client,1,cross_128_edge,zstd_128,ZSTD,128,40,40,3560,300228058,300282104,54047,206,bytes 300228058-300282104/492119117,54047,54047,44.45629200199619,44.569542002136586,26.132332997804042,70.74979200115195,True,
1,220,1,reused-client,1,cross_128_edge,zstd_128,ZSTD,128,40,41,3561,300282113,300335031,52919,206,bytes 300282113-300335031/492119117,52919,52919,45.406417000776855,45.64025000217953,0.4170419997535646,46.08291700060363,True,
1,221,3,reused-client,1,cross_512_edge,zstd_128,ZSTD,128,40,43,3563,300386704,300438476,51773,206,bytes 300386704-300438476/492119117,51773,51773,45.82516600203235,45.997208002518164,8.60820899833925,54.90162500063889,True,
1,221,3,reused-client,1,cross_512_edge,zstd_128,ZSTD,128,40,44,3564,300438485,300489278,50794,206,bytes 300438485-300489278/492119117,50794,50794,41.13208299895632,41.26662499766098,6.835500000306638,48.13312499754829,True,
1,222,5,reused-client,1,cross_512_edge,lzw_512,LZW,512,10,10,230,411686466,412818824,1132359,206,bytes 411686466-412818824/661107776,1132359,1132359,47.82587500085356,48.08533300092677,365.2337499988789,413.37854100129334,True,
1,222,5,reused-client,1,cross_512_edge,lzw_512,LZW,512,10,11,231,412818833,413920320,1101488,206,bytes 412818833-413920320/661107776,1101488,1101488,53.58087499917019,53.71716700028628,700.0223750001169,753.8451669970527,True,
1,223,1,reused-client,1,cross_256_edge,deflate_512,DEFLATE,512,10,10,230,310426888,311281522,854635,206,bytes 310426888-311281522/499024403,854635,854635,130.24416700136499,130.36141699922155,1376.4938329986762,1506.9034999978612,True,
1,224,4,reused-client,1,cross_512_corner,deflate_256,DEFLATE,256,21,21,945,315110154,315323387,213234,206,bytes 315110154-315323387/498427477,213234,213234,46.01116699996055,46.11387499971897,114.23529099920415,160.37191700161202,True,
1,224,4,reused-client,1,cross_512_corner,deflate_256,DEFLATE,256,21,22,946,315323396,315533302,209907,206,bytes 315323396-315533302/498427477,209907,209907,74.04266700177686,74.12270900022122,127.85612500010757,202.01141700090375,True,
1,224,4,reused-client,1,cross_512_corner,deflate_256,DEFLATE,256,22,21,989,323490842,323701123,210282,206,bytes 323490842-323701123/498427477,210282,210282,87.14599999802886,87.75291599886259,131.11299999945913,218.93262500088895,True,
1,224,4,reused-client,1,cross_512_corner,deflate_256,DEFLATE,256,22,22,990,323701132,323912576,211445,206,bytes 323701132-323912576/498427477,211445,211445,42.86012499869685,42.97841700099525,170.2946260011231,213.34625099916593,True,
1,225,5,reused-client,1,cross_128_edge,zstd_128,ZSTD,128,40,40,3560,300228058,300282104,54047,206,bytes 300228058-300282104/492119117,54047,54047,56.48016700070002,56.62141700304346,0.4419169999891892,57.07970799994655,True,
1,225,5,reused-client,1,cross_128_edge,zstd_128,ZSTD,128,40,41,3561,300282113,300335031,52919,206,bytes 300282113-300335031/492119117,52919,52919,43.17270800311235,43.224666002060985,8.602833997429116,51.85012500078301,True,
1,226,1,reused-client,1,cross_512_edge,deflate_512,DEFLATE,512,10,10,230,310426888,311281522,854635,206,bytes 310426888-311281522/499024403,854635,854635,36.05591700033983,36.12100000100327,371.618416000274,407.7835829994001,True,
1,226,1,reused-client,1,cross_512_edge,deflate_512,DEFLATE,512,10,11,231,311281531,312113785,832255,206,bytes 311281531-312113785/499024403,832255,832255,49.45329199836124,49.57499999727588,469.07350000037695,518.7127919998602,True,
1,227,2,reused-client,1,cross_512_corner,lzw_256,LZW,256,21,21,945,418246405,418529582,283178,206,bytes 418246405-418529582/661012853,283178,283178,61.857708999013994,61.9511250006326,153.7095000021509,215.7112919994688,True,
1,227,2,reused-client,1,cross_512_corner,lzw_256,LZW,256,21,22,946,418529591,418807664,278074,206,bytes 418529591-418807664/661012853,278074,278074,38.86500100270496,38.97150100237923,123.71533299665316,162.76095899957,True,
1,227,2,reused-client,1,cross_512_corner,lzw_256,LZW,256,22,21,989,429313097,429591287,278191,206,bytes 429313097-429591287/661012853,278191,278191,57.9505829991831,58.071625000593485,126.00341600045795,184.14854100046796,True,
1,227,2,reused-client,1,cross_512_corner,lzw_256,LZW,256,22,22,990,429591296,429871211,279916,206,bytes 429591296-429871211/661012853,279916,279916,50.303916999837384,50.42841700196732,232.54974999872502,283.02820899989456,True,
1,228,3,reused-client,1,interior,zstd_128,ZSTD,128,40,40,3560,300228058,300282104,54047,206,bytes 300228058-300282104/492119117,54047,54047,46.64437500105123,46.89725000207545,113.59325100056594,160.53020800245577,True,
1,229,4,reused-client,1,cross_256_edge,zstd_512,ZSTD,512,10,10,230,304767160,305606839,839680,206,bytes 304767160-305606839/490194415,839680,839680,58.77108299682732,58.88920799770858,577.9323339993425,636.8575419983245,True,
1,230,4,reused-client,1,cross_256_corner,zstd_128,ZSTD,128,41,41,3649,304621142,304673679,52538,206,bytes 304621142-304673679/492119117,52538,52538,67.64904200099409,67.97354200170957,0.8472919980704319,68.84891699883156,True,
1,230,4,reused-client,1,cross_256_corner,zstd_128,ZSTD,128,41,42,3650,304673688,304726888,53201,206,bytes 304673688-304726888/492119117,53201,53201,41.48233399973833,41.59620900099981,5.374374999519205,47.00454200064996,True,
1,230,4,reused-client,1,cross_256_corner,zstd_128,ZSTD,128,42,41,3737,308887700,308940134,52435,206,bytes 308887700-308940134/492119117,52435,52435,47.326083000371,47.44362500059651,1.0341669985791668,48.50391600120929,True,
1,230,4,reused-client,1,cross_256_corner,zstd_128,ZSTD,128,42,42,3738,308940143,308992671,52529,206,bytes 308940143-308992671/492119117,52529,52529,74.23137499790755,74.35079199785832,0.35341699913260527,74.73099999697297,True,
1,231,5,reused-client,1,cross_512_corner,deflate_256,DEFLATE,256,21,21,945,315110154,315323387,213234,206,bytes 315110154-315323387/498427477,213234,213234,55.44700000245939,55.56337500092923,200.03291600005468,255.63012500060722,True,
1,231,5,reused-client,1,cross_512_corner,deflate_256,DEFLATE,256,21,22,946,315323396,315533302,209907,206,bytes 315323396-315533302/498427477,209907,209907,95.5746250001539,95.8342910016654,73.67954100118368,169.57204100253875,True,
1,231,5,reused-client,1,cross_512_corner,deflate_256,DEFLATE,256,22,21,989,323490842,323701123,210282,206,bytes 323490842-323701123/498427477,210282,210282,42.81216700110235,43.090917002700735,104.00195900001563,147.15300000170828,True,
1,231,5,reused-client,1,cross_512_corner,deflate_256,DEFLATE,256,22,22,990,323701132,323912576,211445,206,bytes 323701132-323912576/498427477,211445,211445,44.603665999602526,44.69162500026869,138.62979199984693,183.35825000031036,True,
1,232,3,reused-client,1,cross_256_edge,zstd_128,ZSTD,128,40,41,3561,300282113,300335031,52919,206,bytes 300282113-300335031/492119117,52919,52919,36.11858300064341,36.18233300221618,5.198041999392444,41.400500002055196,True,
1,232,3,reused-client,1,cross_256_edge,zstd_128,ZSTD,128,40,42,3562,300335040,300386695,51656,206,bytes 300335040-300386695/492119117,51656,51656,39.38462500082096,39.4674169983773,3.5673749989655335,43.0574579986569,True,
1,233,3,reused-client,1,cross_128_edge,deflate_256,DEFLATE,256,20,20,900,306262458,306479353,216896,206,bytes 306262458-306479353/498427477,216896,216896,37.85612499996205,37.92095799872186,82.15395899969735,120.11262500163866,True,
1,234,3,reused-client,1,cross_128_corner,deflate_512,DEFLATE,512,10,10,230,310426888,311281522,854635,206,bytes 310426888-311281522/499024403,854635,854635,46.96375000276021,47.05933300283505,415.6094169993594,462.7362080027524,True,
1,235,4,reused-client,1,cross_128_edge,zstd_128,ZSTD,128,40,40,3560,300228058,300282104,54047,206,bytes 300228058-300282104/492119117,54047,54047,46.1932500002149,46.32675000175368,8.504542001901427,54.86412500249571,True,
1,235,4,reused-client,1,cross_128_edge,zstd_128,ZSTD,128,40,41,3561,300282113,300335031,52919,206,bytes 300282113-300335031/492119117,52919,52919,39.01995900014299,39.108249999117106,25.105417000304442,64.24666699967929,True,
1,236,1,reused-client,1,cross_128_corner,zstd_128,ZSTD,128,40,40,3560,300228058,300282104,54047,206,bytes 300228058-300282104/492119117,54047,54047,32.83870800078148,32.994749999488704,16.948791999311652,49.970667001616675,True,
1,236,1,reused-client,1,cross_128_corner,zstd_128,ZSTD,128,40,41,3561,300282113,300335031,52919,206,bytes 300282113-300335031/492119117,52919,52919,59.37941700176452,59.45237500054645,0.22854200142319314,59.69704200106207,True,
1,236,1,reused-client,1,cross_128_corner,zstd_128,ZSTD,128,41,40,3648,304567089,304621133,54045,206,bytes 304567089-304621133/492119117,54045,54045,49.74520800169557,49.83262500172714,2.55829199886648,52.415125002880814,True,
1,236,1,reused-client,1,cross_128_corner,zstd_128,ZSTD,128,41,41,3649,304621142,304673679,52538,206,bytes 304621142-304673679/492119117,52538,52538,55.58287499661674,55.720415999530815,19.22408300015377,75.01254099770449,True,
1,237,4,reused-client,1,interior,deflate_512,DEFLATE,512,10,10,230,310426888,311281522,854635,206,bytes 310426888-311281522/499024403,854635,854635,60.35762499959674,60.472917000879534,407.50008299801266,468.00404200257617,True,
1,238,1,reused-client,1,cross_256_edge,lzw_128,LZW,128,40,41,3561,404163829,404234861,71033,206,bytes 404163829-404234861/661264391,71033,71033,45.944208999571856,46.0237090010196,11.926916002266807,57.98862500159885,True,
1,238,1,reused-client,1,cross_256_edge,lzw_128,LZW,128,40,42,3562,404234870,404303621,68752,206,bytes 404234870-404303621/661264391,68752,68752,46.48375000033411,46.71487499945215,12.544332999823382,59.29420899701654,True,
1,239,1,reused-client,1,cross_128_edge,lzw_128,LZW,128,40,40,3560,404091050,404163820,72771,206,bytes 404091050-404163820/661264391,72771,72771,41.35699999824283,41.429665998293785,11.416458000894636,52.87983299785992,True,
1,239,1,reused-client,1,cross_128_edge,lzw_128,LZW,128,40,41,3561,404163829,404234861,71033,206,bytes 404163829-404234861/661264391,71033,71033,53.73137499918812,53.832208999665454,0.3497500001685694,54.20083400167641,True,
1,240,2,reused-client,1,cross_256_edge,lzw_256,LZW,256,20,20,900,406553924,406841161,287238,206,bytes 406553924-406841161/661012853,287238,287238,59.55904200163786,59.67387499913457,72.99033299932489,132.72533300187206,True,
1,240,2,reused-client,1,cross_256_edge,lzw_256,LZW,256,20,21,901,406841170,407119092,277923,206,bytes 406841170-407119092/661012853,277923,277923,41.50579099950846,41.61220800233423,83.02208299937774,124.69745800262899,True,
1,241,1,reused-client,1,cross_512_edge,lzw_128,LZW,128,40,43,3563,404303630,404372483,68854,206,bytes 404303630-404372483/661264391,68854,68854,84.47545899980469,84.60662499783211,3.0268750015238766,87.66124999965541,True,
1,241,1,reused-client,1,cross_512_edge,lzw_128,LZW,128,40,44,3564,404372492,404440436,67945,206,bytes 404372492-404440436/661264391,67945,67945,48.234459001832874,48.34958400169853,31.925875002343673,80.34237500032759,True,
1,242,4,reused-client,1,interior,zstd_128,ZSTD,128,40,40,3560,300228058,300282104,54047,206,bytes 300228058-300282104/492119117,54047,54047,128.00870799765107,128.11941700056195,0.4489579987421166,128.5901669980376,True,
1,243,2,reused-client,1,cross_512_edge,deflate_512,DEFLATE,512,10,10,230,310426888,311281522,854635,206,bytes 310426888-311281522/499024403,854635,854635,62.462500001856824,62.57670800187043,371.8539170004078,434.4637499998498,True,
1,243,2,reused-client,1,cross_512_edge,deflate_512,DEFLATE,512,10,11,231,311281531,312113785,832255,206,bytes 311281531-312113785/499024403,832255,832255,61.856917000113754,61.964791999344015,187.0736669989128,249.09370899695205,True,
1,244,4,reused-client,1,cross_128_corner,lzw_512,LZW,512,10,10,230,411686466,412818824,1132359,206,bytes 411686466-412818824/661107776,1132359,1132359,68.38341700131423,68.48183400143171,224.31125000002794,292.8340840007877,True,
1,245,4,reused-client,1,interior,lzw_256,LZW,256,20,20,900,406553924,406841161,287238,206,bytes 406553924-406841161/661012853,287238,287238,88.24616600031732,88.30837500136113,37.18391699658241,125.51512500067474,True,
1,246,2,reused-client,1,cross_128_edge,deflate_512,DEFLATE,512,10,10,230,310426888,311281522,854635,206,bytes 310426888-311281522/499024403,854635,854635,40.32062500118627,40.38612500153249,205.22175000223797,245.6327500003681,True,
1,247,4,reused-client,1,cross_256_corner,lzw_512,LZW,512,10,10,230,411686466,412818824,1132359,206,bytes 411686466-412818824/661107776,1132359,1132359,43.73895800017635,43.81562499838765,206.3461669968092,250.20416699771886,True,
1,248,5,reused-client,1,cross_512_corner,lzw_512,LZW,512,10,10,230,411686466,412818824,1132359,206,bytes 411686466-412818824/661107776,1132359,1132359,69.26749999911408,69.34679100231733,583.8257920004253,653.2122909993632,True,
1,248,5,reused-client,1,cross_512_corner,lzw_512,LZW,512,10,11,231,412818833,413920320,1101488,206,bytes 412818833-413920320/661107776,1101488,1101488,116.29949999769451,116.44170899671735,410.1674159974209,526.6739589969802,True,
1,248,5,reused-client,1,cross_512_corner,lzw_512,LZW,512,11,10,252,434325460,435426146,1100687,206,bytes 434325460-435426146/661107776,1100687,1100687,49.18954200184089,49.45900000166148,921.2200840011064,970.7202090030478,True,
1,248,5,reused-client,1,cross_512_corner,lzw_512,LZW,512,11,11,253,435426155,436544622,1118468,206,bytes 435426155-436544622/661107776,1118468,1118468,98.39083299812046,98.48575000069104,615.1611670029524,713.6803749999672,True,
1,249,2,reused-client,1,cross_256_edge,zstd_512,ZSTD,512,10,10,230,304767160,305606839,839680,206,bytes 304767160-305606839/490194415,839680,839680,164.0924579987768,164.20633300003828,926.1545000008482,1090.4224589976366,True,
1,250,4,reused-client,1,cross_128_corner,lzw_128,LZW,128,40,40,3560,404091050,404163820,72771,206,bytes 404091050-404163820/661264391,72771,72771,196.5545419989212,196.623208001256,76.9500419992255,273.61620900046546,True,
1,250,4,reused-client,1,cross_128_corner,lzw_128,LZW,128,40,41,3561,404163829,404234861,71033,206,bytes 404163829-404234861/661264391,71033,71033,71.99400000172318,72.08604100014782,44.14579200238222,116.24737500096671,True,
1,250,4,reused-client,1,cross_128_corner,lzw_128,LZW,128,41,40,3648,409892800,409965306,72507,206,bytes 409892800-409965306/661264391,72507,72507,33.67495799830067,33.73366600135341,61.82533299943316,95.595915998274,True,
1,250,4,reused-client,1,cross_128_corner,lzw_128,LZW,128,41,41,3649,409965315,410035919,70605,206,bytes 409965315-410035919/661264391,70605,70605,48.36725000131992,48.45408300025156,28.697582998574944,77.19420800276566,True,
1,251,4,reused-client,1,cross_512_corner,zstd_256,ZSTD,256,21,21,945,309824343,310033910,209568,206,bytes 309824343-310033910/490384277,209568,209568,45.836749999580206,46.00333299822523,122.95270800314029,169.02283300078125,True,
1,251,4,reused-client,1,cross_512_corner,zstd_256,ZSTD,256,21,22,946,310033919,310240520,206602,206,bytes 310033919-310240520/490384277,206602,206602,57.76404100106447,57.832582999253646,101.6125420028402,159.46779099976993,True,
1,251,4,reused-client,1,cross_512_corner,zstd_256,ZSTD,256,22,21,989,318075010,318281956,206947,206,bytes 318075010-318281956/490384277,206947,206947,126.13762599721667,126.22512599773472,86.28350000071805,212.57966699704411,True,
1,251,4,reused-client,1,cross_512_corner,zstd_256,ZSTD,256,22,22,990,318281965,318490136,208172,206,bytes 318281965-318490136/490384277,208172,208172,105.45075000118231,105.57316599806654,149.46045900069294,255.1073329996143,True,
1,252,5,reused-client,1,cross_256_corner,lzw_128,LZW,128,41,41,3649,409965315,410035919,70605,206,bytes 409965315-410035919/661264391,70605,70605,80.18291600092198,80.27345799928298,19.049082999117672,99.36691599796177,True,
1,252,5,reused-client,1,cross_256_corner,lzw_128,LZW,128,41,42,3650,410035928,410107613,71686,206,bytes 410035928-410107613/661264391,71686,71686,69.73500000094646,69.83216699882178,51.60208300003433,121.48824999894714,True,
1,252,5,reused-client,1,cross_256_corner,lzw_128,LZW,128,42,41,3737,415676272,415746842,70571,206,bytes 415676272-415746842/661264391,70571,70571,47.74112499944749,47.975166999094654,31.35312599988538,79.40537499962375,True,
1,252,5,reused-client,1,cross_256_corner,lzw_128,LZW,128,42,42,3738,415746851,415817546,70696,206,bytes 415746851-415817546/661264391,70696,70696,48.68079100197065,48.79600000276696,41.70466700088582,90.55262500260142,True,
1,253,2,reused-client,1,interior,lzw_256,LZW,256,20,20,900,406553924,406841161,287238,206,bytes 406553924-406841161/661012853,287238,287238,47.68912500003353,47.806875001697335,263.6128749982163,311.4683750027325,True,
1,254,1,reused-client,1,cross_512_corner,zstd_128,ZSTD,128,43,43,3827,313219659,313272608,52950,206,bytes 313219659-313272608/492119117,52950,52950,45.68291599935037,45.87175000051502,7.995749998372048,53.89845800164039,True,
1,254,1,reused-client,1,cross_512_corner,zstd_128,ZSTD,128,43,44,3828,313272617,313324753,52137,206,bytes 313272617-313324753/492119117,52137,52137,53.97462499968242,54.11291599739343,7.290124998689862,61.50987499859184,True,
1,254,1,reused-client,1,cross_512_corner,zstd_128,ZSTD,128,44,43,3915,317314658,317366615,51958,206,bytes 317314658-317366615/492119117,51958,51958,54.29412500234321,54.40208300205995,6.400375001248904,60.840041001938516,True,
1,254,1,reused-client,1,cross_512_corner,zstd_128,ZSTD,128,44,44,3916,317366624,317418939,52316,206,bytes 317366624-317418939/492119117,52316,52316,67.64370900054928,67.76300000274205,2.0337919995654374,69.82612499996321,True,
1,255,5,reused-client,1,cross_256_edge,zstd_256,ZSTD,256,20,20,900,301115142,301328168,213027,206,bytes 301115142-301328168/490384277,213027,213027,49.251709002419375,49.360084001818905,61.62449999828823,111.03791700224974,True,
1,255,5,reused-client,1,cross_256_edge,zstd_256,ZSTD,256,20,21,901,301328177,301535592,207416,206,bytes 301328177-301535592/490384277,207416,207416,52.88233299870626,52.95295800169697,65.98825000037323,118.97870800021337,True,
1,256,3,reused-client,1,cross_512_corner,zstd_512,ZSTD,512,10,10,230,304767160,305606839,839680,206,bytes 304767160-305606839/490194415,839680,839680,39.72474999682163,39.79837499718997,702.533833002235,742.372250999324,True,
1,256,3,reused-client,1,cross_512_corner,zstd_512,ZSTD,512,10,11,231,305606848,306426901,820054,206,bytes 305606848-306426901/490194415,820054,820054,51.92812500172295,52.00729200078058,520.2497919999587,572.3066260034102,True,
1,256,3,reused-client,1,cross_512_corner,zstd_512,ZSTD,512,11,10,252,321640707,322458855,818149,206,bytes 321640707-322458855/490194415,818149,818149,43.4186660022533,43.53433299911558,665.5801249980868,709.1632500014384,True,
1,256,3,reused-client,1,cross_512_corner,zstd_512,ZSTD,512,11,11,253,322458864,323289120,830257,206,bytes 322458864-323289120/490194415,830257,830257,104.69595799804665,104.7974159992009,669.8400419991231,774.6976249982254,True,
1,257,5,reused-client,1,interior,deflate_512,DEFLATE,512,10,10,230,310426888,311281522,854635,206,bytes 310426888-311281522/499024403,854635,854635,103.36070799894514,103.47087499758345,884.001583999634,987.5202499970328,True,
1,258,3,reused-client,1,cross_256_corner,deflate_256,DEFLATE,256,20,20,900,306262458,306479353,216896,206,bytes 306262458-306479353/498427477,216896,216896,43.45158300202456,43.5700000016368,130.62854099916876,174.25949999960721,True,
1,258,3,reused-client,1,cross_256_corner,deflate_256,DEFLATE,256,20,21,901,306479362,306690064,210703,206,bytes 306479362-306690064/498427477,210703,210703,74.43141700059641,74.52320900119958,157.98274999906425,232.54691700276453,True,
1,258,3,reused-client,1,cross_256_corner,deflate_256,DEFLATE,256,21,20,944,314896453,315110145,213693,206,bytes 314896453-315110145/498427477,213693,213693,54.23162499937462,54.306500001985114,104.11829199802014,158.47199999916484,True,
1,258,3,reused-client,1,cross_256_corner,deflate_256,DEFLATE,256,21,21,945,315110154,315323387,213234,206,bytes 315110154-315323387/498427477,213234,213234,43.787124999653315,43.912000001000706,104.15233299863758,148.10962500268943,True,
1,259,5,reused-client,1,cross_512_corner,zstd_512,ZSTD,512,10,10,230,304767160,305606839,839680,206,bytes 304767160-305606839/490194415,839680,839680,38.571875000343425,38.81604200068978,616.72387499857,655.6034589993942,True,
1,259,5,reused-client,1,cross_512_corner,zstd_512,ZSTD,512,10,11,231,305606848,306426901,820054,206,bytes 305606848-306426901/490194415,820054,820054,59.149875000002794,59.328999999706866,470.21270799814374,529.61195899843,True,
1,259,5,reused-client,1,cross_512_corner,zstd_512,ZSTD,512,11,10,252,321640707,322458855,818149,206,bytes 321640707-322458855/490194415,818149,818149,127.76649999796064,127.98283399752108,364.82941699796356,492.87487599940505,True,
1,259,5,reused-client,1,cross_512_corner,zstd_512,ZSTD,512,11,11,253,322458864,323289120,830257,206,bytes 322458864-323289120/490194415,830257,830257,55.23000000175671,55.350708000332816,286.3178749976214,341.73425000335556,True,
1,260,2,reused-client,1,cross_512_corner,lzw_512,LZW,512,10,10,230,411686466,412818824,1132359,206,bytes 411686466-412818824/661107776,1132359,1132359,39.94458300076076,40.06316600134596,492.0428749974235,532.157792000362,True,
1,260,2,reused-client,1,cross_512_corner,lzw_512,LZW,512,10,11,231,412818833,413920320,1101488,206,bytes 412818833-413920320/661107776,1101488,1101488,55.12220799937495,55.25054199824808,519.9224579992006,575.2997919989866,True,
1,260,2,reused-client,1,cross_512_corner,lzw_512,LZW,512,11,10,252,434325460,435426146,1100687,206,bytes 434325460-435426146/661107776,1100687,1100687,57.70916700203088,57.87200000122539,1070.6215419995715,1128.5552500012273,True,
1,260,2,reused-client,1,cross_512_corner,lzw_512,LZW,512,11,11,253,435426155,436544622,1118468,206,bytes 435426155-436544622/661107776,1118468,1118468,71.28374999956577,71.40041699676658,776.8337920024351,848.272500999883,True,
1,261,2,reused-client,1,cross_128_edge,deflate_128,DEFLATE,128,40,40,3560,305047460,305102560,55101,206,bytes 305047460-305102560/499617324,55101,55101,63.16795900056604,63.26850000186823,0.2725829981500283,63.5597090004012,True,
1,261,2,reused-client,1,cross_128_edge,deflate_128,DEFLATE,128,40,41,3561,305102569,305156400,53832,206,bytes 305102569-305156400/499617324,53832,53832,60.81379199895309,60.93166700156871,0.8156670010066591,61.77683400164824,True,
1,262,4,reused-client,1,cross_512_edge,deflate_512,DEFLATE,512,10,10,230,310426888,311281522,854635,206,bytes 310426888-311281522/499024403,854635,854635,46.785250000539236,46.89445800249814,440.40674999996554,487.35162500088336,True,
1,262,4,reused-client,1,cross_512_edge,deflate_512,DEFLATE,512,10,11,231,311281531,312113785,832255,206,bytes 311281531-312113785/499024403,832255,832255,76.71091700103716,76.84770800187835,380.0546249985928,456.9392080011312,True,
1,263,3,reused-client,1,cross_512_corner,deflate_256,DEFLATE,256,21,21,945,315110154,315323387,213234,206,bytes 315110154-315323387/498427477,213234,213234,48.76420800064807,48.86850000184495,203.7306250022084,252.6582500031509,True,
1,263,3,reused-client,1,cross_512_corner,deflate_256,DEFLATE,256,21,22,946,315323396,315533302,209907,206,bytes 315323396-315533302/498427477,209907,209907,118.58020900035626,118.69000099977711,334.97595799781266,453.7142920016777,True,
1,263,3,reused-client,1,cross_512_corner,deflate_256,DEFLATE,256,22,21,989,323490842,323701123,210282,206,bytes 323490842-323701123/498427477,210282,210282,35.968707998108584,36.09979099928751,235.36995799804572,271.53333299793303,True,
1,263,3,reused-client,1,cross_512_corner,deflate_256,DEFLATE,256,22,22,990,323701132,323912576,211445,206,bytes 323701132-323912576/498427477,211445,211445,38.83875099927536,38.948000998061616,155.61616599734407,194.61416699778056,True,
1,264,5,reused-client,1,cross_128_corner,lzw_512,LZW,512,10,10,230,411686466,412818824,1132359,206,bytes 411686466-412818824/661107776,1132359,1132359,42.950749997544335,43.05687499800115,677.1260000023176,720.2450839977246,True,
1,265,1,reused-client,1,cross_256_edge,zstd_128,ZSTD,128,40,41,3561,300282113,300335031,52919,206,bytes 300282113-300335031/492119117,52919,52919,44.773791003535734,44.89275000014459,3.526749998854939,48.451000002387445,True,
1,265,1,reused-client,1,cross_256_edge,zstd_128,ZSTD,128,40,42,3562,300335040,300386695,51656,206,bytes 300335040-300386695/492119117,51656,51656,43.330749998858664,43.4464999998454,1.009792002150789,44.47970799810719,True,
1,266,2,reused-client,1,interior,deflate_512,DEFLATE,512,10,10,230,310426888,311281522,854635,206,bytes 310426888-311281522/499024403,854635,854635,44.09375000250293,44.21712499970454,334.780958997726,379.1259589997935,True,
1,267,3,reused-client,1,cross_256_edge,zstd_512,ZSTD,512,10,10,230,304767160,305606839,839680,206,bytes 304767160-305606839/490194415,839680,839680,103.96987600324792,104.06233400135534,324.0142079994257,428.12879200209863,True,
1,268,1,reused-client,1,cross_256_corner,lzw_512,LZW,512,10,10,230,411686466,412818824,1132359,206,bytes 411686466-412818824/661107776,1132359,1132359,57.08658299772651,57.20287499934784,465.1882920006756,522.4393329990562,True,
1,269,4,reused-client,1,cross_256_edge,lzw_128,LZW,128,40,41,3561,404163829,404234861,71033,206,bytes 404163829-404234861/661264391,71033,71033,79.14037499722326,79.25883399730083,3.537958997185342,82.82683399738744,True,
1,269,4,reused-client,1,cross_256_edge,lzw_128,LZW,128,40,42,3562,404234870,404303621,68752,206,bytes 404234870-404303621/661264391,68752,68752,121.25654099872918,121.35958300132188,0.48629199955030344,121.86887500138255,True,
1,270,3,reused-client,1,interior,lzw_512,LZW,512,10,10,230,411686466,412818824,1132359,206,bytes 411686466-412818824/661107776,1132359,1132359,43.35220899884007,43.52887499771896,254.28066599852173,297.8568339967751,True,
1,271,1,reused-client,1,cross_128_corner,zstd_512,ZSTD,512,10,10,230,304767160,305606839,839680,206,bytes 304767160-305606839/490194415,839680,839680,84.52370799932396,84.63529099753941,162.1579999991809,246.93158299851348,True,
1,272,1,reused-client,1,cross_256_edge,lzw_512,LZW,512,10,10,230,411686466,412818824,1132359,206,bytes 411686466-412818824/661107776,1132359,1132359,54.52020799930324,54.661999998643296,172.79974999837577,227.51774999778718,True,
1,273,2,reused-client,1,cross_256_corner,zstd_512,ZSTD,512,10,10,230,304767160,305606839,839680,206,bytes 304767160-305606839/490194415,839680,839680,46.28966599921114,46.41887500110897,257.43024999974295,303.95449999923585,True,
1,274,5,reused-client,1,cross_256_corner,zstd_256,ZSTD,256,20,20,900,301115142,301328168,213027,206,bytes 301115142-301328168/490384277,213027,213027,45.801708998624235,45.91095899741049,33.42708299896913,79.39500000065891,True,
1,274,5,reused-client,1,cross_256_corner,zstd_256,ZSTD,256,20,21,901,301328177,301535592,207416,206,bytes 301328177-301535592/490384277,207416,207416,59.92145799973514,60.029917000065325,24.304209000547417,84.375958002056,True,
1,274,5,reused-client,1,cross_256_corner,zstd_256,ZSTD,256,21,20,944,309614499,309824334,209836,206,bytes 309614499-309824334/490384277,209836,209836,64.92133400024613,65.04391700218548,16.812125002616085,81.89887499975157,True,
1,274,5,reused-client,1,cross_256_corner,zstd_256,ZSTD,256,21,21,945,309824343,310033910,209568,206,bytes 309824343-310033910/490384277,209568,209568,44.74283300078241,44.86820800229907,28.230083000380546,73.13179199991282,True,
1,275,2,reused-client,1,cross_128_edge,lzw_512,LZW,512,10,10,230,411686466,412818824,1132359,206,bytes 411686466-412818824/661107776,1132359,1132359,40.201457999501145,40.311707998625934,191.63699999990058,232.00654199899873,True,
1,276,2,reused-client,1,cross_256_edge,lzw_512,LZW,512,10,10,230,411686466,412818824,1132359,206,bytes 411686466-412818824/661107776,1132359,1132359,45.8755840008962,45.98374999841326,212.5756250025006,258.6311669983843,True,
1,277,3,reused-client,1,cross_512_corner,deflate_512,DEFLATE,512,10,10,230,310426888,311281522,854635,206,bytes 310426888-311281522/499024403,854635,854635,36.02566699919407,36.149125000520144,389.61674999882234,425.82775000119,True,
1,277,3,reused-client,1,cross_512_corner,deflate_512,DEFLATE,512,10,11,231,311281531,312113785,832255,206,bytes 311281531-312113785/499024403,832255,832255,65.69962499997928,65.80887499876553,373.7631659969338,439.6331249990908,True,
1,277,3,reused-client,1,cross_512_corner,deflate_512,DEFLATE,512,11,10,252,327623520,328452071,828552,206,bytes 327623520-328452071/499024403,828552,828552,48.94645799868158,49.045083000237355,600.3102920003585,649.3718749989057,True,
1,277,3,reused-client,1,cross_512_corner,deflate_512,DEFLATE,512,11,11,253,328452080,329294883,842804,206,bytes 328452080-329294883/499024403,842804,842804,34.550083000794984,34.6211249998305,408.6340419999033,443.3022500015795,True,
1,278,2,reused-client,1,cross_512_corner,deflate_512,DEFLATE,512,10,10,230,310426888,311281522,854635,206,bytes 310426888-311281522/499024403,854635,854635,58.92483400020865,59.016999999585096,409.77387499879114,468.83229200102505,True,
1,278,2,reused-client,1,cross_512_corner,deflate_512,DEFLATE,512,10,11,231,311281531,312113785,832255,206,bytes 311281531-312113785/499024403,832255,832255,45.24974999731057,45.34899999998743,282.361542002036,327.8383329998178,True,
1,278,2,reused-client,1,cross_512_corner,deflate_512,DEFLATE,512,11,10,252,327623520,328452071,828552,206,bytes 327623520-328452071/499024403,828552,828552,51.23858300066786,51.421708001726074,332.33874999859836,383.8567080019857,True,
1,278,2,reused-client,1,cross_512_corner,deflate_512,DEFLATE,512,11,11,253,328452080,329294883,842804,206,bytes 328452080-329294883/499024403,842804,842804,44.682166997517925,44.759666998288594,486.3647919992218,531.1594169979799,True,
1,279,3,reused-client,1,cross_128_corner,zstd_512,ZSTD,512,10,10,230,304767160,305606839,839680,206,bytes 304767160-305606839/490194415,839680,839680,65.12308299716096,65.1902079989668,345.0971669990395,410.3621669964923,True,
1,280,5,reused-client,1,cross_512_corner,lzw_128,LZW,128,43,43,3827,421475357,421546899,71543,206,bytes 421475357-421546899/661264391,71543,71543,67.94295800136751,68.06570800108602,2.241499998490326,70.33783299993956,True,
1,280,5,reused-client,1,cross_512_corner,lzw_128,LZW,128,43,44,3828,421546908,421617252,70345,206,bytes 421546908-421617252/661264391,70345,70345,44.86495799937984,44.97229199841968,6.014457998389844,51.01550000108546,True,
1,280,5,reused-client,1,cross_512_corner,lzw_128,LZW,128,44,43,3915,426954274,427023840,69567,206,bytes 426954274-427023840/661264391,69567,69567,44.96895900228992,45.080709001922514,2.6587079992168583,47.77050000120653,True,
1,280,5,reused-client,1,cross_512_corner,lzw_128,LZW,128,44,44,3916,427023849,427094094,70246,206,bytes 427023849-427094094/661264391,70246,70246,48.66770800072118,48.77366700020502,99.43116700014798,148.25445800306625,True,
1,281,1,reused-client,1,cross_512_edge,zstd_512,ZSTD,512,10,10,230,304767160,305606839,839680,206,bytes 304767160-305606839/490194415,839680,839680,49.332625003444264,49.44525000246358,1107.4218339999788,1156.9295000008424,True,
1,281,1,reused-client,1,cross_512_edge,zstd_512,ZSTD,512,10,11,231,305606848,306426901,820054,206,bytes 305606848-306426901/490194415,820054,820054,41.033166999113746,41.15724999792292,1109.0879170005792,1150.3109999976004,True,
1,282,5,reused-client,1,cross_512_corner,deflate_512,DEFLATE,512,10,10,230,310426888,311281522,854635,206,bytes 310426888-311281522/499024403,854635,854635,47.95691700201132,48.074792000988964,485.9722500004864,534.1090420006367,True,
1,282,5,reused-client,1,cross_512_corner,deflate_512,DEFLATE,512,10,11,231,311281531,312113785,832255,206,bytes 311281531-312113785/499024403,832255,832255,60.02083400017,60.14150000191876,447.3714169980667,507.58095900164335,True,
1,282,5,reused-client,1,cross_512_corner,deflate_512,DEFLATE,512,11,10,252,327623520,328452071,828552,206,bytes 327623520-328452071/499024403,828552,828552,43.85829199964064,43.992791997879976,283.4755409967329,327.5242089985113,True,
1,282,5,reused-client,1,cross_512_corner,deflate_512,DEFLATE,512,11,11,253,328452080,329294883,842804,206,bytes 328452080-329294883/499024403,842804,842804,53.80245900232694,53.88916700030677,256.74916700154427,310.68662500183564,True,
1,283,3,reused-client,1,cross_256_edge,deflate_128,DEFLATE,128,40,41,3561,305102569,305156400,53832,206,bytes 305102569-305156400/499617324,53832,53832,97.27749999728985,97.39095799886854,4.916958001558669,102.34787499939557,True,
1,283,3,reused-client,1,cross_256_edge,deflate_128,DEFLATE,128,40,42,3562,305156409,305208764,52356,206,bytes 305156409-305208764/499617324,52356,52356,157.97304200168583,158.08370800004923,0.615458997344831,158.7238329993852,True,
1,284,4,reused-client,1,cross_512_corner,zstd_512,ZSTD,512,10,10,230,304767160,305606839,839680,206,bytes 304767160-305606839/490194415,839680,839680,54.3625840000459,54.50737499995739,403.6148340019281,458.18995900117443,True,
1,284,4,reused-client,1,cross_512_corner,zstd_512,ZSTD,512,10,11,231,305606848,306426901,820054,206,bytes 305606848-306426901/490194415,820054,820054,74.41058399854228,74.52316699709627,815.8980420012085,890.4892089994974,True,
1,284,4,reused-client,1,cross_512_corner,zstd_512,ZSTD,512,11,10,252,321640707,322458855,818149,206,bytes 321640707-322458855/490194415,818149,818149,42.71191700172494,42.835042000660906,499.66354200296337,542.5740840000799,True,
1,284,4,reused-client,1,cross_512_corner,zstd_512,ZSTD,512,11,11,253,322458864,323289120,830257,206,bytes 322458864-323289120/490194415,830257,830257,44.79912500028149,44.9285830000008,440.36420799966436,485.35912499937695,True,
1,285,1,reused-client,1,cross_512_edge,zstd_128,ZSTD,128,40,43,3563,300386704,300438476,51773,206,bytes 300386704-300438476/492119117,51773,51773,43.936333000601735,44.051291999494424,3.762582997296704,47.84312500123633,True,
1,285,1,reused-client,1,cross_512_edge,zstd_128,ZSTD,128,40,44,3564,300438485,300489278,50794,206,bytes 300438485-300489278/492119117,50794,50794,65.19895800011,65.28166700081783,7.676459001231706,72.97962499796995,True,
1,286,5,reused-client,1,cross_128_edge,lzw_512,LZW,512,10,10,230,411686466,412818824,1132359,206,bytes 411686466-412818824/661107776,1132359,1132359,62.66066699754447,62.7547499971115,423.28304200054845,486.0752499989758,True,
1,287,3,reused-client,1,cross_512_edge,zstd_512,ZSTD,512,10,10,230,304767160,305606839,839680,206,bytes 304767160-305606839/490194415,839680,839680,108.7866669986397,109.0307499980554,470.5147080021561,579.6108340000501,True,
1,287,3,reused-client,1,cross_512_edge,zstd_512,ZSTD,512,10,11,231,305606848,306426901,820054,206,bytes 305606848-306426901/490194415,820054,820054,59.99604200042086,60.103208998043556,559.065333000035,619.226250997599,True,
1,288,3,reused-client,1,cross_128_corner,zstd_128,ZSTD,128,40,40,3560,300228058,300282104,54047,206,bytes 300228058-300282104/492119117,54047,54047,54.29849999927683,54.41645799874095,6.495040997833712,60.94154099992011,True,
1,288,3,reused-client,1,cross_128_corner,zstd_128,ZSTD,128,40,41,3561,300282113,300335031,52919,206,bytes 300282113-300335031/492119117,52919,52919,70.55450000189012,70.67212500260212,3.0184159986674786,73.71704199977103,True,
1,288,3,reused-client,1,cross_128_corner,zstd_128,ZSTD,128,41,40,3648,304567089,304621133,54045,206,bytes 304567089-304621133/492119117,54045,54045,41.85570800109417,41.96958300235565,4.48833400150761,46.48995800016564,True,
1,288,3,reused-client,1,cross_128_corner,zstd_128,ZSTD,128,41,41,3649,304621142,304673679,52538,206,bytes 304621142-304673679/492119117,52538,52538,59.50841700177989,59.62137599999551,3.396000000066124,63.045375998626696,True,
1,289,4,reused-client,1,cross_512_edge,lzw_512,LZW,512,10,10,230,411686466,412818824,1132359,206,bytes 411686466-412818824/661107776,1132359,1132359,70.72229200275615,70.7825839999714,394.4276250003895,465.26400000220747,True,
1,289,4,reused-client,1,cross_512_edge,lzw_512,LZW,512,10,11,231,412818833,413920320,1101488,206,bytes 412818833-413920320/661107776,1101488,1101488,41.81050000261166,41.944708002120024,421.8513330015412,463.8630000008561,True,
1,290,2,reused-client,1,interior,lzw_128,LZW,128,40,40,3560,404091050,404163820,72771,206,bytes 404091050-404163820/661264391,72771,72771,51.766000000498025,51.968374998978106,5.0262919976376,57.025541998882545,True,
1,291,1,reused-client,1,cross_512_corner,deflate_512,DEFLATE,512,10,10,230,310426888,311281522,854635,206,bytes 310426888-311281522/499024403,854635,854635,79.80262499768287,79.92154200110235,269.63324999815086,349.6135419991333,True,
1,291,1,reused-client,1,cross_512_corner,deflate_512,DEFLATE,512,10,11,231,311281531,312113785,832255,206,bytes 311281531-312113785/499024403,832255,832255,42.718375003460096,42.80045800260268,202.51008400009596,245.37166700247326,True,
1,291,1,reused-client,1,cross_512_corner,deflate_512,DEFLATE,512,11,10,252,327623520,328452071,828552,206,bytes 327623520-328452071/499024403,828552,828552,53.20558300081757,53.31358300099964,299.2023330007214,352.58254099971964,True,
1,291,1,reused-client,1,cross_512_corner,deflate_512,DEFLATE,512,11,11,253,328452080,329294883,842804,206,bytes 328452080-329294883/499024403,842804,842804,58.132416997978,58.22995899870875,184.82008400314953,243.12304200066137,True,
1,292,4,reused-client,1,interior,lzw_128,LZW,128,40,40,3560,404091050,404163820,72771,206,bytes 404091050-404163820/661264391,72771,72771,46.244332999776816,46.346167000592686,9.465791001275647,55.84533300134353,True,
1,293,4,reused-client,1,cross_256_corner,zstd_512,ZSTD,512,10,10,230,304767160,305606839,839680,206,bytes 304767160-305606839/490194415,839680,839680,39.61554200213868,39.6769580002001,154.43854199838825,194.18962499912595,True,
1,294,2,reused-client,1,cross_512_edge,deflate_256,DEFLATE,256,20,21,901,306479362,306690064,210703,206,bytes 306479362-306690064/498427477,210703,210703,61.93041699953028,62.09087499883026,40.15241700108163,102.29249999974854,True,
1,294,2,reused-client,1,cross_512_edge,deflate_256,DEFLATE,256,20,22,902,306690073,306897377,207305,206,bytes 306690073-306897377/498427477,207305,207305,82.52224999887403,82.70229199843016,45.36387500047567,128.13583299794118,True,
1,295,3,reused-client,1,cross_256_corner,deflate_512,DEFLATE,512,10,10,230,310426888,311281522,854635,206,bytes 310426888-311281522/499024403,854635,854635,56.78549999720417,56.874458998208866,274.4838760008861,331.4109169987205,True,
1,296,4,reused-client,1,cross_256_corner,zstd_256,ZSTD,256,20,20,900,301115142,301328168,213027,206,bytes 301115142-301328168/490384277,213027,213027,77.6106669982255,77.74720799716306,26.05675000086194,103.86062500037951,True,
1,296,4,reused-client,1,cross_256_corner,zstd_256,ZSTD,256,20,21,901,301328177,301535592,207416,206,bytes 301328177-301535592/490384277,207416,207416,60.04729199776193,60.267708999163006,26.123667001229478,86.45629199963878,True,
1,296,4,reused-client,1,cross_256_corner,zstd_256,ZSTD,256,21,20,944,309614499,309824334,209836,206,bytes 309614499-309824334/490384277,209836,209836,68.69341700075893,68.81245800104807,27.235583002038766,96.14787499958766,True,
1,296,4,reused-client,1,cross_256_corner,zstd_256,ZSTD,256,21,21,945,309824343,310033910,209568,206,bytes 309824343-310033910/490384277,209568,209568,53.195541997411055,53.32562499825144,32.23308399901725,85.6149169994751,True,
1,297,3,reused-client,1,interior,lzw_256,LZW,256,20,20,900,406553924,406841161,287238,206,bytes 406553924-406841161/661012853,287238,287238,79.93866699689534,80.06700099940645,31.753999999637017,111.8858759982686,True,
1,298,4,reused-client,1,cross_256_corner,deflate_512,DEFLATE,512,10,10,230,310426888,311281522,854635,206,bytes 310426888-311281522/499024403,854635,854635,58.80395799977123,58.92600000152015,137.60095800171257,196.5827910025837,True,
1,299,3,reused-client,1,cross_256_corner,zstd_128,ZSTD,128,41,41,3649,304621142,304673679,52538,206,bytes 304621142-304673679/492119117,52538,52538,63.452790996961994,63.58774999898742,0.4878750005445909,64.09629099653102,True,
1,299,3,reused-client,1,cross_256_corner,zstd_128,ZSTD,128,41,42,3650,304673688,304726888,53201,206,bytes 304673688-304726888/492119117,53201,53201,56.64762500236975,56.75645800147322,7.778167000651592,64.56687500030966,True,
1,299,3,reused-client,1,cross_256_corner,zstd_128,ZSTD,128,42,41,3737,308887700,308940134,52435,206,bytes 308887700-308940134/492119117,52435,52435,108.23429199808743,108.35645799670601,0.41054099710891023,108.78820799916866,True,
1,299,3,reused-client,1,cross_256_corner,zstd_128,ZSTD,128,42,42,3738,308940143,308992671,52529,206,bytes 308940143-308992671/492119117,52529,52529,63.466666997555876,63.57999999818276,0.4610409996530507,64.06570900071529,True,
1,300,3,reused-client,1,cross_128_edge,zstd_256,ZSTD,256,20,20,900,301115142,301328168,213027,206,bytes 301115142-301328168/490384277,213027,213027,48.607875000016065,48.71383299905574,311.07779200101504,359.8614170005021,True,
1,301,4,reused-client,1,cross_128_edge,zstd_512,ZSTD,512,10,10,230,304767160,305606839,839680,206,bytes 304767160-305606839/490194415,839680,839680,118.8994170006481,119.04187499749241,330.1769999998214,449.2605839986936,True,
1,302,1,reused-client,1,cross_128_edge,zstd_512,ZSTD,512,10,10,230,304767160,305606839,839680,206,bytes 304767160-305606839/490194415,839680,839680,51.99074999836739,52.12924999796087,586.6802500022459,638.8808749979944,True,
1,303,2,reused-client,1,cross_256_corner,lzw_512,LZW,512,10,10,230,411686466,412818824,1132359,206,bytes 411686466-412818824/661107776,1132359,1132359,76.88649999909103,76.99533300183248,771.3765840017004,848.428834000515,True,
1,304,5,reused-client,1,cross_256_corner,zstd_128,ZSTD,128,41,41,3649,304621142,304673679,52538,206,bytes 304621142-304673679/492119117,52538,52538,44.42916699917987,44.77595899879816,30.501291999826208,75.35237499905634,True,
1,304,5,reused-client,1,cross_256_corner,zstd_128,ZSTD,128,41,42,3650,304673688,304726888,53201,206,bytes 304673688-304726888/492119117,53201,53201,65.0664169988886,65.20050000108313,219.03991599901929,284.33470799791394,True,
1,304,5,reused-client,1,cross_256_corner,zstd_128,ZSTD,128,42,41,3737,308887700,308940134,52435,206,bytes 308887700-308940134/492119117,52435,52435,40.21775000001071,40.32566599926213,67.91195800178684,108.30574999999953,True,
1,304,5,reused-client,1,cross_256_corner,zstd_128,ZSTD,128,42,42,3738,308940143,308992671,52529,206,bytes 308940143-308992671/492119117,52529,52529,44.001207999826875,44.11149999941699,63.79016699793283,107.93341600219719,True,
1,305,3,reused-client,1,cross_128_corner,zstd_256,ZSTD,256,20,20,900,301115142,301328168,213027,206,bytes 301115142-301328168/490384277,213027,213027,43.21166700174217,43.27399999965564,616.5328759998374,659.8466670002381,True,
1,306,4,reused-client,1,cross_256_edge,lzw_512,LZW,512,10,10,230,411686466,412818824,1132359,206,bytes 411686466-412818824/661107776,1132359,1132359,37.86899999977322,37.965209001413314,986.2277090032876,1024.218918002589,True,
1,307,1,reused-client,1,interior,deflate_512,DEFLATE,512,10,10,230,310426888,311281522,854635,206,bytes 310426888-311281522/499024403,854635,854635,39.93533299944829,40.01991699988139,400.8872500016878,440.9392499983369,True,
1,308,5,reused-client,1,cross_128_corner,zstd_128,ZSTD,128,40,40,3560,300228058,300282104,54047,206,bytes 300228058-300282104/492119117,54047,54047,58.470666997891385,58.63616699934937,5.518917001609225,64.18629199833958,True,
1,308,5,reused-client,1,cross_128_corner,zstd_128,ZSTD,128,40,41,3561,300282113,300335031,52919,206,bytes 300282113-300335031/492119117,52919,52919,149.01624999765772,149.12979200016707,5.203625001740875,154.36687499823165,True,
1,308,5,reused-client,1,cross_128_corner,zstd_128,ZSTD,128,41,40,3648,304567089,304621133,54045,206,bytes 304567089-304621133/492119117,54045,54045,51.77774999901885,51.89833300028113,4.602708002494182,56.52816699875984,True,
1,308,5,reused-client,1,cross_128_corner,zstd_128,ZSTD,128,41,41,3649,304621142,304673679,52538,206,bytes 304621142-304673679/492119117,52538,52538,42.623792000085814,42.705666997790104,3.602666998631321,46.33191699758754,True,
1,309,4,reused-client,1,cross_256_edge,zstd_128,ZSTD,128,40,41,3561,300282113,300335031,52919,206,bytes 300282113-300335031/492119117,52919,52919,52.91037499773665,53.03058299978147,3.25854200127651,56.31587499738089,True,
1,309,4,reused-client,1,cross_256_edge,zstd_128,ZSTD,128,40,42,3562,300335040,300386695,51656,206,bytes 300335040-300386695/492119117,51656,51656,37.32983299778425,37.424707999889506,3.558500000508502,41.014415997779,True,
1,310,3,reused-client,1,interior,deflate_512,DEFLATE,512,10,10,230,310426888,311281522,854635,206,bytes 310426888-311281522/499024403,854635,854635,48.02291600208264,48.122291002073325,383.6730010007159,431.8519580010616,True,
1,311,4,reused-client,1,cross_128_corner,deflate_512,DEFLATE,512,10,10,230,310426888,311281522,854635,206,bytes 310426888-311281522/499024403,854635,854635,47.143125000729924,47.26145899985568,333.0934999976307,380.46520900024916,True,
1,312,2,reused-client,1,cross_256_corner,deflate_128,DEFLATE,128,41,41,3649,309501616,309555017,53402,206,bytes 309501616-309555017/499617324,53402,53402,63.71933400077978,63.825291999819456,0.39449999894713983,64.24120900192065,True,
1,312,2,reused-client,1,cross_256_corner,deflate_128,DEFLATE,128,41,42,3650,309555026,309609246,54221,206,bytes 309555026-309609246/499617324,54221,54221,49.488874999951804,49.61729199931142,5.139708999195136,54.78574999870034,True,
1,312,2,reused-client,1,cross_256_corner,deflate_128,DEFLATE,128,42,41,3737,313827295,313880653,53359,206,bytes 313827295-313880653/499617324,53359,53359,111.73241699725622,111.85424999712268,0.33483299921499565,112.21337499955553,True,
1,312,2,reused-client,1,cross_256_corner,deflate_128,DEFLATE,128,42,42,3738,313880662,313934033,53372,206,bytes 313880662-313934033/499617324,53372,53372,45.77308299849392,45.91841699948418,3.0570000017178245,49.008792000677204,True,
1,313,2,reused-client,1,cross_128_edge,lzw_256,LZW,256,20,20,900,406553924,406841161,287238,206,bytes 406553924-406841161/661012853,287238,287238,42.01866700168466,42.16883399931248,71.88033400234417,114.08891700193635,True,
1,314,5,reused-client,1,cross_256_edge,zstd_128,ZSTD,128,40,41,3561,300282113,300335031,52919,206,bytes 300282113-300335031/492119117,52919,52919,57.31508399912855,57.42649999956484,0.44279099893174134,57.88995900002192,True,
1,314,5,reused-client,1,cross_256_edge,zstd_128,ZSTD,128,40,42,3562,300335040,300386695,51656,206,bytes 300335040-300386695/492119117,51656,51656,36.992083998484304,37.07304199997452,6.551958998898044,43.653500000800705,True,
1,315,5,reused-client,1,interior,lzw_256,LZW,256,20,20,900,406553924,406841161,287238,206,bytes 406553924-406841161/661012853,287238,287238,39.62516600222443,39.72470799999428,78.67179200184182,118.46000000150525,True,
2,1,4,reused-client,1,cross_128_edge,deflate_512,DEFLATE,512,10,10,230,310426888,311281522,854635,206,bytes 310426888-311281522/499024403,854635,854635,83.7903340034245,84.02408400070271,233.577333001449,317.6642080034071,True,
2,2,2,reused-client,1,cross_512_edge,zstd_256,ZSTD,256,20,21,901,301328177,301535592,207416,206,bytes 301328177-301535592/490384277,207416,207416,63.106957997661084,63.43395799922291,38.0730000033509,101.54695799792535,True,
2,2,2,reused-client,1,cross_512_edge,zstd_256,ZSTD,256,20,22,902,301535601,301739853,204253,206,bytes 301535601-301739853/490384277,204253,204253,47.267707999708364,47.29399999996531,41.77166600129567,89.09308300280827,True,
2,3,3,reused-client,1,cross_256_edge,deflate_512,DEFLATE,512,10,10,230,310426888,311281522,854635,206,bytes 310426888-311281522/499024403,854635,854635,76.81787500041537,76.95045899890829,186.94495800082223,263.9558750015567,True,
2,4,3,reused-client,1,cross_256_corner,lzw_512,LZW,512,10,10,230,411686466,412818824,1132359,206,bytes 411686466-412818824/661107776,1132359,1132359,141.88641700093285,141.9986670007347,197.43374999961816,339.4802090006124,True,
2,5,1,reused-client,1,cross_512_edge,lzw_128,LZW,128,40,43,3563,404303630,404372483,68854,206,bytes 404303630-404372483/661264391,68854,68854,83.53016700129956,83.63754200036055,26.46900000036112,110.17337500015856,True,
2,5,1,reused-client,1,cross_512_edge,lzw_128,LZW,128,40,44,3564,404372492,404440436,67945,206,bytes 404372492-404440436/661264391,67945,67945,80.00395799899707,80.1197079999838,39.2208750017744,119.49837499923888,True,
2,6,3,reused-client,1,cross_256_edge,lzw_512,LZW,512,10,10,230,411686466,412818824,1132359,206,bytes 411686466-412818824/661107776,1132359,1132359,45.84958300256403,45.96745800154167,323.2482509993133,369.264667002426,True,
2,7,2,reused-client,1,interior,zstd_512,ZSTD,512,10,10,230,304767160,305606839,839680,206,bytes 304767160-305606839/490194415,839680,839680,71.05954199869302,71.13499999832129,334.06016699882457,405.32012499897974,True,
2,8,1,reused-client,1,cross_512_edge,zstd_512,ZSTD,512,10,10,230,304767160,305606839,839680,206,bytes 304767160-305606839/490194415,839680,839680,66.39091699980781,66.51599999895552,199.33166700138827,265.90858299823594,True,
2,8,1,reused-client,1,cross_512_edge,zstd_512,ZSTD,512,10,11,231,305606848,306426901,820054,206,bytes 305606848-306426901/490194415,820054,820054,68.85383400003775,68.98504200216848,167.39262500050245,236.4441669997177,True,
2,9,2,reused-client,1,cross_128_edge,deflate_128,DEFLATE,128,40,40,3560,305047460,305102560,55101,206,bytes 305047460-305102560/499617324,55101,55101,75.82687499962049,75.95704200139153,0.3382909999345429,76.31608299925574,True,
2,9,2,reused-client,1,cross_128_edge,deflate_128,DEFLATE,128,40,41,3561,305102569,305156400,53832,206,bytes 305102569-305156400/499617324,53832,53832,45.965875000547385,46.077833001618274,22.209457998542348,68.34958300169092,True,
2,10,1,reused-client,1,cross_512_edge,deflate_256,DEFLATE,256,20,21,901,306479362,306690064,210703,206,bytes 306479362-306690064/498427477,210703,210703,42.89079200316337,43.02633400220657,31.724874999781605,74.81070900030318,True,
2,10,1,reused-client,1,cross_512_edge,deflate_256,DEFLATE,256,20,22,902,306690073,306897377,207305,206,bytes 306690073-306897377/498427477,207305,207305,138.6282499988738,138.73649999732152,36.40270799951395,175.19866599832312,True,
2,11,5,reused-client,1,cross_128_corner,lzw_256,LZW,256,20,20,900,406553924,406841161,287238,206,bytes 406553924-406841161/661012853,287238,287238,58.89749999914784,59.00966699846322,75.67820800250047,134.75787499919534,True,
2,12,4,reused-client,1,cross_256_corner,deflate_256,DEFLATE,256,20,20,900,306262458,306479353,216896,206,bytes 306262458-306479353/498427477,216896,216896,56.50254199645133,56.60791699847323,35.9165000008943,92.59924999787472,True,
2,12,4,reused-client,1,cross_256_corner,deflate_256,DEFLATE,256,20,21,901,306479362,306690064,210703,206,bytes 306479362-306690064/498427477,210703,210703,65.04099999801838,65.15437499911059,26.831166996998945,92.04783300083363,True,
2,12,4,reused-client,1,cross_256_corner,deflate_256,DEFLATE,256,21,20,944,314896453,315110145,213693,206,bytes 314896453-315110145/498427477,213693,213693,50.02504200092517,50.12804200305254,32.15154099962092,82.33433300119941,True,
2,12,4,reused-client,1,cross_256_corner,deflate_256,DEFLATE,256,21,21,945,315110154,315323387,213234,206,bytes 315110154-315323387/498427477,213234,213234,48.208375003014226,48.31091700179968,55.028582999511855,103.44945800170535,True,
2,13,3,reused-client,1,cross_128_edge,lzw_128,LZW,128,40,40,3560,404091050,404163820,72771,206,bytes 404091050-404163820/661264391,72771,72771,54.035959001339506,54.19604200142203,6.574499999260297,60.80008400022052,True,
2,13,3,reused-client,1,cross_128_edge,lzw_128,LZW,128,40,41,3561,404163829,404234861,71033,206,bytes 404163829-404234861/661264391,71033,71033,41.34512499877019,41.477709000901086,4.67358400055673,46.18220900010783,True,
2,14,1,reused-client,1,cross_128_corner,zstd_512,ZSTD,512,10,10,230,304767160,305606839,839680,206,bytes 304767160-305606839/490194415,839680,839680,55.29949999981909,55.42562499977066,199.63600000119186,255.1285840017954,True,
2,15,5,reused-client,1,interior,lzw_256,LZW,256,20,20,900,406553924,406841161,287238,206,bytes 406553924-406841161/661012853,287238,287238,133.95574999958626,134.06825000129174,35.17891699812026,169.3142500007525,True,
2,16,1,reused-client,1,cross_256_corner,zstd_128,ZSTD,128,41,41,3649,304621142,304673679,52538,206,bytes 304621142-304673679/492119117,52538,52538,50.10704100277508,50.22691600242979,5.883167003048584,56.13979100235156,True,
2,16,1,reused-client,1,cross_256_corner,zstd_128,ZSTD,128,41,42,3650,304673688,304726888,53201,206,bytes 304673688-304726888/492119117,53201,53201,61.222459000418894,61.38279200240504,1.6316669971274678,63.053959001990734,True,
2,16,1,reused-client,1,cross_256_corner,zstd_128,ZSTD,128,42,41,3737,308887700,308940134,52435,206,bytes 308887700-308940134/492119117,52435,52435,56.01958300030674,56.14433299706434,7.41987500077812,63.6197079984413,True,
2,16,1,reused-client,1,cross_256_corner,zstd_128,ZSTD,128,42,42,3738,308940143,308992671,52529,206,bytes 308940143-308992671/492119117,52529,52529,40.98320799676003,41.126749998511514,1.2675420002778992,42.42662499746075,True,
2,17,5,reused-client,1,cross_128_edge,deflate_256,DEFLATE,256,20,20,900,306262458,306479353,216896,206,bytes 306262458-306479353/498427477,216896,216896,44.580041998415254,44.73212499942747,61.555791999126086,106.34383399883518,True,
2,18,5,reused-client,1,cross_256_corner,zstd_128,ZSTD,128,41,41,3649,304621142,304673679,52538,206,bytes 304621142-304673679/492119117,52538,52538,70.28504199843155,70.39891699969303,0.42749999920488335,70.85020799786435,True,
2,18,5,reused-client,1,cross_256_corner,zstd_128,ZSTD,128,41,42,3650,304673688,304726888,53201,206,bytes 304673688-304726888/492119117,53201,53201,51.89662500197301,51.98012500113691,9.342958001070656,61.3662080031645,True,
2,18,5,reused-client,1,cross_256_corner,zstd_128,ZSTD,128,42,41,3737,308887700,308940134,52435,206,bytes 308887700-308940134/492119117,52435,52435,44.980250000662636,45.087541999237146,7.582583002658794,52.70212500181515,True,
2,18,5,reused-client,1,cross_256_corner,zstd_128,ZSTD,128,42,42,3738,308940143,308992671,52529,206,bytes 308940143-308992671/492119117,52529,52529,45.093000000633765,45.20312500244472,7.6514579996000975,52.89000000266242,True,
2,19,3,reused-client,1,cross_256_edge,lzw_128,LZW,128,40,41,3561,404163829,404234861,71033,206,bytes 404163829-404234861/661264391,71033,71033,77.73166699917056,77.85066699943854,2.2058329996070825,80.08720799989533,True,
2,19,3,reused-client,1,cross_256_edge,lzw_128,LZW,128,40,42,3562,404234870,404303621,68752,206,bytes 404234870-404303621/661264391,68752,68752,59.07354199734982,59.121624999534106,4.605000001902226,63.738916996953776,True,
2,20,2,reused-client,1,interior,lzw_512,LZW,512,10,10,230,411686466,412818824,1132359,206,bytes 411686466-412818824/661107776,1132359,1132359,34.563999997772044,34.648499997274484,465.46179199867765,500.161958996614,True,
2,21,1,reused-client,1,cross_128_corner,zstd_256,ZSTD,256,20,20,900,301115142,301328168,213027,206,bytes 301115142-301328168/490384277,213027,213027,86.27041699946858,86.34674999848357,53.3473329996923,139.729416998307,True,
2,22,3,reused-client,1,cross_512_corner,zstd_256,ZSTD,256,21,21,945,309824343,310033910,209568,206,bytes 309824343-310033910/490384277,209568,209568,57.89599999843631,57.959374997153645,40.39141599787399,98.38645799754886,True,
2,22,3,reused-client,1,cross_512_corner,zstd_256,ZSTD,256,21,22,946,310033919,310240520,206602,206,bytes 310033919-310240520/490384277,206602,206602,49.355874998582294,49.42987500180607,72.98529199761106,122.45037500179023,True,
2,22,3,reused-client,1,cross_512_corner,zstd_256,ZSTD,256,22,21,989,318075010,318281956,206947,206,bytes 318075010-318281956/490384277,206947,206947,45.89470799692208,45.954499997606035,43.02162499880069,89.01174999846262,True,
2,22,3,reused-client,1,cross_512_corner,zstd_256,ZSTD,256,22,22,990,318281965,318490136,208172,206,bytes 318281965-318490136/490384277,208172,208172,60.74437500137719,60.80645900146919,34.72554200197919,95.56654200059711,True,
2,23,1,reused-client,1,cross_512_corner,zstd_256,ZSTD,256,21,21,945,309824343,310033910,209568,206,bytes 309824343-310033910/490384277,209568,209568,149.202584001614,149.3106669986446,395.22758300154237,544.6382920017641,True,
2,23,1,reused-client,1,cross_512_corner,zstd_256,ZSTD,256,21,22,946,310033919,310240520,206602,206,bytes 310033919-310240520/490384277,206602,206602,53.93379200177151,54.04770799941616,101.54833399792551,155.66899999976158,True,
2,23,1,reused-client,1,cross_512_corner,zstd_256,ZSTD,256,22,21,989,318075010,318281956,206947,206,bytes 318075010-318281956/490384277,206947,206947,44.65570899992599,44.782584001950454,79.49637499768869,124.32775100023719,True,
2,23,1,reused-client,1,cross_512_corner,zstd_256,ZSTD,256,22,22,990,318281965,318490136,208172,206,bytes 318281965-318490136/490384277,208172,208172,53.00729099690216,53.1243329969584,91.2392499994894,144.417457999225,True,
2,24,1,reused-client,1,cross_256_corner,deflate_128,DEFLATE,128,41,41,3649,309501616,309555017,53402,206,bytes 309501616-309555017/499617324,53402,53402,55.817541000578785,55.924041000253055,3.1921250010782387,59.14512500021374,True,
2,24,1,reused-client,1,cross_256_corner,deflate_128,DEFLATE,128,41,42,3650,309555026,309609246,54221,206,bytes 309555026-309609246/499617324,54221,54221,47.86899999817251,47.93220799911069,11.167791999469046,59.13624999811873,True,
2,24,1,reused-client,1,cross_256_corner,deflate_128,DEFLATE,128,42,41,3737,313827295,313880653,53359,206,bytes 313827295-313880653/499617324,53359,53359,45.872291000705445,45.93416599891498,89.79404199999408,135.7638749977923,True,
2,24,1,reused-client,1,cross_256_corner,deflate_128,DEFLATE,128,42,42,3738,313880662,313934033,53372,206,bytes 313880662-313934033/499617324,53372,53372,122.40262499835808,122.50045900145778,20.995332997699734,143.53850000043167,True,
2,25,5,reused-client,1,cross_128_edge,zstd_512,ZSTD,512,10,10,230,304767160,305606839,839680,206,bytes 304767160-305606839/490194415,839680,839680,62.98787500054459,63.10737500098185,635.644083002262,698.9025420007238,True,
2,26,3,reused-client,1,cross_512_edge,deflate_128,DEFLATE,128,40,43,3563,305208773,305261361,52589,206,bytes 305208773-305261361/499617324,52589,52589,46.21887500252342,46.36258300160989,4.234791998896981,50.66520800028229,True,
2,26,3,reused-client,1,cross_512_edge,deflate_128,DEFLATE,128,40,44,3564,305261370,305312689,51320,206,bytes 305261370-305312689/499617324,51320,51320,52.50449999948614,52.62337499880232,2.1537499997066334,54.80683399946429,True,
2,27,1,reused-client,1,cross_256_edge,deflate_256,DEFLATE,256,20,20,900,306262458,306479353,216896,206,bytes 306262458-306479353/498427477,216896,216896,60.739207998267375,60.841332997370046,183.20745799792348,244.1231249977136,True,
2,27,1,reused-client,1,cross_256_edge,deflate_256,DEFLATE,256,20,21,901,306479362,306690064,210703,206,bytes 306479362-306690064/498427477,210703,210703,132.64045800315216,132.77483300043968,437.1578749996843,569.9732920002134,True,
2,28,1,reused-client,1,cross_128_corner,lzw_512,LZW,512,10,10,230,411686466,412818824,1132359,206,bytes 411686466-412818824/661107776,1132359,1132359,64.00591700003133,64.05908400120097,844.6150009986013,908.7726260004274,True,
2,29,1,reused-client,1,cross_128_corner,deflate_128,DEFLATE,128,40,40,3560,305047460,305102560,55101,206,bytes 305047460-305102560/499617324,55101,55101,71.51291699847206,71.65329200142878,0.3387500000826549,72.01420899946243,True,
2,29,1,reused-client,1,cross_128_corner,deflate_128,DEFLATE,128,40,41,3561,305102569,305156400,53832,206,bytes 305102569-305156400/499617324,53832,53832,39.937916000781115,40.01845800303272,40.328208000573795,80.4035830005887,True,
2,29,1,reused-client,1,cross_128_corner,deflate_128,DEFLATE,128,41,40,3648,309446600,309501607,55008,206,bytes 309446600-309501607/499617324,55008,55008,60.2608750014042,60.39362500087009,4.004666003311286,64.42950000200653,True,
2,29,1,reused-client,1,cross_128_corner,deflate_128,DEFLATE,128,41,41,3649,309501616,309555017,53402,206,bytes 309501616-309555017/499617324,53402,53402,53.78729099902557,54.208249999646796,3.0534590005117934,57.29566599984537,True,
2,30,1,reused-client,1,cross_128_edge,deflate_256,DEFLATE,256,20,20,900,306262458,306479353,216896,206,bytes 306262458-306479353/498427477,216896,216896,51.29429199951119,51.41216700212681,116.8874169998162,168.3497920021182,True,
2,31,4,reused-client,1,cross_256_edge,deflate_128,DEFLATE,128,40,41,3561,305102569,305156400,53832,206,bytes 305102569-305156400/499617324,53832,53832,58.22441700001946,58.35454199768719,90.54408299925853,148.95441699991352,True,
2,31,4,reused-client,1,cross_256_edge,deflate_128,DEFLATE,128,40,42,3562,305156409,305208764,52356,206,bytes 305156409-305208764/499617324,52356,52356,73.11370800016448,73.25512500028708,13.884332998713944,87.18612500160816,True,
2,32,1,reused-client,1,cross_128_edge,deflate_512,DEFLATE,512,10,10,230,310426888,311281522,854635,206,bytes 310426888-311281522/499024403,854635,854635,73.8048749990412,73.92337499913992,552.3364170003333,626.3252509997983,True,
2,33,3,reused-client,1,cross_512_edge,lzw_512,LZW,512,10,10,230,411686466,412818824,1132359,206,bytes 411686466-412818824/661107776,1132359,1132359,56.056582998280646,56.17279099897132,633.1180420020246,689.3422920002195,True,
2,33,3,reused-client,1,cross_512_edge,lzw_512,LZW,512,10,11,231,412818833,413920320,1101488,206,bytes 412818833-413920320/661107776,1101488,1101488,56.821250000211876,56.92845900193788,406.34054099791683,463.32779200020013,True,
2,34,4,reused-client,1,cross_256_corner,lzw_256,LZW,256,20,20,900,406553924,406841161,287238,206,bytes 406553924-406841161/661012853,287238,287238,53.26083399995696,53.37387499821489,186.24333399930038,239.68712499845424,True,
2,34,4,reused-client,1,cross_256_corner,lzw_256,LZW,256,20,21,901,406841170,407119092,277923,206,bytes 406841170-407119092/661012853,277923,277923,82.75258400317398,82.86687500003609,195.9714590011572,278.90662500067265,True,
2,34,4,reused-client,1,cross_256_corner,lzw_256,LZW,256,21,20,944,417962328,418246396,284069,206,bytes 417962328-418246396/661012853,284069,284069,81.0769169984269,81.18308399934904,179.01179200271145,260.23312599863857,True,
2,34,4,reused-client,1,cross_256_corner,lzw_256,LZW,256,21,21,945,418246405,418529582,283178,206,bytes 418246405-418529582/661012853,283178,283178,45.746499999950174,45.817292000720045,123.43141699966509,169.3488749988319,True,
2,35,4,reused-client,1,cross_512_corner,deflate_512,DEFLATE,512,10,10,230,310426888,311281522,854635,206,bytes 310426888-311281522/499024403,854635,854635,62.803207998513244,62.90524999712943,456.1424169987731,519.1200419976667,True,
2,35,4,reused-client,1,cross_512_corner,deflate_512,DEFLATE,512,10,11,231,311281531,312113785,832255,206,bytes 311281531-312113785/499024403,832255,832255,53.86675000045216,53.970290999131976,358.02541600060067,412.0582909999939,True,
2,35,4,reused-client,1,cross_512_corner,deflate_512,DEFLATE,512,11,10,252,327623520,328452071,828552,206,bytes 327623520-328452071/499024403,828552,828552,54.496875000040745,54.61454199758009,281.2294590003148,335.91816699845367,True,
2,35,4,reused-client,1,cross_512_corner,deflate_512,DEFLATE,512,11,11,253,328452080,329294883,842804,206,bytes 328452080-329294883/499024403,842804,842804,116.31908299750648,116.47220799932256,237.06637500072247,353.6042909981916,True,
2,36,5,reused-client,1,interior,lzw_128,LZW,128,40,40,3560,404091050,404163820,72771,206,bytes 404091050-404163820/661264391,72771,72771,63.722707996930694,63.83462499798043,2.5517499998386484,66.41654199847835,True,
2,37,5,reused-client,1,cross_256_edge,lzw_512,LZW,512,10,10,230,411686466,412818824,1132359,206,bytes 411686466-412818824/661107776,1132359,1132359,70.5990419992304,70.71899999937159,271.93754199834075,342.6979169998958,True,
2,38,5,reused-client,1,cross_128_edge,lzw_512,LZW,512,10,10,230,411686466,412818824,1132359,206,bytes 411686466-412818824/661107776,1132359,1132359,46.41695900136256,46.502875000442145,356.119124997349,402.67066700107534,True,
2,39,3,reused-client,1,cross_256_edge,zstd_512,ZSTD,512,10,10,230,304767160,305606839,839680,206,bytes 304767160-305606839/490194415,839680,839680,44.49716700037243,44.6165840003232,168.49216699847602,213.17312600149307,True,
2,40,1,reused-client,1,cross_256_edge,lzw_128,LZW,128,40,41,3561,404163829,404234861,71033,206,bytes 404163829-404234861/661264391,71033,71033,50.36383400147315,50.482250000641216,3.0947919985919725,53.60729200037895,True,
2,40,1,reused-client,1,cross_256_edge,lzw_128,LZW,128,40,42,3562,404234870,404303621,68752,206,bytes 404234870-404303621/661264391,68752,68752,39.50458300096216,39.62416700233007,7.018084001174429,46.68395800035796,True,
2,41,2,reused-client,1,cross_256_edge,deflate_256,DEFLATE,256,20,20,900,306262458,306479353,216896,206,bytes 306262458-306479353/498427477,216896,216896,71.5846250022878,71.6942500002915,60.568458000489045,132.31875000201399,True,
2,41,2,reused-client,1,cross_256_edge,deflate_256,DEFLATE,256,20,21,901,306479362,306690064,210703,206,bytes 306479362-306690064/498427477,210703,210703,56.91083300189348,57.0320000006177,46.22137499973178,103.3198330005689,True,
2,42,5,reused-client,1,cross_128_corner,lzw_128,LZW,128,40,40,3560,404091050,404163820,72771,206,bytes 404091050-404163820/661264391,72771,72771,75.25937500031432,75.37049999882584,4.8520000018470455,80.25112500035902,True,
2,42,5,reused-client,1,cross_128_corner,lzw_128,LZW,128,40,41,3561,404163829,404234861,71033,206,bytes 404163829-404234861/661264391,71033,71033,61.39270800122176,61.51654200220946,10.393290998763405,71.9386669989035,True,
2,42,5,reused-client,1,cross_128_corner,lzw_128,LZW,128,41,40,3648,409892800,409965306,72507,206,bytes 409892800-409965306/661264391,72507,72507,39.90500000145403,40.030083000601735,3.531583002768457,43.59087500051828,True,
2,42,5,reused-client,1,cross_128_corner,lzw_128,LZW,128,41,41,3649,409965315,410035919,70605,206,bytes 409965315-410035919/661264391,70605,70605,41.175207999913255,41.29100000136532,6.735292001394555,48.065250000945525,True,
2,43,1,reused-client,1,interior,lzw_128,LZW,128,40,40,3560,404091050,404163820,72771,206,bytes 404091050-404163820/661264391,72771,72771,110.5934579973109,110.6956249968789,6.7467500011844095,117.4749999991036,True,
2,44,3,reused-client,1,cross_128_edge,zstd_512,ZSTD,512,10,10,230,304767160,305606839,839680,206,bytes 304767160-305606839/490194415,839680,839680,134.2861669982085,134.4183340006566,223.2155000019702,357.7056249996531,True,
2,45,1,reused-client,1,cross_256_edge,zstd_512,ZSTD,512,10,10,230,304767160,305606839,839680,206,bytes 304767160-305606839/490194415,839680,839680,46.03295799824991,46.15541599923745,266.6365000004589,312.85804199796985,True,
2,46,4,reused-client,1,cross_512_edge,zstd_256,ZSTD,256,20,21,901,301328177,301535592,207416,206,bytes 301328177-301535592/490384277,207416,207416,47.04558299999917,47.18733300251188,33.69929200198385,80.93820800058893,True,
2,46,4,reused-client,1,cross_512_edge,zstd_256,ZSTD,256,20,22,902,301535601,301739853,204253,206,bytes 301535601-301739853/490384277,204253,204253,48.558750000665896,48.6650839993672,87.86225000221748,136.58345899966662,True,
2,47,1,reused-client,1,cross_128_edge,deflate_128,DEFLATE,128,40,40,3560,305047460,305102560,55101,206,bytes 305047460-305102560/499617324,55101,55101,75.00129099935293,75.13708300029975,0.3810420021181926,75.53824999922654,True,
2,47,1,reused-client,1,cross_128_edge,deflate_128,DEFLATE,128,40,41,3561,305102569,305156400,53832,206,bytes 305102569-305156400/499617324,53832,53832,49.11475000335486,49.23304200201528,0.5552500006160699,49.81508300261339,True,
2,48,2,reused-client,1,cross_256_corner,zstd_128,ZSTD,128,41,41,3649,304621142,304673679,52538,206,bytes 304621142-304673679/492119117,52538,52538,64.21799999952782,64.32574999780627,0.31887500153970905,64.66625000030035,True,
2,48,2,reused-client,1,cross_256_corner,zstd_128,ZSTD,128,41,42,3650,304673688,304726888,53201,206,bytes 304673688-304726888/492119117,53201,53201,113.74004100071033,113.8610410016554,0.34466600118321367,114.22562500229105,True,
2,48,2,reused-client,1,cross_256_corner,zstd_128,ZSTD,128,42,41,3737,308887700,308940134,52435,206,bytes 308887700-308940134/492119117,52435,52435,70.59866700001294,70.71599999835598,0.46258400107035413,71.2000839994289,True,
2,48,2,reused-client,1,cross_256_corner,zstd_128,ZSTD,128,42,42,3738,308940143,308992671,52529,206,bytes 308940143-308992671/492119117,52529,52529,56.69170799956191,56.86829200203647,9.841958002652973,66.76166699980968,True,
2,49,3,reused-client,1,cross_512_corner,lzw_512,LZW,512,10,10,230,411686466,412818824,1132359,206,bytes 411686466-412818824/661107776,1132359,1132359,40.78883399779443,40.89870899770176,885.651249998773,926.6140420004376,True,
2,49,3,reused-client,1,cross_512_corner,lzw_512,LZW,512,10,11,231,412818833,413920320,1101488,206,bytes 412818833-413920320/661107776,1101488,1101488,68.23970899858978,68.385209000553,420.299083001737,488.74466699999175,True,
2,49,3,reused-client,1,cross_512_corner,lzw_512,LZW,512,11,10,252,434325460,435426146,1100687,206,bytes 434325460-435426146/661107776,1100687,1100687,71.69745799910743,71.87295800031279,340.76112500042655,412.70370799975353,True,
2,49,3,reused-client,1,cross_512_corner,lzw_512,LZW,512,11,11,253,435426155,436544622,1118468,206,bytes 435426155-436544622/661107776,1118468,1118468,121.82024999856367,121.93908399785869,334.7856260006665,456.7647509975359,True,
2,50,1,reused-client,1,interior,lzw_256,LZW,256,20,20,900,406553924,406841161,287238,206,bytes 406553924-406841161/661012853,287238,287238,64.58145800206694,64.65633300103946,60.23875000028056,124.9104160015122,True,
2,51,2,reused-client,1,cross_128_edge,deflate_256,DEFLATE,256,20,20,900,306262458,306479353,216896,206,bytes 306262458-306479353/498427477,216896,216896,71.67695899988757,71.70170900280937,48.50174999955925,120.21266700321576,True,
2,52,5,reused-client,1,cross_512_corner,deflate_128,DEFLATE,128,43,43,3827,318224016,318278030,54015,206,bytes 318224016-318278030/499617324,54015,54015,36.90183399885427,36.927834000380244,10.010833000706043,46.9482499975129,True,
2,52,5,reused-client,1,cross_512_corner,deflate_128,DEFLATE,128,43,44,3828,318278039,318331048,53010,206,bytes 318278039-318331048/499617324,53010,53010,64.3093750004482,64.38395800068974,8.581582998886006,72.99287500063656,True,
2,52,5,reused-client,1,cross_512_corner,deflate_128,DEFLATE,128,44,43,3915,322379939,322432680,52742,206,bytes 322379939-322432680/499617324,52742,52742,39.07329199864762,39.186083999084076,4.254332998243626,43.46370900020702,True,
2,52,5,reused-client,1,cross_512_corner,deflate_128,DEFLATE,128,44,44,3916,322432689,322485817,53129,206,bytes 322432689-322485817/499617324,53129,53129,42.91695800202433,43.00449999936973,3.0979999974078964,46.12762500255485,True,
2,53,3,reused-client,1,cross_256_corner,zstd_512,ZSTD,512,10,10,230,304767160,305606839,839680,206,bytes 304767160-305606839/490194415,839680,839680,59.8656670008495,59.95308300043689,319.97983299879706,379.9838750019262,True,
2,54,3,reused-client,1,cross_256_corner,deflate_256,DEFLATE,256,20,20,900,306262458,306479353,216896,206,bytes 306262458-306479353/498427477,216896,216896,43.49500000171247,43.59712500081514,42.05816600006074,85.70808399963425,True,
2,54,3,reused-client,1,cross_256_corner,deflate_256,DEFLATE,256,20,21,901,306479362,306690064,210703,206,bytes 306479362-306690064/498427477,210703,210703,54.05674999929033,54.16037499890081,38.91791600108263,93.1390419973468,True,
2,54,3,reused-client,1,cross_256_corner,deflate_256,DEFLATE,256,21,20,944,314896453,315110145,213693,206,bytes 314896453-315110145/498427477,213693,213693,63.81304199749138,63.92429199695471,37.78683299969998,101.76804199727485,True,
2,54,3,reused-client,1,cross_256_corner,deflate_256,DEFLATE,256,21,21,945,315110154,315323387,213234,206,bytes 315110154-315323387/498427477,213234,213234,53.483374998904765,53.60274999839021,78.87291700171772,132.53216699740733,True,
2,55,2,reused-client,1,cross_128_corner,deflate_256,DEFLATE,256,20,20,900,306262458,306479353,216896,206,bytes 306262458-306479353/498427477,216896,216896,55.6670000005397,55.768750000424916,114.17466700004297,169.99912500250502,True,
2,56,2,reused-client,1,cross_512_edge,deflate_512,DEFLATE,512,10,10,230,310426888,311281522,854635,206,bytes 310426888-311281522/499024403,854635,854635,78.69829199989908,78.8103749982838,516.5454170019075,595.4146669973852,True,
2,56,2,reused-client,1,cross_512_edge,deflate_512,DEFLATE,512,10,11,231,311281531,312113785,832255,206,bytes 311281531-312113785/499024403,832255,832255,65.75370900100097,65.88454200027627,519.2010010032391,585.1463340004557,True,
2,57,4,reused-client,1,interior,zstd_256,ZSTD,256,20,20,900,301115142,301328168,213027,206,bytes 301115142-301328168/490384277,213027,213027,109.61695800142479,109.72616599974572,228.07312499935506,337.86008300012327,True,
2,58,1,reused-client,1,interior,deflate_512,DEFLATE,512,10,10,230,310426888,311281522,854635,206,bytes 310426888-311281522/499024403,854635,854635,267.0647500017367,267.1929169991927,916.2615839995851,1183.516625998891,True,
2,59,1,reused-client,1,cross_512_corner,zstd_512,ZSTD,512,10,10,230,304767160,305606839,839680,206,bytes 304767160-305606839/490194415,839680,839680,58.67966699952376,58.78354200103786,563.7287089994061,622.6227510014724,True,
2,59,1,reused-client,1,cross_512_corner,zstd_512,ZSTD,512,10,11,231,305606848,306426901,820054,206,bytes 305606848-306426901/490194415,820054,820054,41.165541999362176,41.60250000131782,437.61404099859647,479.27808399981586,True,
2,59,1,reused-client,1,cross_512_corner,zstd_512,ZSTD,512,11,10,252,321640707,322458855,818149,206,bytes 321640707-322458855/490194415,818149,818149,51.118750001478475,51.242875000752974,344.9728330015205,396.276499999658,True,
2,59,1,reused-client,1,cross_512_corner,zstd_512,ZSTD,512,11,11,253,322458864,323289120,830257,206,bytes 322458864-323289120/490194415,830257,830257,96.0386250008014,96.1562500015134,491.6183759996784,587.8398330023629,True,
2,60,2,reused-client,1,cross_256_corner,zstd_256,ZSTD,256,20,20,900,301115142,301328168,213027,206,bytes 301115142-301328168/490384277,213027,213027,74.32350000090082,74.43100000091363,92.9704580012185,167.47933399892645,True,
2,60,2,reused-client,1,cross_256_corner,zstd_256,ZSTD,256,20,21,901,301328177,301535592,207416,206,bytes 301328177-301535592/490384277,207416,207416,107.21154199927696,107.31975000089733,79.81500000096275,187.14783299947158,True,
2,60,2,reused-client,1,cross_256_corner,zstd_256,ZSTD,256,21,20,944,309614499,309824334,209836,206,bytes 309614499-309824334/490384277,209836,209836,47.2865420015296,47.36487500122166,89.66937500008498,137.0956249993469,True,
2,60,2,reused-client,1,cross_256_corner,zstd_256,ZSTD,256,21,21,945,309824343,310033910,209568,206,bytes 309824343-310033910/490384277,209568,209568,70.57345800058101,70.66783299887902,58.30670800060034,129.0210829974967,True,
2,61,4,reused-client,1,cross_512_edge,deflate_512,DEFLATE,512,10,10,230,310426888,311281522,854635,206,bytes 310426888-311281522/499024403,854635,854635,54.506041000422556,54.628000001684995,456.4512500001001,511.1236250013462,True,
2,61,4,reused-client,1,cross_512_edge,deflate_512,DEFLATE,512,10,11,231,311281531,312113785,832255,206,bytes 311281531-312113785/499024403,832255,832255,54.60033399867825,54.71966699769837,404.8589170015475,459.6330839995062,True,
2,62,3,reused-client,1,interior,lzw_512,LZW,512,10,10,230,411686466,412818824,1132359,206,bytes 411686466-412818824/661107776,1132359,1132359,64.78754199997638,64.87779199960642,423.286625999026,488.20204199728323,True,
2,63,1,reused-client,1,cross_512_edge,lzw_512,LZW,512,10,10,230,411686466,412818824,1132359,206,bytes 411686466-412818824/661107776,1132359,1132359,53.28045900023426,53.4070840003551,246.05458299993188,299.51141700075823,True,
2,63,1,reused-client,1,cross_512_edge,lzw_512,LZW,512,10,11,231,412818833,413920320,1101488,206,bytes 412818833-413920320/661107776,1101488,1101488,43.62587499781512,43.801332998555154,321.4580419989943,365.32770799749414,True,
2,64,4,reused-client,1,cross_512_edge,lzw_128,LZW,128,40,43,3563,404303630,404372483,68854,206,bytes 404303630-404372483/661264391,68854,68854,51.56466700282181,51.67224999968312,106.76150000290363,158.4763330029091,True,
2,64,4,reused-client,1,cross_512_edge,lzw_128,LZW,128,40,44,3564,404372492,404440436,67945,206,bytes 404372492-404440436/661264391,67945,67945,46.60558300020057,46.76779199871817,4.995209001208423,51.79783299900009,True,
2,65,4,reused-client,1,cross_256_corner,zstd_512,ZSTD,512,10,10,230,304767160,305606839,839680,206,bytes 304767160-305606839/490194415,839680,839680,46.615625000413274,46.715874999790685,173.0733339973085,219.8593749999418,True,
2,66,2,reused-client,1,cross_128_edge,lzw_128,LZW,128,40,40,3560,404091050,404163820,72771,206,bytes 404091050-404163820/661264391,72771,72771,78.81049999923562,78.99941699724877,9.23129199873074,88.29345800040755,True,
2,66,2,reused-client,1,cross_128_edge,lzw_128,LZW,128,40,41,3561,404163829,404234861,71033,206,bytes 404163829-404234861/661264391,71033,71033,48.35766700125532,48.480499997822335,4.391458001919091,52.902999999787426,True,
2,67,4,reused-client,1,interior,deflate_512,DEFLATE,512,10,10,230,310426888,311281522,854635,206,bytes 310426888-311281522/499024403,854635,854635,61.028749998513376,61.10616699879756,265.88329099831753,327.04062500124564,True,
2,68,3,reused-client,1,cross_128_corner,lzw_128,LZW,128,40,40,3560,404091050,404163820,72771,206,bytes 404091050-404163820/661264391,72771,72771,49.16470800162642,49.28391599969473,4.334917000960559,53.65100000199163,True,
2,68,3,reused-client,1,cross_128_corner,lzw_128,LZW,128,40,41,3561,404163829,404234861,71033,206,bytes 404163829-404234861/661264391,71033,71033,57.8460830001859,57.98583299838356,1.797708999220049,59.810957998706726,True,
2,68,3,reused-client,1,cross_128_corner,lzw_128,LZW,128,41,40,3648,409892800,409965306,72507,206,bytes 409892800-409965306/661264391,72507,72507,49.925625000469154,50.090917000488844,3.419833999942057,53.54083400015952,True,
2,68,3,reused-client,1,cross_128_corner,lzw_128,LZW,128,41,41,3649,409965315,410035919,70605,206,bytes 409965315-410035919/661264391,70605,70605,172.36112500177114,172.70724999980303,4.418666998390108,177.1484170021722,True,
2,69,2,reused-client,1,cross_512_edge,lzw_256,LZW,256,20,21,901,406841170,407119092,277923,206,bytes 406841170-407119092/661012853,277923,277923,46.54274999847985,46.60433399840258,47.30329100129893,93.95054199922015,True,
2,69,2,reused-client,1,cross_512_edge,lzw_256,LZW,256,20,22,902,407119101,407393560,274460,206,bytes 407119101-407393560/661012853,274460,274460,62.6540000012028,62.742208003328415,66.53250000090338,129.33495800098171,True,
2,70,1,reused-client,1,cross_128_edge,lzw_256,LZW,256,20,20,900,406553924,406841161,287238,206,bytes 406553924-406841161/661012853,287238,287238,61.63162499797181,61.735082999803126,92.4147500008985,154.22166699863737,True,
2,71,5,reused-client,1,interior,deflate_512,DEFLATE,512,10,10,230,310426888,311281522,854635,206,bytes 310426888-311281522/499024403,854635,854635,105.5841249981313,105.76424999817391,313.96637500074576,419.80695899837883,True,
2,72,2,reused-client,1,cross_128_corner,lzw_512,LZW,512,10,10,230,411686466,412818824,1132359,206,bytes 411686466-412818824/661107776,1132359,1132359,46.23983399869758,46.34708400044474,453.84345799902803,500.2580840009614,True,
2,73,2,reused-client,1,cross_512_corner,zstd_256,ZSTD,256,21,21,945,309824343,310033910,209568,206,bytes 309824343-310033910/490384277,209568,209568,51.90895799751161,52.029999998921994,62.793082997814054,114.86887499995646,True,
2,73,2,reused-client,1,cross_512_corner,zstd_256,ZSTD,256,21,22,946,310033919,310240520,206602,206,bytes 310033919-310240520/490384277,206602,206602,71.67183400088106,71.78474999818718,57.531667000148445,129.38533399938024,True,
2,73,2,reused-client,1,cross_512_corner,zstd_256,ZSTD,256,22,21,989,318075010,318281956,206947,206,bytes 318075010-318281956/490384277,206947,206947,67.4639169992588,67.58158400043612,255.9037079990958,323.53791700006695,True,
2,73,2,reused-client,1,cross_512_corner,zstd_256,ZSTD,256,22,22,990,318281965,318490136,208172,206,bytes 318281965-318490136/490384277,208172,208172,67.1696659992449,67.26350000099046,218.52079199743457,285.8458749979036,True,
2,74,1,reused-client,1,cross_512_edge,zstd_256,ZSTD,256,20,21,901,301328177,301535592,207416,206,bytes 301328177-301535592/490384277,207416,207416,58.67358400064404,58.785459001228446,103.81158300151583,162.6666669981205,True,
2,74,1,reused-client,1,cross_512_edge,zstd_256,ZSTD,256,20,22,902,301535601,301739853,204253,206,bytes 301535601-301739853/490384277,204253,204253,47.05191599714453,47.228540999640245,78.68254200002411,125.97258299865643,True,
2,75,5,reused-client,1,cross_128_corner,deflate_128,DEFLATE,128,40,40,3560,305047460,305102560,55101,206,bytes 305047460-305102560/499617324,55101,55101,55.265916998905595,55.378625002049375,279.51774999746704,334.95345800110954,True,
2,75,5,reused-client,1,cross_128_corner,deflate_128,DEFLATE,128,40,41,3561,305102569,305156400,53832,206,bytes 305102569-305156400/499617324,53832,53832,67.30566699843621,67.43466699845158,30.097457998635946,97.57933400032925,True,
2,75,5,reused-client,1,cross_128_corner,deflate_128,DEFLATE,128,41,40,3648,309446600,309501607,55008,206,bytes 309446600-309501607/499617324,55008,55008,65.80612499965355,65.91687500258558,37.83833299894468,103.81383300045854,True,
2,75,5,reused-client,1,cross_128_corner,deflate_128,DEFLATE,128,41,41,3649,309501616,309555017,53402,206,bytes 309501616-309555017/499617324,53402,53402,117.14262500026962,117.20479100040393,30.926250001357403,148.1619160003902,True,
2,76,5,reused-client,1,cross_512_edge,lzw_512,LZW,512,10,10,230,411686466,412818824,1132359,206,bytes 411686466-412818824/661107776,1132359,1132359,54.57816600028309,54.60920800032909,622.0577509993745,676.7276669997955,True,
2,76,5,reused-client,1,cross_512_edge,lzw_512,LZW,512,10,11,231,412818833,413920320,1101488,206,bytes 412818833-413920320/661107776,1101488,1101488,50.819541997043416,50.93379199752235,541.3432499990449,592.4109589977888,True,
2,77,2,reused-client,1,cross_256_edge,deflate_128,DEFLATE,128,40,41,3561,305102569,305156400,53832,206,bytes 305102569-305156400/499617324,53832,53832,51.79887499980396,51.93087500083493,6.3002919996506535,58.265125000616536,True,
2,77,2,reused-client,1,cross_256_edge,deflate_128,DEFLATE,128,40,42,3562,305156409,305208764,52356,206,bytes 305156409-305208764/499617324,52356,52356,60.83537500308012,60.95550000100047,4.233083000144688,65.22904200028279,True,
2,78,4,reused-client,1,cross_512_corner,zstd_128,ZSTD,128,43,43,3827,313219659,313272608,52950,206,bytes 313219659-313272608/492119117,52950,52950,50.21541599853663,50.33233300127904,6.081292001908878,56.445791000442114,True,
2,78,4,reused-client,1,cross_512_corner,zstd_128,ZSTD,128,43,44,3828,313272617,313324753,52137,206,bytes 313272617-313324753/492119117,52137,52137,46.82995799885248,46.951457999966806,0.45433400009642355,47.42808299852186,True,
2,78,4,reused-client,1,cross_512_corner,zstd_128,ZSTD,128,44,43,3915,317314658,317366615,51958,206,bytes 317314658-317366615/492119117,51958,51958,58.424833998287795,58.519333997537615,0.4269580022082664,58.9652919989021,True,
2,78,4,reused-client,1,cross_512_corner,zstd_128,ZSTD,128,44,44,3916,317366624,317418939,52316,206,bytes 317366624-317418939/492119117,52316,52316,41.395707998162834,41.47687499789754,0.24541600214433856,41.73737499877461,True,
2,79,5,reused-client,1,cross_128_edge,lzw_128,LZW,128,40,40,3560,404091050,404163820,72771,206,bytes 404091050-404163820/661264391,72771,72771,61.25637500008452,61.344999998254934,0.3521250000630971,61.71570899823564,True,
2,79,5,reused-client,1,cross_128_edge,lzw_128,LZW,128,40,41,3561,404163829,404234861,71033,206,bytes 404163829-404234861/661264391,71033,71033,40.27095799756353,40.39016699971398,7.780250001815148,48.19520799719612,True,
2,80,4,reused-client,1,cross_128_corner,zstd_256,ZSTD,256,20,20,900,301115142,301328168,213027,206,bytes 301115142-301328168/490384277,213027,213027,50.86887499783188,50.99487499683164,54.48933399748057,105.54408399912063,True,
2,81,5,reused-client,1,cross_512_edge,lzw_128,LZW,128,40,43,3563,404303630,404372483,68854,206,bytes 404303630-404372483/661264391,68854,68854,42.074916997080436,42.17212499861489,11.708042002283037,53.91883299671463,True,
2,81,5,reused-client,1,cross_512_edge,lzw_128,LZW,128,40,44,3564,404372492,404440436,67945,206,bytes 404372492-404440436/661264391,67945,67945,42.59558299963828,42.704833002062514,7.074041001033038,49.81079199933447,True,
2,82,4,reused-client,1,cross_128_edge,zstd_512,ZSTD,512,10,10,230,304767160,305606839,839680,206,bytes 304767160-305606839/490194415,839680,839680,58.96924999979092,59.074417000374524,338.7362920002488,397.8352090016415,True,
2,83,5,reused-client,1,cross_512_corner,zstd_256,ZSTD,256,21,21,945,309824343,310033910,209568,206,bytes 309824343-310033910/490384277,209568,209568,54.139165997185046,54.21491599918227,39.76883400173392,94.00654099954409,True,
2,83,5,reused-client,1,cross_512_corner,zstd_256,ZSTD,256,21,22,946,310033919,310240520,206602,206,bytes 310033919-310240520/490384277,206602,206602,38.47220899842796,38.53829199942993,56.12604199995985,94.688541998039,True,
2,83,5,reused-client,1,cross_512_corner,zstd_256,ZSTD,256,22,21,989,318075010,318281956,206947,206,bytes 318075010-318281956/490384277,206947,206947,47.35116700248909,47.42991700186394,63.167290998535464,110.65183300161152,True,
2,83,5,reused-client,1,cross_512_corner,zstd_256,ZSTD,256,22,22,990,318281965,318490136,208172,206,bytes 318281965-318490136/490384277,208172,208172,53.117707997444086,53.22137499751989,57.39612500110525,110.6765419972362,True,
2,84,3,reused-client,1,interior,zstd_256,ZSTD,256,20,20,900,301115142,301328168,213027,206,bytes 301115142-301328168/490384277,213027,213027,71.08254199920339,71.19199999942794,89.7367090001353,160.9926670025743,True,
2,85,2,reused-client,1,cross_128_corner,zstd_128,ZSTD,128,40,40,3560,300228058,300282104,54047,206,bytes 300228058-300282104/492119117,54047,54047,51.27641599756316,51.407666000159224,2.9320829999051057,54.3710829988413,True,
2,85,2,reused-client,1,cross_128_corner,zstd_128,ZSTD,128,40,41,3561,300282113,300335031,52919,206,bytes 300282113-300335031/492119117,52919,52919,74.09308299975237,74.23566600118647,0.4693340015364811,74.72820800103364,True,
2,85,2,reused-client,1,cross_128_corner,zstd_128,ZSTD,128,41,40,3648,304567089,304621133,54045,206,bytes 304567089-304621133/492119117,54045,54045,135.7984589994885,135.9336669993354,3.115583000180777,139.07449999896926,True,
2,85,2,reused-client,1,cross_128_corner,zstd_128,ZSTD,128,41,41,3649,304621142,304673679,52538,206,bytes 304621142-304673679/492119117,52538,52538,35.386666997510474,35.46516699861968,5.696666998119326,41.1887089976517,True,
2,86,3,reused-client,1,cross_512_edge,zstd_256,ZSTD,256,20,21,901,301328177,301535592,207416,206,bytes 301328177-301535592/490384277,207416,207416,37.54216700326651,37.86704200319946,93.17037499931757,131.08975000068313,True,
2,86,3,reused-client,1,cross_512_edge,zstd_256,ZSTD,256,20,22,902,301535601,301739853,204253,206,bytes 301535601-301739853/490384277,204253,204253,60.984833999100374,61.08308399780071,59.20229199909954,120.3353339988098,True,
2,87,1,reused-client,1,cross_256_edge,zstd_128,ZSTD,128,40,41,3561,300282113,300335031,52919,206,bytes 300282113-300335031/492119117,52919,52919,55.08887500036508,55.16495799747645,2.1834159997524694,57.37170800057356,True,
2,87,1,reused-client,1,cross_256_edge,zstd_128,ZSTD,128,40,42,3562,300335040,300386695,51656,206,bytes 300335040-300386695/492119117,51656,51656,37.956000000122,38.02012500091223,6.298542000877205,44.34512499938137,True,
2,88,1,reused-client,1,cross_128_edge,zstd_128,ZSTD,128,40,40,3560,300228058,300282104,54047,206,bytes 300228058-300282104/492119117,54047,54047,42.18912500073202,42.26283299794886,11.178999997355277,53.474457999982405,True,
2,88,1,reused-client,1,cross_128_edge,zstd_128,ZSTD,128,40,41,3561,300282113,300335031,52919,206,bytes 300282113-300335031/492119117,52919,52919,38.72229199987487,38.78291699948022,5.514792002941249,44.31929199927254,True,
2,89,5,reused-client,1,cross_128_corner,deflate_256,DEFLATE,256,20,20,900,306262458,306479353,216896,206,bytes 306262458-306479353/498427477,216896,216896,48.80895799942664,48.87862499890616,70.2469169991673,119.16049999854295,True,
2,90,1,reused-client,1,cross_512_corner,zstd_128,ZSTD,128,43,43,3827,313219659,313272608,52950,206,bytes 313219659-313272608/492119117,52950,52950,36.88937500191969,36.96800000034273,83.49225099664181,120.50054200153681,True,
2,90,1,reused-client,1,cross_512_corner,zstd_128,ZSTD,128,43,44,3828,313272617,313324753,52137,206,bytes 313272617-313324753/492119117,52137,52137,307.8588749995106,307.9737080006453,154.0587499985122,462.1037910001178,True,
2,90,1,reused-client,1,cross_512_corner,zstd_128,ZSTD,128,44,43,3915,317314658,317366615,51958,206,bytes 317314658-317366615/492119117,51958,51958,60.836209002445685,60.964292002609,27.19625000099768,88.20537500287173,True,
2,90,1,reused-client,1,cross_512_corner,zstd_128,ZSTD,128,44,44,3916,317366624,317418939,52316,206,bytes 317366624-317418939/492119117,52316,52316,49.885791002452606,50.00149999978021,25.82704200176522,75.87370800320059,True,
2,91,2,reused-client,1,interior,lzw_128,LZW,128,40,40,3560,404091050,404163820,72771,206,bytes 404091050-404163820/661264391,72771,72771,46.67204199722619,46.780916996794986,60.897958999703405,107.73866699673817,True,
2,92,2,reused-client,1,cross_256_corner,lzw_512,LZW,512,10,10,230,411686466,412818824,1132359,206,bytes 411686466-412818824/661107776,1132359,1132359,42.2225830006937,42.351208001491614,1156.9460419996176,1199.3367920003948,True,
2,93,1,reused-client,1,cross_128_edge,lzw_512,LZW,512,10,10,230,411686466,412818824,1132359,206,bytes 411686466-412818824/661107776,1132359,1132359,41.15270900001633,41.251917002227856,763.482333997672,804.8040840003523,True,
2,94,2,reused-client,1,cross_128_edge,lzw_256,LZW,256,20,20,900,406553924,406841161,287238,206,bytes 406553924-406841161/661012853,287238,287238,114.55341699911514,114.66712499895948,145.19045899942284,259.9181670011603,True,
2,95,4,reused-client,1,cross_256_corner,zstd_256,ZSTD,256,20,20,900,301115142,301328168,213027,206,bytes 301115142-301328168/490384277,213027,213027,53.66295799831278,53.92558300081873,75.40266600335599,129.39279100100975,True,
2,95,4,reused-client,1,cross_256_corner,zstd_256,ZSTD,256,20,21,901,301328177,301535592,207416,206,bytes 301328177-301535592/490384277,207416,207416,53.742332998808706,53.85833299806109,51.32166700059315,105.23958299745573,True,
2,95,4,reused-client,1,cross_256_corner,zstd_256,ZSTD,256,21,20,944,309614499,309824334,209836,206,bytes 309614499-309824334/490384277,209836,209836,53.57912500039674,53.6889160030114,164.16254099749494,217.91816600307357,True,
2,95,4,reused-client,1,cross_256_corner,zstd_256,ZSTD,256,21,21,945,309824343,310033910,209568,206,bytes 309824343-310033910/490384277,209568,209568,50.31245899954229,50.4006670016679,61.61241599693312,112.04320899923914,True,
2,96,4,reused-client,1,cross_128_edge,lzw_512,LZW,512,10,10,230,411686466,412818824,1132359,206,bytes 411686466-412818824/661107776,1132359,1132359,51.410457999736536,51.64495799908764,366.6953749998356,418.4052499986137,True,
2,97,5,reused-client,1,cross_256_edge,deflate_128,DEFLATE,128,40,41,3561,305102569,305156400,53832,206,bytes 305102569-305156400/499617324,53832,53832,58.50062500030617,58.61883299803594,0.4017080027551856,59.04187499982072,True,
2,97,5,reused-client,1,cross_256_edge,deflate_128,DEFLATE,128,40,42,3562,305156409,305208764,52356,206,bytes 305156409-305208764/499617324,52356,52356,63.493792000372196,63.59216700002435,0.39495799865107983,64.00862499867799,True,
2,98,3,reused-client,1,cross_128_corner,lzw_512,LZW,512,10,10,230,411686466,412818824,1132359,206,bytes 411686466-412818824/661107776,1132359,1132359,56.48470900268876,56.550749999587424,400.23012600067887,456.84416700169095,True,
2,99,2,reused-client,1,interior,zstd_256,ZSTD,256,20,20,900,301115142,301328168,213027,206,bytes 301115142-301328168/490384277,213027,213027,35.866875001374865,36.09395800231141,34.89691699724062,71.06933300019591,True,
2,100,3,reused-client,1,cross_512_corner,deflate_512,DEFLATE,512,10,10,230,310426888,311281522,854635,206,bytes 310426888-311281522/499024403,854635,854635,38.180374998773914,38.30974999800674,231.06208399985917,269.4364589988254,True,
2,100,3,reused-client,1,cross_512_corner,deflate_512,DEFLATE,512,10,11,231,311281531,312113785,832255,206,bytes 311281531-312113785/499024403,832255,832255,38.89725000044564,38.99716700107092,780.1634999996168,819.2942089990538,True,
2,100,3,reused-client,1,cross_512_corner,deflate_512,DEFLATE,512,11,10,252,327623520,328452071,828552,206,bytes 327623520-328452071/499024403,828552,828552,50.4832919978071,50.609957997949095,423.97958299989114,474.614582999493,True,
2,100,3,reused-client,1,cross_512_corner,deflate_512,DEFLATE,512,11,11,253,328452080,329294883,842804,206,bytes 328452080-329294883/499024403,842804,842804,41.16220799915027,41.23112500019488,472.55129200129886,513.8504579990695,True,
2,101,3,reused-client,1,cross_256_edge,lzw_256,LZW,256,20,20,900,406553924,406841161,287238,206,bytes 406553924-406841161/661012853,287238,287238,64.23716700010118,64.3564999991213,135.5578750008135,200.0478749978356,True,
2,101,3,reused-client,1,cross_256_edge,lzw_256,LZW,256,20,21,901,406841170,407119092,277923,206,bytes 406841170-407119092/661012853,277923,277923,60.25554100051522,60.3762499995355,210.83708300284343,271.26358299938147,True,
2,102,4,reused-client,1,cross_512_edge,deflate_256,DEFLATE,256,20,21,901,306479362,306690064,210703,206,bytes 306479362-306690064/498427477,210703,210703,57.75295800049207,57.86695799906738,135.78537500143284,193.70316699860268,True,
2,102,4,reused-client,1,cross_512_edge,deflate_256,DEFLATE,256,20,22,902,306690073,306897377,207305,206,bytes 306690073-306897377/498427477,207305,207305,53.58412499845144,53.711958000349114,216.2464170032763,270.0300830001652,True,
2,103,2,reused-client,1,cross_256_corner,deflate_128,DEFLATE,128,41,41,3649,309501616,309555017,53402,206,bytes 309501616-309555017/499617324,53402,53402,81.15262499995879,81.2558750003518,18.871457999921404,100.19441700205789,True,
2,103,2,reused-client,1,cross_256_corner,deflate_128,DEFLATE,128,41,42,3650,309555026,309609246,54221,206,bytes 309555026-309609246/499617324,54221,54221,42.66387499956181,42.76849999951082,19.346207998751197,62.170749999495456,True,
2,103,2,reused-client,1,cross_256_corner,deflate_128,DEFLATE,128,42,41,3737,313827295,313880653,53359,206,bytes 313827295-313880653/499617324,53359,53359,38.85137500037672,38.95466699759709,15.874541997618508,54.87941699902876,True,
2,103,2,reused-client,1,cross_256_corner,deflate_128,DEFLATE,128,42,42,3738,313880662,313934033,53372,206,bytes 313880662-313934033/499617324,53372,53372,46.01774999900954,46.20695799894747,1.7291250005655456,47.96408300171606,True,
2,104,3,reused-client,1,cross_256_corner,lzw_128,LZW,128,41,41,3649,409965315,410035919,70605,206,bytes 409965315-410035919/661264391,70605,70605,43.66045799906715,43.77920800106949,21.332083000743296,65.17150000217953,True,
2,104,3,reused-client,1,cross_256_corner,lzw_128,LZW,128,41,42,3650,410035928,410107613,71686,206,bytes 410035928-410107613/661264391,71686,71686,46.142541999870446,46.27954199895612,21.994792001351016,68.32554200082086,True,
2,104,3,reused-client,1,cross_256_corner,lzw_128,LZW,128,42,41,3737,415676272,415746842,70571,206,bytes 415676272-415746842/661264391,70571,70571,45.41241599872592,45.51516599894967,23.8142499983951,69.38687499859952,True,
2,104,3,reused-client,1,cross_256_corner,lzw_128,LZW,128,42,42,3738,415746851,415817546,70696,206,bytes 415746851-415817546/661264391,70696,70696,50.4463749966817,50.57729100008146,22.229457998037105,72.85879099799786,True,
2,105,5,reused-client,1,cross_512_corner,deflate_256,DEFLATE,256,21,21,945,315110154,315323387,213234,206,bytes 315110154-315323387/498427477,213234,213234,37.383417002274655,37.476459001482,114.15929199938546,151.69670900286292,True,
2,105,5,reused-client,1,cross_512_corner,deflate_256,DEFLATE,256,21,22,946,315323396,315533302,209907,206,bytes 315323396-315533302/498427477,209907,209907,65.51470900012646,65.61962600244442,74.91962499989313,140.6005839999125,True,
2,105,5,reused-client,1,cross_512_corner,deflate_256,DEFLATE,256,22,21,989,323490842,323701123,210282,206,bytes 323490842-323701123/498427477,210282,210282,47.45100000218372,47.566125002049375,163.4372920016176,211.05370800069068,True,
2,105,5,reused-client,1,cross_512_corner,deflate_256,DEFLATE,256,22,22,990,323701132,323912576,211445,206,bytes 323701132-323912576/498427477,211445,211445,43.19495900199399,43.46116700253333,79.28575000187266,122.80745899988688,True,
2,106,3,reused-client,1,cross_256_edge,deflate_128,DEFLATE,128,40,41,3561,305102569,305156400,53832,206,bytes 305102569-305156400/499617324,53832,53832,44.72775000249385,44.85550000026706,4.030416999739828,48.914875002083136,True,
2,106,3,reused-client,1,cross_256_edge,deflate_128,DEFLATE,128,40,42,3562,305156409,305208764,52356,206,bytes 305156409-305208764/499617324,52356,52356,42.92145799990976,43.02508299952024,0.7545420012320392,43.80858299919055,True,
2,107,2,reused-client,1,interior,zstd_128,ZSTD,128,40,40,3560,300228058,300282104,54047,206,bytes 300228058-300282104/492119117,54047,54047,53.83133299983456,53.96620799729135,7.581583999126451,61.57983299999614,True,
2,108,3,reused-client,1,cross_128_edge,deflate_256,DEFLATE,256,20,20,900,306262458,306479353,216896,206,bytes 306262458-306479353/498427477,216896,216896,66.22033299936447,66.35212499895715,83.33816700178431,149.7403339999437,True,
2,109,4,reused-client,1,cross_128_corner,lzw_128,LZW,128,40,40,3560,404091050,404163820,72771,206,bytes 404091050-404163820/661264391,72771,72771,37.524542000028305,37.63933300069766,7.093291998899076,44.76037499989616,True,
2,109,4,reused-client,1,cross_128_corner,lzw_128,LZW,128,40,41,3561,404163829,404234861,71033,206,bytes 404163829-404234861/661264391,71033,71033,46.62895799992839,46.74933299975237,2.451208001730265,49.22870800146484,True,
2,109,4,reused-client,1,cross_128_corner,lzw_128,LZW,128,41,40,3648,409892800,409965306,72507,206,bytes 409892800-409965306/661264391,72507,72507,42.847374999837484,42.98054100217996,4.348667000158457,47.36599999887403,True,
2,109,4,reused-client,1,cross_128_corner,lzw_128,LZW,128,41,41,3649,409965315,410035919,70605,206,bytes 409965315-410035919/661264391,70605,70605,68.05650000023888,68.17395799953374,4.112000002351124,72.31408299776376,True,
2,110,3,reused-client,1,cross_512_edge,deflate_512,DEFLATE,512,10,10,230,310426888,311281522,854635,206,bytes 310426888-311281522/499024403,854635,854635,70.89170799736166,71.0648329986725,446.26345899814623,517.3919169974397,True,
2,110,3,reused-client,1,cross_512_edge,deflate_512,DEFLATE,512,10,11,231,311281531,312113785,832255,206,bytes 311281531-312113785/499024403,832255,832255,52.45124999783002,52.5996659998782,332.0282499989844,384.68674999967334,True,
2,111,4,reused-client,1,cross_128_corner,lzw_256,LZW,256,20,20,900,406553924,406841161,287238,206,bytes 406553924-406841161/661012853,287238,287238,40.46379200008232,40.5443749987171,86.74358400094206,127.40608300009626,True,
2,112,2,reused-client,1,cross_512_corner,lzw_256,LZW,256,21,21,945,418246405,418529582,283178,206,bytes 418246405-418529582/661012853,283178,283178,45.15762499795528,45.271874998434214,89.95133400094346,135.27145899934112,True,
2,112,2,reused-client,1,cross_512_corner,lzw_256,LZW,256,21,22,946,418529591,418807664,278074,206,bytes 418529591-418807664/661012853,278074,278074,50.18325000128243,50.31479199897149,53.26462500306661,103.63700000016252,True,
2,112,2,reused-client,1,cross_512_corner,lzw_256,LZW,256,22,21,989,429313097,429591287,278191,206,bytes 429313097-429591287/661012853,278191,278191,61.73295799817424,61.848624998674495,163.01087499959976,224.9045409989776,True,
2,112,2,reused-client,1,cross_512_corner,lzw_256,LZW,256,22,22,990,429591296,429871211,279916,206,bytes 429591296-429871211/661012853,279916,279916,62.772499997663544,62.87729099858552,53.25920799805317,116.17941599979531,True,
2,113,4,reused-client,1,cross_512_corner,deflate_256,DEFLATE,256,21,21,945,315110154,315323387,213234,206,bytes 315110154-315323387/498427477,213234,213234,44.3369580025319,44.44900000089547,35.94070799954352,80.43229100076132,True,
2,113,4,reused-client,1,cross_512_corner,deflate_256,DEFLATE,256,21,22,946,315323396,315533302,209907,206,bytes 315323396-315533302/498427477,209907,209907,98.41058299934957,98.50699999878998,30.00308400078211,128.553374997864,True,
2,113,4,reused-client,1,cross_512_corner,deflate_256,DEFLATE,256,22,21,989,323490842,323701123,210282,206,bytes 323490842-323701123/498427477,210282,210282,54.629583999485476,55.07891699744505,27.293791001284262,82.4252919992432,True,
2,113,4,reused-client,1,cross_512_corner,deflate_256,DEFLATE,256,22,22,990,323701132,323912576,211445,206,bytes 323701132-323912576/498427477,211445,211445,60.67320800138987,60.79179100197507,25.53220800109557,86.37966600144864,True,
2,114,3,reused-client,1,cross_256_corner,lzw_256,LZW,256,20,20,900,406553924,406841161,287238,206,bytes 406553924-406841161/661012853,287238,287238,62.03937499958556,62.15487500230665,40.641042000061134,102.86025000095833,True,
2,114,3,reused-client,1,cross_256_corner,lzw_256,LZW,256,20,21,901,406841170,407119092,277923,206,bytes 406841170-407119092/661012853,277923,277923,43.11683300329605,43.23379100242164,34.58741699796519,77.88220800284762,True,
2,114,3,reused-client,1,cross_256_corner,lzw_256,LZW,256,21,20,944,417962328,418246396,284069,206,bytes 417962328-418246396/661012853,284069,284069,38.36070800025482,38.462874999822816,65.20541599820717,103.72408300099778,True,
2,114,3,reused-client,1,cross_256_corner,lzw_256,LZW,256,21,21,945,418246405,418529582,283178,206,bytes 418246405-418529582/661012853,283178,283178,35.737458001676714,35.84433300056844,46.37512499903096,82.27958299903548,True,
2,115,3,reused-client,1,cross_512_corner,zstd_128,ZSTD,128,43,43,3827,313219659,313272608,52950,206,bytes 313219659-313272608/492119117,52950,52950,117.36283299978822,117.48124999940046,0.40079100290313363,117.90379200101597,True,
2,115,3,reused-client,1,cross_512_corner,zstd_128,ZSTD,128,43,44,3828,313272617,313324753,52137,206,bytes 313272617-313324753/492119117,52137,52137,37.103500002558576,37.229333000141196,1.6697090031811967,38.92850000192993,True,
2,115,3,reused-client,1,cross_512_corner,zstd_128,ZSTD,128,44,43,3915,317314658,317366615,51958,206,bytes 317314658-317366615/492119117,51958,51958,48.907083000813145,49.01037500167149,2.7820409995911177,51.8210000009276,True,
2,115,3,reused-client,1,cross_512_corner,zstd_128,ZSTD,128,44,44,3916,317366624,317418939,52316,206,bytes 317366624-317418939/492119117,52316,52316,36.78220800065901,36.89354200105299,3.882875000272179,40.80095799872652,True,
2,116,2,reused-client,1,cross_512_corner,lzw_128,LZW,128,43,43,3827,421475357,421546899,71543,206,bytes 421475357-421546899/661264391,71543,71543,53.62654099735664,53.749832997709746,0.4567500000121072,54.22870799884549,True,
2,116,2,reused-client,1,cross_512_corner,lzw_128,LZW,128,43,44,3828,421546908,421617252,70345,206,bytes 421546908-421617252/661264391,70345,70345,42.45929200260434,42.57062500255415,3.2811660021252465,45.88425000110874,True,
2,116,2,reused-client,1,cross_512_corner,lzw_128,LZW,128,44,43,3915,426954274,427023840,69567,206,bytes 426954274-427023840/661264391,69567,69567,42.03070899893646,42.13904200150864,6.939375001820736,49.11312500189524,True,
2,116,2,reused-client,1,cross_512_corner,lzw_128,LZW,128,44,44,3916,427023849,427094094,70246,206,bytes 427023849-427094094/661264391,70246,70246,56.0788330003561,56.20708300193655,7.854999999835854,64.09083300241036,True,
2,117,2,reused-client,1,cross_128_edge,lzw_512,LZW,512,10,10,230,411686466,412818824,1132359,206,bytes 411686466-412818824/661107776,1132359,1132359,45.98170900135301,46.13220900137094,301.3262919994304,347.5199589993281,True,
2,118,5,reused-client,1,cross_128_corner,zstd_512,ZSTD,512,10,10,230,304767160,305606839,839680,206,bytes 304767160-305606839/490194415,839680,839680,75.85941700017429,75.96325000122306,401.11683400027687,477.1388750014012,True,
2,119,1,reused-client,1,cross_512_edge,deflate_512,DEFLATE,512,10,10,230,310426888,311281522,854635,206,bytes 310426888-311281522/499024403,854635,854635,41.45270899971365,41.87541700230213,312.22420899939607,354.16129200166324,True,
2,119,1,reused-client,1,cross_512_edge,deflate_512,DEFLATE,512,10,11,231,311281531,312113785,832255,206,bytes 311281531-312113785/499024403,832255,832255,59.02508299914189,59.16270799934864,305.7542909991753,364.9774580007943,True,
2,120,3,reused-client,1,cross_128_edge,zstd_128,ZSTD,128,40,40,3560,300228058,300282104,54047,206,bytes 300228058-300282104/492119117,54047,54047,54.56462499932968,54.69695799911278,1.6326660006598104,56.35824999990291,True,
2,120,3,reused-client,1,cross_128_edge,zstd_128,ZSTD,128,40,41,3561,300282113,300335031,52919,206,bytes 300282113-300335031/492119117,52919,52919,44.80854199937312,44.90362499927869,116.00362499666517,160.95483299795887,True,
2,121,4,reused-client,1,interior,lzw_512,LZW,512,10,10,230,411686466,412818824,1132359,206,bytes 411686466-412818824/661107776,1132359,1132359,52.92525000186288,53.034000000479864,525.6963339998038,578.7892080006714,True,
2,122,4,reused-client,1,cross_512_edge,zstd_128,ZSTD,128,40,43,3563,300386704,300438476,51773,206,bytes 300386704-300438476/492119117,51773,51773,45.99570900245453,46.1139170001843,6.736374998581596,52.88175000168849,True,
2,122,4,reused-client,1,cross_512_edge,zstd_128,ZSTD,128,40,44,3564,300438485,300489278,50794,206,bytes 300438485-300489278/492119117,50794,50794,51.60183300176868,51.72845800188952,9.794416000659112,61.557166001875885,True,
2,123,2,reused-client,1,cross_512_edge,lzw_512,LZW,512,10,10,230,411686466,412818824,1132359,206,bytes 411686466-412818824/661107776,1132359,1132359,61.535374999948544,61.65329199939151,710.2315420015657,771.9467919996532,True,
2,123,2,reused-client,1,cross_512_edge,lzw_512,LZW,512,10,11,231,412818833,413920320,1101488,206,bytes 412818833-413920320/661107776,1101488,1101488,48.59554200083949,48.73233300168067,735.6460839982901,784.4413750026433,True,
2,124,4,reused-client,1,cross_128_edge,lzw_128,LZW,128,40,40,3560,404091050,404163820,72771,206,bytes 404091050-404163820/661264391,72771,72771,50.22958300105529,50.34754100051941,24.87291599754826,75.2901660016505,True,
2,124,4,reused-client,1,cross_128_edge,lzw_128,LZW,128,40,41,3561,404163829,404234861,71033,206,bytes 404163829-404234861/661264391,71033,71033,112.78875000061817,112.90316700251424,19.096584001090378,132.05179200303974,True,
2,125,2,reused-client,1,cross_128_edge,zstd_128,ZSTD,128,40,40,3560,300228058,300282104,54047,206,bytes 300228058-300282104/492119117,54047,54047,53.00379199979943,53.11270899983356,0.34733400025288574,53.47862499911571,True,
2,125,2,reused-client,1,cross_128_edge,zstd_128,ZSTD,128,40,41,3561,300282113,300335031,52919,206,bytes 300282113-300335031/492119117,52919,52919,47.16645799999242,47.291375001805136,3.5359159992367495,50.855249999585794,True,
2,126,2,reused-client,1,cross_128_corner,lzw_128,LZW,128,40,40,3560,404091050,404163820,72771,206,bytes 404091050-404163820/661264391,72771,72771,81.25899999868125,81.36958300019614,24.991165999381337,106.41429099996458,True,
2,126,2,reused-client,1,cross_128_corner,lzw_128,LZW,128,40,41,3561,404163829,404234861,71033,206,bytes 404163829-404234861/661264391,71033,71033,65.44741700054146,65.56441700013238,46.08612499941955,111.70649999985471,True,
2,126,2,reused-client,1,cross_128_corner,lzw_128,LZW,128,41,40,3648,409892800,409965306,72507,206,bytes 409892800-409965306/661264391,72507,72507,72.2842920004041,72.43395900150063,18.72666599956574,91.21404200050165,True,
2,126,2,reused-client,1,cross_128_corner,lzw_128,LZW,128,41,41,3649,409965315,410035919,70605,206,bytes 409965315-410035919/661264391,70605,70605,45.81129200232681,45.932625002024,34.802040998329176,80.79929200175684,True,
2,127,1,reused-client,1,cross_256_edge,lzw_256,LZW,256,20,20,900,406553924,406841161,287238,206,bytes 406553924-406841161/661012853,287238,287238,59.36345900045126,59.491334002814256,219.95104199959314,279.48945900061517,True,
2,127,1,reused-client,1,cross_256_edge,lzw_256,LZW,256,20,21,901,406841170,407119092,277923,206,bytes 406841170-407119092/661012853,277923,277923,82.95491699755075,83.0692919989815,98.94300000087242,182.03566699958174,True,
2,128,3,reused-client,1,cross_128_edge,lzw_512,LZW,512,10,10,230,411686466,412818824,1132359,206,bytes 411686466-412818824/661107776,1132359,1132359,37.030666000646306,37.11900000052992,420.48849999991944,457.654249999905,True,
2,129,5,reused-client,1,cross_256_corner,deflate_128,DEFLATE,128,41,41,3649,309501616,309555017,53402,206,bytes 309501616-309555017/499617324,53402,53402,68.00079099775758,68.11966600071173,6.651209001574898,74.8063329992874,True,
2,129,5,reused-client,1,cross_256_corner,deflate_128,DEFLATE,128,41,42,3650,309555026,309609246,54221,206,bytes 309555026-309609246/499617324,54221,54221,46.91783300222596,47.126708002906526,8.278083998447983,55.43954099994153,True,
2,129,5,reused-client,1,cross_256_corner,deflate_128,DEFLATE,128,42,41,3737,313827295,313880653,53359,206,bytes 313827295-313880653/499617324,53359,53359,51.89170800076681,52.01362500156392,9.065167003427632,61.149624998506624,True,
2,129,5,reused-client,1,cross_256_corner,deflate_128,DEFLATE,128,42,42,3738,313880662,313934033,53372,206,bytes 313880662-313934033/499617324,53372,53372,125.31679200037615,125.42908300019917,0.4517500019574072,125.90329200247652,True,
2,130,1,reused-client,1,interior,deflate_256,DEFLATE,256,20,20,900,306262458,306479353,216896,206,bytes 306262458-306479353/498427477,216896,216896,48.15683299966622,48.27287499938393,55.91554199781967,104.25783299797331,True,
2,131,2,reused-client,1,cross_256_corner,lzw_256,LZW,256,20,20,900,406553924,406841161,287238,206,bytes 406553924-406841161/661012853,287238,287238,47.322250000433996,47.44862500228919,91.65016699989792,139.23887500277488,True,
2,131,2,reused-client,1,cross_256_corner,lzw_256,LZW,256,20,21,901,406841170,407119092,277923,206,bytes 406841170-407119092/661012853,277923,277923,44.755916998838075,44.99441699954332,82.77704200008884,127.8892080008518,True,
2,131,2,reused-client,1,cross_256_corner,lzw_256,LZW,256,21,20,944,417962328,418246396,284069,206,bytes 417962328-418246396/661012853,284069,284069,74.52924999961397,74.9165829984122,57.175500001903856,132.1451249968959,True,
2,131,2,reused-client,1,cross_256_corner,lzw_256,LZW,256,21,21,945,418246405,418529582,283178,206,bytes 418246405-418529582/661012853,283178,283178,44.91341600078158,45.225707999634324,86.78920899910736,132.05637500141165,True,
2,132,1,reused-client,1,cross_256_corner,deflate_256,DEFLATE,256,20,20,900,306262458,306479353,216896,206,bytes 306262458-306479353/498427477,216896,216896,122.20600000000559,122.3432499973569,39.45133299930603,161.84058399812784,True,
2,132,1,reused-client,1,cross_256_corner,deflate_256,DEFLATE,256,20,21,901,306479362,306690064,210703,206,bytes 306479362-306690064/498427477,210703,210703,65.95908400049666,66.10812500002794,69.1709169987007,135.33800000004703,True,
2,132,1,reused-client,1,cross_256_corner,deflate_256,DEFLATE,256,21,20,944,314896453,315110145,213693,206,bytes 314896453-315110145/498427477,213693,213693,157.5921660005406,157.74600000077044,286.8882090006082,444.69391600068775,True,
2,132,1,reused-client,1,cross_256_corner,deflate_256,DEFLATE,256,21,21,945,315110154,315323387,213234,206,bytes 315110154-315323387/498427477,213234,213234,64.69158400068409,64.8000420005701,137.92566700067255,202.7752510002756,True,
2,133,4,reused-client,1,cross_512_corner,zstd_512,ZSTD,512,10,10,230,304767160,305606839,839680,206,bytes 304767160-305606839/490194415,839680,839680,40.989208999235416,41.128459000901785,635.9062920018914,677.1221669987426,True,
2,133,4,reused-client,1,cross_512_corner,zstd_512,ZSTD,512,10,11,231,305606848,306426901,820054,206,bytes 305606848-306426901/490194415,820054,820054,38.42737500235671,38.55045800082735,919.4935829982569,958.3172500024375,True,
2,133,4,reused-client,1,cross_512_corner,zstd_512,ZSTD,512,11,10,252,321640707,322458855,818149,206,bytes 321640707-322458855/490194415,818149,818149,56.5937080027652,56.70983300296939,550.6835010019131,607.4719170028402,True,
2,133,4,reused-client,1,cross_512_corner,zstd_512,ZSTD,512,11,11,253,322458864,323289120,830257,206,bytes 322458864-323289120/490194415,830257,830257,61.583708000398474,61.69233299806365,654.869834001147,716.5966249995108,True,
2,134,1,reused-client,1,interior,zstd_128,ZSTD,128,40,40,3560,300228058,300282104,54047,206,bytes 300228058-300282104/492119117,54047,54047,37.84366699983366,38.047666999773355,43.03412499939441,81.14945800116402,True,
2,135,4,reused-client,1,cross_512_edge,lzw_512,LZW,512,10,10,230,411686466,412818824,1132359,206,bytes 411686466-412818824/661107776,1132359,1132359,44.490500000392785,44.6414170000935,562.5352499992005,607.2587500020745,True,
2,135,4,reused-client,1,cross_512_edge,lzw_512,LZW,512,10,11,231,412818833,413920320,1101488,206,bytes 412818833-413920320/661107776,1101488,1101488,68.15133300187881,68.30133300172747,370.02879200008465,438.39958300304716,True,
2,136,5,reused-client,1,cross_128_corner,zstd_256,ZSTD,256,20,20,900,301115142,301328168,213027,206,bytes 301115142-301328168/490384277,213027,213027,41.62058400106616,41.73195899784332,54.78979200051981,96.62787499837577,True,
2,137,2,reused-client,1,interior,deflate_128,DEFLATE,128,40,40,3560,305047460,305102560,55101,206,bytes 305047460-305102560/499617324,55101,55101,41.671709001093404,41.80554200138431,18.707250001170905,60.56354199972702,True,
2,138,2,reused-client,1,cross_256_corner,deflate_512,DEFLATE,512,10,10,230,310426888,311281522,854635,206,bytes 310426888-311281522/499024403,854635,854635,44.92204200141714,45.035167000605725,249.28029099828564,294.3805840004643,True,
2,139,2,reused-client,1,cross_256_edge,lzw_256,LZW,256,20,20,900,406553924,406841161,287238,206,bytes 406553924-406841161/661012853,287238,287238,44.221375002962304,44.35445800118032,153.30441700280062,197.71237500026473,True,
2,139,2,reused-client,1,cross_256_edge,lzw_256,LZW,256,20,21,901,406841170,407119092,277923,206,bytes 406841170-407119092/661012853,277923,277923,52.94633400262683,53.05950000183657,71.0244160000002,124.14483400061727,True,
2,140,2,reused-client,1,cross_256_edge,lzw_128,LZW,128,40,41,3561,404163829,404234861,71033,206,bytes 404163829-404234861/661264391,71033,71033,44.30733299886924,44.40516699833097,4.667958000936778,49.10379200009629,True,
2,140,2,reused-client,1,cross_256_edge,lzw_128,LZW,128,40,42,3562,404234870,404303621,68752,206,bytes 404234870-404303621/661264391,68752,68752,41.72275000018999,41.92374999911408,12.018374996841885,53.99191700053052,True,
2,141,1,reused-client,1,cross_128_corner,zstd_128,ZSTD,128,40,40,3560,300228058,300282104,54047,206,bytes 300228058-300282104/492119117,54047,54047,48.399584000435425,48.52404200210003,5.974374998913845,54.535584000404924,True,
2,141,1,reused-client,1,cross_128_corner,zstd_128,ZSTD,128,40,41,3561,300282113,300335031,52919,206,bytes 300282113-300335031/492119117,52919,52919,47.006832999613835,47.17420800079708,0.3052499996556435,47.49962500136462,True,
2,141,1,reused-client,1,cross_128_corner,zstd_128,ZSTD,128,41,40,3648,304567089,304621133,54045,206,bytes 304567089-304621133/492119117,54045,54045,55.9927920003247,56.10624999826541,0.46483299956889823,56.59416699927533,True,
2,141,1,reused-client,1,cross_128_corner,zstd_128,ZSTD,128,41,41,3649,304621142,304673679,52538,206,bytes 304621142-304673679/492119117,52538,52538,53.00024999814923,53.108042000530986,3.329999999550637,56.46712499947171,True,
2,142,3,reused-client,1,cross_512_edge,deflate_256,DEFLATE,256,20,21,901,306479362,306690064,210703,206,bytes 306479362-306690064/498427477,210703,210703,41.71945800044341,41.84175000045798,32.01041699867346,73.91666699913912,True,
2,142,3,reused-client,1,cross_512_edge,deflate_256,DEFLATE,256,20,22,902,306690073,306897377,207305,206,bytes 306690073-306897377/498427477,207305,207305,51.07520800083876,51.17562500163331,45.89562500041211,97.12041700186091,True,
2,143,5,reused-client,1,cross_256_corner,zstd_256,ZSTD,256,20,20,900,301115142,301328168,213027,206,bytes 301115142-301328168/490384277,213027,213027,39.21316700143507,39.44112499812036,37.872708002396394,77.33787599863717,True,
2,143,5,reused-client,1,cross_256_corner,zstd_256,ZSTD,256,20,21,901,301328177,301535592,207416,206,bytes 301328177-301535592/490384277,207416,207416,38.89395899750525,38.92545899725519,283.83116600161884,322.7766669988341,True,
2,143,5,reused-client,1,cross_256_corner,zstd_256,ZSTD,256,21,20,944,309614499,309824334,209836,206,bytes 309614499-309824334/490384277,209836,209836,60.57366700042621,60.646582998742815,70.1037919970986,130.80458300100872,True,
2,143,5,reused-client,1,cross_256_corner,zstd_256,ZSTD,256,21,21,945,309824343,310033910,209568,206,bytes 309824343-310033910/490384277,209568,209568,46.33704099978786,46.4561250009865,61.580124998727115,108.08458300016355,True,
2,144,4,reused-client,1,cross_512_corner,deflate_128,DEFLATE,128,43,43,3827,318224016,318278030,54015,206,bytes 318224016-318278030/499617324,54015,54015,59.81879099999787,59.93916599982185,6.333792000077665,66.30391599901486,True,
2,144,4,reused-client,1,cross_512_corner,deflate_128,DEFLATE,128,43,44,3828,318278039,318331048,53010,206,bytes 318278039-318331048/499617324,53010,53010,76.65295900005731,76.76308399823029,0.4182920019957237,77.20458399853669,True,
2,144,4,reused-client,1,cross_512_corner,deflate_128,DEFLATE,128,44,43,3915,322379939,322432680,52742,206,bytes 322379939-322432680/499617324,52742,52742,38.10804100066889,38.209040998481214,8.3563750013127,46.60229100045399,True,
2,144,4,reused-client,1,cross_512_corner,deflate_128,DEFLATE,128,44,44,3916,322432689,322485817,53129,206,bytes 322432689-322485817/499617324,53129,53129,142.56675000069663,142.6709170009417,0.27395800134399906,142.97958400129573,True,
2,145,4,reused-client,1,cross_256_edge,zstd_128,ZSTD,128,40,41,3561,300282113,300335031,52919,206,bytes 300282113-300335031/492119117,52919,52919,48.5339170008956,48.63733400270576,6.161749999591848,54.82970900266082,True,
2,145,4,reused-client,1,cross_256_edge,zstd_128,ZSTD,128,40,42,3562,300335040,300386695,51656,206,bytes 300335040-300386695/492119117,51656,51656,60.279375000391155,60.39137500192737,4.244040999765275,64.66066600114573,True,
2,146,2,reused-client,1,cross_512_edge,lzw_128,LZW,128,40,43,3563,404303630,404372483,68854,206,bytes 404303630-404372483/661264391,68854,68854,57.955000000220025,58.08291699941037,44.54341599921463,102.6804169996467,True,
2,146,2,reused-client,1,cross_512_edge,lzw_128,LZW,128,40,44,3564,404372492,404440436,67945,206,bytes 404372492-404440436/661264391,67945,67945,48.666790997231146,48.790957996970974,11.358166000718484,60.234790998947574,True,
2,147,5,reused-client,1,cross_128_edge,deflate_128,DEFLATE,128,40,40,3560,305047460,305102560,55101,206,bytes 305047460-305102560/499617324,55101,55101,48.97141599940369,49.06950000076904,21.292999997967854,70.41191600001184,True,
2,147,5,reused-client,1,cross_128_edge,deflate_128,DEFLATE,128,40,41,3561,305102569,305156400,53832,206,bytes 305102569-305156400/499617324,53832,53832,123.80591699911747,123.90616699849488,0.4806670003745239,124.41254199802643,True,
2,148,5,reused-client,1,interior,lzw_512,LZW,512,10,10,230,411686466,412818824,1132359,206,bytes 411686466-412818824/661107776,1132359,1132359,46.754082999541424,46.875083000486484,441.2939579997328,488.23900000206777,True,
2,149,5,reused-client,1,cross_512_corner,lzw_128,LZW,128,43,43,3827,421475357,421546899,71543,206,bytes 421475357-421546899/661264391,71543,71543,49.899875000846805,50.02016599974013,33.78004199839779,83.8444580003852,True,
2,149,5,reused-client,1,cross_512_corner,lzw_128,LZW,128,43,44,3828,421546908,421617252,70345,206,bytes 421546908-421617252/661264391,70345,70345,48.862666997592896,48.99891699824366,1.2577079978655092,50.29074999765726,True,
2,149,5,reused-client,1,cross_512_corner,lzw_128,LZW,128,44,43,3915,426954274,427023840,69567,206,bytes 426954274-427023840/661264391,69567,69567,55.051041999831796,55.15625000043656,8.73824999871431,63.93254200156662,True,
2,149,5,reused-client,1,cross_512_corner,lzw_128,LZW,128,44,44,3916,427023849,427094094,70246,206,bytes 427023849-427094094/661264391,70246,70246,57.415376002609264,57.52408400076092,17.091916997742373,74.67795900083729,True,
2,150,5,reused-client,1,cross_256_corner,lzw_256,LZW,256,20,20,900,406553924,406841161,287238,206,bytes 406553924-406841161/661012853,287238,287238,68.41395800074679,68.52787499883561,96.33920800115447,164.94275000150083,True,
2,150,5,reused-client,1,cross_256_corner,lzw_256,LZW,256,20,21,901,406841170,407119092,277923,206,bytes 406841170-407119092/661012853,277923,277923,117.86387500251294,118.0061660015781,60.17008399794577,178.25095800071722,True,
2,150,5,reused-client,1,cross_256_corner,lzw_256,LZW,256,21,20,944,417962328,418246396,284069,206,bytes 417962328-418246396/661012853,284069,284069,42.18666700035101,42.2890420013573,64.07537499762839,106.43808299937518,True,
2,150,5,reused-client,1,cross_256_corner,lzw_256,LZW,256,21,21,945,418246405,418529582,283178,206,bytes 418246405-418529582/661012853,283178,283178,61.131791000661906,61.25091599824373,63.51424999957089,124.83299999803421,True,
2,151,5,reused-client,1,cross_512_edge,deflate_256,DEFLATE,256,20,21,901,306479362,306690064,210703,206,bytes 306479362-306690064/498427477,210703,210703,42.5905000010971,42.7073749997362,43.33920899807708,86.11912500055041,True,
2,151,5,reused-client,1,cross_512_edge,deflate_256,DEFLATE,256,20,22,902,306690073,306897377,207305,206,bytes 306690073-306897377/498427477,207305,207305,57.26762499762117,57.38504100008868,52.45641700093984,109.90129099809565,True,
2,152,4,reused-client,1,cross_256_edge,lzw_256,LZW,256,20,20,900,406553924,406841161,287238,206,bytes 406553924-406841161/661012853,287238,287238,42.29812500125263,42.361333002190804,60.1687079979456,102.56604200185393,True,
2,152,4,reused-client,1,cross_256_edge,lzw_256,LZW,256,20,21,901,406841170,407119092,277923,206,bytes 406841170-407119092/661012853,277923,277923,50.72125000151573,50.91983300007996,56.218125002487795,107.17570800261456,True,
2,153,3,reused-client,1,cross_256_corner,zstd_256,ZSTD,256,20,20,900,301115142,301328168,213027,206,bytes 301115142-301328168/490384277,213027,213027,43.36404199784738,43.44745900016278,37.582833003398264,81.08295900092344,True,
2,153,3,reused-client,1,cross_256_corner,zstd_256,ZSTD,256,20,21,901,301328177,301535592,207416,206,bytes 301328177-301535592/490384277,207416,207416,35.653416998684406,35.90233299837564,33.97466599926702,69.91412499701255,True,
2,153,3,reused-client,1,cross_256_corner,zstd_256,ZSTD,256,21,20,944,309614499,309824334,209836,206,bytes 309614499-309824334/490384277,209836,209836,34.5481660006044,34.60958299910999,63.03004199799034,97.67495800042525,True,
2,153,3,reused-client,1,cross_256_corner,zstd_256,ZSTD,256,21,21,945,309824343,310033910,209568,206,bytes 309824343-310033910/490384277,209568,209568,143.56724999743165,143.64787500016973,32.04604199709138,175.72645899781492,True,
2,154,1,reused-client,1,cross_128_corner,deflate_256,DEFLATE,256,20,20,900,306262458,306479353,216896,206,bytes 306262458-306479353/498427477,216896,216896,39.241250000486616,39.33237499950337,30.123041997285327,69.50720900204033,True,
2,155,4,reused-client,1,cross_128_edge,zstd_256,ZSTD,256,20,20,900,301115142,301328168,213027,206,bytes 301115142-301328168/490384277,213027,213027,42.22400000071502,42.347000002337154,25.675083001260646,68.06595799935167,True,
2,156,3,reused-client,1,cross_256_edge,zstd_128,ZSTD,128,40,41,3561,300282113,300335031,52919,206,bytes 300282113-300335031/492119117,52919,52919,47.01004100206774,47.12254100013524,3.028834002179792,50.18325000128243,True,
2,156,3,reused-client,1,cross_256_edge,zstd_128,ZSTD,128,40,42,3562,300335040,300386695,51656,206,bytes 300335040-300386695/492119117,51656,51656,57.8215409987024,57.92283299888368,1.231625003129011,59.177625000302214,True,
2,157,2,reused-client,1,cross_256_corner,zstd_512,ZSTD,512,10,10,230,304767160,305606839,839680,206,bytes 304767160-305606839/490194415,839680,839680,63.84612500187359,63.97391599966795,186.59704200035776,250.63720800244482,True,
2,158,5,reused-client,1,cross_256_edge,lzw_256,LZW,256,20,20,900,406553924,406841161,287238,206,bytes 406553924-406841161/661012853,287238,287238,43.69724999924074,43.8030000004801,74.68266700016102,118.5513330019603,True,
2,158,5,reused-client,1,cross_256_edge,lzw_256,LZW,256,20,21,901,406841170,407119092,277923,206,bytes 406841170-407119092/661012853,277923,277923,68.1282090008608,68.2466670004942,63.96725000013248,132.28095900194603,True,
2,159,4,reused-client,1,cross_128_corner,lzw_512,LZW,512,10,10,230,411686466,412818824,1132359,206,bytes 411686466-412818824/661107776,1132359,1132359,44.75583299790742,44.86320800060639,439.6049579991086,484.5387919995119,True,
2,160,1,reused-client,1,cross_128_corner,deflate_512,DEFLATE,512,10,10,230,310426888,311281522,854635,206,bytes 310426888-311281522/499024403,854635,854635,42.20995800278615,42.30704200017499,317.1245829980762,359.490167000331,True,
2,161,3,reused-client,1,cross_512_corner,lzw_256,LZW,256,21,21,945,418246405,418529582,283178,206,bytes 418246405-418529582/661012853,283178,283178,39.51687500011758,39.62587500063819,148.8000839999586,188.53875000058906,True,
2,161,3,reused-client,1,cross_512_corner,lzw_256,LZW,256,21,22,946,418529591,418807664,278074,206,bytes 418529591-418807664/661012853,278074,278074,49.97212500165915,50.09933299879776,185.13679199895705,235.27862500122865,True,
2,161,3,reused-client,1,cross_512_corner,lzw_256,LZW,256,22,21,989,429313097,429591287,278191,206,bytes 429313097-429591287/661012853,278191,278191,57.91066700112424,57.98175000018091,116.97416699826135,175.01633299980313,True,
2,161,3,reused-client,1,cross_512_corner,lzw_256,LZW,256,22,22,990,429591296,429871211,279916,206,bytes 429591296-429871211/661012853,279916,279916,60.375291999662295,60.48533400098677,104.4474159971287,164.95724999913364,True,
2,162,3,reused-client,1,cross_512_corner,zstd_512,ZSTD,512,10,10,230,304767160,305606839,839680,206,bytes 304767160-305606839/490194415,839680,839680,71.8542080030602,72.06954100183793,429.58466700292774,501.737292001053,True,
2,162,3,reused-client,1,cross_512_corner,zstd_512,ZSTD,512,10,11,231,305606848,306426901,820054,206,bytes 305606848-306426901/490194415,820054,820054,71.79629199890769,71.93937499687308,336.64695800325717,408.6474579999049,True,
2,162,3,reused-client,1,cross_512_corner,zstd_512,ZSTD,512,11,10,252,321640707,322458855,818149,206,bytes 321640707-322458855/490194415,818149,818149,45.37870800049859,45.47520800042548,326.3013340001635,371.84445800085086,True,
2,162,3,reused-client,1,cross_512_corner,zstd_512,ZSTD,512,11,11,253,322458864,323289120,830257,206,bytes 322458864-323289120/490194415,830257,830257,41.10670900263358,41.18954200021108,478.1388759984111,519.3647090018203,True,
2,163,5,reused-client,1,cross_256_corner,deflate_512,DEFLATE,512,10,10,230,310426888,311281522,854635,206,bytes 310426888-311281522/499024403,854635,854635,70.85625000036089,71.00529200033634,573.2635000022128,644.331957999384,True,
2,164,3,reused-client,1,cross_128_corner,deflate_256,DEFLATE,256,20,20,900,306262458,306479353,216896,206,bytes 306262458-306479353/498427477,216896,216896,45.12224999780301,45.27566699835006,134.04341700152145,179.38204199890606,True,
2,165,5,reused-client,1,interior,zstd_256,ZSTD,256,20,20,900,301115142,301328168,213027,206,bytes 301115142-301328168/490384277,213027,213027,57.479291997879045,57.58683399835718,223.5294590027479,281.172749997495,True,
2,166,3,reused-client,1,cross_128_edge,deflate_512,DEFLATE,512,10,10,230,310426888,311281522,854635,206,bytes 310426888-311281522/499024403,854635,854635,58.00929099859786,58.41383300139569,455.70199999929173,514.7207500012883,True,
2,167,2,reused-client,1,cross_512_edge,zstd_512,ZSTD,512,10,10,230,304767160,305606839,839680,206,bytes 304767160-305606839/490194415,839680,839680,43.691083999874536,43.78320899922983,607.7663759970164,651.6635009975289,True,
2,167,2,reused-client,1,cross_512_edge,zstd_512,ZSTD,512,10,11,231,305606848,306426901,820054,206,bytes 305606848-306426901/490194415,820054,820054,56.14941600288148,56.24341600196203,519.0245829980995,575.324333000026,True,
2,168,5,reused-client,1,interior,deflate_256,DEFLATE,256,20,20,900,306262458,306479353,216896,206,bytes 306262458-306479353/498427477,216896,216896,45.57570799806854,45.705165997787844,209.6832080023887,255.47408299826202,True,
2,169,3,reused-client,1,cross_512_corner,deflate_256,DEFLATE,256,21,21,945,315110154,315323387,213234,206,bytes 315110154-315323387/498427477,213234,213234,44.498167000710964,44.58354199960013,136.54474999930244,181.15845899956184,True,
2,169,3,reused-client,1,cross_512_corner,deflate_256,DEFLATE,256,21,22,946,315323396,315533302,209907,206,bytes 315323396-315533302/498427477,209907,209907,87.27879200159805,87.35404199978802,78.93779100049869,166.32812500029104,True,
2,169,3,reused-client,1,cross_512_corner,deflate_256,DEFLATE,256,22,21,989,323490842,323701123,210282,206,bytes 323490842-323701123/498427477,210282,210282,39.31437599749188,39.38637600003858,99.73325000100886,139.16933399741538,True,
2,169,3,reused-client,1,cross_512_corner,deflate_256,DEFLATE,256,22,22,990,323701132,323912576,211445,206,bytes 323701132-323912576/498427477,211445,211445,53.92329199821688,54.283124998619314,63.2324170001084,117.58104199907393,True,
2,170,5,reused-client,1,cross_256_edge,zstd_512,ZSTD,512,10,10,230,304767160,305606839,839680,206,bytes 304767160-305606839/490194415,839680,839680,81.12749999781954,81.19062499827123,438.0155420003575,519.2568749989732,True,
2,171,5,reused-client,1,cross_128_edge,zstd_128,ZSTD,128,40,40,3560,300228058,300282104,54047,206,bytes 300228058-300282104/492119117,54047,54047,69.2332080034248,69.34204100252828,4.666249998990679,74.0419580033631,True,
2,171,5,reused-client,1,cross_128_edge,zstd_128,ZSTD,128,40,41,3561,300282113,300335031,52919,206,bytes 300282113-300335031/492119117,52919,52919,74.16179199935868,74.25666700146394,0.3029159997822717,74.58224999936647,True,
2,172,4,reused-client,1,interior,deflate_128,DEFLATE,128,40,40,3560,305047460,305102560,55101,206,bytes 305047460-305102560/499617324,55101,55101,43.211457999859704,43.301875000906875,8.851041999150766,52.19004099853919,True,
2,173,4,reused-client,1,cross_128_corner,zstd_512,ZSTD,512,10,10,230,304767160,305606839,839680,206,bytes 304767160-305606839/490194415,839680,839680,37.50291700271191,37.592042001051595,342.83133300050395,380.4674170023645,True,
2,174,2,reused-client,1,cross_256_edge,deflate_512,DEFLATE,512,10,10,230,310426888,311281522,854635,206,bytes 310426888-311281522/499024403,854635,854635,87.98025000214693,88.06262500002049,501.69412499963073,589.808583001286,True,
2,175,2,reused-client,1,cross_128_corner,deflate_128,DEFLATE,128,40,40,3560,305047460,305102560,55101,206,bytes 305047460-305102560/499617324,55101,55101,46.290499998576706,46.40616599863279,8.198209001420764,54.690665998350596,True,
2,175,2,reused-client,1,cross_128_corner,deflate_128,DEFLATE,128,40,41,3561,305102569,305156400,53832,206,bytes 305102569-305156400/499617324,53832,53832,49.55804199926206,49.672207998810336,2.0751669981109444,51.77854199791909,True,
2,175,2,reused-client,1,cross_128_corner,deflate_128,DEFLATE,128,41,40,3648,309446600,309501607,55008,206,bytes 309446600-309501607/499617324,55008,55008,62.744291997660184,62.864208997780224,1.962042002560338,64.8536669978057,True,
2,175,2,reused-client,1,cross_128_corner,deflate_128,DEFLATE,128,41,41,3649,309501616,309555017,53402,206,bytes 309501616-309555017/499617324,53402,53402,42.36533299990697,42.552832997898804,7.6177919982001185,50.21099999794387,True,
2,176,3,reused-client,1,interior,deflate_512,DEFLATE,512,10,10,230,310426888,311281522,854635,206,bytes 310426888-311281522/499024403,854635,854635,58.544875002553454,58.92287499955273,377.3714159979136,436.3359160015534,True,
2,177,5,reused-client,1,cross_256_edge,zstd_256,ZSTD,256,20,20,900,301115142,301328168,213027,206,bytes 301115142-301328168/490384277,213027,213027,61.343166998995,61.43316700035939,206.52454199807835,267.9919170004723,True,
2,177,5,reused-client,1,cross_256_edge,zstd_256,ZSTD,256,20,21,901,301328177,301535592,207416,206,bytes 301328177-301535592/490384277,207416,207416,44.390874998498475,44.46583299795748,118.1353339998168,162.65937499701977,True,
2,178,2,reused-client,1,cross_128_edge,deflate_512,DEFLATE,512,10,10,230,310426888,311281522,854635,206,bytes 310426888-311281522/499024403,854635,854635,38.33820799991372,38.45983299834188,430.94154199934565,469.4666249997681,True,
2,179,4,reused-client,1,cross_256_corner,lzw_128,LZW,128,41,41,3649,409965315,410035919,70605,206,bytes 409965315-410035919/661264391,70605,70605,43.70658400148386,43.94737500115298,20.5532090003544,64.60466700082179,True,
2,179,4,reused-client,1,cross_256_corner,lzw_128,LZW,128,41,42,3650,410035928,410107613,71686,206,bytes 410035928-410107613/661264391,71686,71686,46.565541000745725,46.67058300037752,19.418832998781,66.12583300011465,True,
2,179,4,reused-client,1,cross_256_corner,lzw_128,LZW,128,42,41,3737,415676272,415746842,70571,206,bytes 415676272-415746842/661264391,70571,70571,57.574541999201756,57.65650000103051,18.913833002443425,76.60033299907809,True,
2,179,4,reused-client,1,cross_256_corner,lzw_128,LZW,128,42,42,3738,415746851,415817546,70696,206,bytes 415746851-415817546/661264391,70696,70696,139.24737499837647,139.3239579992951,1.7335829979856499,141.08425000085845,True,
2,180,4,reused-client,1,interior,lzw_256,LZW,256,20,20,900,406553924,406841161,287238,206,bytes 406553924-406841161/661012853,287238,287238,42.473582998354686,42.72158299863804,90.55941599945072,133.34812500033877,True,
2,181,1,reused-client,1,cross_512_edge,lzw_256,LZW,256,20,21,901,406841170,407119092,277923,206,bytes 406841170-407119092/661012853,277923,277923,52.0086659998924,52.11174999931245,96.68029199747252,148.83337499850313,True,
2,181,1,reused-client,1,cross_512_edge,lzw_256,LZW,256,20,22,902,407119101,407393560,274460,206,bytes 407119101-407393560/661012853,274460,274460,43.493207998835715,43.60845799965318,117.99237599916523,161.6644579989952,True,
2,182,3,reused-client,1,cross_128_edge,zstd_256,ZSTD,256,20,20,900,301115142,301328168,213027,206,bytes 301115142-301328168/490384277,213027,213027,39.977832999284146,40.08662500200444,90.8723340035067,130.9779580005852,True,
2,183,2,reused-client,1,cross_512_corner,lzw_512,LZW,512,10,10,230,411686466,412818824,1132359,206,bytes 411686466-412818824/661107776,1132359,1132359,41.22312499748659,41.29791699961061,1015.6460420002986,1057.0069169989438,True,
2,183,2,reused-client,1,cross_512_corner,lzw_512,LZW,512,10,11,231,412818833,413920320,1101488,206,bytes 412818833-413920320/661107776,1101488,1101488,83.29899999807822,83.41749999817694,553.9408330005244,637.4219999997877,True,
2,183,2,reused-client,1,cross_512_corner,lzw_512,LZW,512,11,10,252,434325460,435426146,1100687,206,bytes 434325460-435426146/661107776,1100687,1100687,47.73662500156206,47.962500000721775,457.62474999719416,505.61375000324915,True,
2,183,2,reused-client,1,cross_512_corner,lzw_512,LZW,512,11,11,253,435426155,436544622,1118468,206,bytes 435426155-436544622/661107776,1118468,1118468,47.50624999724096,47.660666998126544,481.8815420003375,529.5840009966923,True,
2,184,1,reused-client,1,cross_512_edge,deflate_128,DEFLATE,128,40,43,3563,305208773,305261361,52589,206,bytes 305208773-305261361/499617324,52589,52589,49.78583399861236,49.898208999366034,7.084083998051938,57.011834000149975,True,
2,184,1,reused-client,1,cross_512_edge,deflate_128,DEFLATE,128,40,44,3564,305261370,305312689,51320,206,bytes 305261370-305312689/499617324,51320,51320,92.03754199916148,92.16312499847845,10.547249999945052,102.76437499851454,True,
2,185,3,reused-client,1,cross_256_edge,deflate_256,DEFLATE,256,20,20,900,306262458,306479353,216896,206,bytes 306262458-306479353/498427477,216896,216896,57.412833000853425,57.62295800013817,88.88083400233882,146.59062499777065,True,
2,185,3,reused-client,1,cross_256_edge,deflate_256,DEFLATE,256,20,21,901,306479362,306690064,210703,206,bytes 306479362-306690064/498427477,210703,210703,54.41008299749228,54.544040998735,73.52499999979045,128.1162499981292,True,
2,186,5,reused-client,1,cross_512_edge,zstd_128,ZSTD,128,40,43,3563,300386704,300438476,51773,206,bytes 300386704-300438476/492119117,51773,51773,55.6497079996916,55.80779099909705,27.685666998877423,83.54474999941885,True,
2,186,5,reused-client,1,cross_512_edge,zstd_128,ZSTD,128,40,44,3564,300438485,300489278,50794,206,bytes 300438485-300489278/492119117,50794,50794,58.99570800102083,59.0955000006943,0.46300000030896626,59.582082998531405,True,
2,187,2,reused-client,1,cross_512_edge,deflate_128,DEFLATE,128,40,43,3563,305208773,305261361,52589,206,bytes 305208773-305261361/499617324,52589,52589,48.7461250013439,48.87758300174028,0.49991600099019706,49.399208000977524,True,
2,187,2,reused-client,1,cross_512_edge,deflate_128,DEFLATE,128,40,44,3564,305261370,305312689,51320,206,bytes 305261370-305312689/499617324,51320,51320,49.53416699936497,49.65500000253087,2.5880409993987996,52.27424999975483,True,
2,188,3,reused-client,1,cross_512_edge,zstd_512,ZSTD,512,10,10,230,304767160,305606839,839680,206,bytes 304767160-305606839/490194415,839680,839680,55.57612499978859,55.68816600134596,417.787792001036,473.5230410005897,True,
2,188,3,reused-client,1,cross_512_edge,zstd_512,ZSTD,512,10,11,231,305606848,306426901,820054,206,bytes 305606848-306426901/490194415,820054,820054,73.4628749996773,73.56154100125423,265.7734169988544,339.3581250020361,True,
2,189,2,reused-client,1,cross_512_corner,deflate_128,DEFLATE,128,43,43,3827,318224016,318278030,54015,206,bytes 318224016-318278030/499617324,54015,54015,43.060542000603164,43.129124998813495,5.762749999121297,48.91933299950324,True,
2,189,2,reused-client,1,cross_512_corner,deflate_128,DEFLATE,128,43,44,3828,318278039,318331048,53010,206,bytes 318278039-318331048/499617324,53010,53010,50.41762499968172,50.52091700054007,0.3465829977358226,50.88495800009696,True,
2,189,2,reused-client,1,cross_512_corner,deflate_128,DEFLATE,128,44,43,3915,322379939,322432680,52742,206,bytes 322379939-322432680/499617324,52742,52742,54.50720799854025,54.63995799800614,0.37312499989639036,55.03399999724934,True,
2,189,2,reused-client,1,cross_512_corner,deflate_128,DEFLATE,128,44,44,3916,322432689,322485817,53129,206,bytes 322432689-322485817/499617324,53129,53129,37.54995800045435,37.64945799775887,2.9591669990622904,40.63395800039871,True,
2,190,2,reused-client,1,interior,deflate_512,DEFLATE,512,10,10,230,310426888,311281522,854635,206,bytes 310426888-311281522/499024403,854635,854635,53.514584000367904,53.62420900200959,348.2774589974724,401.95191699967836,True,
2,191,1,reused-client,1,cross_256_corner,lzw_128,LZW,128,41,41,3649,409965315,410035919,70605,206,bytes 409965315-410035919/661264391,70605,70605,57.68600000010338,57.90045799949439,13.299082998855738,71.36229100069613,True,
2,191,1,reused-client,1,cross_256_corner,lzw_128,LZW,128,41,42,3650,410035928,410107613,71686,206,bytes 410035928-410107613/661264391,71686,71686,49.9946669988276,50.11575000025914,4.221166000206722,54.367583001294406,True,
2,191,1,reused-client,1,cross_256_corner,lzw_128,LZW,128,42,41,3737,415676272,415746842,70571,206,bytes 415676272-415746842/661264391,70571,70571,52.040291997400345,52.16387499967823,3.659791997051798,55.85612499999115,True,
2,191,1,reused-client,1,cross_256_corner,lzw_128,LZW,128,42,42,3738,415746851,415817546,70696,206,bytes 415746851-415817546/661264391,70696,70696,49.502750000101514,49.61279199778801,40.09491699980572,89.76287499899627,True,
2,192,5,reused-client,1,cross_512_corner,deflate_512,DEFLATE,512,10,10,230,310426888,311281522,854635,206,bytes 310426888-311281522/499024403,854635,854635,47.17858399817487,47.35370900016278,278.2623329985654,325.6420840007195,True,
2,192,5,reused-client,1,cross_512_corner,deflate_512,DEFLATE,512,10,11,231,311281531,312113785,832255,206,bytes 311281531-312113785/499024403,832255,832255,46.3571670006786,46.393749998969724,311.1467089984217,357.5938750000205,True,
2,192,5,reused-client,1,cross_512_corner,deflate_512,DEFLATE,512,11,10,252,327623520,328452071,828552,206,bytes 327623520-328452071/499024403,828552,828552,43.17187500055297,43.28820900263963,224.6246249997057,267.93470900156535,True,
2,192,5,reused-client,1,cross_512_corner,deflate_512,DEFLATE,512,11,11,253,328452080,329294883,842804,206,bytes 328452080-329294883/499024403,842804,842804,39.36875100043835,39.419959000952076,448.89024999793037,488.380958999187,True,
2,193,1,reused-client,1,cross_512_edge,zstd_128,ZSTD,128,40,43,3563,300386704,300438476,51773,206,bytes 300386704-300438476/492119117,51773,51773,48.21220799931325,48.42616699897917,4.763749999256106,53.223791997879744,True,
2,193,1,reused-client,1,cross_512_edge,zstd_128,ZSTD,128,40,44,3564,300438485,300489278,50794,206,bytes 300438485-300489278/492119117,50794,50794,66.61212499966496,66.82183399971109,3.1692500015196856,70.02524999916204,True,
2,194,2,reused-client,1,cross_256_corner,lzw_128,LZW,128,41,41,3649,409965315,410035919,70605,206,bytes 409965315-410035919/661264391,70605,70605,142.0695419983531,142.15416699880734,11.947958002565429,154.13279199856333,True,
2,194,2,reused-client,1,cross_256_corner,lzw_128,LZW,128,41,42,3650,410035928,410107613,71686,206,bytes 410035928-410107613/661264391,71686,71686,49.96875000142609,50.125500001740875,13.520249998691725,63.68625000322936,True,
2,194,2,reused-client,1,cross_256_corner,lzw_128,LZW,128,42,41,3737,415676272,415746842,70571,206,bytes 415676272-415746842/661264391,70571,70571,49.09783300172421,49.26937500204076,13.24620900049922,62.61737500244635,True,
2,194,2,reused-client,1,cross_256_corner,lzw_128,LZW,128,42,42,3738,415746851,415817546,70696,206,bytes 415746851-415817546/661264391,70696,70696,67.96249999752035,68.07620799736469,15.181624999968335,83.31537499907427,True,
2,195,4,reused-client,1,cross_512_edge,zstd_512,ZSTD,512,10,10,230,304767160,305606839,839680,206,bytes 304767160-305606839/490194415,839680,839680,37.336666999181034,37.40833299889346,311.7822079984762,349.2174579987477,True,
2,195,4,reused-client,1,cross_512_edge,zstd_512,ZSTD,512,10,11,231,305606848,306426901,820054,206,bytes 305606848-306426901/490194415,820054,820054,44.10991600161651,44.17362499953015,476.50158399846987,520.7467079999333,True,
2,196,2,reused-client,1,cross_256_edge,zstd_256,ZSTD,256,20,20,900,301115142,301328168,213027,206,bytes 301115142-301328168/490384277,213027,213027,41.10933300034958,41.22566599835409,45.252084000821924,86.54483300051652,True,
2,196,2,reused-client,1,cross_256_edge,zstd_256,ZSTD,256,20,21,901,301328177,301535592,207416,206,bytes 301328177-301535592/490384277,207416,207416,80.29516699753003,80.41304200014565,35.93712500151014,116.41254200003459,True,
2,197,3,reused-client,1,cross_256_corner,zstd_128,ZSTD,128,41,41,3649,304621142,304673679,52538,206,bytes 304621142-304673679/492119117,52538,52538,46.13095899912878,46.26079199806554,3.020834003109485,49.310667000099784,True,
2,197,3,reused-client,1,cross_256_corner,zstd_128,ZSTD,128,41,42,3650,304673688,304726888,53201,206,bytes 304673688-304726888/492119117,53201,53201,46.807583999907365,47.03387599874986,3.848292002658127,50.918125998578034,True,
2,197,3,reused-client,1,cross_256_corner,zstd_128,ZSTD,128,42,41,3737,308887700,308940134,52435,206,bytes 308887700-308940134/492119117,52435,52435,58.81637499987846,58.92350000067381,0.4237909997755196,59.37970800005132,True,
2,197,3,reused-client,1,cross_256_corner,zstd_128,ZSTD,128,42,42,3738,308940143,308992671,52529,206,bytes 308940143-308992671/492119117,52529,52529,38.17308400175534,38.26558400032809,3.5560830001486465,41.8405000018538,True,
2,198,5,reused-client,1,cross_128_corner,lzw_512,LZW,512,10,10,230,411686466,412818824,1132359,206,bytes 411686466-412818824/661107776,1132359,1132359,40.06591700090212,40.13750000012806,289.5979169989005,329.8027919991,True,
2,199,3,reused-client,1,cross_512_edge,zstd_128,ZSTD,128,40,43,3563,300386704,300438476,51773,206,bytes 300386704-300438476/492119117,51773,51773,89.29804100262118,89.41891600261442,4.538124998362036,93.98579100161442,True,
2,199,3,reused-client,1,cross_512_edge,zstd_128,ZSTD,128,40,44,3564,300438485,300489278,50794,206,bytes 300438485-300489278/492119117,50794,50794,134.24350000059349,134.3484580029326,0.28545799796120264,134.65362500210176,True,
2,200,4,reused-client,1,cross_128_corner,deflate_256,DEFLATE,256,20,20,900,306262458,306479353,216896,206,bytes 306262458-306479353/498427477,216896,216896,83.18625000174507,83.30241700241459,36.207416000252124,119.55583400049363,True,
2,201,3,reused-client,1,cross_128_corner,deflate_512,DEFLATE,512,10,10,230,310426888,311281522,854635,206,bytes 310426888-311281522/499024403,854635,854635,64.73783299952629,64.85087500186637,262.15058299931115,327.0392080012243,True,
2,202,2,reused-client,1,cross_512_corner,zstd_512,ZSTD,512,10,10,230,304767160,305606839,839680,206,bytes 304767160-305606839/490194415,839680,839680,51.550500000303145,51.62920899965684,371.40820900094695,423.0883759992139,True,
2,202,2,reused-client,1,cross_512_corner,zstd_512,ZSTD,512,10,11,231,305606848,306426901,820054,206,bytes 305606848-306426901/490194415,820054,820054,61.50241700015613,61.61558299936587,534.22245800175,595.8642500008864,True,
2,202,2,reused-client,1,cross_512_corner,zstd_512,ZSTD,512,11,10,252,321640707,322458855,818149,206,bytes 321640707-322458855/490194415,818149,818149,39.50191699914285,39.57412499948987,346.78175000226474,386.3796250006999,True,
2,202,2,reused-client,1,cross_512_corner,zstd_512,ZSTD,512,11,11,253,322458864,323289120,830257,206,bytes 322458864-323289120/490194415,830257,830257,58.20345800020732,58.281499997974606,387.72879200041643,446.0367920000863,True,
2,203,5,reused-client,1,cross_512_edge,zstd_256,ZSTD,256,20,21,901,301328177,301535592,207416,206,bytes 301328177-301535592/490384277,207416,207416,46.25008400034858,46.28158400009852,54.41887500273879,100.7316670002183,True,
2,203,5,reused-client,1,cross_512_edge,zstd_256,ZSTD,256,20,22,902,301535601,301739853,204253,206,bytes 301535601-301739853/490384277,204253,204253,52.430707997700665,52.466707998974016,59.964291998767294,112.45479199715191,True,
2,204,5,reused-client,1,interior,zstd_128,ZSTD,128,40,40,3560,300228058,300282104,54047,206,bytes 300228058-300282104/492119117,54047,54047,59.056917001726106,59.14995900093345,16.811999998026295,75.99954200122738,True,
2,205,3,reused-client,1,cross_512_edge,lzw_256,LZW,256,20,21,901,406841170,407119092,277923,206,bytes 406841170-407119092/661012853,277923,277923,68.84329199965578,68.97724999726051,76.07245799954399,145.181459000014,True,
2,205,3,reused-client,1,cross_512_edge,lzw_256,LZW,256,20,22,902,407119101,407393560,274460,206,bytes 407119101-407393560/661012853,274460,274460,41.27962500206195,41.34429199984879,75.04516700282693,116.42754200147465,True,
2,206,4,reused-client,1,cross_128_edge,lzw_256,LZW,256,20,20,900,406553924,406841161,287238,206,bytes 406553924-406841161/661012853,287238,287238,54.637833000015235,54.705999998986954,134.16995800071163,188.90437499794643,True,
2,207,2,reused-client,1,interior,lzw_256,LZW,256,20,20,900,406553924,406841161,287238,206,bytes 406553924-406841161/661012853,287238,287238,117.92420900019351,117.98683400047594,88.06170900061261,206.07783400191693,True,
2,208,3,reused-client,1,cross_512_edge,lzw_128,LZW,128,40,43,3563,404303630,404372483,68854,206,bytes 404303630-404372483/661264391,68854,68854,60.99504200028605,61.05562500306405,18.287541999598034,79.37925000078394,True,
2,208,3,reused-client,1,cross_512_edge,lzw_128,LZW,128,40,44,3564,404372492,404440436,67945,206,bytes 404372492-404440436/661264391,67945,67945,102.54349999740953,102.62199999851873,4.362292002042523,107.00670899677789,True,
2,209,5,reused-client,1,cross_256_corner,deflate_256,DEFLATE,256,20,20,900,306262458,306479353,216896,206,bytes 306262458-306479353/498427477,216896,216896,69.61554200097453,69.67679199806298,60.79704199873959,130.5018339990056,True,
2,209,5,reused-client,1,cross_256_corner,deflate_256,DEFLATE,256,20,21,901,306479362,306690064,210703,206,bytes 306479362-306690064/498427477,210703,210703,48.534125002333894,48.597750002954854,64.51150000066264,113.13495900321868,True,
2,209,5,reused-client,1,cross_256_corner,deflate_256,DEFLATE,256,21,20,944,314896453,315110145,213693,206,bytes 314896453-315110145/498427477,213693,213693,46.773416997893946,46.849374997691484,35.86987499875249,82.76370900057373,True,
2,209,5,reused-client,1,cross_256_corner,deflate_256,DEFLATE,256,21,21,945,315110154,315323387,213234,206,bytes 315110154-315323387/498427477,213234,213234,76.68004199877032,76.74504199894727,50.286416000744794,127.06666699887137,True,
2,210,4,reused-client,1,cross_256_corner,deflate_128,DEFLATE,128,41,41,3649,309501616,309555017,53402,206,bytes 309501616-309555017/499617324,53402,53402,39.43329100002302,39.51420800149208,13.120791998517234,52.720000003319,True,
2,210,4,reused-client,1,cross_256_corner,deflate_128,DEFLATE,128,41,42,3650,309555026,309609246,54221,206,bytes 309555026-309609246/499617324,54221,54221,82.35745899946778,82.6070000002801,0.626207998720929,83.25266700194334,True,
2,210,4,reused-client,1,cross_256_corner,deflate_128,DEFLATE,128,42,41,3737,313827295,313880653,53359,206,bytes 313827295-313880653/499617324,53359,53359,49.991417003184324,50.064208000549115,4.315375001169741,54.399917000409914,True,
2,210,4,reused-client,1,cross_256_corner,deflate_128,DEFLATE,128,42,42,3738,313880662,313934033,53372,206,bytes 313880662-313934033/499617324,53372,53372,149.29449999908684,149.3467079999391,5.192082997382386,154.56162500049686,True,
2,211,5,reused-client,1,cross_256_edge,deflate_256,DEFLATE,256,20,20,900,306262458,306479353,216896,206,bytes 306262458-306479353/498427477,216896,216896,43.265249998512445,43.36520799915888,74.58374999987427,117.98837499736692,True,
2,211,5,reused-client,1,cross_256_edge,deflate_256,DEFLATE,256,20,21,901,306479362,306690064,210703,206,bytes 306479362-306690064/498427477,210703,210703,48.96762499993201,49.05183300070348,34.040709000692004,83.13091699892539,True,
2,212,4,reused-client,1,cross_128_corner,deflate_512,DEFLATE,512,10,10,230,310426888,311281522,854635,206,bytes 310426888-311281522/499024403,854635,854635,51.46087500179419,51.54062500150758,208.62495800247416,260.2036250027595,True,
2,213,5,reused-client,1,cross_512_edge,zstd_512,ZSTD,512,10,10,230,304767160,305606839,839680,206,bytes 304767160-305606839/490194415,839680,839680,64.14854200193076,64.28929200046696,149.56449999954202,213.92429200204788,True,
2,213,5,reused-client,1,cross_512_edge,zstd_512,ZSTD,512,10,11,231,305606848,306426901,820054,206,bytes 305606848-306426901/490194415,820054,820054,40.331166001124075,40.41908300132491,184.954790998745,225.4070410017448,True,
2,214,4,reused-client,1,cross_256_edge,deflate_256,DEFLATE,256,20,20,900,306262458,306479353,216896,206,bytes 306262458-306479353/498427477,216896,216896,111.45345800105133,111.53587499939022,43.786666999949375,155.36204100135365,True,
2,214,4,reused-client,1,cross_256_edge,deflate_256,DEFLATE,256,20,21,901,306479362,306690064,210703,206,bytes 306479362-306690064/498427477,210703,210703,52.46945800172398,52.53695800274727,37.991665998561075,90.56745800262433,True,
2,215,5,reused-client,1,interior,zstd_512,ZSTD,512,10,10,230,304767160,305606839,839680,206,bytes 304767160-305606839/490194415,839680,839680,61.5365829980874,61.6434580006171,217.197624999244,278.8852499979839,True,
2,216,5,reused-client,1,cross_128_corner,deflate_512,DEFLATE,512,10,10,230,310426888,311281522,854635,206,bytes 310426888-311281522/499024403,854635,854635,49.433832999056904,49.62708300081431,182.33583300025202,232.00470799929462,True,
2,217,5,reused-client,1,cross_128_corner,zstd_128,ZSTD,128,40,40,3560,300228058,300282104,54047,206,bytes 300228058-300282104/492119117,54047,54047,59.40070799988462,59.47712499983027,0.35283299803268164,59.84666700169328,True,
2,217,5,reused-client,1,cross_128_corner,zstd_128,ZSTD,128,40,41,3561,300282113,300335031,52919,206,bytes 300282113-300335031/492119117,52919,52919,49.3741249993036,49.48616700130515,0.372416998288827,49.876332999701845,True,
2,217,5,reused-client,1,cross_128_corner,zstd_128,ZSTD,128,41,40,3648,304567089,304621133,54045,206,bytes 304567089-304621133/492119117,54045,54045,50.10499999843887,50.18954199840664,2.7602080008364283,52.979291998781264,True,
2,217,5,reused-client,1,cross_128_corner,zstd_128,ZSTD,128,41,41,3649,304621142,304673679,52538,206,bytes 304621142-304673679/492119117,52538,52538,44.66945799867972,45.61508299957495,13.332874998013722,58.97516600089148,True,
2,218,1,reused-client,1,interior,zstd_256,ZSTD,256,20,20,900,301115142,301328168,213027,206,bytes 301115142-301328168/490384277,213027,213027,53.21862500204588,53.308875001675915,120.25983300191001,173.6408750002738,True,
2,219,1,reused-client,1,cross_512_corner,deflate_128,DEFLATE,128,43,43,3827,318224016,318278030,54015,206,bytes 318224016-318278030/499617324,54015,54015,53.56666700026835,53.66179200063925,3.6593330005416647,57.357000001502456,True,
2,219,1,reused-client,1,cross_512_corner,deflate_128,DEFLATE,128,43,44,3828,318278039,318331048,53010,206,bytes 318278039-318331048/499617324,53010,53010,39.02462500263937,39.097500000934815,1.4012079991516657,40.51904200241552,True,
2,219,1,reused-client,1,cross_512_corner,deflate_128,DEFLATE,128,44,43,3915,322379939,322432680,52742,206,bytes 322379939-322432680/499617324,52742,52742,52.70487500092713,52.83508299908135,14.571583000360988,67.44120800067321,True,
2,219,1,reused-client,1,cross_512_corner,deflate_128,DEFLATE,128,44,44,3916,322432689,322485817,53129,206,bytes 322432689-322485817/499617324,53129,53129,41.799374997935956,41.878624997480074,9.013333001348656,50.92529199828277,True,
2,220,2,reused-client,1,cross_256_edge,zstd_128,ZSTD,128,40,41,3561,300282113,300335031,52919,206,bytes 300282113-300335031/492119117,52919,52919,61.51020900142612,61.5901670025778,0.26737499865703285,61.87958400187199,True,
2,220,2,reused-client,1,cross_256_edge,zstd_128,ZSTD,128,40,42,3562,300335040,300386695,51656,206,bytes 300335040-300386695/492119117,51656,51656,53.92112499976065,53.99983299867017,63.39225000192528,117.41737499687588,True,
2,221,5,reused-client,1,cross_128_edge,zstd_256,ZSTD,256,20,20,900,301115142,301328168,213027,206,bytes 301115142-301328168/490384277,213027,213027,46.692165997228585,46.76166599892895,87.12641700185486,133.93583299694,True,
2,222,1,reused-client,1,cross_512_corner,deflate_256,DEFLATE,256,21,21,945,315110154,315323387,213234,206,bytes 315110154-315323387/498427477,213234,213234,42.03616700033308,42.28016700290027,68.73925000036252,111.07000000265543,True,
2,222,1,reused-client,1,cross_512_corner,deflate_256,DEFLATE,256,21,22,946,315323396,315533302,209907,206,bytes 315323396-315533302/498427477,209907,209907,59.1569590033032,59.2366260025301,84.1325000001234,143.4014170008595,True,
2,222,1,reused-client,1,cross_512_corner,deflate_256,DEFLATE,256,22,21,989,323490842,323701123,210282,206,bytes 323490842-323701123/498427477,210282,210282,43.87841700008721,43.984209001791896,118.05679200188024,162.10520900131087,True,
2,222,1,reused-client,1,cross_512_corner,deflate_256,DEFLATE,256,22,22,990,323701132,323912576,211445,206,bytes 323701132-323912576/498427477,211445,211445,143.13658300306997,143.23291600157972,155.93937499943422,299.22104100114666,True,
2,223,1,reused-client,1,cross_512_corner,lzw_128,LZW,128,43,43,3827,421475357,421546899,71543,206,bytes 421475357-421546899/661264391,71543,71543,47.75079200044274,47.81845900288317,23.944292002852308,71.79245900260867,True,
2,223,1,reused-client,1,cross_512_corner,lzw_128,LZW,128,43,44,3828,421546908,421617252,70345,206,bytes 421546908-421617252/661264391,70345,70345,38.90075000163051,38.96508400066523,43.78583399739,82.79145900087315,True,
2,223,1,reused-client,1,cross_512_corner,lzw_128,LZW,128,44,43,3915,426954274,427023840,69567,206,bytes 426954274-427023840/661264391,69567,69567,58.83945799723733,59.01854200055823,26.14870800243807,85.20700000008219,True,
2,223,1,reused-client,1,cross_512_corner,lzw_128,LZW,128,44,44,3916,427023849,427094094,70246,206,bytes 427023849-427094094/661264391,70246,70246,56.31145900042611,56.44295899764984,35.30766699986998,91.78699999756645,True,
2,224,1,reused-client,1,cross_256_corner,lzw_512,LZW,512,10,10,230,411686466,412818824,1132359,206,bytes 411686466-412818824/661107776,1132359,1132359,57.44129099912243,57.55345799843781,653.0430840030021,710.6345419997524,True,
2,225,4,reused-client,1,cross_256_edge,zstd_256,ZSTD,256,20,20,900,301115142,301328168,213027,206,bytes 301115142-301328168/490384277,213027,213027,70.4735420003999,70.5059580031957,59.63704199893982,130.17704200319713,True,
2,225,4,reused-client,1,cross_256_edge,zstd_256,ZSTD,256,20,21,901,301328177,301535592,207416,206,bytes 301328177-301535592/490384277,207416,207416,54.01033299858682,54.09545799921034,92.5749160014675,146.70699999987846,True,
2,226,3,reused-client,1,cross_128_corner,lzw_256,LZW,256,20,20,900,406553924,406841161,287238,206,bytes 406553924-406841161/661012853,287238,287238,40.52087500167545,40.57758300041314,98.74808300082805,139.39254200158757,True,
2,227,4,reused-client,1,cross_512_corner,lzw_256,LZW,256,21,21,945,418246405,418529582,283178,206,bytes 418246405-418529582/661012853,283178,283178,45.5427500019141,45.57466600090265,122.12729200109607,167.74883300240617,True,
2,227,4,reused-client,1,cross_512_corner,lzw_256,LZW,256,21,22,946,418529591,418807664,278074,206,bytes 418529591-418807664/661012853,278074,278074,56.938834000902716,57.05745900195325,268.93125000060536,326.0503340025025,True,
2,227,4,reused-client,1,cross_512_corner,lzw_256,LZW,256,22,21,989,429313097,429591287,278191,206,bytes 429313097-429591287/661012853,278191,278191,50.58204200031469,50.64950000087265,135.38675000017975,186.07266699837055,True,
2,227,4,reused-client,1,cross_512_corner,lzw_256,LZW,256,22,22,990,429591296,429871211,279916,206,bytes 429591296-429871211/661012853,279916,279916,75.36312600132078,75.44795899957535,109.44483400089666,184.93433399999049,True,
2,228,3,reused-client,1,cross_512_corner,lzw_128,LZW,128,43,43,3827,421475357,421546899,71543,206,bytes 421475357-421546899/661264391,71543,71543,138.54687500133878,138.662708002812,21.79933300067205,160.50170800008345,True,
2,228,3,reused-client,1,cross_512_corner,lzw_128,LZW,128,43,44,3828,421546908,421617252,70345,206,bytes 421546908-421617252/661264391,70345,70345,38.7352079997072,38.8201250025304,30.917667001631344,69.78583300224273,True,
2,228,3,reused-client,1,cross_512_corner,lzw_128,LZW,128,44,43,3915,426954274,427023840,69567,206,bytes 426954274-427023840/661264391,69567,69567,40.84624999813968,40.916999998444226,37.843833000806626,78.80091599872685,True,
2,228,3,reused-client,1,cross_512_corner,lzw_128,LZW,128,44,44,3916,427023849,427094094,70246,206,bytes 427023849-427094094/661264391,70246,70246,55.509792000520974,55.596209000214,24.079541999526555,79.71537500270642,True,
2,229,4,reused-client,1,cross_128_corner,zstd_128,ZSTD,128,40,40,3560,300228058,300282104,54047,206,bytes 300228058-300282104/492119117,54047,54047,67.90983300015796,67.9764160013292,3.756624999368796,72.0168330008164,True,
2,229,4,reused-client,1,cross_128_corner,zstd_128,ZSTD,128,40,41,3561,300282113,300335031,52919,206,bytes 300282113-300335031/492119117,52919,52919,167.8804580005817,167.95249999995576,0.3345420009281952,168.30391700204927,True,
2,229,4,reused-client,1,cross_128_corner,zstd_128,ZSTD,128,41,40,3648,304567089,304621133,54045,206,bytes 304567089-304621133/492119117,54045,54045,50.396499998896616,50.458249999792315,9.720375001052162,60.214500001166016,True,
2,229,4,reused-client,1,cross_128_corner,zstd_128,ZSTD,128,41,41,3649,304621142,304673679,52538,206,bytes 304621142-304673679/492119117,52538,52538,48.78945800010115,48.86366600112524,1.009874998999294,49.89199999909033,True,
2,230,5,reused-client,1,cross_256_edge,lzw_128,LZW,128,40,41,3561,404163829,404234861,71033,206,bytes 404163829-404234861/661264391,71033,71033,71.45287500316044,71.515833002195,26.927167000394547,98.48020800200175,True,
2,230,5,reused-client,1,cross_256_edge,lzw_128,LZW,128,40,42,3562,404234870,404303621,68752,206,bytes 404234870-404303621/661264391,68752,68752,60.79958299960708,60.894333000760525,31.00254099990707,91.95437500238768,True,
2,231,4,reused-client,1,cross_256_corner,deflate_512,DEFLATE,512,10,10,230,310426888,311281522,854635,206,bytes 310426888-311281522/499024403,854635,854635,46.488874999340624,46.57595800017589,458.01583399952506,504.6392080002988,True,
2,232,1,reused-client,1,cross_128_edge,zstd_512,ZSTD,512,10,10,230,304767160,305606839,839680,206,bytes 304767160-305606839/490194415,839680,839680,54.617416997643886,54.702249999536434,862.127167001745,916.8595419978374,True,
2,233,4,reused-client,1,cross_256_edge,zstd_512,ZSTD,512,10,10,230,304767160,305606839,839680,206,bytes 304767160-305606839/490194415,839680,839680,40.786167002806906,40.91704200254753,975.894375002099,1016.873292002856,True,
2,234,3,reused-client,1,cross_256_corner,deflate_512,DEFLATE,512,10,10,230,310426888,311281522,854635,206,bytes 310426888-311281522/499024403,854635,854635,56.52983400068479,56.746458998532034,832.8616250000778,889.6712089990615,True,
2,235,1,reused-client,1,cross_128_corner,lzw_128,LZW,128,40,40,3560,404091050,404163820,72771,206,bytes 404091050-404163820/661264391,72771,72771,55.06016700019245,55.190416998812,27.7553749983781,83.00062499984051,True,
2,235,1,reused-client,1,cross_128_corner,lzw_128,LZW,128,40,41,3561,404163829,404234861,71033,206,bytes 404163829-404234861/661264391,71033,71033,52.49270900094416,52.59933400157024,27.977624999039108,80.63975000186474,True,
2,235,1,reused-client,1,cross_128_corner,lzw_128,LZW,128,41,40,3648,409892800,409965306,72507,206,bytes 409892800-409965306/661264391,72507,72507,57.36958399938885,57.49508399821934,24.309542000992224,81.87104199896567,True,
2,235,1,reused-client,1,cross_128_corner,lzw_128,LZW,128,41,41,3649,409965315,410035919,70605,206,bytes 409965315-410035919/661264391,70605,70605,41.29849999662838,41.409082998143276,42.08920800010674,83.56208299665013,True,
2,236,3,reused-client,1,interior,deflate_128,DEFLATE,128,40,40,3560,305047460,305102560,55101,206,bytes 305047460-305102560/499617324,55101,55101,51.10666700056754,51.23158299829811,22.058750000724103,73.35208299991791,True,
2,237,5,reused-client,1,cross_256_corner,lzw_512,LZW,512,10,10,230,411686466,412818824,1132359,206,bytes 411686466-412818824/661107776,1132359,1132359,40.62254100063001,40.71666600066237,577.2521670005517,618.0382080019626,True,
2,238,1,reused-client,1,cross_256_edge,zstd_256,ZSTD,256,20,20,900,301115142,301328168,213027,206,bytes 301115142-301328168/490384277,213027,213027,45.81958299968392,45.93970799760427,64.18920799842454,110.18633299681824,True,
2,238,1,reused-client,1,cross_256_edge,zstd_256,ZSTD,256,20,21,901,301328177,301535592,207416,206,bytes 301328177-301535592/490384277,207416,207416,39.09079199729604,39.18720799993025,78.47462499921676,117.70216699733282,True,
2,239,1,reused-client,1,cross_128_edge,lzw_128,LZW,128,40,40,3560,404091050,404163820,72771,206,bytes 404091050-404163820/661264391,72771,72771,59.566167001321446,59.67333300213795,88.92691700020805,148.67583300292608,True,
2,239,1,reused-client,1,cross_128_edge,lzw_128,LZW,128,40,41,3561,404163829,404234861,71033,206,bytes 404163829-404234861/661264391,71033,71033,62.56062500324333,62.684084001375595,21.98816600139253,84.7407920009573,True,
2,240,4,reused-client,1,cross_256_edge,deflate_512,DEFLATE,512,10,10,230,310426888,311281522,854635,206,bytes 310426888-311281522/499024403,854635,854635,130.4448329974548,130.58737499886774,1778.7646260003385,1909.4103759998688,True,
2,241,2,reused-client,1,cross_128_corner,zstd_512,ZSTD,512,10,10,230,304767160,305606839,839680,206,bytes 304767160-305606839/490194415,839680,839680,62.38220800150884,62.47337500099093,935.0992090003274,997.591667000961,True,
2,242,5,reused-client,1,cross_512_corner,zstd_512,ZSTD,512,10,10,230,304767160,305606839,839680,206,bytes 304767160-305606839/490194415,839680,839680,40.385917000094196,40.44904200054589,769.6107089977886,810.098542002379,True,
2,242,5,reused-client,1,cross_512_corner,zstd_512,ZSTD,512,10,11,231,305606848,306426901,820054,206,bytes 305606848-306426901/490194415,820054,820054,40.61470800297684,40.76312500183121,375.20250099987607,416.0338750007213,True,
2,242,5,reused-client,1,cross_512_corner,zstd_512,ZSTD,512,11,10,252,321640707,322458855,818149,206,bytes 321640707-322458855/490194415,818149,818149,55.79583300277591,55.9207910009718,335.6938329998229,391.68429100027424,True,
2,242,5,reused-client,1,cross_512_corner,zstd_512,ZSTD,512,11,11,253,322458864,323289120,830257,206,bytes 322458864-323289120/490194415,830257,830257,52.778124998440035,52.91745900103706,303.8039999992179,356.8449169979431,True,
2,243,2,reused-client,1,cross_256_edge,lzw_512,LZW,512,10,10,230,411686466,412818824,1132359,206,bytes 411686466-412818824/661107776,1132359,1132359,45.524457997089485,45.80004200033727,701.4687919981952,747.3237919984967,True,
2,244,4,reused-client,1,cross_512_corner,zstd_256,ZSTD,256,21,21,945,309824343,310033910,209568,206,bytes 309824343-310033910/490384277,209568,209568,44.303250000666594,44.42108299917891,89.53683300205739,134.0170000003127,True,
2,244,4,reused-client,1,cross_512_corner,zstd_256,ZSTD,256,21,22,946,310033919,310240520,206602,206,bytes 310033919-310240520/490384277,206602,206602,60.10433299888973,60.17612499999814,110.41895800008206,170.6633329995384,True,
2,244,4,reused-client,1,cross_512_corner,zstd_256,ZSTD,256,22,21,989,318075010,318281956,206947,206,bytes 318075010-318281956/490384277,206947,206947,48.988333001034334,49.09304199827602,96.99570800148649,146.25004199842806,True,
2,244,4,reused-client,1,cross_512_corner,zstd_256,ZSTD,256,22,22,990,318281965,318490136,208172,206,bytes 318281965-318490136/490384277,208172,208172,73.92787500066333,74.05845899847918,132.9502499975206,207.06266699926346,True,
2,245,2,reused-client,1,cross_256_corner,deflate_256,DEFLATE,256,20,20,900,306262458,306479353,216896,206,bytes 306262458-306479353/498427477,216896,216896,135.54512500195415,135.6217499997001,92.16833299797145,227.8329170003417,True,
2,245,2,reused-client,1,cross_256_corner,deflate_256,DEFLATE,256,20,21,901,306479362,306690064,210703,206,bytes 306479362-306690064/498427477,210703,210703,40.92770900024334,41.04795899911551,57.43475000053877,98.50720900067245,True,
2,245,2,reused-client,1,cross_256_corner,deflate_256,DEFLATE,256,21,20,944,314896453,315110145,213693,206,bytes 314896453-315110145/498427477,213693,213693,36.771250001038425,36.839874999714084,80.69916699969326,117.5771669986716,True,
2,245,2,reused-client,1,cross_256_corner,deflate_256,DEFLATE,256,21,21,945,315110154,315323387,213234,206,bytes 315110154-315323387/498427477,213234,213234,53.07195800196496,53.15150000024005,66.8511670010048,120.04183300086879,True,
2,246,4,reused-client,1,cross_256_corner,zstd_128,ZSTD,128,41,41,3649,304621142,304673679,52538,206,bytes 304621142-304673679/492119117,52538,52538,69.47287499860977,69.55324999944423,26.17820799787296,95.79070799736655,True,
2,246,4,reused-client,1,cross_256_corner,zstd_128,ZSTD,128,41,42,3650,304673688,304726888,53201,206,bytes 304673688-304726888/492119117,53201,53201,92.25870800219127,92.37233300154912,0.3382079994480591,92.73604100235389,True,
2,246,4,reused-client,1,cross_256_corner,zstd_128,ZSTD,128,42,41,3737,308887700,308940134,52435,206,bytes 308887700-308940134/492119117,52435,52435,58.31104200115078,58.41924999913317,1.7449579972890206,60.19437500071945,True,
2,246,4,reused-client,1,cross_256_corner,zstd_128,ZSTD,128,42,42,3738,308940143,308992671,52529,206,bytes 308940143-308992671/492119117,52529,52529,47.47800000041025,47.59083299722988,0.5252910013950896,48.13812499924097,True,
2,247,2,reused-client,1,cross_512_edge,zstd_128,ZSTD,128,40,43,3563,300386704,300438476,51773,206,bytes 300386704-300438476/492119117,51773,51773,66.20712500080117,66.28458299746853,0.32012500014388934,66.62087500080816,True,
2,247,2,reused-client,1,cross_512_edge,zstd_128,ZSTD,128,40,44,3564,300438485,300489278,50794,206,bytes 300438485-300489278/492119117,50794,50794,100.62358299910557,100.70729099970777,7.0450419989356305,107.83770799753256,True,
2,248,1,reused-client,1,cross_512_corner,lzw_256,LZW,256,21,21,945,418246405,418529582,283178,206,bytes 418246405-418529582/661012853,283178,283178,161.19170900128665,161.31087600297178,84.38875000138069,245.74170900086756,True,
2,248,1,reused-client,1,cross_512_corner,lzw_256,LZW,256,21,22,946,418529591,418807664,278074,206,bytes 418529591-418807664/661012853,278074,278074,36.709332998725586,36.77104199960013,90.92991699799313,127.76287499946193,True,
2,248,1,reused-client,1,cross_512_corner,lzw_256,LZW,256,22,21,989,429313097,429591287,278191,206,bytes 429313097-429591287/661012853,278191,278191,40.53058299905388,40.63779100033571,63.31904200123972,104.02137499841047,True,
2,248,1,reused-client,1,cross_512_corner,lzw_256,LZW,256,22,22,990,429591296,429871211,279916,206,bytes 429591296-429871211/661012853,279916,279916,60.11054099872126,60.23595800070325,57.01095800031908,117.2767499992915,True,
2,249,3,reused-client,1,cross_256_corner,deflate_128,DEFLATE,128,41,41,3649,309501616,309555017,53402,206,bytes 309501616-309555017/499617324,53402,53402,44.851624999864725,44.98066700034542,0.44424999941838905,45.44633300247369,True,
2,249,3,reused-client,1,cross_256_corner,deflate_128,DEFLATE,128,41,42,3650,309555026,309609246,54221,206,bytes 309555026-309609246/499617324,54221,54221,41.57395800211816,41.68375000153901,2.9900419976911508,44.70137500175042,True,
2,249,3,reused-client,1,cross_256_corner,deflate_128,DEFLATE,128,42,41,3737,313827295,313880653,53359,206,bytes 313827295-313880653/499617324,53359,53359,68.7779159998172,68.85070800126414,0.22758399791200645,69.11137499992037,True,
2,249,3,reused-client,1,cross_256_corner,deflate_128,DEFLATE,128,42,42,3738,313880662,313934033,53372,206,bytes 313880662-313934033/499617324,53372,53372,40.38308400049573,40.497875001165085,6.516416997328633,47.04887600018992,True,
2,250,2,reused-client,1,cross_128_corner,lzw_256,LZW,256,20,20,900,406553924,406841161,287238,206,bytes 406553924-406841161/661012853,287238,287238,60.730332999810344,60.85229100062861,54.855083999427734,115.74091600050451,True,
2,251,3,reused-client,1,interior,deflate_256,DEFLATE,256,20,20,900,306262458,306479353,216896,206,bytes 306262458-306479353/498427477,216896,216896,66.9747499996447,67.09679099731147,60.86837499969988,128.01133299944922,True,
2,252,2,reused-client,1,cross_128_corner,deflate_512,DEFLATE,512,10,10,230,310426888,311281522,854635,206,bytes 310426888-311281522/499024403,854635,854635,49.636667001323076,49.72879200067837,319.0749169989431,368.86504200083436,True,
2,253,1,reused-client,1,interior,lzw_512,LZW,512,10,10,230,411686466,412818824,1132359,206,bytes 411686466-412818824/661107776,1132359,1132359,45.1879159991222,45.25791600099183,202.97404200027813,248.28908299969044,True,
2,254,1,reused-client,1,cross_512_corner,lzw_512,LZW,512,10,10,230,411686466,412818824,1132359,206,bytes 411686466-412818824/661107776,1132359,1132359,56.96512500071549,57.10970899963286,186.21574999997392,243.36191700058407,True,
2,254,1,reused-client,1,cross_512_corner,lzw_512,LZW,512,10,11,231,412818833,413920320,1101488,206,bytes 412818833-413920320/661107776,1101488,1101488,37.41483399790013,37.48300000006566,150.00108299864223,187.53079199814238,True,
2,254,1,reused-client,1,cross_512_corner,lzw_512,LZW,512,11,10,252,434325460,435426146,1100687,206,bytes 434325460-435426146/661107776,1100687,1100687,44.755458999134135,44.86125000039465,274.7412089993304,319.6338759989885,True,
2,254,1,reused-client,1,cross_512_corner,lzw_512,LZW,512,11,11,253,435426155,436544622,1118468,206,bytes 435426155-436544622/661107776,1118468,1118468,39.90108400103054,39.966625001397915,199.18212499760557,239.20087500300724,True,
2,255,4,reused-client,1,cross_512_corner,lzw_512,LZW,512,10,10,230,411686466,412818824,1132359,206,bytes 411686466-412818824/661107776,1132359,1132359,57.05504199795541,57.16704199949163,183.1175000006624,240.34566699992865,True,
2,255,4,reused-client,1,cross_512_corner,lzw_512,LZW,512,10,11,231,412818833,413920320,1101488,206,bytes 412818833-413920320/661107776,1101488,1101488,48.166333999688504,48.295666998456,186.42829199961852,234.74970900133485,True,
2,255,4,reused-client,1,cross_512_corner,lzw_512,LZW,512,11,10,252,434325460,435426146,1100687,206,bytes 434325460-435426146/661107776,1100687,1100687,172.6790409993555,172.7502909998293,237.5695420014381,410.3764579995186,True,
2,255,4,reused-client,1,cross_512_corner,lzw_512,LZW,512,11,11,253,435426155,436544622,1118468,206,bytes 435426155-436544622/661107776,1118468,1118468,41.19537500082515,41.28754200064577,214.65166699999827,255.98420900132624,True,
2,256,5,reused-client,1,cross_512_corner,lzw_512,LZW,512,10,10,230,411686466,412818824,1132359,206,bytes 411686466-412818824/661107776,1132359,1132359,37.735500001872424,37.85187500034226,337.6920840019011,375.57154100068146,True,
2,256,5,reused-client,1,cross_512_corner,lzw_512,LZW,512,10,11,231,412818833,413920320,1101488,206,bytes 412818833-413920320/661107776,1101488,1101488,40.47970900137443,40.55929199967068,296.52283399991575,337.13962600086234,True,
2,256,5,reused-client,1,cross_512_corner,lzw_512,LZW,512,11,10,252,434325460,435426146,1100687,206,bytes 434325460-435426146/661107776,1100687,1100687,49.74075000063749,49.857792000693735,195.2259999998205,245.13200000001234,True,
2,256,5,reused-client,1,cross_512_corner,lzw_512,LZW,512,11,11,253,435426155,436544622,1118468,206,bytes 435426155-436544622/661107776,1118468,1118468,42.343875000369735,42.47258300165413,265.21408400003565,307.7268750021176,True,
2,257,1,reused-client,1,cross_512_corner,deflate_512,DEFLATE,512,10,10,230,310426888,311281522,854635,206,bytes 310426888-311281522/499024403,854635,854635,54.62058299963246,55.01583300065249,150.66012500028592,205.70370800123783,True,
2,257,1,reused-client,1,cross_512_corner,deflate_512,DEFLATE,512,10,11,231,311281531,312113785,832255,206,bytes 311281531-312113785/499024403,832255,832255,124.78504099999554,124.90566600172315,126.8324999982724,251.78525000228547,True,
2,257,1,reused-client,1,cross_512_corner,deflate_512,DEFLATE,512,11,10,252,327623520,328452071,828552,206,bytes 327623520-328452071/499024403,828552,828552,63.1455000002461,63.622292000218295,121.40949999957229,185.1518750008836,True,
2,257,1,reused-client,1,cross_512_corner,deflate_512,DEFLATE,512,11,11,253,328452080,329294883,842804,206,bytes 328452080-329294883/499024403,842804,842804,51.11304099773406,51.21170799975516,121.4057920005871,172.67729100058204,True,
2,258,3,reused-client,1,cross_128_edge,deflate_128,DEFLATE,128,40,40,3560,305047460,305102560,55101,206,bytes 305047460-305102560/499617324,55101,55101,45.77791699921363,45.914749996882165,7.044999998470303,53.004332999989856,True,
2,258,3,reused-client,1,cross_128_edge,deflate_128,DEFLATE,128,40,41,3561,305102569,305156400,53832,206,bytes 305102569-305156400/499617324,53832,53832,61.0160830001405,61.10645800072234,1.9817499996861443,63.112708001426654,True,
2,259,5,reused-client,1,cross_512_edge,lzw_256,LZW,256,20,21,901,406841170,407119092,277923,206,bytes 406841170-407119092/661012853,277923,277923,36.723249999340624,36.93758400186198,37.24800000054529,74.23979200029862,True,
2,259,5,reused-client,1,cross_512_edge,lzw_256,LZW,256,20,22,902,407119101,407393560,274460,206,bytes 407119101-407393560/661012853,274460,274460,40.5601669990574,40.712875001190696,53.05083300117985,93.82483399895136,True,
2,260,2,reused-client,1,interior,deflate_256,DEFLATE,256,20,20,900,306262458,306479353,216896,206,bytes 306262458-306479353/498427477,216896,216896,98.0874170018069,98.20220799883828,62.656791997142136,160.9251250010857,True,
2,261,3,reused-client,1,cross_128_corner,zstd_128,ZSTD,128,40,40,3560,300228058,300282104,54047,206,bytes 300228058-300282104/492119117,54047,54047,116.83762499887962,116.97233299855725,11.073500001657521,128.09500000003027,True,
2,261,3,reused-client,1,cross_128_corner,zstd_128,ZSTD,128,40,41,3561,300282113,300335031,52919,206,bytes 300282113-300335031/492119117,52919,52919,49.1156249991036,49.232375000428874,8.146083000610815,57.4060830003873,True,
2,261,3,reused-client,1,cross_128_corner,zstd_128,ZSTD,128,41,40,3648,304567089,304621133,54045,206,bytes 304567089-304621133/492119117,54045,54045,44.4637500004319,44.72320900094928,10.401375002402347,55.165042002045084,True,
2,261,3,reused-client,1,cross_128_corner,zstd_128,ZSTD,128,41,41,3649,304621142,304673679,52538,206,bytes 304621142-304673679/492119117,52538,52538,42.855332998442464,42.973332998371916,8.393583997531096,51.40499999833992,True,
2,262,1,reused-client,1,cross_256_edge,deflate_512,DEFLATE,512,10,10,230,310426888,311281522,854635,206,bytes 310426888-311281522/499024403,854635,854635,65.94908400074928,66.03774999894085,143.9080419986567,209.9773340014508,True,
2,263,5,reused-client,1,cross_512_edge,deflate_128,DEFLATE,128,40,43,3563,305208773,305261361,52589,206,bytes 305208773-305261361/499617324,52589,52589,65.87349999972503,65.95120899874019,0.40062499829218723,66.36879199868417,True,
2,263,5,reused-client,1,cross_512_edge,deflate_128,DEFLATE,128,40,44,3564,305261370,305312689,51320,206,bytes 305261370-305312689/499617324,51320,51320,43.35070800152607,43.46545800217427,0.44195800001034513,43.93079200235661,True,
2,264,5,reused-client,1,cross_512_corner,zstd_128,ZSTD,128,43,43,3827,313219659,313272608,52950,206,bytes 313219659-313272608/492119117,52950,52950,40.37054099899251,40.474916000675876,6.811250001192093,47.321458001533756,True,
2,264,5,reused-client,1,cross_512_corner,zstd_128,ZSTD,128,43,44,3828,313272617,313324753,52137,206,bytes 313272617-313324753/492119117,52137,52137,45.105624998541316,45.21799999929499,0.48470799811184406,45.727207998425,True,
2,264,5,reused-client,1,cross_512_corner,zstd_128,ZSTD,128,44,43,3915,317314658,317366615,51958,206,bytes 317314658-317366615/492119117,51958,51958,58.79870900025708,58.91854199944646,0.5228750014794059,59.46475000018836,True,
2,264,5,reused-client,1,cross_512_corner,zstd_128,ZSTD,128,44,44,3916,317366624,317418939,52316,206,bytes 317366624-317418939/492119117,52316,52316,61.49662600000738,61.584667000715854,7.443542002874892,69.0619169981801,True,
2,265,5,reused-client,1,interior,deflate_128,DEFLATE,128,40,40,3560,305047460,305102560,55101,206,bytes 305047460-305102560/499617324,55101,55101,38.43287500058068,38.57179199985694,8.198207997338613,46.82016700098757,True,
2,266,4,reused-client,1,interior,deflate_256,DEFLATE,256,20,20,900,306262458,306479353,216896,206,bytes 306262458-306479353/498427477,216896,216896,39.887708000605926,39.99699999985751,46.74695799985784,86.77987500050222,True,
2,267,4,reused-client,1,cross_512_edge,lzw_256,LZW,256,20,21,901,406841170,407119092,277923,206,bytes 406841170-407119092/661012853,277923,277923,275.182458000927,275.27229100087425,51.02445900047314,326.3584999986051,True,
2,267,4,reused-client,1,cross_512_edge,lzw_256,LZW,256,20,22,902,407119101,407393560,274460,206,bytes 407119101-407393560/661012853,274460,274460,40.57924999870011,40.81566599779762,60.14862500160234,101.002832998347,True,
2,268,4,reused-client,1,cross_256_edge,lzw_128,LZW,128,40,41,3561,404163829,404234861,71033,206,bytes 404163829-404234861/661264391,71033,71033,44.773957997676916,44.8627919977298,10.70945900210063,55.60466699898825,True,
2,268,4,reused-client,1,cross_256_edge,lzw_128,LZW,128,40,42,3562,404234870,404303621,68752,206,bytes 404234870-404303621/661264391,68752,68752,53.29087599966442,53.414292000525165,6.18916700113914,59.63033399893902,True,
2,269,3,reused-client,1,interior,lzw_128,LZW,128,40,40,3560,404091050,404163820,72771,206,bytes 404091050-404163820/661264391,72771,72771,43.56495799947879,43.672374999005115,9.164583003439475,52.882415999192744,True,
2,270,1,reused-client,1,cross_128_corner,lzw_256,LZW,256,20,20,900,406553924,406841161,287238,206,bytes 406553924-406841161/661012853,287238,287238,42.80845799803501,42.93391600003815,50.01037499823724,92.9894159999094,True,
2,271,4,reused-client,1,cross_128_edge,zstd_128,ZSTD,128,40,40,3560,300228058,300282104,54047,206,bytes 300228058-300282104/492119117,54047,54047,57.82333300157916,57.97395799891092,2.533833001507446,60.54141699860338,True,
2,271,4,reused-client,1,cross_128_edge,zstd_128,ZSTD,128,40,41,3561,300282113,300335031,52919,206,bytes 300282113-300335031/492119117,52919,52919,56.660499998542946,56.76445800054353,0.4245000018272549,57.20933299744502,True,
2,272,1,reused-client,1,cross_256_corner,deflate_512,DEFLATE,512,10,10,230,310426888,311281522,854635,206,bytes 310426888-311281522/499024403,854635,854635,57.00762500055134,57.22033300116891,175.48645799979568,232.75979200116126,True,
2,273,4,reused-client,1,interior,lzw_128,LZW,128,40,40,3560,404091050,404163820,72771,206,bytes 404091050-404163820/661264391,72771,72771,40.169957999751205,40.293458001542604,7.355666999501409,47.682750002422836,True,
2,274,1,reused-client,1,cross_256_corner,lzw_256,LZW,256,20,20,900,406553924,406841161,287238,206,bytes 406553924-406841161/661012853,287238,287238,153.02579199851607,153.13966699977755,50.719124999886844,203.92879199789604,True,
2,274,1,reused-client,1,cross_256_corner,lzw_256,LZW,256,20,21,901,406841170,407119092,277923,206,bytes 406841170-407119092/661012853,277923,277923,55.46574999971199,55.573542002093745,90.52991700082202,146.15362500262563,True,
2,274,1,reused-client,1,cross_256_corner,lzw_256,LZW,256,21,20,944,417962328,418246396,284069,206,bytes 417962328-418246396/661012853,284069,284069,38.12900000048103,38.24024999994435,238.88874999829568,277.1943750012724,True,
2,274,1,reused-client,1,cross_256_corner,lzw_256,LZW,256,21,21,945,418246405,418529582,283178,206,bytes 418246405-418529582/661012853,283178,283178,42.50866700022016,42.616917002305854,108.57170899907942,151.25595900099142,True,
2,275,4,reused-client,1,cross_512_edge,deflate_128,DEFLATE,128,40,43,3563,305208773,305261361,52589,206,bytes 305208773-305261361/499617324,52589,52589,44.6742499989341,44.76749999957974,6.553957999130944,51.345333999051945,True,
2,275,4,reused-client,1,cross_512_edge,deflate_128,DEFLATE,128,40,44,3564,305261370,305312689,51320,206,bytes 305261370-305312689/499617324,51320,51320,41.99720799806528,42.06845799853909,0.22149999858811498,42.30670799734071,True,
2,276,1,reused-client,1,interior,deflate_128,DEFLATE,128,40,40,3560,305047460,305102560,55101,206,bytes 305047460-305102560/499617324,55101,55101,52.84837500221329,53.04195800272282,37.3148750004475,90.418875002797,True,
2,277,3,reused-client,1,interior,lzw_256,LZW,256,20,20,900,406553924,406841161,287238,206,bytes 406553924-406841161/661012853,287238,287238,38.80066700003226,38.92125000129454,209.34908400158747,248.3079169978737,True,
2,278,5,reused-client,1,cross_128_edge,lzw_256,LZW,256,20,20,900,406553924,406841161,287238,206,bytes 406553924-406841161/661012853,287238,287238,243.1249580004078,243.24895799873048,212.65499999935855,456.00041700163274,True,
2,279,2,reused-client,1,cross_512_corner,zstd_128,ZSTD,128,43,43,3827,313219659,313272608,52950,206,bytes 313219659-313272608/492119117,52950,52950,71.91529199917568,71.98541699835914,25.623792000260437,97.64524999991409,True,
2,279,2,reused-client,1,cross_512_corner,zstd_128,ZSTD,128,43,44,3828,313272617,313324753,52137,206,bytes 313272617-313324753/492119117,52137,52137,68.23020800220547,68.34800000069663,37.875374997383915,106.26783300176612,True,
2,279,2,reused-client,1,cross_512_corner,zstd_128,ZSTD,128,44,43,3915,317314658,317366615,51958,206,bytes 317314658-317366615/492119117,51958,51958,61.07316699853982,61.17762499707169,17.297333000897197,78.51041699905181,True,
2,279,2,reused-client,1,cross_512_corner,zstd_128,ZSTD,128,44,44,3916,317366624,317418939,52316,206,bytes 317366624-317418939/492119117,52316,52316,39.63241599922185,40.05504100132384,26.54879100009566,66.65954100026283,True,
2,280,5,reused-client,1,cross_512_corner,lzw_256,LZW,256,21,21,945,418246405,418529582,283178,206,bytes 418246405-418529582/661012853,283178,283178,76.46050000039395,76.56770800167578,415.4220409982372,492.0256250006787,True,
2,280,5,reused-client,1,cross_512_corner,lzw_256,LZW,256,21,22,946,418529591,418807664,278074,206,bytes 418529591-418807664/661012853,278074,278074,104.48558300049626,104.58658300194656,215.49854199838592,320.1130830020702,True,
2,280,5,reused-client,1,cross_512_corner,lzw_256,LZW,256,22,21,989,429313097,429591287,278191,206,bytes 429313097-429591287/661012853,278191,278191,45.38329200295266,45.45000000143773,177.89591700056917,223.3952920032607,True,
2,280,5,reused-client,1,cross_512_corner,lzw_256,LZW,256,22,22,990,429591296,429871211,279916,206,bytes 429591296-429871211/661012853,279916,279916,44.16358399976161,44.301083999016555,251.58050000027288,295.9172500013665,True,
2,281,4,reused-client,1,cross_128_edge,deflate_256,DEFLATE,256,20,20,900,306262458,306479353,216896,206,bytes 306262458-306479353/498427477,216896,216896,62.390750001213746,62.54849999822909,74.72991699978593,137.33754200075055,True,
2,282,2,reused-client,1,cross_128_edge,zstd_256,ZSTD,256,20,20,900,301115142,301328168,213027,206,bytes 301115142-301328168/490384277,213027,213027,43.156249997991836,43.27075000037439,73.05666700267466,116.39062600079342,True,
2,283,2,reused-client,1,cross_512_corner,deflate_256,DEFLATE,256,21,21,945,315110154,315323387,213234,206,bytes 315110154-315323387/498427477,213234,213234,74.14724999762257,74.27883299897076,83.00495799994678,157.33629099850077,True,
2,283,2,reused-client,1,cross_512_corner,deflate_256,DEFLATE,256,21,22,946,315323396,315533302,209907,206,bytes 315323396-315533302/498427477,209907,209907,50.877541998488596,51.00320899873623,75.56133300022339,126.61366699830978,True,
2,283,2,reused-client,1,cross_512_corner,deflate_256,DEFLATE,256,22,21,989,323490842,323701123,210282,206,bytes 323490842-323701123/498427477,210282,210282,65.68437500027358,65.73870900319889,62.90616600017529,128.66870900325011,True,
2,283,2,reused-client,1,cross_512_corner,deflate_256,DEFLATE,256,22,22,990,323701132,323912576,211445,206,bytes 323701132-323912576/498427477,211445,211445,34.70766600003117,34.776625001541106,84.21762500074692,119.04149999827496,True,
2,284,5,reused-client,1,cross_128_edge,deflate_512,DEFLATE,512,10,10,230,310426888,311281522,854635,206,bytes 310426888-311281522/499024403,854635,854635,38.07954100193456,38.19816599934711,388.64783399912994,426.8886250029027,True,
2,285,5,reused-client,1,cross_256_edge,zstd_128,ZSTD,128,40,41,3561,300282113,300335031,52919,206,bytes 300282113-300335031/492119117,52919,52919,54.23175000032643,54.3189159980102,1.0748749991762452,55.41445799826761,True,
2,285,5,reused-client,1,cross_256_edge,zstd_128,ZSTD,128,40,42,3562,300335040,300386695,51656,206,bytes 300335040-300386695/492119117,51656,51656,36.56045800016727,36.7709999991348,10.955457997624762,47.75783299919567,True,
2,286,5,reused-client,1,cross_512_edge,deflate_512,DEFLATE,512,10,10,230,310426888,311281522,854635,206,bytes 310426888-311281522/499024403,854635,854635,40.79354200075613,40.87079199962318,423.73070900066523,464.650083999004,True,
2,286,5,reused-client,1,cross_512_edge,deflate_512,DEFLATE,512,10,11,231,311281531,312113785,832255,206,bytes 311281531-312113785/499024403,832255,832255,39.46512499896926,39.5511249989795,552.1831260011822,591.7712920017948,True,
2,287,1,reused-client,1,cross_256_corner,zstd_256,ZSTD,256,20,20,900,301115142,301328168,213027,206,bytes 301115142-301328168/490384277,213027,213027,36.80999999778578,36.87724999690545,158.79374999713036,195.70424999983516,True,
2,287,1,reused-client,1,cross_256_corner,zstd_256,ZSTD,256,20,21,901,301328177,301535592,207416,206,bytes 301328177-301535592/490384277,207416,207416,45.5155419986113,45.90904200085788,151.6497079974215,197.62679199993727,True,
2,287,1,reused-client,1,cross_256_corner,zstd_256,ZSTD,256,21,20,944,309614499,309824334,209836,206,bytes 309614499-309824334/490384277,209836,209836,60.79383399992366,60.86700000014389,121.83912500040606,182.7439590015274,True,
2,287,1,reused-client,1,cross_256_corner,zstd_256,ZSTD,256,21,21,945,309824343,310033910,209568,206,bytes 309824343-310033910/490384277,209568,209568,44.18104200158268,44.291250000242144,180.70162599906325,225.0347920016793,True,
2,288,3,reused-client,1,cross_128_corner,zstd_256,ZSTD,256,20,20,900,301115142,301328168,213027,206,bytes 301115142-301328168/490384277,213027,213027,73.31766599963885,73.38724999863189,84.46962500238442,157.89504100030172,True,
2,289,3,reused-client,1,cross_128_corner,zstd_512,ZSTD,512,10,10,230,304767160,305606839,839680,206,bytes 304767160-305606839/490194415,839680,839680,45.47554099917761,45.5725829997391,364.59787499916274,410.20724999907543,True,
2,290,3,reused-client,1,cross_128_edge,lzw_256,LZW,256,20,20,900,406553924,406841161,287238,206,bytes 406553924-406841161/661012853,287238,287238,56.18112499723793,56.294583999260794,91.76741699775448,148.26075000019046,True,
2,291,2,reused-client,1,cross_512_edge,deflate_256,DEFLATE,256,20,21,901,306479362,306690064,210703,206,bytes 306479362-306690064/498427477,210703,210703,67.14891600131523,67.23520800005645,53.87154200070654,121.1417500016978,True,
2,291,2,reused-client,1,cross_512_edge,deflate_256,DEFLATE,256,20,22,902,306690073,306897377,207305,206,bytes 306690073-306897377/498427477,207305,207305,129.04741600141278,129.13429100080975,64.4586660018831,193.6210409985506,True,
2,292,2,reused-client,1,cross_512_corner,deflate_512,DEFLATE,512,10,10,230,310426888,311281522,854635,206,bytes 310426888-311281522/499024403,854635,854635,40.34504200171796,40.41295799834188,298.262166998029,338.71054200062645,True,
2,292,2,reused-client,1,cross_512_corner,deflate_512,DEFLATE,512,10,11,231,311281531,312113785,832255,206,bytes 311281531-312113785/499024403,832255,832255,55.61495900110458,55.718874999001855,214.77304200016079,270.5322920010076,True,
2,292,2,reused-client,1,cross_512_corner,deflate_512,DEFLATE,512,11,10,252,327623520,328452071,828552,206,bytes 327623520-328452071/499024403,828552,828552,34.68329200040898,34.75220800100942,200.57358300255146,235.3630420002446,True,
2,292,2,reused-client,1,cross_512_corner,deflate_512,DEFLATE,512,11,11,253,328452080,329294883,842804,206,bytes 328452080-329294883/499024403,842804,842804,138.9430839990382,139.0294589982659,216.36854100142955,355.43574999974226,True,
2,293,3,reused-client,1,interior,zstd_512,ZSTD,512,10,10,230,304767160,305606839,839680,206,bytes 304767160-305606839/490194415,839680,839680,43.8092090007558,43.87733399926219,161.44224999879953,205.34545900227386,True,
2,294,2,reused-client,1,cross_128_corner,zstd_256,ZSTD,256,20,20,900,301115142,301328168,213027,206,bytes 301115142-301328168/490384277,213027,213027,36.166249999951106,36.23420799704036,30.31729199938127,66.58016700021108,True,
2,295,1,reused-client,1,cross_128_edge,zstd_256,ZSTD,256,20,20,900,301115142,301328168,213027,206,bytes 301115142-301328168/490384277,213027,213027,45.02304099878529,45.247833000757964,32.19104099844117,77.48337500015623,True,
2,296,1,reused-client,1,interior,zstd_512,ZSTD,512,10,10,230,304767160,305606839,839680,206,bytes 304767160-305606839/490194415,839680,839680,44.61091700068209,44.69779200007906,150.0270830001682,194.78000100207282,True,
2,297,4,reused-client,1,interior,zstd_128,ZSTD,128,40,40,3560,300228058,300282104,54047,206,bytes 300228058-300282104/492119117,54047,54047,57.01633300122921,57.110500001726905,0.5482090018631425,57.681791000504745,True,
2,298,2,reused-client,1,cross_128_edge,zstd_512,ZSTD,512,10,10,230,304767160,305606839,839680,206,bytes 304767160-305606839/490194415,839680,839680,40.819707999617094,40.96337500232039,231.91349999979138,272.93175000158953,True,
2,299,1,reused-client,1,cross_256_edge,lzw_512,LZW,512,10,10,230,411686466,412818824,1132359,206,bytes 411686466-412818824/661107776,1132359,1132359,38.044832999730716,38.15658299936331,242.28462500104797,280.5024580011377,True,
2,300,3,reused-client,1,cross_128_corner,deflate_128,DEFLATE,128,40,40,3560,305047460,305102560,55101,206,bytes 305047460-305102560/499617324,55101,55101,58.929500002705026,59.0185000000929,0.46337499952642247,59.5050000010815,True,
2,300,3,reused-client,1,cross_128_corner,deflate_128,DEFLATE,128,40,41,3561,305102569,305156400,53832,206,bytes 305102569-305156400/499617324,53832,53832,48.47624999820255,48.618165998050245,0.9083330005523749,49.551374999282416,True,
2,300,3,reused-client,1,cross_128_corner,deflate_128,DEFLATE,128,41,40,3648,309446600,309501607,55008,206,bytes 309446600-309501607/499617324,55008,55008,42.56179200092447,42.683167001086986,2.6243339998472948,45.36933300187229,True,
2,300,3,reused-client,1,cross_128_corner,deflate_128,DEFLATE,128,41,41,3649,309501616,309555017,53402,206,bytes 309501616-309555017/499617324,53402,53402,43.72029200021643,43.84349999963888,18.289374998857966,62.18037500002538,True,
2,301,5,reused-client,1,cross_256_corner,lzw_128,LZW,128,41,41,3649,409965315,410035919,70605,206,bytes 409965315-410035919/661264391,70605,70605,52.97462499947869,53.308416998333996,12.573249998240499,65.93775000146707,True,
2,301,5,reused-client,1,cross_256_corner,lzw_128,LZW,128,41,42,3650,410035928,410107613,71686,206,bytes 410035928-410107613/661264391,71686,71686,72.69074999931036,72.8168329987966,5.525625001610024,78.377082998486,True,
2,301,5,reused-client,1,cross_256_corner,lzw_128,LZW,128,42,41,3737,415676272,415746842,70571,206,bytes 415676272-415746842/661264391,70571,70571,69.04179199773353,69.13404199804063,2.2957080000196584,71.45699999819044,True,
2,301,5,reused-client,1,cross_256_corner,lzw_128,LZW,128,42,42,3738,415746851,415817546,70696,206,bytes 415746851-415817546/661264391,70696,70696,52.77020799985621,52.86754199914867,0.5409579971455969,53.43245800031582,True,
2,302,4,reused-client,1,cross_512_corner,lzw_128,LZW,128,43,43,3827,421475357,421546899,71543,206,bytes 421475357-421546899/661264391,71543,71543,84.87108400004217,85.01437500308384,15.77466600065236,100.83729200050584,True,
2,302,4,reused-client,1,cross_512_corner,lzw_128,LZW,128,43,44,3828,421546908,421617252,70345,206,bytes 421546908-421617252/661264391,70345,70345,42.35041699939757,42.456167000636924,93.2789580001554,135.79954200031352,True,
2,302,4,reused-client,1,cross_512_corner,lzw_128,LZW,128,44,43,3915,426954274,427023840,69567,206,bytes 426954274-427023840/661264391,69567,69567,39.94158299974515,40.055500001471955,6.5535840003576595,46.63454199908301,True,
2,302,4,reused-client,1,cross_512_corner,lzw_128,LZW,128,44,44,3916,427023849,427094094,70246,206,bytes 427023849-427094094/661264391,70246,70246,51.36354199930793,51.48195899892016,8.433083999989321,59.95145899942145,True,
2,303,3,reused-client,1,cross_256_edge,zstd_256,ZSTD,256,20,20,900,301115142,301328168,213027,206,bytes 301115142-301328168/490384277,213027,213027,48.27362500145682,48.41462499825866,123.85399999766378,172.3242920015764,True,
2,303,3,reused-client,1,cross_256_edge,zstd_256,ZSTD,256,20,21,901,301328177,301535592,207416,206,bytes 301328177-301535592/490384277,207416,207416,41.130792000330985,41.219667000405025,85.32066699990537,126.5793329985172,True,
2,304,1,reused-client,1,cross_256_edge,deflate_128,DEFLATE,128,40,41,3561,305102569,305156400,53832,206,bytes 305102569-305156400/499617324,53832,53832,41.05862500000512,41.12512500068988,1.5963330006343313,42.76854199997615,True,
2,304,1,reused-client,1,cross_256_edge,deflate_128,DEFLATE,128,40,42,3562,305156409,305208764,52356,206,bytes 305156409-305208764/499617324,52356,52356,34.767291999742156,34.83662500002538,6.476582999312086,41.33770800035563,True,
2,305,4,reused-client,1,cross_128_corner,deflate_128,DEFLATE,128,40,40,3560,305047460,305102560,55101,206,bytes 305047460-305102560/499617324,55101,55101,45.05804200016428,45.13062499972875,14.890708000166342,60.125208998215385,True,
2,305,4,reused-client,1,cross_128_corner,deflate_128,DEFLATE,128,40,41,3561,305102569,305156400,53832,206,bytes 305102569-305156400/499617324,53832,53832,39.90029100168613,40.00333300064085,2.61658299859846,42.6517080013582,True,
2,305,4,reused-client,1,cross_128_corner,deflate_128,DEFLATE,128,41,40,3648,309446600,309501607,55008,206,bytes 309446600-309501607/499617324,55008,55008,45.95395800060942,46.05320799964829,27.40037499825121,73.48941700183786,True,
2,305,4,reused-client,1,cross_128_corner,deflate_128,DEFLATE,128,41,41,3649,309501616,309555017,53402,206,bytes 309501616-309555017/499617324,53402,53402,40.99220799980685,41.07537499658065,0.9666250007285271,42.071624997333856,True,
2,306,3,reused-client,1,cross_512_corner,deflate_128,DEFLATE,128,43,43,3827,318224016,318278030,54015,206,bytes 318224016-318278030/499617324,54015,54015,49.64379200100666,49.7581670024374,0.5262909980956465,50.31058399981703,True,
2,306,3,reused-client,1,cross_512_corner,deflate_128,DEFLATE,128,43,44,3828,318278039,318331048,53010,206,bytes 318278039-318331048/499617324,53010,53010,46.922792000259506,47.022291997564025,0.42308299816795625,47.464333998505026,True,
2,306,3,reused-client,1,cross_512_corner,deflate_128,DEFLATE,128,44,43,3915,322379939,322432680,52742,206,bytes 322379939-322432680/499617324,52742,52742,76.81574999878649,76.93970800028183,0.4341669991845265,77.39683299951139,True,
2,306,3,reused-client,1,cross_512_corner,deflate_128,DEFLATE,128,44,44,3916,322432689,322485817,53129,206,bytes 322432689-322485817/499617324,53129,53129,163.06408300079056,163.17787499792757,0.521917001606198,163.7220829979924,True,
2,307,1,reused-client,1,cross_256_corner,zstd_512,ZSTD,512,10,10,230,304767160,305606839,839680,206,bytes 304767160-305606839/490194415,839680,839680,47.099292001803406,47.21541699836962,495.94750100004603,543.2367920002434,True,
2,308,5,reused-client,1,cross_256_edge,deflate_512,DEFLATE,512,10,10,230,310426888,311281522,854635,206,bytes 310426888-311281522/499024403,854635,854635,69.22354199923575,69.35779199920944,298.97662500297884,368.376583999634,True,
2,309,2,reused-client,1,cross_256_edge,zstd_512,ZSTD,512,10,10,230,304767160,305606839,839680,206,bytes 304767160-305606839/490194415,839680,839680,135.23054200049955,135.5262920005771,276.8570420012111,412.449542000104,True,
2,310,3,reused-client,1,interior,zstd_128,ZSTD,128,40,40,3560,300228058,300282104,54047,206,bytes 300228058-300282104/492119117,54047,54047,57.75158400138025,57.81754200143041,4.446291000931524,62.28733399984776,True,
2,311,4,reused-client,1,cross_256_edge,lzw_512,LZW,512,10,10,230,411686466,412818824,1132359,206,bytes 411686466-412818824/661107776,1132359,1132359,92.81079200081876,92.9080839996459,328.03666700056056,420.9980009982246,True,
2,312,4,reused-client,1,cross_256_corner,lzw_512,LZW,512,10,10,230,411686466,412818824,1132359,206,bytes 411686466-412818824/661107776,1132359,1132359,76.05791600144585,76.19804100249894,327.72583400219446,403.96954100287985,True,
2,313,5,reused-client,1,cross_256_corner,zstd_512,ZSTD,512,10,10,230,304767160,305606839,839680,206,bytes 304767160-305606839/490194415,839680,839680,130.36241699956008,130.42358399980003,865.8090839999204,996.2951259985857,True,
2,314,4,reused-client,1,cross_128_edge,deflate_128,DEFLATE,128,40,40,3560,305047460,305102560,55101,206,bytes 305047460-305102560/499617324,55101,55101,45.043458998407004,45.15620899837813,27.979165999568067,73.19358399763587,True,
2,314,4,reused-client,1,cross_128_edge,deflate_128,DEFLATE,128,40,41,3561,305102569,305156400,53832,206,bytes 305102569-305156400/499617324,53832,53832,48.66758400021354,48.79799999980605,30.970667001383845,79.81424999888986,True,
2,315,4,reused-client,1,interior,zstd_512,ZSTD,512,10,10,230,304767160,305606839,839680,206,bytes 304767160-305606839/490194415,839680,839680,64.20233300013933,64.27412500124774,424.6527920004155,488.9694170014991,True,
3,1,2,reused-client,1,cross_128_edge,lzw_256,LZW,256,20,20,900,406553924,406841161,287238,206,bytes 406553924-406841161/661012853,287238,287238,54.79374999777065,54.85729199790512,122.65924999883282,177.55650099934428,True,
3,2,3,reused-client,1,interior,lzw_128,LZW,128,40,40,3560,404091050,404163820,72771,206,bytes 404091050-404163820/661264391,72771,72771,43.51687500093249,43.57375000108732,23.35941699857358,66.96999999985565,True,
3,3,4,reused-client,1,cross_128_corner,zstd_512,ZSTD,512,10,10,230,304767160,305606839,839680,206,bytes 304767160-305606839/490194415,839680,839680,34.94545899957302,35.02245900017442,304.79208399992785,339.8495420005929,True,
3,4,2,reused-client,1,interior,lzw_256,LZW,256,20,20,900,406553924,406841161,287238,206,bytes 406553924-406841161/661012853,287238,287238,84.08229099950404,84.18695799991838,547.9304170003161,632.158292002714,True,
3,5,1,reused-client,1,cross_128_corner,lzw_128,LZW,128,40,40,3560,404091050,404163820,72771,206,bytes 404091050-404163820/661264391,72771,72771,57.82141600138857,57.91737500112504,6.914124998729676,64.84845800150651,True,
3,5,1,reused-client,1,cross_128_corner,lzw_128,LZW,128,40,41,3561,404163829,404234861,71033,206,bytes 404163829-404234861/661264391,71033,71033,162.5296249985695,162.60104100001627,19.236959000409115,181.86783299825038,True,
3,5,1,reused-client,1,cross_128_corner,lzw_128,LZW,128,41,40,3648,409892800,409965306,72507,206,bytes 409892800-409965306/661264391,72507,72507,39.65724999943632,39.71495899895672,310.64441700073075,350.38833399812574,True,
3,5,1,reused-client,1,cross_128_corner,lzw_128,LZW,128,41,41,3649,409965315,410035919,70605,206,bytes 409965315-410035919/661264391,70605,70605,44.3332079994434,44.38958299942897,17.94895900093252,62.36245800027973,True,
3,6,2,reused-client,1,cross_128_corner,deflate_128,DEFLATE,128,40,40,3560,305047460,305102560,55101,206,bytes 305047460-305102560/499617324,55101,55101,44.23733400108176,44.350791999022476,22.39699999699951,66.77933399987523,True,
3,6,2,reused-client,1,cross_128_corner,deflate_128,DEFLATE,128,40,41,3561,305102569,305156400,53832,206,bytes 305102569-305156400/499617324,53832,53832,111.31270799887716,111.3963749994582,6.725917002768256,118.1490830022085,True,
3,6,2,reused-client,1,cross_128_corner,deflate_128,DEFLATE,128,41,40,3648,309446600,309501607,55008,206,bytes 309446600-309501607/499617324,55008,55008,154.11937500175554,154.21929199874285,14.331957998365397,168.5777919992688,True,
3,6,2,reused-client,1,cross_128_corner,deflate_128,DEFLATE,128,41,41,3649,309501616,309555017,53402,206,bytes 309501616-309555017/499617324,53402,53402,150.66558399848873,150.7655839996005,0.31879200105322525,151.1010840004019,True,
3,7,1,reused-client,1,cross_256_edge,lzw_512,LZW,512,10,10,230,411686466,412818824,1132359,206,bytes 411686466-412818824/661107776,1132359,1132359,40.82445799940615,40.981875001307344,1831.4043760001368,1872.4245009980223,True,
3,8,1,reused-client,1,cross_256_corner,deflate_256,DEFLATE,256,20,20,900,306262458,306479353,216896,206,bytes 306262458-306479353/498427477,216896,216896,41.50616699917009,41.58629199810093,131.72083300014492,173.32891700061737,True,
3,8,1,reused-client,1,cross_256_corner,deflate_256,DEFLATE,256,20,21,901,306479362,306690064,210703,206,bytes 306479362-306690064/498427477,210703,210703,43.74129099960555,43.804749999253545,107.44120800154633,151.26874999987194,True,
3,8,1,reused-client,1,cross_256_corner,deflate_256,DEFLATE,256,21,20,944,314896453,315110145,213693,206,bytes 314896453-315110145/498427477,213693,213693,33.62516700144624,33.68462499929592,162.407792002341,196.11358399924939,True,
3,8,1,reused-client,1,cross_256_corner,deflate_256,DEFLATE,256,21,21,945,315110154,315323387,213234,206,bytes 315110154-315323387/498427477,213234,213234,63.83700000151293,63.903542002663016,82.51070799815352,146.44975000192062,True,
3,9,3,reused-client,1,cross_512_edge,deflate_256,DEFLATE,256,20,21,901,306479362,306690064,210703,206,bytes 306479362-306690064/498427477,210703,210703,61.24454199743923,61.31112499861047,213.3075830024609,274.6560839987069,True,
3,9,3,reused-client,1,cross_512_edge,deflate_256,DEFLATE,256,20,22,902,306690073,306897377,207305,206,bytes 306690073-306897377/498427477,207305,207305,41.86208300234284,41.9283750015893,141.13295800052583,183.10025000027963,True,
3,10,5,reused-client,1,cross_128_corner,deflate_128,DEFLATE,128,40,40,3560,305047460,305102560,55101,206,bytes 305047460-305102560/499617324,55101,55101,52.325125001516426,52.40095800036215,25.89629100111779,78.3515000002808,True,
3,10,5,reused-client,1,cross_128_corner,deflate_128,DEFLATE,128,40,41,3561,305102569,305156400,53832,206,bytes 305102569-305156400/499617324,53832,53832,49.602374998357845,49.70391700044274,46.26600000119652,96.01204199861968,True,
3,10,5,reused-client,1,cross_128_corner,deflate_128,DEFLATE,128,41,40,3648,309446600,309501607,55008,206,bytes 309446600-309501607/499617324,55008,55008,38.39762500138022,38.46437500033062,23.612832999788225,62.10149999969872,True,
3,10,5,reused-client,1,cross_128_corner,deflate_128,DEFLATE,128,41,41,3649,309501616,309555017,53402,206,bytes 309501616-309555017/499617324,53402,53402,49.100000000180444,49.17987500084564,21.3149169976532,70.53766699755215,True,
3,11,4,reused-client,1,cross_256_edge,lzw_128,LZW,128,40,41,3561,404163829,404234861,71033,206,bytes 404163829-404234861/661264391,71033,71033,60.8094160015753,60.95700000150828,28.611333000299055,89.5875829992292,True,
3,11,4,reused-client,1,cross_256_edge,lzw_128,LZW,128,40,42,3562,404234870,404303621,68752,206,bytes 404234870-404303621/661264391,68752,68752,39.19433399642003,39.284624999709195,30.76462499666377,70.07316699673538,True,
3,12,1,reused-client,1,cross_128_corner,deflate_128,DEFLATE,128,40,40,3560,305047460,305102560,55101,206,bytes 305047460-305102560/499617324,55101,55101,39.60129100232734,39.676416003203485,31.385375001264038,71.10062500214553,True,
3,12,1,reused-client,1,cross_128_corner,deflate_128,DEFLATE,128,40,41,3561,305102569,305156400,53832,206,bytes 305102569-305156400/499617324,53832,53832,57.456957998510916,57.58945799971116,18.823624999640742,76.4484999999695,True,
3,12,1,reused-client,1,cross_128_corner,deflate_128,DEFLATE,128,41,40,3648,309446600,309501607,55008,206,bytes 309446600-309501607/499617324,55008,55008,36.45462499844143,36.57008400114137,24.70312500008731,61.328791998676024,True,
3,12,1,reused-client,1,cross_128_corner,deflate_128,DEFLATE,128,41,41,3649,309501616,309555017,53402,206,bytes 309501616-309555017/499617324,53402,53402,54.95299999893177,55.10183300066274,20.007458002510248,75.18483300009393,True,
3,13,1,reused-client,1,cross_128_corner,zstd_128,ZSTD,128,40,40,3560,300228058,300282104,54047,206,bytes 300228058-300282104/492119117,54047,54047,114.15079200014588,114.26383399884799,0.5464580026455224,114.83162500007893,True,
3,13,1,reused-client,1,cross_128_corner,zstd_128,ZSTD,128,40,41,3561,300282113,300335031,52919,206,bytes 300282113-300335031/492119117,52919,52919,42.50066600070568,42.56220800016308,60.6835830003547,103.28533299980336,True,
3,13,1,reused-client,1,cross_128_corner,zstd_128,ZSTD,128,41,40,3648,304567089,304621133,54045,206,bytes 304567089-304621133/492119117,54045,54045,45.78570899684564,45.84387499926379,24.95716699922923,70.82599999921513,True,
3,13,1,reused-client,1,cross_128_corner,zstd_128,ZSTD,128,41,41,3649,304621142,304673679,52538,206,bytes 304621142-304673679/492119117,52538,52538,57.518707999406615,57.59658299939474,27.56066699657822,85.18891700077802,True,
3,14,2,reused-client,1,interior,deflate_256,DEFLATE,256,20,20,900,306262458,306479353,216896,206,bytes 306262458-306479353/498427477,216896,216896,40.668292000191286,40.782125000987435,196.51504200010095,237.35591700096847,True,
3,15,4,reused-client,1,cross_128_corner,deflate_256,DEFLATE,256,20,20,900,306262458,306479353,216896,206,bytes 306262458-306479353/498427477,216896,216896,40.21887499766308,40.344166998693254,260.95229199927417,301.34341699886136,True,
3,16,2,reused-client,1,cross_512_edge,lzw_128,LZW,128,40,43,3563,404303630,404372483,68854,206,bytes 404303630-404372483/661264391,68854,68854,52.55787500209408,52.643375001935055,62.8053340005863,115.47670900108642,True,
3,16,2,reused-client,1,cross_512_edge,lzw_128,LZW,128,40,44,3564,404372492,404440436,67945,206,bytes 404372492-404440436/661264391,67945,67945,40.1002909966337,40.18783299761708,136.67483399694902,177.00254099690937,True,
3,17,3,reused-client,1,cross_128_edge,deflate_256,DEFLATE,256,20,20,900,306262458,306479353,216896,206,bytes 306262458-306479353/498427477,216896,216896,44.11108400017838,44.18545899898163,166.37175000141724,210.59562499794993,True,
3,18,5,reused-client,1,cross_128_corner,deflate_512,DEFLATE,512,10,10,230,310426888,311281522,854635,206,bytes 310426888-311281522/499024403,854635,854635,66.89308299974073,66.99537500026054,514.7894170004292,581.8639999997686,True,
3,19,1,reused-client,1,cross_512_corner,zstd_256,ZSTD,256,21,21,945,309824343,310033910,209568,206,bytes 309824343-310033910/490384277,209568,209568,43.65120800139266,43.7602500023786,166.69775000264053,210.4949580025277,True,
3,19,1,reused-client,1,cross_512_corner,zstd_256,ZSTD,256,21,22,946,310033919,310240520,206602,206,bytes 310033919-310240520/490384277,206602,206602,42.00529199806624,42.23495800033561,157.43600000132574,199.7414170000411,True,
3,19,1,reused-client,1,cross_512_corner,zstd_256,ZSTD,256,22,21,989,318075010,318281956,206947,206,bytes 318075010-318281956/490384277,206947,206947,50.063124999724096,50.1852500019595,172.3492500022985,222.56954200202017,True,
3,19,1,reused-client,1,cross_512_corner,zstd_256,ZSTD,256,22,22,990,318281965,318490136,208172,206,bytes 318281965-318490136/490384277,208172,208172,39.86066699872026,39.95299999951385,139.6658750018105,179.69391699807602,True,
3,20,1,reused-client,1,cross_256_edge,deflate_128,DEFLATE,128,40,41,3561,305102569,305156400,53832,206,bytes 305102569-305156400/499617324,53832,53832,44.72949999762932,44.83399999662652,33.87287499936065,78.85904099748586,True,
3,20,1,reused-client,1,cross_256_edge,deflate_128,DEFLATE,128,40,42,3562,305156409,305208764,52356,206,bytes 305156409-305208764/499617324,52356,52356,44.417207998776576,44.494540998130105,55.14191700058291,99.70025000075111,True,
3,21,3,reused-client,1,cross_256_edge,lzw_512,LZW,512,10,10,230,411686466,412818824,1132359,206,bytes 411686466-412818824/661107776,1132359,1132359,45.38695900191669,45.4944590019295,697.111749999749,742.6480840003933,True,
3,22,5,reused-client,1,interior,lzw_512,LZW,512,10,10,230,411686466,412818824,1132359,206,bytes 411686466-412818824/661107776,1132359,1132359,47.16750000079628,47.23399999784306,622.5500420005119,669.8475419980241,True,
3,23,1,reused-client,1,cross_512_edge,zstd_512,ZSTD,512,10,10,230,304767160,305606839,839680,206,bytes 304767160-305606839/490194415,839680,839680,40.21233299863525,40.33079199871281,421.95895799886785,462.32537499963655,True,
3,23,1,reused-client,1,cross_512_edge,zstd_512,ZSTD,512,10,11,231,305606848,306426901,820054,206,bytes 305606848-306426901/490194415,820054,820054,36.22087500116322,36.323875003290595,332.94979199854424,369.31229200126836,True,
3,24,4,reused-client,1,cross_256_edge,lzw_512,LZW,512,10,10,230,411686466,412818824,1132359,206,bytes 411686466-412818824/661107776,1132359,1132359,124.86870799693861,124.96329199711909,358.11283399743843,483.13983299885876,True,
3,25,3,reused-client,1,cross_128_edge,zstd_256,ZSTD,256,20,20,900,301115142,301328168,213027,206,bytes 301115142-301328168/490384277,213027,213027,59.04270900282427,59.20049999986077,54.95400000290829,114.21574999985751,True,
3,26,2,reused-client,1,cross_512_edge,deflate_128,DEFLATE,128,40,43,3563,305208773,305261361,52589,206,bytes 305208773-305261361/499617324,52589,52589,39.36775000329362,39.493416999903275,5.982541999401292,45.51387500032433,True,
3,26,2,reused-client,1,cross_512_edge,deflate_128,DEFLATE,128,40,44,3564,305261370,305312689,51320,206,bytes 305261370-305312689/499617324,51320,51320,54.696917002729606,54.766625002230285,2.435083002637839,57.22516700188862,True,
3,27,5,reused-client,1,cross_256_corner,deflate_512,DEFLATE,512,10,10,230,310426888,311281522,854635,206,bytes 310426888-311281522/499024403,854635,854635,42.56516700115753,42.857625001488486,236.94454199721804,279.82949999932316,True,
3,28,5,reused-client,1,cross_512_corner,zstd_128,ZSTD,128,43,43,3827,313219659,313272608,52950,206,bytes 313219659-313272608/492119117,52950,52950,37.78925000005984,37.8629170008935,7.515957997384248,45.408292000502115,True,
3,28,5,reused-client,1,cross_512_corner,zstd_128,ZSTD,128,43,44,3828,313272617,313324753,52137,206,bytes 313272617-313324753/492119117,52137,52137,41.22366599767702,41.332665998197626,0.3693750004458707,41.721416000655154,True,
3,28,5,reused-client,1,cross_512_corner,zstd_128,ZSTD,128,44,43,3915,317314658,317366615,51958,206,bytes 317314658-317366615/492119117,51958,51958,102.47487499873387,102.59820799910813,0.6090829992899671,103.23074999905657,True,
3,28,5,reused-client,1,cross_512_corner,zstd_128,ZSTD,128,44,44,3916,317366624,317418939,52316,206,bytes 317366624-317418939/492119117,52316,52316,38.70420800012653,38.77070800081128,3.4101249984814785,42.20675000033225,True,
3,29,5,reused-client,1,interior,deflate_256,DEFLATE,256,20,20,900,306262458,306479353,216896,206,bytes 306262458-306479353/498427477,216896,216896,38.219624999328516,38.29004100043676,123.94666700129164,162.2612079991086,True,
3,30,4,reused-client,1,cross_128_corner,zstd_128,ZSTD,128,40,40,3560,300228058,300282104,54047,206,bytes 300228058-300282104/492119117,54047,54047,31.026832999486942,31.08504199917661,35.781292001047404,66.90558300033445,True,
3,30,4,reused-client,1,cross_128_corner,zstd_128,ZSTD,128,40,41,3561,300282113,300335031,52919,206,bytes 300282113-300335031/492119117,52919,52919,40.78537500026869,40.812666000419995,67.0382080024865,107.86216600172338,True,
3,30,4,reused-client,1,cross_128_corner,zstd_128,ZSTD,128,41,40,3648,304567089,304621133,54045,206,bytes 304567089-304621133/492119117,54045,54045,28.66941700267489,28.689124999800697,26.628083000105107,55.33245900005568,True,
3,30,4,reused-client,1,cross_128_corner,zstd_128,ZSTD,128,41,41,3649,304621142,304673679,52538,206,bytes 304621142-304673679/492119117,52538,52538,34.396374998323154,34.47708299790975,35.97583400187432,70.48695799676352,True,
3,31,3,reused-client,1,cross_512_corner,deflate_512,DEFLATE,512,10,10,230,310426888,311281522,854635,206,bytes 310426888-311281522/499024403,854635,854635,44.160083001770545,44.21712499970454,963.8181669979531,1008.1249579998257,True,
3,31,3,reused-client,1,cross_512_corner,deflate_512,DEFLATE,512,10,11,231,311281531,312113785,832255,206,bytes 311281531-312113785/499024403,832255,832255,35.02087499873596,35.116167000524,570.1662089995807,605.3337919984187,True,
3,31,3,reused-client,1,cross_512_corner,deflate_512,DEFLATE,512,11,10,252,327623520,328452071,828552,206,bytes 327623520-328452071/499024403,828552,828552,80.50483400074882,80.65524999983609,507.4324589986645,588.1347920003464,True,
3,31,3,reused-client,1,cross_512_corner,deflate_512,DEFLATE,512,11,11,253,328452080,329294883,842804,206,bytes 328452080-329294883/499024403,842804,842804,55.944167001143796,56.0747919989808,1112.8034169996681,1168.9249589981046,True,
3,32,2,reused-client,1,cross_128_corner,lzw_512,LZW,512,10,10,230,411686466,412818824,1132359,206,bytes 411686466-412818824/661107776,1132359,1132359,42.69204199954402,42.79316699830815,770.3923330009275,813.2136249987525,True,
3,33,5,reused-client,1,interior,deflate_128,DEFLATE,128,40,40,3560,305047460,305102560,55101,206,bytes 305047460-305102560/499617324,55101,55101,67.9351670005417,68.00995799858356,3.0632499983767048,71.15799999883166,True,
3,34,2,reused-client,1,cross_128_edge,lzw_128,LZW,128,40,40,3560,404091050,404163820,72771,206,bytes 404091050-404163820/661264391,72771,72771,46.14016699997592,46.263082997029414,19.44670800003223,65.7338749988412,True,
3,34,2,reused-client,1,cross_128_edge,lzw_128,LZW,128,40,41,3561,404163829,404234861,71033,206,bytes 404163829-404234861/661264391,71033,71033,34.569417002785485,34.675334001804,46.11079199821688,80.82983400163357,True,
3,35,3,reused-client,1,cross_128_edge,lzw_128,LZW,128,40,40,3560,404091050,404163820,72771,206,bytes 404091050-404163820/661264391,72771,72771,76.50154199654935,76.57658300013281,23.426084000675473,100.03670799778774,True,
3,35,3,reused-client,1,cross_128_edge,lzw_128,LZW,128,40,41,3561,404163829,404234861,71033,206,bytes 404163829-404234861/661264391,71033,71033,49.20420900089084,49.26925000108895,20.169999999779975,69.45420900228783,True,
3,36,5,reused-client,1,cross_256_corner,deflate_128,DEFLATE,128,41,41,3649,309501616,309555017,53402,206,bytes 309501616-309555017/499617324,53402,53402,49.644041999272304,49.75341699901037,3.7200000006123446,53.49533299886389,True,
3,36,5,reused-client,1,cross_256_corner,deflate_128,DEFLATE,128,41,42,3650,309555026,309609246,54221,206,bytes 309555026-309609246/499617324,54221,54221,131.95762499890407,132.02645799901802,4.782625001098495,136.83404099720065,True,
3,36,5,reused-client,1,cross_256_corner,deflate_128,DEFLATE,128,42,41,3737,313827295,313880653,53359,206,bytes 313827295-313880653/499617324,53359,53359,73.45316700229887,73.52383400211693,37.73145800005295,111.29683400213253,True,
3,36,5,reused-client,1,cross_256_corner,deflate_128,DEFLATE,128,42,42,3738,313880662,313934033,53372,206,bytes 313880662-313934033/499617324,53372,53372,49.62604200045462,49.71212499731337,2.813874998537358,52.547041999787325,True,
3,37,3,reused-client,1,cross_128_edge,deflate_128,DEFLATE,128,40,40,3560,305047460,305102560,55101,206,bytes 305047460-305102560/499617324,55101,55101,43.48329200001899,43.74454199933098,6.105208001827123,49.88824999963981,True,
3,37,3,reused-client,1,cross_128_edge,deflate_128,DEFLATE,128,40,41,3561,305102569,305156400,53832,206,bytes 305102569-305156400/499617324,53832,53832,46.94116699829465,47.12699999799952,78.61687499826076,125.76920799983782,True,
3,38,3,reused-client,1,cross_128_corner,lzw_256,LZW,256,20,20,900,406553924,406841161,287238,206,bytes 406553924-406841161/661012853,287238,287238,42.85679199892911,42.94320799817797,215.30400100164115,258.2703339976433,True,
3,39,1,reused-client,1,cross_512_corner,lzw_128,LZW,128,43,43,3827,421475357,421546899,71543,206,bytes 421475357-421546899/661264391,71543,71543,38.208541001949925,38.27333300068858,37.3418329982087,75.65545800025575,True,
3,39,1,reused-client,1,cross_512_corner,lzw_128,LZW,128,43,44,3828,421546908,421617252,70345,206,bytes 421546908-421617252/661264391,70345,70345,58.17787499836413,58.26791700019385,26.674291999370325,84.9890419995063,True,
3,39,1,reused-client,1,cross_512_corner,lzw_128,LZW,128,44,43,3915,426954274,427023840,69567,206,bytes 426954274-427023840/661264391,69567,69567,66.35449999885168,66.44829200013191,27.070583000750048,93.5416249994887,True,
3,39,1,reused-client,1,cross_512_corner,lzw_128,LZW,128,44,44,3916,427023849,427094094,70246,206,bytes 427023849-427094094/661264391,70246,70246,49.27595799745177,49.35174999991432,113.81716699906974,163.20608299793093,True,
3,40,4,reused-client,1,cross_128_corner,zstd_256,ZSTD,256,20,20,900,301115142,301328168,213027,206,bytes 301115142-301328168/490384277,213027,213027,37.08433400242939,37.15083399947616,220.84391699900152,258.05358400248224,True,
3,41,2,reused-client,1,cross_128_edge,deflate_512,DEFLATE,512,10,10,230,310426888,311281522,854635,206,bytes 310426888-311281522/499024403,854635,854635,41.077292000409216,41.18570900027407,749.9100829991221,791.1564589994668,True,
3,42,1,reused-client,1,cross_512_edge,deflate_512,DEFLATE,512,10,10,230,310426888,311281522,854635,206,bytes 310426888-311281522/499024403,854635,854635,49.577083002077416,49.75149999881978,625.0652920025459,674.8580839994247,True,
3,42,1,reused-client,1,cross_512_edge,deflate_512,DEFLATE,512,10,11,231,311281531,312113785,832255,206,bytes 311281531-312113785/499024403,832255,832255,59.16566699670511,59.29562499659369,705.2533750029397,764.5987089999835,True,
3,43,1,reused-client,1,interior,deflate_128,DEFLATE,128,40,40,3560,305047460,305102560,55101,206,bytes 305047460-305102560/499617324,55101,55101,44.82749999806401,44.944582998141414,28.81537500070408,73.8057079979626,True,
3,44,2,reused-client,1,cross_128_corner,lzw_256,LZW,256,20,20,900,406553924,406841161,287238,206,bytes 406553924-406841161/661012853,287238,287238,40.89449999810313,40.985916999488836,197.63850000163075,238.6625839972112,True,
3,45,4,reused-client,1,cross_256_edge,lzw_256,LZW,256,20,20,900,406553924,406841161,287238,206,bytes 406553924-406841161/661012853,287238,287238,39.847332998760976,40.05420799876447,164.55079200022737,204.66620799925295,True,
3,45,4,reused-client,1,cross_256_edge,lzw_256,LZW,256,20,21,901,406841170,407119092,277923,206,bytes 406841170-407119092/661012853,277923,277923,44.94766700008768,45.05300000164425,212.29379199940013,257.40795800084015,True,
3,46,2,reused-client,1,cross_256_edge,lzw_128,LZW,128,40,41,3561,404163829,404234861,71033,206,bytes 404163829-404234861/661264391,71033,71033,44.27633300292655,44.33870800130535,21.6854999998759,66.05300000228453,True,
3,46,2,reused-client,1,cross_256_edge,lzw_128,LZW,128,40,42,3562,404234870,404303621,68752,206,bytes 404234870-404303621/661264391,68752,68752,42.262916002073325,42.32550000233459,52.68079199959175,95.05408300174167,True,
3,47,1,reused-client,1,cross_512_corner,lzw_512,LZW,512,10,10,230,411686466,412818824,1132359,206,bytes 411686466-412818824/661107776,1132359,1132359,163.14274999967893,163.24441699907766,500.84137600060785,664.1139999992447,True,
3,47,1,reused-client,1,cross_512_corner,lzw_512,LZW,512,10,11,231,412818833,413920320,1101488,206,bytes 412818833-413920320/661107776,1101488,1101488,100.89812499791151,100.99891599747934,333.99529199959943,435.0321249985427,True,
3,47,1,reused-client,1,cross_512_corner,lzw_512,LZW,512,11,10,252,434325460,435426146,1100687,206,bytes 434325460-435426146/661107776,1100687,1100687,43.701374997908715,43.8177079995512,329.87362499989104,373.7416249969101,True,
3,47,1,reused-client,1,cross_512_corner,lzw_512,LZW,512,11,11,253,435426155,436544622,1118468,206,bytes 435426155-436544622/661107776,1118468,1118468,69.98070899862796,70.10779199845274,463.1636670019361,533.3235420002893,True,
3,48,1,reused-client,1,cross_512_corner,deflate_128,DEFLATE,128,43,43,3827,318224016,318278030,54015,206,bytes 318224016-318278030/499617324,54015,54015,39.093457999115344,39.172541997686494,2.855999999155756,42.052458000398474,True,
3,48,1,reused-client,1,cross_512_corner,deflate_128,DEFLATE,128,43,44,3828,318278039,318331048,53010,206,bytes 318278039-318331048/499617324,53010,53010,45.752707999781705,45.86941700108582,9.827249999943888,55.73466699934215,True,
3,48,1,reused-client,1,cross_512_corner,deflate_128,DEFLATE,128,44,43,3915,322379939,322432680,52742,206,bytes 322379939-322432680/499617324,52742,52742,41.70704200078035,41.78216700165649,0.32383300276705995,42.1327090007253,True,
3,48,1,reused-client,1,cross_512_corner,deflate_128,DEFLATE,128,44,44,3916,322432689,322485817,53129,206,bytes 322432689-322485817/499617324,53129,53129,50.870834002125775,50.943666999955894,0.2537079999456182,51.21858400161727,True,
3,49,1,reused-client,1,cross_512_corner,zstd_128,ZSTD,128,43,43,3827,313219659,313272608,52950,206,bytes 313219659-313272608/492119117,52950,52950,66.45674999890616,66.54741699821898,9.24125000165077,75.81691700033844,True,
3,49,1,reused-client,1,cross_512_corner,zstd_128,ZSTD,128,43,44,3828,313272617,313324753,52137,206,bytes 313272617-313324753/492119117,52137,52137,39.34750000189524,39.40987500027404,7.171500001277309,46.610000001237495,True,
3,49,1,reused-client,1,cross_512_corner,zstd_128,ZSTD,128,44,43,3915,317314658,317366615,51958,206,bytes 317314658-317366615/492119117,51958,51958,40.52941700138035,40.61462499885238,5.518250000022817,46.16075000012643,True,
3,49,1,reused-client,1,cross_512_corner,zstd_128,ZSTD,128,44,44,3916,317366624,317418939,52316,206,bytes 317366624-317418939/492119117,52316,52316,63.548875998094445,63.61750100040808,19.159458999638446,82.85479199912515,True,
3,50,1,reused-client,1,cross_128_corner,lzw_256,LZW,256,20,20,900,406553924,406841161,287238,206,bytes 406553924-406841161/661012853,287238,287238,49.99262500132318,50.05820899896207,72.13537500138045,122.2272500017425,True,
3,51,3,reused-client,1,cross_256_corner,zstd_128,ZSTD,128,41,41,3649,304621142,304673679,52538,206,bytes 304621142-304673679/492119117,52538,52538,65.51891599883675,65.60508300026413,0.7766660019115079,66.40108300052816,True,
3,51,3,reused-client,1,cross_256_corner,zstd_128,ZSTD,128,41,42,3650,304673688,304726888,53201,206,bytes 304673688-304726888/492119117,53201,53201,46.14416700133006,46.22758400000748,34.602290998009266,80.85108399973251,True,
3,51,3,reused-client,1,cross_256_corner,zstd_128,ZSTD,128,42,41,3737,308887700,308940134,52435,206,bytes 308887700-308940134/492119117,52435,52435,37.401666999357985,37.43895799925667,115.092125000956,152.5688750007248,True,
3,51,3,reused-client,1,cross_256_corner,zstd_128,ZSTD,128,42,42,3738,308940143,308992671,52529,206,bytes 308940143-308992671/492119117,52529,52529,55.726041999150766,55.80095900222659,62.225208999734605,118.17041700123809,True,
3,52,3,reused-client,1,cross_512_edge,lzw_256,LZW,256,20,21,901,406841170,407119092,277923,206,bytes 406841170-407119092/661012853,277923,277923,57.06383299911977,57.14070799876936,155.85183299845085,213.02058299988857,True,
3,52,3,reused-client,1,cross_512_edge,lzw_256,LZW,256,20,22,902,407119101,407393560,274460,206,bytes 407119101-407393560/661012853,274460,274460,46.990292001282796,47.06024999904912,126.65325000125449,173.7562500020431,True,
3,53,2,reused-client,1,cross_256_edge,lzw_512,LZW,512,10,10,230,411686466,412818824,1132359,206,bytes 411686466-412818824/661107776,1132359,1132359,97.2722500009695,97.38524999920628,507.87933399988106,605.3002500011644,True,
3,54,2,reused-client,1,cross_128_corner,deflate_256,DEFLATE,256,20,20,900,306262458,306479353,216896,206,bytes 306262458-306479353/498427477,216896,216896,70.16316600129358,70.25924999834388,52.582917000108864,122.87595800080453,True,
3,55,4,reused-client,1,cross_128_edge,zstd_512,ZSTD,512,10,10,230,304767160,305606839,839680,206,bytes 304767160-305606839/490194415,839680,839680,49.5977499995206,49.67858300005901,339.19999999852735,388.91604200034635,True,
3,56,4,reused-client,1,cross_512_corner,zstd_512,ZSTD,512,10,10,230,304767160,305606839,839680,206,bytes 304767160-305606839/490194415,839680,839680,47.605374998966,47.67758399975719,310.68025000058697,358.3953749985085,True,
3,56,4,reused-client,1,cross_512_corner,zstd_512,ZSTD,512,10,11,231,305606848,306426901,820054,206,bytes 305606848-306426901/490194415,820054,820054,144.75516700258595,144.84279200041783,409.03720799906296,553.9038340029947,True,
3,56,4,reused-client,1,cross_512_corner,zstd_512,ZSTD,512,11,10,252,321640707,322458855,818149,206,bytes 321640707-322458855/490194415,818149,818149,43.47225000310573,43.52966700025718,586.1431250013993,629.7141249997367,True,
3,56,4,reused-client,1,cross_512_corner,zstd_512,ZSTD,512,11,11,253,322458864,323289120,830257,206,bytes 322458864-323289120/490194415,830257,830257,46.47866700179293,46.563374999095686,428.5357910011953,475.1602920005098,True,
3,57,4,reused-client,1,cross_256_corner,deflate_256,DEFLATE,256,20,20,900,306262458,306479353,216896,206,bytes 306262458-306479353/498427477,216896,216896,47.000459002447315,47.138917001575464,72.11087500036228,119.33150100230705,True,
3,57,4,reused-client,1,cross_256_corner,deflate_256,DEFLATE,256,20,21,901,306479362,306690064,210703,206,bytes 306479362-306690064/498427477,210703,210703,41.96237500218558,42.05533300046227,68.25729100091849,110.35091600206215,True,
3,57,4,reused-client,1,cross_256_corner,deflate_256,DEFLATE,256,21,20,944,314896453,315110145,213693,206,bytes 314896453-315110145/498427477,213693,213693,39.2284160006966,39.31958300017868,69.18329100153642,108.54166599892778,True,
3,57,4,reused-client,1,cross_256_corner,deflate_256,DEFLATE,256,21,21,945,315110154,315323387,213234,206,bytes 315110154-315323387/498427477,213234,213234,53.37608399713645,53.49012499937089,149.51174999805517,203.05441699747462,True,
3,58,5,reused-client,1,cross_512_corner,lzw_128,LZW,128,43,43,3827,421475357,421546899,71543,206,bytes 421475357-421546899/661264391,71543,71543,51.678166000783676,51.767875000223285,13.709165999898687,65.53250000069966,True,
3,58,5,reused-client,1,cross_512_corner,lzw_128,LZW,128,43,44,3828,421546908,421617252,70345,206,bytes 421546908-421617252/661264391,70345,70345,72.09291599792778,72.21124999705353,0.3816250027739443,72.61658299830742,True,
3,58,5,reused-client,1,cross_512_corner,lzw_128,LZW,128,44,43,3915,426954274,427023840,69567,206,bytes 426954274-427023840/661264391,69567,69567,47.50520800007507,47.617291998903966,4.2415000025357585,51.906000000599306,True,
3,58,5,reused-client,1,cross_512_corner,lzw_128,LZW,128,44,44,3916,427023849,427094094,70246,206,bytes 427023849-427094094/661264391,70246,70246,58.370083999761846,58.74829199819942,0.7899579977674875,59.56499999956577,True,
3,59,5,reused-client,1,cross_512_edge,lzw_256,LZW,256,20,21,901,406841170,407119092,277923,206,bytes 406841170-407119092/661012853,277923,277923,40.9269170013431,41.00429200116196,106.42045799977495,147.4820000003092,True,
3,59,5,reused-client,1,cross_512_edge,lzw_256,LZW,256,20,22,902,407119101,407393560,274460,206,bytes 407119101-407393560/661012853,274460,274460,83.24487500067335,83.3472910017008,86.46624999892083,169.8740829997405,True,
3,60,1,reused-client,1,interior,deflate_256,DEFLATE,256,20,20,900,306262458,306479353,216896,206,bytes 306262458-306479353/498427477,216896,216896,36.5499159997853,36.63208299985854,55.90933400162612,92.56683299827273,True,
3,61,5,reused-client,1,cross_256_corner,lzw_128,LZW,128,41,41,3649,409965315,410035919,70605,206,bytes 409965315-410035919/661264391,70605,70605,100.93591600161744,101.00308300025063,137.5585840032727,238.58945800020592,True,
3,61,5,reused-client,1,cross_256_corner,lzw_128,LZW,128,41,42,3650,410035928,410107613,71686,206,bytes 410035928-410107613/661264391,71686,71686,155.93279099994106,156.00012499999139,33.49566600081744,189.52129100216553,True,
3,61,5,reused-client,1,cross_256_corner,lzw_128,LZW,128,42,41,3737,415676272,415746842,70571,206,bytes 415676272-415746842/661264391,70571,70571,54.507042001205264,54.566750000958564,73.47658399885404,128.066042001592,True,
3,61,5,reused-client,1,cross_256_corner,lzw_128,LZW,128,42,42,3738,415746851,415817546,70696,206,bytes 415746851-415817546/661264391,70696,70696,115.58324999714387,115.63804199977312,21.545290997892153,137.21924999845214,True,
3,62,3,reused-client,1,cross_256_edge,deflate_256,DEFLATE,256,20,20,900,306262458,306479353,216896,206,bytes 306262458-306479353/498427477,216896,216896,44.94399999748566,45.00749999715481,168.8194590024068,213.85129199916264,True,
3,62,3,reused-client,1,cross_256_edge,deflate_256,DEFLATE,256,20,21,901,306479362,306690064,210703,206,bytes 306479362-306690064/498427477,210703,210703,39.205124998261454,39.278708998608636,166.68345800280804,205.99187499828986,True,
3,63,5,reused-client,1,cross_512_edge,zstd_256,ZSTD,256,20,21,901,301328177,301535592,207416,206,bytes 301328177-301535592/490384277,207416,207416,40.86316599932616,40.95291599878692,285.1105420013482,326.1286660017504,True,
3,63,5,reused-client,1,cross_512_edge,zstd_256,ZSTD,256,20,22,902,301535601,301739853,204253,206,bytes 301535601-301739853/490384277,204253,204253,45.454292001522845,45.53587500049616,326.51979199727066,372.16941700171446,True,
3,64,5,reused-client,1,cross_512_edge,zstd_128,ZSTD,128,40,43,3563,300386704,300438476,51773,206,bytes 300386704-300438476/492119117,51773,51773,41.96570899875951,42.07591699741897,46.45895900102914,88.5954999976093,True,
3,64,5,reused-client,1,cross_512_edge,zstd_128,ZSTD,128,40,44,3564,300438485,300489278,50794,206,bytes 300438485-300489278/492119117,50794,50794,37.79774999929941,37.86362499886309,77.07537500027684,114.97662499823491,True,
3,65,2,reused-client,1,cross_256_edge,deflate_512,DEFLATE,512,10,10,230,310426888,311281522,854635,206,bytes 310426888-311281522/499024403,854635,854635,35.52658300031908,35.59237500303425,718.6955840006704,754.3375000022934,True,
3,66,2,reused-client,1,cross_128_edge,deflate_256,DEFLATE,256,20,20,900,306262458,306479353,216896,206,bytes 306262458-306479353/498427477,216896,216896,75.4561250032566,75.57441700191703,95.95537499990314,171.55912500311388,True,
3,67,3,reused-client,1,cross_128_corner,lzw_512,LZW,512,10,10,230,411686466,412818824,1132359,206,bytes 411686466-412818824/661107776,1132359,1132359,78.0518329993356,78.10624999910942,1016.5429999979096,1094.767458998831,True,
3,68,1,reused-client,1,cross_512_corner,zstd_512,ZSTD,512,10,10,230,304767160,305606839,839680,206,bytes 304767160-305606839/490194415,839680,839680,47.872374998405576,47.9393749992596,624.2842089995975,672.2612499979732,True,
3,68,1,reused-client,1,cross_512_corner,zstd_512,ZSTD,512,10,11,231,305606848,306426901,820054,206,bytes 305606848-306426901/490194415,820054,820054,70.78200000250945,70.87695800146321,439.4421670003794,510.42674999916926,True,
3,68,1,reused-client,1,cross_512_corner,zstd_512,ZSTD,512,11,10,252,321640707,322458855,818149,206,bytes 321640707-322458855/490194415,818149,818149,60.32829200194101,60.43054200199549,411.1988749973534,471.6749590006657,True,
3,68,1,reused-client,1,cross_512_corner,zstd_512,ZSTD,512,11,11,253,322458864,323289120,830257,206,bytes 322458864-323289120/490194415,830257,830257,51.58237499927054,51.6931249985646,366.0510419977072,417.81025100135594,True,
3,69,3,reused-client,1,cross_512_edge,lzw_128,LZW,128,40,43,3563,404303630,404372483,68854,206,bytes 404303630-404372483/661264391,68854,68854,75.60795900280937,75.72799999979907,1.743374999932712,77.49995899939677,True,
3,69,3,reused-client,1,cross_512_edge,lzw_128,LZW,128,40,44,3564,404372492,404440436,67945,206,bytes 404372492-404440436/661264391,67945,67945,37.317624999559484,37.40612500041607,5.563541999435984,43.001707999792416,True,
3,70,4,reused-client,1,cross_256_edge,zstd_512,ZSTD,512,10,10,230,304767160,305606839,839680,206,bytes 304767160-305606839/490194415,839680,839680,67.15995799822849,67.27895799849648,286.61666699917987,353.9722499990603,True,
3,71,4,reused-client,1,cross_512_edge,zstd_512,ZSTD,512,10,10,230,304767160,305606839,839680,206,bytes 304767160-305606839/490194415,839680,839680,135.99316700128838,136.0949170011736,216.58749999915017,352.73379200225463,True,
3,71,4,reused-client,1,cross_512_edge,zstd_512,ZSTD,512,10,11,231,305606848,306426901,820054,206,bytes 305606848-306426901/490194415,820054,820054,43.33283400046639,43.45150000153808,171.01199999888195,214.4862089990056,True,
3,72,2,reused-client,1,cross_256_edge,zstd_256,ZSTD,256,20,20,900,301115142,301328168,213027,206,bytes 301115142-301328168/490384277,213027,213027,42.00312499961001,42.08337499949266,52.182791998347966,94.28974999900674,True,
3,72,2,reused-client,1,cross_256_edge,zstd_256,ZSTD,256,20,21,901,301328177,301535592,207416,206,bytes 301328177-301535592/490384277,207416,207416,61.999542002013186,62.0843340002466,77.24958399921888,139.3587500024296,True,
3,73,4,reused-client,1,cross_128_edge,deflate_128,DEFLATE,128,40,40,3560,305047460,305102560,55101,206,bytes 305047460-305102560/499617324,55101,55101,43.33283300002222,43.359875002352055,3.6033329997735564,46.972791002190206,True,
3,73,4,reused-client,1,cross_128_edge,deflate_128,DEFLATE,128,40,41,3561,305102569,305156400,53832,206,bytes 305102569-305156400/499617324,53832,53832,42.1534579982108,42.17699999935576,0.0771670020185411,42.25924999991548,True,
3,74,1,reused-client,1,cross_256_corner,lzw_512,LZW,512,10,10,230,411686466,412818824,1132359,206,bytes 411686466-412818824/661107776,1132359,1132359,62.61416699999245,62.66887500169105,423.35791699952097,486.04933400201844,True,
3,75,1,reused-client,1,cross_128_corner,lzw_512,LZW,512,10,10,230,411686466,412818824,1132359,206,bytes 411686466-412818824/661107776,1132359,1132359,61.312417001317954,61.36458399851108,332.50116700219223,393.88816700011375,True,
3,76,4,reused-client,1,cross_128_edge,zstd_256,ZSTD,256,20,20,900,301115142,301328168,213027,206,bytes 301115142-301328168/490384277,213027,213027,84.57650000127614,84.67587500126683,44.84849999789731,129.546083000605,True,
3,77,4,reused-client,1,cross_512_corner,deflate_512,DEFLATE,512,10,10,230,310426888,311281522,854635,206,bytes 310426888-311281522/499024403,854635,854635,34.139999999752035,34.27400000146008,299.4715839995479,333.773750000546,True,
3,77,4,reused-client,1,cross_512_corner,deflate_512,DEFLATE,512,10,11,231,311281531,312113785,832255,206,bytes 311281531-312113785/499024403,832255,832255,38.82066699952702,38.94212500017602,237.39012499936507,276.3582920015324,True,
3,77,4,reused-client,1,cross_512_corner,deflate_512,DEFLATE,512,11,10,252,327623520,328452071,828552,206,bytes 327623520-328452071/499024403,828552,828552,61.01041700094356,61.071457999787526,205.87300099941785,266.9798749993788,True,
3,77,4,reused-client,1,cross_512_corner,deflate_512,DEFLATE,512,11,11,253,328452080,329294883,842804,206,bytes 328452080-329294883/499024403,842804,842804,69.13966700085439,69.20104200253263,420.9529580002709,490.19329200018547,True,
3,78,1,reused-client,1,cross_256_corner,deflate_512,DEFLATE,512,10,10,230,310426888,311281522,854635,206,bytes 310426888-311281522/499024403,854635,854635,36.961957997846184,37.17970799698378,469.70600100030424,506.9050839992997,True,
3,79,4,reused-client,1,cross_512_corner,lzw_256,LZW,256,21,21,945,418246405,418529582,283178,206,bytes 418246405-418529582/661012853,283178,283178,31.260207997547695,31.329875000665197,167.16558400003123,198.55370799996308,True,
3,79,4,reused-client,1,cross_512_corner,lzw_256,LZW,256,21,22,946,418529591,418807664,278074,206,bytes 418529591-418807664/661012853,278074,278074,51.93100000178674,52.04487499941024,124.76325000170618,176.8566249993455,True,
3,79,4,reused-client,1,cross_512_corner,lzw_256,LZW,256,22,21,989,429313097,429591287,278191,206,bytes 429313097-429591287/661012853,278191,278191,39.945292002812494,40.0545830016199,204.89666600042256,244.99120800101082,True,
3,79,4,reused-client,1,cross_512_corner,lzw_256,LZW,256,22,22,990,429591296,429871211,279916,206,bytes 429591296-429871211/661012853,279916,279916,41.7641670028388,41.8454999999085,107.30787500142469,149.2034170005354,True,
3,80,2,reused-client,1,cross_256_edge,lzw_256,LZW,256,20,20,900,406553924,406841161,287238,206,bytes 406553924-406841161/661012853,287238,287238,40.959417001431575,41.092082999966806,142.57558299868833,183.70729199887137,True,
3,80,2,reused-client,1,cross_256_edge,lzw_256,LZW,256,20,21,901,406841170,407119092,277923,206,bytes 406841170-407119092/661012853,277923,277923,49.43799999819021,49.51491600149893,183.85374999706983,233.42854200018337,True,
3,81,1,reused-client,1,interior,zstd_128,ZSTD,128,40,40,3560,300228058,300282104,54047,206,bytes 300228058-300282104/492119117,54047,54047,64.68929200127604,64.81016700126929,0.33641700065345503,65.16850000116392,True,
3,82,4,reused-client,1,cross_512_corner,deflate_128,DEFLATE,128,43,43,3827,318224016,318278030,54015,206,bytes 318224016-318278030/499617324,54015,54015,55.85708299986436,55.98325000028126,4.893540997727541,60.907915998541284,True,
3,82,4,reused-client,1,cross_512_corner,deflate_128,DEFLATE,128,43,44,3828,318278039,318331048,53010,206,bytes 318278039-318331048/499617324,53010,53010,39.83387500193203,39.899416002299404,3.6765839977306314,43.60712500056252,True,
3,82,4,reused-client,1,cross_512_corner,deflate_128,DEFLATE,128,44,43,3915,322379939,322432680,52742,206,bytes 322379939-322432680/499617324,52742,52742,54.92766699899221,54.99433300064993,9.574708001309773,64.601792000758,True,
3,82,4,reused-client,1,cross_512_corner,deflate_128,DEFLATE,128,44,44,3916,322432689,322485817,53129,206,bytes 322432689-322485817/499617324,53129,53129,168.07579200030887,168.1957090004289,0.45570799920824356,168.67574999923818,True,
3,83,2,reused-client,1,cross_512_corner,zstd_128,ZSTD,128,43,43,3827,313219659,313272608,52950,206,bytes 313219659-313272608/492119117,52950,52950,44.70591599965701,44.833833002485335,34.95375000056811,79.8407500005851,True,
3,83,2,reused-client,1,cross_512_corner,zstd_128,ZSTD,128,43,44,3828,313272617,313324753,52137,206,bytes 313272617-313324753/492119117,52137,52137,48.54837499806308,48.79116699885344,0.4170419997535646,49.22991700004786,True,
3,83,2,reused-client,1,cross_512_corner,zstd_128,ZSTD,128,44,43,3915,317314658,317366615,51958,206,bytes 317314658-317366615/492119117,51958,51958,62.059417003183626,62.13233300150023,0.2888330018322449,62.436792002699804,True,
3,83,2,reused-client,1,cross_512_corner,zstd_128,ZSTD,128,44,44,3916,317366624,317418939,52316,206,bytes 317366624-317418939/492119117,52316,52316,34.53733299829764,34.614791999047156,5.771416999778012,40.40974999952596,True,
3,84,1,reused-client,1,cross_128_edge,lzw_512,LZW,512,10,10,230,411686466,412818824,1132359,206,bytes 411686466-412818824/661107776,1132359,1132359,36.73970800082316,36.813040998822544,370.6950000014331,407.5635829976818,True,
3,85,4,reused-client,1,interior,lzw_256,LZW,256,20,20,900,406553924,406841161,287238,206,bytes 406553924-406841161/661012853,287238,287238,47.45287500190898,47.51183299958939,59.94454100073199,107.49762500199722,True,
3,86,1,reused-client,1,cross_512_edge,deflate_256,DEFLATE,256,20,21,901,306479362,306690064,210703,206,bytes 306479362-306690064/498427477,210703,210703,50.38649999914924,50.518291998741915,416.3008750001609,466.8813339994813,True,
3,86,1,reused-client,1,cross_512_edge,deflate_256,DEFLATE,256,20,22,902,306690073,306897377,207305,206,bytes 306690073-306897377/498427477,207305,207305,56.424124999466585,56.54845800017938,119.32308399991598,175.93750000014552,True,
3,87,4,reused-client,1,cross_256_edge,zstd_128,ZSTD,128,40,41,3561,300282113,300335031,52919,206,bytes 300282113-300335031/492119117,52919,52919,40.92579200005275,41.03804199985461,33.1697500005248,74.26966700222692,True,
3,87,4,reused-client,1,cross_256_edge,zstd_128,ZSTD,128,40,42,3562,300335040,300386695,51656,206,bytes 300335040-300386695/492119117,51656,51656,102.2703749986249,102.4061249991064,71.07195800199406,173.53633399761748,True,
3,88,3,reused-client,1,cross_128_corner,zstd_128,ZSTD,128,40,40,3560,300228058,300282104,54047,206,bytes 300228058-300282104/492119117,54047,54047,161.14208400176722,161.22316700057127,30.220500000723405,191.4850840003055,True,
3,88,3,reused-client,1,cross_128_corner,zstd_128,ZSTD,128,40,41,3561,300282113,300335031,52919,206,bytes 300282113-300335031/492119117,52919,52919,44.40183300175704,44.57762500169338,36.68808300062665,81.30600000004051,True,
3,88,3,reused-client,1,cross_128_corner,zstd_128,ZSTD,128,41,40,3648,304567089,304621133,54045,206,bytes 304567089-304621133/492119117,54045,54045,67.5045419993694,67.60970799950883,92.84933299932163,160.52475000105915,True,
3,88,3,reused-client,1,cross_128_corner,zstd_128,ZSTD,128,41,41,3649,304621142,304673679,52538,206,bytes 304621142-304673679/492119117,52538,52538,67.58679099948495,67.7413749981497,0.4599579988280311,68.22425000063959,True,
3,89,5,reused-client,1,interior,lzw_256,LZW,256,20,20,900,406553924,406841161,287238,206,bytes 406553924-406841161/661012853,287238,287238,47.49891699975706,47.61658400093438,150.69491699978244,198.3756670015282,True,
3,90,3,reused-client,1,cross_256_edge,zstd_256,ZSTD,256,20,20,900,301115142,301328168,213027,206,bytes 301115142-301328168/490384277,213027,213027,48.20062500220956,48.31720900256187,79.13591699980316,127.51533400296466,True,
3,90,3,reused-client,1,cross_256_edge,zstd_256,ZSTD,256,20,21,901,301328177,301535592,207416,206,bytes 301328177-301535592/490384277,207416,207416,43.38804199869628,43.51837500144029,71.51279200115823,115.0942499989469,True,
3,91,3,reused-client,1,cross_512_edge,lzw_512,LZW,512,10,10,230,411686466,412818824,1132359,206,bytes 411686466-412818824/661107776,1132359,1132359,54.374457999074366,54.48437499944703,485.0277509976877,539.5721249988128,True,
3,91,3,reused-client,1,cross_512_edge,lzw_512,LZW,512,10,11,231,412818833,413920320,1101488,206,bytes 412818833-413920320/661107776,1101488,1101488,54.915875000006054,55.03333399974508,1281.299999998737,1336.4144180013682,True,
3,92,3,reused-client,1,cross_512_corner,zstd_512,ZSTD,512,10,10,230,304767160,305606839,839680,206,bytes 304767160-305606839/490194415,839680,839680,52.80937499992433,52.931207999790786,917.4673750021611,970.4214590019546,True,
3,92,3,reused-client,1,cross_512_corner,zstd_512,ZSTD,512,10,11,231,305606848,306426901,820054,206,bytes 305606848-306426901/490194415,820054,820054,38.79349999988335,38.853166999615496,915.3363750010612,954.2398339981446,True,
3,92,3,reused-client,1,cross_512_corner,zstd_512,ZSTD,512,11,10,252,321640707,322458855,818149,206,bytes 321640707-322458855/490194415,818149,818149,138.88233400211902,138.9255009999033,659.3672509989119,798.3061260019895,True,
3,92,3,reused-client,1,cross_512_corner,zstd_512,ZSTD,512,11,11,253,322458864,323289120,830257,206,bytes 322458864-323289120/490194415,830257,830257,33.840791998954955,33.89420899839024,532.1828329979326,566.1412499975995,True,
3,93,2,reused-client,1,cross_256_corner,zstd_256,ZSTD,256,20,20,900,301115142,301328168,213027,206,bytes 301115142-301328168/490384277,213027,213027,45.88250000233529,45.98387500300305,92.30179199948907,138.34200100245653,True,
3,93,2,reused-client,1,cross_256_corner,zstd_256,ZSTD,256,20,21,901,301328177,301535592,207416,206,bytes 301328177-301535592/490384277,207416,207416,55.0613749983313,55.19162500058883,171.12354200071422,226.36412499923608,True,
3,93,2,reused-client,1,cross_256_corner,zstd_256,ZSTD,256,21,20,944,309614499,309824334,209836,206,bytes 309614499-309824334/490384277,209836,209836,41.87520800041966,41.988208002294414,221.28541699930793,263.2969170008437,True,
3,93,2,reused-client,1,cross_256_corner,zstd_256,ZSTD,256,21,21,945,309824343,310033910,209568,206,bytes 309824343-310033910/490384277,209568,209568,71.16041699919151,71.25037500009057,111.68354199980968,182.9938749979192,True,
3,94,2,reused-client,1,cross_256_corner,lzw_128,LZW,128,41,41,3649,409965315,410035919,70605,206,bytes 409965315-410035919/661264391,70605,70605,64.21654199948534,64.3398749998596,49.1030419980234,113.50629200023832,True,
3,94,2,reused-client,1,cross_256_corner,lzw_128,LZW,128,41,42,3650,410035928,410107613,71686,206,bytes 410035928-410107613/661264391,71686,71686,48.567666999588255,48.6823329993058,25.962832998629892,74.70979199933936,True,
3,94,2,reused-client,1,cross_256_corner,lzw_128,LZW,128,42,41,3737,415676272,415746842,70571,206,bytes 415676272-415746842/661264391,70571,70571,76.8613340005686,76.98829199944157,25.66645799743128,102.71566699884715,True,
3,94,2,reused-client,1,cross_256_corner,lzw_128,LZW,128,42,42,3738,415746851,415817546,70696,206,bytes 415746851-415817546/661264391,70696,70696,83.1618329975754,83.36712500022259,22.074500000599073,105.53425000034622,True,
3,95,5,reused-client,1,cross_128_corner,zstd_128,ZSTD,128,40,40,3560,300228058,300282104,54047,206,bytes 300228058-300282104/492119117,54047,54047,42.1637079998618,42.31645799882244,4.448499999853084,46.79475000011735,True,
3,95,5,reused-client,1,cross_128_corner,zstd_128,ZSTD,128,40,41,3561,300282113,300335031,52919,206,bytes 300282113-300335031/492119117,52919,52919,55.358374997013016,55.46833299740683,0.4053329976159148,55.9181249991525,True,
3,95,5,reused-client,1,cross_128_corner,zstd_128,ZSTD,128,41,40,3648,304567089,304621133,54045,206,bytes 304567089-304621133/492119117,54045,54045,93.86900000026799,94.01324999998906,11.296749999019084,105.37870800180826,True,
3,95,5,reused-client,1,cross_128_corner,zstd_128,ZSTD,128,41,41,3649,304621142,304673679,52538,206,bytes 304621142-304673679/492119117,52538,52538,56.525333999161376,56.63283399917418,2.022832999500679,58.68154199924902,True,
3,96,4,reused-client,1,cross_128_corner,lzw_128,LZW,128,40,40,3560,404091050,404163820,72771,206,bytes 404091050-404163820/661264391,72771,72771,50.401790998876095,50.513415997556876,35.91991600114852,86.49729099852266,True,
3,96,4,reused-client,1,cross_128_corner,lzw_128,LZW,128,40,41,3561,404163829,404234861,71033,206,bytes 404163829-404234861/661264391,71033,71033,105.06458300005761,105.177833000198,4.280667002603877,109.49216700100806,True,
3,96,4,reused-client,1,cross_128_corner,lzw_128,LZW,128,41,40,3648,409892800,409965306,72507,206,bytes 409892800-409965306/661264391,72507,72507,106.74916700008907,106.86200000054669,9.02683299864293,115.92295800073771,True,
3,96,4,reused-client,1,cross_128_corner,lzw_128,LZW,128,41,41,3649,409965315,410035919,70605,206,bytes 409965315-410035919/661264391,70605,70605,70.80724999832455,70.91574999867589,5.521999999473337,76.47091699982411,True,
3,97,4,reused-client,1,interior,lzw_128,LZW,128,40,40,3560,404091050,404163820,72771,206,bytes 404091050-404163820/661264391,72771,72771,84.38824999757344,84.50241699756589,10.004333998949733,94.5445839970489,True,
3,98,3,reused-client,1,interior,zstd_256,ZSTD,256,20,20,900,301115142,301328168,213027,206,bytes 301115142-301328168/490384277,213027,213027,53.26712500027497,53.38504099927377,76.29762500073412,129.76100000014412,True,
3,99,3,reused-client,1,cross_256_edge,deflate_512,DEFLATE,512,10,10,230,310426888,311281522,854635,206,bytes 310426888-311281522/499024403,854635,854635,53.77329100156203,53.902957999525825,356.03474999879836,409.98079199925996,True,
3,100,1,reused-client,1,cross_128_edge,deflate_512,DEFLATE,512,10,10,230,310426888,311281522,854635,206,bytes 310426888-311281522/499024403,854635,854635,44.08129100193037,44.15529100151616,304.016624999349,348.2049160011229,True,
3,101,2,reused-client,1,cross_128_edge,lzw_512,LZW,512,10,10,230,411686466,412818824,1132359,206,bytes 411686466-412818824/661107776,1132359,1132359,45.967417001520516,46.06449999846518,393.0102079975768,439.13858399901073,True,
3,102,4,reused-client,1,cross_512_edge,lzw_256,LZW,256,20,21,901,406841170,407119092,277923,206,bytes 406841170-407119092/661012853,277923,277923,97.07299999718089,97.18529199744808,81.00516600097762,178.2467919983901,True,
3,102,4,reused-client,1,cross_512_edge,lzw_256,LZW,256,20,22,902,407119101,407393560,274460,206,bytes 407119101-407393560/661012853,274460,274460,56.52162499973201,56.6268750008021,307.01500000213855,363.7046260009811,True,
3,103,3,reused-client,1,cross_256_corner,lzw_128,LZW,128,41,41,3649,409965315,410035919,70605,206,bytes 409965315-410035919/661264391,70605,70605,63.912334000633564,64.02595899999142,26.073916000314057,90.15799999906449,True,
3,103,3,reused-client,1,cross_256_corner,lzw_128,LZW,128,41,42,3650,410035928,410107613,71686,206,bytes 410035928-410107613/661264391,71686,71686,256.2285419990076,256.324666999717,29.365250000410015,285.74829200078966,True,
3,103,3,reused-client,1,cross_256_corner,lzw_128,LZW,128,42,41,3737,415676272,415746842,70571,206,bytes 415676272-415746842/661264391,70571,70571,48.63762499735458,48.80962499737507,46.581001002778066,95.44595899933483,True,
3,103,3,reused-client,1,cross_256_corner,lzw_128,LZW,128,42,42,3738,415746851,415817546,70696,206,bytes 415746851-415817546/661264391,70696,70696,46.003333998669405,46.11162500077626,24.096375000226544,70.25583399808966,True,
3,104,1,reused-client,1,interior,zstd_512,ZSTD,512,10,10,230,304767160,305606839,839680,206,bytes 304767160-305606839/490194415,839680,839680,40.93070900125895,41.04150000057416,657.389083000453,698.4925840006326,True,
3,105,3,reused-client,1,cross_128_edge,zstd_512,ZSTD,512,10,10,230,304767160,305606839,839680,206,bytes 304767160-305606839/490194415,839680,839680,45.304291998036206,45.42799999762792,403.3843750003143,448.88141699993866,True,
3,106,1,reused-client,1,cross_128_edge,lzw_128,LZW,128,40,40,3560,404091050,404163820,72771,206,bytes 404091050-404163820/661264391,72771,72771,51.5804169990588,51.71837499801768,0.5407499993452802,52.286666999862064,True,
3,106,1,reused-client,1,cross_128_edge,lzw_128,LZW,128,40,41,3561,404163829,404234861,71033,206,bytes 404163829-404234861/661264391,71033,71033,85.28195699909702,85.43020700017223,0.4371249997348059,85.88958199834451,True,
3,107,4,reused-client,1,interior,deflate_512,DEFLATE,512,10,10,230,310426888,311281522,854635,206,bytes 310426888-311281522/499024403,854635,854635,48.22987499937881,48.33916599818622,709.1495009990467,757.554916999652,True,
3,108,2,reused-client,1,cross_256_corner,lzw_512,LZW,512,10,10,230,411686466,412818824,1132359,206,bytes 411686466-412818824/661107776,1132359,1132359,50.05887500010431,50.16737500045565,929.7415419969184,979.9716670022462,True,
3,109,1,reused-client,1,cross_256_corner,zstd_512,ZSTD,512,10,10,230,304767160,305606839,839680,206,bytes 304767160-305606839/490194415,839680,839680,57.3317499984114,57.46683299730648,404.69274999850313,462.20899999752874,True,
3,110,3,reused-client,1,cross_512_corner,lzw_512,LZW,512,10,10,230,411686466,412818824,1132359,206,bytes 411686466-412818824/661107776,1132359,1132359,141.28441700086114,141.39554199937265,482.9429589990468,624.4014170006267,True,
3,110,3,reused-client,1,cross_512_corner,lzw_512,LZW,512,10,11,231,412818833,413920320,1101488,206,bytes 412818833-413920320/661107776,1101488,1101488,60.632249998889165,60.75399999826914,506.27370800066274,567.0921249984531,True,
3,110,3,reused-client,1,cross_512_corner,lzw_512,LZW,512,11,10,252,434325460,435426146,1100687,206,bytes 434325460-435426146/661107776,1100687,1100687,48.99841699807439,49.10212499817135,562.7182089992857,611.8636669998523,True,
3,110,3,reused-client,1,cross_512_corner,lzw_512,LZW,512,11,11,253,435426155,436544622,1118468,206,bytes 435426155-436544622/661107776,1118468,1118468,68.8832910018391,69.04125000073691,528.0619999975897,597.1687080018455,True,
3,111,4,reused-client,1,cross_512_edge,deflate_128,DEFLATE,128,40,43,3563,305208773,305261361,52589,206,bytes 305208773-305261361/499617324,52589,52589,56.38529199859477,56.518749999668216,2.192040999943856,58.73066699859919,True,
3,111,4,reused-client,1,cross_512_edge,deflate_128,DEFLATE,128,40,44,3564,305261370,305312689,51320,206,bytes 305261370-305312689/499617324,51320,51320,57.83737499950803,57.98658300045645,5.30270799936261,63.32012499842676,True,
3,112,1,reused-client,1,cross_256_corner,zstd_128,ZSTD,128,41,41,3649,304621142,304673679,52538,206,bytes 304621142-304673679/492119117,52538,52538,74.37020799989114,74.50229199821479,7.61383300050511,82.14516699808883,True,
3,112,1,reused-client,1,cross_256_corner,zstd_128,ZSTD,128,41,42,3650,304673688,304726888,53201,206,bytes 304673688-304726888/492119117,53201,53201,67.00762499895063,67.11749999885797,0.4547499993350357,67.59299999976065,True,
3,112,1,reused-client,1,cross_256_corner,zstd_128,ZSTD,128,42,41,3737,308887700,308940134,52435,206,bytes 308887700-308940134/492119117,52435,52435,57.645625001896406,57.7734580001561,1.1677919974317774,58.96766700243461,True,
3,112,1,reused-client,1,cross_256_corner,zstd_128,ZSTD,128,42,42,3738,308940143,308992671,52529,206,bytes 308940143-308992671/492119117,52529,52529,58.987208001781255,59.04695800199988,4.916833000606857,63.986041001044214,True,
3,113,4,reused-client,1,cross_512_edge,lzw_512,LZW,512,10,10,230,411686466,412818824,1132359,206,bytes 411686466-412818824/661107776,1132359,1132359,52.927957996871555,53.003124998213025,435.5169170012232,488.5589160003292,True,
3,113,4,reused-client,1,cross_512_edge,lzw_512,LZW,512,10,11,231,412818833,413920320,1101488,206,bytes 412818833-413920320/661107776,1101488,1101488,43.610458000330254,43.6838749992603,324.5000839997374,368.2090000002063,True,
3,114,3,reused-client,1,cross_128_corner,deflate_512,DEFLATE,512,10,10,230,310426888,311281522,854635,206,bytes 310426888-311281522/499024403,854635,854635,48.32774999886169,48.35737499888637,248.93620900184033,297.33800000030897,True,
3,115,2,reused-client,1,cross_256_edge,deflate_128,DEFLATE,128,40,41,3561,305102569,305156400,53832,206,bytes 305102569-305156400/499617324,53832,53832,52.35683299906668,52.469375001237495,7.455333001416875,59.966749999148306,True,
3,115,2,reused-client,1,cross_256_edge,deflate_128,DEFLATE,128,40,42,3562,305156409,305208764,52356,206,bytes 305156409-305208764/499617324,52356,52356,38.727792001736816,38.85625000111759,6.03387499722885,44.921500000782544,True,
3,116,5,reused-client,1,cross_128_corner,lzw_128,LZW,128,40,40,3560,404091050,404163820,72771,206,bytes 404091050-404163820/661264391,72771,72771,79.39354100017226,79.46591600193642,5.370083999878261,84.90366600017296,True,
3,116,5,reused-client,1,cross_128_corner,lzw_128,LZW,128,40,41,3561,404163829,404234861,71033,206,bytes 404163829-404234861/661264391,71033,71033,65.70579099934548,65.7399580013589,102.2471249998489,168.00862500167568,True,
3,116,5,reused-client,1,cross_128_corner,lzw_128,LZW,128,41,40,3648,409892800,409965306,72507,206,bytes 409892800-409965306/661264391,72507,72507,35.66191699792398,35.72108399748686,6.055292000382906,41.7966669992893,True,
3,116,5,reused-client,1,cross_128_corner,lzw_128,LZW,128,41,41,3649,409965315,410035919,70605,206,bytes 409965315-410035919/661264391,70605,70605,34.858541999710724,34.91937500075437,6.008958000165876,40.95308400064823,True,
3,117,1,reused-client,1,cross_512_edge,lzw_128,LZW,128,40,43,3563,404303630,404372483,68854,206,bytes 404303630-404372483/661264391,68854,68854,43.436583000584505,43.50562499894295,12.53908400030923,56.0803330008639,True,
3,117,1,reused-client,1,cross_512_edge,lzw_128,LZW,128,40,44,3564,404372492,404440436,67945,206,bytes 404372492-404440436/661264391,67945,67945,38.61779200087767,38.70116700272774,5.436332998215221,44.16270799993072,True,
3,118,5,reused-client,1,cross_128_corner,deflate_256,DEFLATE,256,20,20,900,306262458,306479353,216896,206,bytes 306262458-306479353/498427477,216896,216896,39.989083001273684,40.05841700200108,79.10458300102619,119.22370799948112,True,
3,119,3,reused-client,1,interior,lzw_256,LZW,256,20,20,900,406553924,406841161,287238,206,bytes 406553924-406841161/661012853,287238,287238,54.059083999163704,54.171334002603544,99.2230420015403,153.44750100121018,True,
3,120,4,reused-client,1,cross_256_corner,zstd_512,ZSTD,512,10,10,230,304767160,305606839,839680,206,bytes 304767160-305606839/490194415,839680,839680,77.9230420012027,77.96170900110155,497.15820900019025,575.1805840009183,True,
3,121,4,reused-client,1,cross_128_edge,zstd_128,ZSTD,128,40,40,3560,300228058,300282104,54047,206,bytes 300228058-300282104/492119117,54047,54047,43.355500001780456,43.45449999891571,35.02779200061923,78.53412500116974,True,
3,121,4,reused-client,1,cross_128_edge,zstd_128,ZSTD,128,40,41,3561,300282113,300335031,52919,206,bytes 300282113-300335031/492119117,52919,52919,57.98625099851051,58.10775099962484,18.87524999983725,77.03575100094895,True,
3,122,1,reused-client,1,cross_256_corner,lzw_256,LZW,256,20,20,900,406553924,406841161,287238,206,bytes 406553924-406841161/661012853,287238,287238,48.81716599993524,48.97095799969975,140.12620800349396,189.16320800053654,True,
3,122,1,reused-client,1,cross_256_corner,lzw_256,LZW,256,20,21,901,406841170,407119092,277923,206,bytes 406841170-407119092/661012853,277923,277923,52.38699999972596,52.991417000157526,130.39304099947913,183.43679199824692,True,
3,122,1,reused-client,1,cross_256_corner,lzw_256,LZW,256,21,20,944,417962328,418246396,284069,206,bytes 417962328-418246396/661012853,284069,284069,46.514916997693945,46.6300419975596,112.87858400100959,159.5750419983233,True,
3,122,1,reused-client,1,cross_256_corner,lzw_256,LZW,256,21,21,945,418246405,418529582,283178,206,bytes 418246405-418529582/661012853,283178,283178,51.828374998876825,51.93837499973597,115.24612499852083,167.22008400029154,True,
3,123,5,reused-client,1,cross_512_edge,deflate_128,DEFLATE,128,40,43,3563,305208773,305261361,52589,206,bytes 305208773-305261361/499617324,52589,52589,40.258375000121305,40.350667000893736,18.26775000154157,58.72354199891561,True,
3,123,5,reused-client,1,cross_512_edge,deflate_128,DEFLATE,128,40,44,3564,305261370,305312689,51320,206,bytes 305261370-305312689/499617324,51320,51320,45.70037500161561,45.75437500170665,92.48208300050464,138.25033400280518,True,
3,124,3,reused-client,1,cross_128_corner,lzw_128,LZW,128,40,40,3560,404091050,404163820,72771,206,bytes 404091050-404163820/661264391,72771,72771,40.33437500038417,40.4053339989332,28.701415998511948,69.14866700026323,True,
3,124,3,reused-client,1,cross_128_corner,lzw_128,LZW,128,40,41,3561,404163829,404234861,71033,206,bytes 404163829-404234861/661264391,71033,71033,44.29145899848663,44.40345900002285,34.68283300026087,79.14645899654715,True,
3,124,3,reused-client,1,cross_128_corner,lzw_128,LZW,128,41,40,3648,409892800,409965306,72507,206,bytes 409892800-409965306/661264391,72507,72507,188.26708299820893,188.49620800028788,37.015124999015825,225.5692500002624,True,
3,124,3,reused-client,1,cross_128_corner,lzw_128,LZW,128,41,41,3649,409965315,410035919,70605,206,bytes 409965315-410035919/661264391,70605,70605,40.963625000586035,41.062333999434486,24.732207999477396,65.83858399972087,True,
3,125,3,reused-client,1,cross_256_corner,deflate_256,DEFLATE,256,20,20,900,306262458,306479353,216896,206,bytes 306262458-306479353/498427477,216896,216896,48.26275100276689,48.35650099994382,417.1111660034512,465.50704200126347,True,
3,125,3,reused-client,1,cross_256_corner,deflate_256,DEFLATE,256,20,21,901,306479362,306690064,210703,206,bytes 306479362-306690064/498427477,210703,210703,47.722541999974055,47.810833999392344,197.02829199741245,244.90000100195175,True,
3,125,3,reused-client,1,cross_256_corner,deflate_256,DEFLATE,256,21,20,944,314896453,315110145,213693,206,bytes 314896453-315110145/498427477,213693,213693,43.47941699961666,43.598917000053916,116.78116700204555,160.43687499768566,True,
3,125,3,reused-client,1,cross_256_corner,deflate_256,DEFLATE,256,21,21,945,315110154,315323387,213234,206,bytes 315110154-315323387/498427477,213234,213234,44.19120799866505,44.318374999420485,80.41208299982827,124.78204099897994,True,
3,126,5,reused-client,1,cross_256_edge,deflate_128,DEFLATE,128,40,41,3561,305102569,305156400,53832,206,bytes 305102569-305156400/499617324,53832,53832,171.9974590014317,172.08550000214018,218.9180409986875,391.05366700096056,True,
3,126,5,reused-client,1,cross_256_edge,deflate_128,DEFLATE,128,40,42,3562,305156409,305208764,52356,206,bytes 305156409-305208764/499617324,52356,52356,61.95999999908963,62.079708000965184,26.393916999950306,88.52120799929253,True,
3,127,3,reused-client,1,cross_256_corner,deflate_512,DEFLATE,512,10,10,230,310426888,311281522,854635,206,bytes 310426888-311281522/499024403,854635,854635,50.485416999435984,50.594708998687565,741.0796259973722,791.7287089985621,True,
3,128,3,reused-client,1,cross_256_edge,lzw_128,LZW,128,40,41,3561,404163829,404234861,71033,206,bytes 404163829-404234861/661264391,71033,71033,49.20995800057426,49.320457997964695,25.8109999995213,75.18712499950198,True,
3,128,3,reused-client,1,cross_256_edge,lzw_128,LZW,128,40,42,3562,404234870,404303621,68752,206,bytes 404234870-404303621/661264391,68752,68752,53.483542000321904,53.58045899993158,47.8457499993965,101.48416700030793,True,
3,129,3,reused-client,1,interior,zstd_512,ZSTD,512,10,10,230,304767160,305606839,839680,206,bytes 304767160-305606839/490194415,839680,839680,39.95616699830862,40.06787499747588,565.1862080012506,605.305833996681,True,
3,130,1,reused-client,1,cross_128_corner,deflate_256,DEFLATE,256,20,20,900,306262458,306479353,216896,206,bytes 306262458-306479353/498427477,216896,216896,98.79270800229278,99.03375000067172,64.721875001851,163.85725000145612,True,
3,131,3,reused-client,1,cross_512_corner,zstd_256,ZSTD,256,21,21,945,309824343,310033910,209568,206,bytes 309824343-310033910/490384277,209568,209568,47.352375000627944,47.565832999680424,70.50812500165193,118.10412500199163,True,
3,131,3,reused-client,1,cross_512_corner,zstd_256,ZSTD,256,21,22,946,310033919,310240520,206602,206,bytes 310033919-310240520/490384277,206602,206602,52.7636659971904,52.83808299645898,64.13487499958137,117.00283299796865,True,
3,131,3,reused-client,1,cross_512_corner,zstd_256,ZSTD,256,22,21,989,318075010,318281956,206947,206,bytes 318075010-318281956/490384277,206947,206947,334.75991700106533,334.8773750003602,76.2161249986093,411.16279199923156,True,
3,131,3,reused-client,1,cross_512_corner,zstd_256,ZSTD,256,22,22,990,318281965,318490136,208172,206,bytes 318281965-318490136/490384277,208172,208172,55.87987499893643,56.1403749998135,66.36791699929745,122.58024999755435,True,
3,132,5,reused-client,1,cross_256_edge,lzw_512,LZW,512,10,10,230,411686466,412818824,1132359,206,bytes 411686466-412818824/661107776,1132359,1132359,64.5687079995696,64.65758299964364,356.153999997332,420.8932090004964,True,
3,133,3,reused-client,1,interior,zstd_128,ZSTD,128,40,40,3560,300228058,300282104,54047,206,bytes 300228058-300282104/492119117,54047,54047,55.722000000969274,55.855334001535084,3.109332999883918,58.997500000259606,True,
3,134,4,reused-client,1,cross_256_corner,lzw_256,LZW,256,20,20,900,406553924,406841161,287238,206,bytes 406553924-406841161/661012853,287238,287238,39.63662499882048,39.727749997837236,66.32220900064567,106.12091700022575,True,
3,134,4,reused-client,1,cross_256_corner,lzw_256,LZW,256,20,21,901,406841170,407119092,277923,206,bytes 406841170-407119092/661012853,277923,277923,41.21116700116545,41.31033399971784,73.69800000014948,115.07179199907114,True,
3,134,4,reused-client,1,cross_256_corner,lzw_256,LZW,256,21,20,944,417962328,418246396,284069,206,bytes 417962328-418246396/661012853,284069,284069,122.14729200059082,122.25404200216872,62.104291002469836,184.4185420013673,True,
3,134,4,reused-client,1,cross_256_corner,lzw_256,LZW,256,21,21,945,418246405,418529582,283178,206,bytes 418246405-418529582/661012853,283178,283178,40.2428340021288,40.34475099979318,93.23933300038334,133.64120900223497,True,
3,135,2,reused-client,1,cross_512_edge,deflate_512,DEFLATE,512,10,10,230,310426888,311281522,854635,206,bytes 310426888-311281522/499024403,854635,854635,50.63800000061747,50.75658299756469,182.3807079999824,233.1901249999646,True,
3,135,2,reused-client,1,cross_512_edge,deflate_512,DEFLATE,512,10,11,231,311281531,312113785,832255,206,bytes 311281531-312113785/499024403,832255,832255,51.17183299807948,51.272957996843616,161.05145799883758,212.37112499875366,True,
3,136,2,reused-client,1,cross_256_corner,zstd_128,ZSTD,128,41,41,3649,304621142,304673679,52538,206,bytes 304621142-304673679/492119117,52538,52538,47.19245799788041,47.93245799737633,1.8038749985862523,49.79845799971372,True,
3,136,2,reused-client,1,cross_256_corner,zstd_128,ZSTD,128,41,42,3650,304673688,304726888,53201,206,bytes 304673688-304726888/492119117,53201,53201,47.482583999226335,47.597959000995615,2.034791999903973,49.66245900141075,True,
3,136,2,reused-client,1,cross_256_corner,zstd_128,ZSTD,128,42,41,3737,308887700,308940134,52435,206,bytes 308887700-308940134/492119117,52435,52435,73.55454199932865,73.7064589993679,0.41924999823095277,74.17016699764645,True,
3,136,2,reused-client,1,cross_256_corner,zstd_128,ZSTD,128,42,42,3738,308940143,308992671,52529,206,bytes 308940143-308992671/492119117,52529,52529,56.01816700072959,56.131917001039255,3.797999997914303,59.95858399910503,True,
3,137,1,reused-client,1,cross_256_edge,zstd_256,ZSTD,256,20,20,900,301115142,301328168,213027,206,bytes 301115142-301328168/490384277,213027,213027,55.092165999667486,55.199165999511024,132.62345800103503,187.88816599771963,True,
3,137,1,reused-client,1,cross_256_edge,zstd_256,ZSTD,256,20,21,901,301328177,301535592,207416,206,bytes 301328177-301535592/490384277,207416,207416,62.1545829999377,62.391833002038766,41.2085419993673,103.69420799906948,True,
3,138,2,reused-client,1,cross_512_corner,zstd_512,ZSTD,512,10,10,230,304767160,305606839,839680,206,bytes 304767160-305606839/490194415,839680,839680,46.05754200019874,46.098249997157836,237.97500000000582,284.1324170003645,True,
3,138,2,reused-client,1,cross_512_corner,zstd_512,ZSTD,512,10,11,231,305606848,306426901,820054,206,bytes 305606848-306426901/490194415,820054,820054,53.31608300184598,53.44404200150166,242.5814169982914,296.08029200244346,True,
3,138,2,reused-client,1,cross_512_corner,zstd_512,ZSTD,512,11,10,252,321640707,322458855,818149,206,bytes 321640707-322458855/490194415,818149,818149,51.74287500267383,51.85266700209468,317.0306669999263,369.01466700146557,True,
3,138,2,reused-client,1,cross_512_corner,zstd_512,ZSTD,512,11,11,253,322458864,323289120,830257,206,bytes 322458864-323289120/490194415,830257,830257,41.095374999713385,41.28308299914352,208.4292090003146,249.8128330007603,True,
3,139,2,reused-client,1,cross_128_edge,deflate_128,DEFLATE,128,40,40,3560,305047460,305102560,55101,206,bytes 305047460-305102560/499617324,55101,55101,53.54316699958872,53.84504200264928,8.722208000108367,62.60866700176848,True,
3,139,2,reused-client,1,cross_128_edge,deflate_128,DEFLATE,128,40,41,3561,305102569,305156400,53832,206,bytes 305102569-305156400/499617324,53832,53832,62.95233299897518,63.06379200032097,2.9050830016785767,66.00487499963492,True,
3,140,5,reused-client,1,cross_256_edge,zstd_512,ZSTD,512,10,10,230,304767160,305606839,839680,206,bytes 304767160-305606839/490194415,839680,839680,45.86554100023932,46.012790997338016,400.52687500065076,446.6032499985886,True,
3,141,5,reused-client,1,interior,lzw_128,LZW,128,40,40,3560,404091050,404163820,72771,206,bytes 404091050-404163820/661264391,72771,72771,87.97974999833968,88.1108329995186,108.47324999849661,196.64983300026506,True,
3,142,1,reused-client,1,cross_256_edge,lzw_256,LZW,256,20,20,900,406553924,406841161,287238,206,bytes 406553924-406841161/661012853,287238,287238,75.80137499826378,75.96962499883375,207.87545799976215,283.9152499982447,True,
3,142,1,reused-client,1,cross_256_edge,lzw_256,LZW,256,20,21,901,406841170,407119092,277923,206,bytes 406841170-407119092/661012853,277923,277923,55.26554199968814,55.38162500306498,466.66291700239526,522.1138340020843,True,
3,143,3,reused-client,1,cross_512_corner,lzw_128,LZW,128,43,43,3827,421475357,421546899,71543,206,bytes 421475357-421546899/661264391,71543,71543,60.80791699787369,60.910459000297124,56.13512499985518,117.1154170006048,True,
3,143,3,reused-client,1,cross_512_corner,lzw_128,LZW,128,43,44,3828,421546908,421617252,70345,206,bytes 421546908-421617252/661264391,70345,70345,132.44975000270642,132.5539170029515,51.184542000555666,183.80045800222433,True,
3,143,3,reused-client,1,cross_512_corner,lzw_128,LZW,128,44,43,3915,426954274,427023840,69567,206,bytes 426954274-427023840/661264391,69567,69567,49.317666998831555,49.42704199856962,48.273874999722466,97.74516700053937,True,
3,143,3,reused-client,1,cross_512_corner,lzw_128,LZW,128,44,44,3916,427023849,427094094,70246,206,bytes 427023849-427094094/661264391,70246,70246,100.71954199884203,100.83241699976497,43.464667000080226,144.36237500194693,True,
3,144,5,reused-client,1,interior,zstd_128,ZSTD,128,40,40,3560,300228058,300282104,54047,206,bytes 300228058-300282104/492119117,54047,54047,109.15654200289282,109.27087500022026,26.35379200000898,135.67541700103902,True,
3,145,5,reused-client,1,cross_128_edge,lzw_128,LZW,128,40,40,3560,404091050,404163820,72771,206,bytes 404091050-404163820/661264391,72771,72771,37.78312499707681,37.881749998632586,35.50041700145812,73.41499999893131,True,
3,145,5,reused-client,1,cross_128_edge,lzw_128,LZW,128,40,41,3561,404163829,404234861,71033,206,bytes 404163829-404234861/661264391,71033,71033,37.60354200130678,37.696333001804305,32.51124999951571,70.25258300200221,True,
3,146,1,reused-client,1,cross_256_edge,zstd_128,ZSTD,128,40,41,3561,300282113,300335031,52919,206,bytes 300282113-300335031/492119117,52919,52919,61.256707998836646,61.37904199931654,53.685791997850174,115.14270800034865,True,
3,146,1,reused-client,1,cross_256_edge,zstd_128,ZSTD,128,40,42,3562,300335040,300386695,51656,206,bytes 300335040-300386695/492119117,51656,51656,39.7741250017134,39.878375002444955,23.280583998712245,63.21650000245427,True,
3,147,1,reused-client,1,interior,lzw_512,LZW,512,10,10,230,411686466,412818824,1132359,206,bytes 411686466-412818824/661107776,1132359,1132359,48.41708399908384,48.540042000240646,731.9585420009389,780.6351260005613,True,
3,148,2,reused-client,1,cross_512_edge,zstd_512,ZSTD,512,10,10,230,304767160,305606839,839680,206,bytes 304767160-305606839/490194415,839680,839680,75.30154199776007,75.4077919991687,655.19229200072,730.6556259973149,True,
3,148,2,reused-client,1,cross_512_edge,zstd_512,ZSTD,512,10,11,231,305606848,306426901,820054,206,bytes 305606848-306426901/490194415,820054,820054,53.63874999966356,53.79237500164891,570.3132499984349,624.1902920010034,True,
3,149,2,reused-client,1,cross_128_corner,deflate_512,DEFLATE,512,10,10,230,310426888,311281522,854635,206,bytes 310426888-311281522/499024403,854635,854635,82.29795900115278,82.4144170001091,451.5057919998071,533.9828340001986,True,
3,150,1,reused-client,1,cross_512_edge,deflate_128,DEFLATE,128,40,43,3563,305208773,305261361,52589,206,bytes 305208773-305261361/499617324,52589,52589,56.48420800207532,56.60258300122223,0.33549999716342427,56.96195800192072,True,
3,150,1,reused-client,1,cross_512_edge,deflate_128,DEFLATE,128,40,44,3564,305261370,305312689,51320,206,bytes 305261370-305312689/499617324,51320,51320,81.81195799988927,81.91933299895027,1.6816669995023403,83.62720800141688,True,
3,151,4,reused-client,1,cross_256_corner,deflate_128,DEFLATE,128,41,41,3649,309501616,309555017,53402,206,bytes 309501616-309555017/499617324,53402,53402,53.674750997743104,53.781208996952046,2.290458000061335,56.10283399801119,True,
3,151,4,reused-client,1,cross_256_corner,deflate_128,DEFLATE,128,41,42,3650,309555026,309609246,54221,206,bytes 309555026-309609246/499617324,54221,54221,49.20904200116638,49.439750000601634,4.474707999179373,53.941792000841815,True,
3,151,4,reused-client,1,cross_256_corner,deflate_128,DEFLATE,128,42,41,3737,313827295,313880653,53359,206,bytes 313827295-313880653/499617324,53359,53359,68.83941699925344,68.95524999708869,25.22441700057243,94.22899999844958,True,
3,151,4,reused-client,1,cross_256_corner,deflate_128,DEFLATE,128,42,42,3738,313880662,313934033,53372,206,bytes 313880662-313934033/499617324,53372,53372,49.92383300123038,50.05995800092933,4.352374999143649,54.44220800200128,True,
3,152,2,reused-client,1,cross_256_corner,lzw_256,LZW,256,20,20,900,406553924,406841161,287238,206,bytes 406553924-406841161/661012853,287238,287238,55.12662500041188,55.23504099983256,92.79466699808836,148.08379100213642,True,
3,152,2,reused-client,1,cross_256_corner,lzw_256,LZW,256,20,21,901,406841170,407119092,277923,206,bytes 406841170-407119092/661012853,277923,277923,58.42204199871048,58.524166997813154,216.21412500098813,274.7968330004369,True,
3,152,2,reused-client,1,cross_256_corner,lzw_256,LZW,256,21,20,944,417962328,418246396,284069,206,bytes 417962328-418246396/661012853,284069,284069,41.67208400031086,41.793459000473376,112.60645800211933,154.4606669995119,True,
3,152,2,reused-client,1,cross_256_corner,lzw_256,LZW,256,21,21,945,418246405,418529582,283178,206,bytes 418246405-418529582/661012853,283178,283178,63.33995800014236,63.44920800256659,180.32949999906123,243.79729100110126,True,
3,153,2,reused-client,1,cross_512_corner,zstd_256,ZSTD,256,21,21,945,309824343,310033910,209568,206,bytes 309824343-310033910/490384277,209568,209568,71.60204200044973,71.67933299933793,128.4454589986126,200.1975000021048,True,
3,153,2,reused-client,1,cross_512_corner,zstd_256,ZSTD,256,21,22,946,310033919,310240520,206602,206,bytes 310033919-310240520/490384277,206602,206602,68.8257080000767,68.92870800220408,130.02658299956238,199.01616700008162,True,
3,153,2,reused-client,1,cross_512_corner,zstd_256,ZSTD,256,22,21,989,318075010,318281956,206947,206,bytes 318075010-318281956/490384277,206947,206947,46.89974999928381,47.010124999360414,166.78366699852631,213.86016600081348,True,
3,153,2,reused-client,1,cross_512_corner,zstd_256,ZSTD,256,22,22,990,318281965,318490136,208172,206,bytes 318281965-318490136/490384277,208172,208172,49.008582998794736,49.14008299965644,96.75070800221874,145.9565000004659,True,
3,154,1,reused-client,1,cross_512_edge,lzw_512,LZW,512,10,10,230,411686466,412818824,1132359,206,bytes 411686466-412818824/661107776,1132359,1132359,44.86525000174879,44.97920799985877,467.16362600272987,512.1973749992321,True,
3,154,1,reused-client,1,cross_512_edge,lzw_512,LZW,512,10,11,231,412818833,413920320,1101488,206,bytes 412818833-413920320/661107776,1101488,1101488,56.34812499920372,56.46220799826551,1252.263458998641,1308.7839590007206,True,
3,155,3,reused-client,1,cross_128_corner,zstd_512,ZSTD,512,10,10,230,304767160,305606839,839680,206,bytes 304767160-305606839/490194415,839680,839680,106.79237500153249,106.92000000199187,786.0197500012873,893.0008330025885,True,
3,156,2,reused-client,1,interior,lzw_128,LZW,128,40,40,3560,404091050,404163820,72771,206,bytes 404091050-404163820/661264391,72771,72771,49.28687500068918,50.11345899765729,46.97616599878529,97.16033400036395,True,
3,157,4,reused-client,1,cross_512_corner,lzw_512,LZW,512,10,10,230,411686466,412818824,1132359,206,bytes 411686466-412818824/661107776,1132359,1132359,39.26537499864935,39.386291999107925,1213.6155840016727,1253.0418339993048,True,
3,157,4,reused-client,1,cross_512_corner,lzw_512,LZW,512,10,11,231,412818833,413920320,1101488,206,bytes 412818833-413920320/661107776,1101488,1101488,61.3296250012354,61.4250840008026,582.2817499974917,643.7618759991892,True,
3,157,4,reused-client,1,cross_512_corner,lzw_512,LZW,512,11,10,252,434325460,435426146,1100687,206,bytes 434325460-435426146/661107776,1100687,1100687,40.884874997573206,41.05866600002628,779.6360840002308,820.7402919979359,True,
3,157,4,reused-client,1,cross_512_corner,lzw_512,LZW,512,11,11,253,435426155,436544622,1118468,206,bytes 435426155-436544622/661107776,1118468,1118468,52.09258299873909,52.16591700082063,1034.594458000356,1086.8190830005915,True,
3,158,5,reused-client,1,cross_512_edge,deflate_512,DEFLATE,512,10,10,230,310426888,311281522,854635,206,bytes 310426888-311281522/499024403,854635,854635,77.33350000125938,77.37162500052364,881.4579999998386,958.8715419995424,True,
3,158,5,reused-client,1,cross_512_edge,deflate_512,DEFLATE,512,10,11,231,311281531,312113785,832255,206,bytes 311281531-312113785/499024403,832255,832255,71.91716700253892,72.04612500208896,445.0782089988934,517.1958760001871,True,
3,159,5,reused-client,1,cross_256_corner,lzw_512,LZW,512,10,10,230,411686466,412818824,1132359,206,bytes 411686466-412818824/661107776,1132359,1132359,125.49458300054539,125.62129100115271,484.56554200311075,610.2485420015,True,
3,160,1,reused-client,1,interior,deflate_512,DEFLATE,512,10,10,230,310426888,311281522,854635,206,bytes 310426888-311281522/499024403,854635,854635,46.68300000048475,46.79433300043456,281.96412500255974,328.81712499874993,True,
3,161,1,reused-client,1,cross_512_edge,zstd_256,ZSTD,256,20,21,901,301328177,301535592,207416,206,bytes 301328177-301535592/490384277,207416,207416,58.98387499837554,59.119749999808846,245.28008400011458,304.4798749979236,True,
3,161,1,reused-client,1,cross_512_edge,zstd_256,ZSTD,256,20,22,902,301535601,301739853,204253,206,bytes 301535601-301739853/490384277,204253,204253,44.19874999803142,44.30816699823481,91.70504199937568,136.08204199772445,True,
3,162,5,reused-client,1,cross_512_corner,zstd_256,ZSTD,256,21,21,945,309824343,310033910,209568,206,bytes 309824343-310033910/490384277,209568,209568,43.216458998358576,43.34391699740081,89.52641599898925,132.93216699821642,True,
3,162,5,reused-client,1,cross_512_corner,zstd_256,ZSTD,256,21,22,946,310033919,310240520,206602,206,bytes 310033919-310240520/490384277,206602,206602,43.010917001083726,43.153917002200615,128.10195899874088,171.33558299974538,True,
3,162,5,reused-client,1,cross_512_corner,zstd_256,ZSTD,256,22,21,989,318075010,318281956,206947,206,bytes 318075010-318281956/490384277,206947,206947,66.38495800143573,66.501708002761,71.90833300046506,138.45950000177254,True,
3,162,5,reused-client,1,cross_512_corner,zstd_256,ZSTD,256,22,22,990,318281965,318490136,208172,206,bytes 318281965-318490136/490384277,208172,208172,64.14587499966729,64.22204100090312,80.5411670007743,144.77941699806252,True,
3,163,2,reused-client,1,cross_512_edge,lzw_256,LZW,256,20,21,901,406841170,407119092,277923,206,bytes 406841170-407119092/661012853,277923,277923,59.52212500051246,59.58483300128137,194.79937500000233,254.43600000289734,True,
3,163,2,reused-client,1,cross_512_edge,lzw_256,LZW,256,20,22,902,407119101,407393560,274460,206,bytes 407119101-407393560/661012853,274460,274460,50.77987500044401,50.889541998913046,194.68200000119396,245.63683300220873,True,
3,164,2,reused-client,1,cross_128_corner,zstd_512,ZSTD,512,10,10,230,304767160,305606839,839680,206,bytes 304767160-305606839/490194415,839680,839680,53.51870800222969,53.65058300230885,480.21412500020233,533.9162500022212,True,
3,165,2,reused-client,1,cross_256_corner,deflate_512,DEFLATE,512,10,10,230,310426888,311281522,854635,206,bytes 310426888-311281522/499024403,854635,854635,50.603249997948296,50.69420799918589,477.8037920004863,528.5234170005424,True,
3,166,3,reused-client,1,cross_128_edge,lzw_512,LZW,512,10,10,230,411686466,412818824,1132359,206,bytes 411686466-412818824/661107776,1132359,1132359,55.62304200066137,55.73595899841166,755.5702089994156,811.3606670012814,True,
3,167,3,reused-client,1,cross_128_edge,deflate_512,DEFLATE,512,10,10,230,310426888,311281522,854635,206,bytes 310426888-311281522/499024403,854635,854635,61.4151249974384,61.54724999942118,659.0619170019636,720.6460839988722,True,
3,168,1,reused-client,1,cross_128_corner,zstd_256,ZSTD,256,20,20,900,301115142,301328168,213027,206,bytes 301115142-301328168/490384277,213027,213027,44.603875001484994,44.66616599893314,129.8939589978545,174.58999999871594,True,
3,169,5,reused-client,1,cross_128_edge,deflate_512,DEFLATE,512,10,10,230,310426888,311281522,854635,206,bytes 310426888-311281522/499024403,854635,854635,35.37395899911644,35.48891699756496,644.3675420014188,679.9090009990323,True,
3,170,4,reused-client,1,cross_256_corner,zstd_128,ZSTD,128,41,41,3649,304621142,304673679,52538,206,bytes 304621142-304673679/492119117,52538,52538,45.12645800059545,45.21925000153715,24.843582999892533,70.09354100227938,True,
3,170,4,reused-client,1,cross_256_corner,zstd_128,ZSTD,128,41,42,3650,304673688,304726888,53201,206,bytes 304673688-304726888/492119117,53201,53201,58.018457999423845,58.10408300021663,43.69520900218049,101.83812499963096,True,
3,170,4,reused-client,1,cross_256_corner,zstd_128,ZSTD,128,42,41,3737,308887700,308940134,52435,206,bytes 308887700-308940134/492119117,52435,52435,59.7576250002021,59.85287499788683,24.915416001022095,84.82200000071316,True,
3,170,4,reused-client,1,cross_256_corner,zstd_128,ZSTD,128,42,42,3738,308940143,308992671,52529,206,bytes 308940143-308992671/492119117,52529,52529,44.34929199851467,44.438875000196276,53.407417002745206,97.89441699831514,True,
3,171,4,reused-client,1,cross_512_edge,deflate_256,DEFLATE,256,20,21,901,306479362,306690064,210703,206,bytes 306479362-306690064/498427477,210703,210703,138.16004199907184,138.27791699804948,128.79350000002887,267.12504199895193,True,
3,171,4,reused-client,1,cross_512_edge,deflate_256,DEFLATE,256,20,22,902,306690073,306897377,207305,206,bytes 306690073-306897377/498427477,207305,207305,38.618791000772035,38.71508300289861,103.93404100250336,142.70483300060732,True,
3,172,5,reused-client,1,cross_512_edge,lzw_128,LZW,128,40,43,3563,404303630,404372483,68854,206,bytes 404303630-404372483/661264391,68854,68854,57.39104099848191,57.48875000062981,23.50879200093914,81.04162499876111,True,
3,172,5,reused-client,1,cross_512_edge,lzw_128,LZW,128,40,44,3564,404372492,404440436,67945,206,bytes 404372492-404440436/661264391,67945,67945,43.48762500012526,43.572874998062616,25.935666999430396,69.5596250006929,True,
3,173,4,reused-client,1,interior,zstd_512,ZSTD,512,10,10,230,304767160,305606839,839680,206,bytes 304767160-305606839/490194415,839680,839680,51.62095899868291,51.720624996960396,436.4315409984556,488.1943339969439,True,
3,174,2,reused-client,1,interior,zstd_512,ZSTD,512,10,10,230,304767160,305606839,839680,206,bytes 304767160-305606839/490194415,839680,839680,142.91729199976544,143.0050829985703,745.2829579997342,888.3586669981014,True,
3,175,5,reused-client,1,cross_256_corner,lzw_256,LZW,256,20,20,900,406553924,406841161,287238,206,bytes 406553924-406841161/661012853,287238,287238,54.68249999830732,54.845374997967156,318.69216699851677,373.599041999114,True,
3,175,5,reused-client,1,cross_256_corner,lzw_256,LZW,256,20,21,901,406841170,407119092,277923,206,bytes 406841170-407119092/661012853,277923,277923,45.03291599758086,45.157249998737825,174.88329100160627,220.16154099765117,True,
3,175,5,reused-client,1,cross_256_corner,lzw_256,LZW,256,21,20,944,417962328,418246396,284069,206,bytes 417962328-418246396/661012853,284069,284069,52.61354200047208,52.73999999917578,153.2526670016523,206.0706249976647,True,
3,175,5,reused-client,1,cross_256_corner,lzw_256,LZW,256,21,21,945,418246405,418529582,283178,206,bytes 418246405-418529582/661012853,283178,283178,60.91133399968385,60.9982919995673,140.79770799799007,201.8608750004205,True,
3,176,1,reused-client,1,cross_128_edge,zstd_128,ZSTD,128,40,40,3560,300228058,300282104,54047,206,bytes 300228058-300282104/492119117,54047,54047,48.56741700132261,48.69150000013178,0.35683299938682467,49.0728750010021,True,
3,176,1,reused-client,1,cross_128_edge,zstd_128,ZSTD,128,40,41,3561,300282113,300335031,52919,206,bytes 300282113-300335031/492119117,52919,52919,39.08199999932549,39.170957999886014,11.55708399892319,50.75383300209069,True,
3,177,4,reused-client,1,cross_256_corner,lzw_512,LZW,512,10,10,230,411686466,412818824,1132359,206,bytes 411686466-412818824/661107776,1132359,1132359,39.32866700051818,39.40308299934259,594.4215829986206,633.9054999989457,True,
3,178,4,reused-client,1,cross_512_corner,deflate_256,DEFLATE,256,21,21,945,315110154,315323387,213234,206,bytes 315110154-315323387/498427477,213234,213234,49.78974999903585,49.8740410002938,65.62241700157756,115.53020800056402,True,
3,178,4,reused-client,1,cross_512_corner,deflate_256,DEFLATE,256,21,22,946,315323396,315533302,209907,206,bytes 315323396-315533302/498427477,209907,209907,52.32512499787845,52.440374998695916,57.21866699968814,109.78987499765935,True,
3,178,4,reused-client,1,cross_512_corner,deflate_256,DEFLATE,256,22,21,989,323490842,323701123,210282,206,bytes 323490842-323701123/498427477,210282,210282,56.248041000799276,56.36450000019977,101.00312500071595,157.4311670010502,True,
3,178,4,reused-client,1,cross_512_corner,deflate_256,DEFLATE,256,22,22,990,323701132,323912576,211445,206,bytes 323701132-323912576/498427477,211445,211445,53.49500000011176,53.590958999848226,77.10399999996298,130.75716700041085,True,
3,179,3,reused-client,1,cross_512_corner,deflate_256,DEFLATE,256,21,21,945,315110154,315323387,213234,206,bytes 315110154-315323387/498427477,213234,213234,44.527333997393725,44.62341699763783,168.7489590003679,213.40924999822164,True,
3,179,3,reused-client,1,cross_512_corner,deflate_256,DEFLATE,256,21,22,946,315323396,315533302,209907,206,bytes 315323396-315533302/498427477,209907,209907,40.87841599903186,41.00412499974482,37.11970899894368,78.18608299930929,True,
3,179,3,reused-client,1,cross_512_corner,deflate_256,DEFLATE,256,22,21,989,323490842,323701123,210282,206,bytes 323490842-323701123/498427477,210282,210282,47.48129200015683,47.577541998180095,77.28412500000559,124.90512499789475,True,
3,179,3,reused-client,1,cross_512_corner,deflate_256,DEFLATE,256,22,22,990,323701132,323912576,211445,206,bytes 323701132-323912576/498427477,211445,211445,51.499207998858765,51.64933299965924,34.458291996998014,86.1573749971285,True,
3,180,4,reused-client,1,cross_128_corner,deflate_128,DEFLATE,128,40,40,3560,305047460,305102560,55101,206,bytes 305047460-305102560/499617324,55101,55101,73.64991699796519,73.77270899814903,0.3667089986265637,74.16362499861862,True,
3,180,4,reused-client,1,cross_128_corner,deflate_128,DEFLATE,128,40,41,3561,305102569,305156400,53832,206,bytes 305102569-305156400/499617324,53832,53832,52.68295899804798,52.82845900001121,0.3069580016017426,53.156416997808265,True,
3,180,4,reused-client,1,cross_128_corner,deflate_128,DEFLATE,128,41,40,3648,309446600,309501607,55008,206,bytes 309446600-309501607/499617324,55008,55008,51.6995420002786,51.81191699739429,12.51787499859347,64.36245899749338,True,
3,180,4,reused-client,1,cross_128_corner,deflate_128,DEFLATE,128,41,41,3649,309501616,309555017,53402,206,bytes 309501616-309555017/499617324,53402,53402,58.86408299920731,58.96504200063646,35.55124999911641,94.54791700045462,True,
3,181,2,reused-client,1,cross_512_edge,zstd_256,ZSTD,256,20,21,901,301328177,301535592,207416,206,bytes 301328177-301535592/490384277,207416,207416,42.29866600144305,42.43879099885817,30.76729199892725,73.24991600034991,True,
3,181,2,reused-client,1,cross_512_edge,zstd_256,ZSTD,256,20,22,902,301535601,301739853,204253,206,bytes 301535601-301739853/490384277,204253,204253,48.10162499779835,48.21987499963143,40.232167000795016,88.50249999886728,True,
3,182,4,reused-client,1,interior,zstd_256,ZSTD,256,20,20,900,301115142,301328168,213027,206,bytes 301115142-301328168/490384277,213027,213027,55.96800000057556,56.05670899967663,47.59516600097413,103.71029199814075,True,
3,183,3,reused-client,1,cross_128_edge,zstd_128,ZSTD,128,40,40,3560,300228058,300282104,54047,206,bytes 300228058-300282104/492119117,54047,54047,49.85287499948754,49.94379200070398,1.196625002194196,51.18337499879999,True,
3,183,3,reused-client,1,cross_128_edge,zstd_128,ZSTD,128,40,41,3561,300282113,300335031,52919,206,bytes 300282113-300335031/492119117,52919,52919,136.03645900002448,136.13937499758322,2.4249160014733206,138.5900839995884,True,
3,184,1,reused-client,1,cross_256_corner,deflate_128,DEFLATE,128,41,41,3649,309501616,309555017,53402,206,bytes 309501616-309555017/499617324,53402,53402,57.989583001472056,58.09804200180224,7.837999997718725,65.97012500060373,True,
3,184,1,reused-client,1,cross_256_corner,deflate_128,DEFLATE,128,41,42,3650,309555026,309609246,54221,206,bytes 309555026-309609246/499617324,54221,54221,42.51579199990374,42.62491699773818,13.284624998050276,55.943874998774845,True,
3,184,1,reused-client,1,cross_256_corner,deflate_128,DEFLATE,128,42,41,3737,313827295,313880653,53359,206,bytes 313827295-313880653/499617324,53359,53359,46.8726670005708,47.07425000015064,0.37237499782349914,47.46779199922457,True,
3,184,1,reused-client,1,cross_256_corner,deflate_128,DEFLATE,128,42,42,3738,313880662,313934033,53372,206,bytes 313880662-313934033/499617324,53372,53372,35.4920409990882,35.5806660008966,6.153667000035057,41.76166599791031,True,
3,185,1,reused-client,1,cross_128_corner,zstd_512,ZSTD,512,10,10,230,304767160,305606839,839680,206,bytes 304767160-305606839/490194415,839680,839680,49.00154199640383,49.09320799924899,149.09379100208753,198.2579169998644,True,
3,186,5,reused-client,1,cross_512_corner,zstd_512,ZSTD,512,10,10,230,304767160,305606839,839680,206,bytes 304767160-305606839/490194415,839680,839680,72.13162500192993,72.2512079992157,226.5842920023715,298.8943330019538,True,
3,186,5,reused-client,1,cross_512_corner,zstd_512,ZSTD,512,10,11,231,305606848,306426901,820054,206,bytes 305606848-306426901/490194415,820054,820054,104.60049999892362,104.6844999982568,389.20941700052936,493.96387500019046,True,
3,186,5,reused-client,1,cross_512_corner,zstd_512,ZSTD,512,11,10,252,321640707,322458855,818149,206,bytes 321640707-322458855/490194415,818149,818149,55.795459000364644,55.904458997247275,271.8433339978219,327.8087510007026,True,
3,186,5,reused-client,1,cross_512_corner,zstd_512,ZSTD,512,11,11,253,322458864,323289120,830257,206,bytes 322458864-323289120/490194415,830257,830257,53.68425000051502,53.7940409994917,246.42866700014565,300.25937499885913,True,
3,187,5,reused-client,1,cross_256_edge,lzw_128,LZW,128,40,41,3561,404163829,404234861,71033,206,bytes 404163829-404234861/661264391,71033,71033,38.668417000735644,38.77966700019897,4.5097500005795155,43.31475000071805,True,
3,187,5,reused-client,1,cross_256_edge,lzw_128,LZW,128,40,42,3562,404234870,404303621,68752,206,bytes 404234870-404303621/661264391,68752,68752,52.537374998792075,52.649624998593936,2.195665998442564,54.865458001586376,True,
3,188,4,reused-client,1,cross_128_edge,lzw_128,LZW,128,40,40,3560,404091050,404163820,72771,206,bytes 404091050-404163820/661264391,72771,72771,118.37554199883016,118.6204169971461,0.48783400052343495,119.13266699775704,True,
3,188,4,reused-client,1,cross_128_edge,lzw_128,LZW,128,40,41,3561,404163829,404234861,71033,206,bytes 404163829-404234861/661264391,71033,71033,56.498208999983035,56.57745899952715,5.202041000302415,61.81037500209641,True,
3,189,4,reused-client,1,cross_512_corner,zstd_256,ZSTD,256,21,21,945,309824343,310033910,209568,206,bytes 309824343-310033910/490384277,209568,209568,47.85837500094203,47.96770800021477,90.28700000271783,138.31637499970384,True,
3,189,4,reused-client,1,cross_512_corner,zstd_256,ZSTD,256,21,22,946,310033919,310240520,206602,206,bytes 310033919-310240520/490384277,206602,206602,50.50991600000998,50.61720800222247,91.13333300047088,141.8042500008596,True,
3,189,4,reused-client,1,cross_512_corner,zstd_256,ZSTD,256,22,21,989,318075010,318281956,206947,206,bytes 318075010-318281956/490384277,206947,206947,51.18483399928664,51.29829199722735,71.00933400215581,122.3794170000474,True,
3,189,4,reused-client,1,cross_512_corner,zstd_256,ZSTD,256,22,22,990,318281965,318490136,208172,206,bytes 318281965-318490136/490384277,208172,208172,79.5985410004505,79.7321659993031,123.24970799818402,203.04854099958902,True,
3,190,3,reused-client,1,cross_512_edge,zstd_256,ZSTD,256,20,21,901,301328177,301535592,207416,206,bytes 301328177-301535592/490384277,207416,207416,65.04158400275628,65.15225000111968,68.85062600122183,134.08020900169504,True,
3,190,3,reused-client,1,cross_512_edge,zstd_256,ZSTD,256,20,22,902,301535601,301739853,204253,206,bytes 301535601-301739853/490384277,204253,204253,62.812666001264006,63.003875002323184,70.9762079968641,134.04904100025306,True,
3,191,1,reused-client,1,interior,lzw_128,LZW,128,40,40,3560,404091050,404163820,72771,206,bytes 404091050-404163820/661264391,72771,72771,113.17600000256789,113.29645899968455,0.4678330005845055,113.79129200213356,True,
3,192,1,reused-client,1,interior,zstd_256,ZSTD,256,20,20,900,301115142,301328168,213027,206,bytes 301115142-301328168/490384277,213027,213027,64.11120899792877,64.2444169970986,68.20350000270992,132.50566699935007,True,
3,193,1,reused-client,1,cross_256_edge,deflate_256,DEFLATE,256,20,20,900,306262458,306479353,216896,206,bytes 306262458-306479353/498427477,216896,216896,43.13779199947021,43.25170799711486,56.907499998487765,100.2135829985491,True,
3,193,1,reused-client,1,cross_256_edge,deflate_256,DEFLATE,256,20,21,901,306479362,306690064,210703,206,bytes 306479362-306690064/498427477,210703,210703,48.329375000321306,48.43545800031279,72.7014580006653,121.18574999840348,True,
3,194,5,reused-client,1,cross_256_corner,zstd_512,ZSTD,512,10,10,230,304767160,305606839,839680,206,bytes 304767160-305606839/490194415,839680,839680,56.35308400087524,56.46112500107847,347.87800000049174,404.3950839986792,True,
3,195,5,reused-client,1,cross_256_edge,lzw_256,LZW,256,20,20,900,406553924,406841161,287238,206,bytes 406553924-406841161/661012853,287238,287238,46.70299999997951,46.83712499900139,327.8311260000919,374.73250099719735,True,
3,195,5,reused-client,1,cross_256_edge,lzw_256,LZW,256,20,21,901,406841170,407119092,277923,206,bytes 406841170-407119092/661012853,277923,277923,83.55754100193735,83.70458300123573,543.0819579996751,626.8987500006915,True,
3,196,3,reused-client,1,cross_512_corner,deflate_128,DEFLATE,128,43,43,3827,318224016,318278030,54015,206,bytes 318224016-318278030/499617324,54015,54015,51.58787500113249,51.71495900140144,108.17333299928578,159.9533340013295,True,
3,196,3,reused-client,1,cross_512_corner,deflate_128,DEFLATE,128,43,44,3828,318278039,318331048,53010,206,bytes 318278039-318331048/499617324,53010,53010,51.0742919977929,51.20220800017705,142.95662499716855,194.22162499904516,True,
3,196,3,reused-client,1,cross_512_corner,deflate_128,DEFLATE,128,44,43,3915,322379939,322432680,52742,206,bytes 322379939-322432680/499617324,52742,52742,198.2787089982594,198.3793749968754,63.11104199994588,261.55487500000163,True,
3,196,3,reused-client,1,cross_512_corner,deflate_128,DEFLATE,128,44,44,3916,322432689,322485817,53129,206,bytes 322432689-322485817/499617324,53129,53129,60.906374998012325,61.0210829981952,164.04524999961723,225.12933399775648,True,
3,197,5,reused-client,1,cross_512_corner,lzw_256,LZW,256,21,21,945,418246405,418529582,283178,206,bytes 418246405-418529582/661012853,283178,283178,44.02174999995623,44.13754200140829,272.4627909992705,316.6471250005998,True,
3,197,5,reused-client,1,cross_512_corner,lzw_256,LZW,256,21,22,946,418529591,418807664,278074,206,bytes 418529591-418807664/661012853,278074,278074,72.04862499929732,72.14862500040908,298.9241260002018,371.1315420005121,True,
3,197,5,reused-client,1,cross_512_corner,lzw_256,LZW,256,22,21,989,429313097,429591287,278191,206,bytes 429313097-429591287/661012853,278191,278191,45.91945900028804,46.04999999719439,233.6445000000822,279.74204199927044,True,
3,197,5,reused-client,1,cross_512_corner,lzw_256,LZW,256,22,22,990,429591296,429871211,279916,206,bytes 429591296-429871211/661012853,279916,279916,55.61066600057529,55.88683300084085,165.04120900208363,221.3239579978108,True,
3,198,5,reused-client,1,cross_128_edge,deflate_256,DEFLATE,256,20,20,900,306262458,306479353,216896,206,bytes 306262458-306479353/498427477,216896,216896,56.71420799990301,56.7641250017914,105.9695420008211,162.7467920006893,True,
3,199,5,reused-client,1,cross_256_edge,deflate_512,DEFLATE,512,10,10,230,310426888,311281522,854635,206,bytes 310426888-311281522/499024403,854635,854635,59.07387499973993,59.10179099737434,593.4063339991553,652.5650000003225,True,
3,200,3,reused-client,1,interior,deflate_128,DEFLATE,128,40,40,3560,305047460,305102560,55101,206,bytes 305047460-305102560/499617324,55101,55101,63.58304199966369,63.68879200090305,5.90287500017439,69.61829200008651,True,
3,201,1,reused-client,1,cross_512_corner,deflate_256,DEFLATE,256,21,21,945,315110154,315323387,213234,206,bytes 315110154-315323387/498427477,213234,213234,60.044083002139814,60.20679200082668,51.79683299866156,112.02758299987181,True,
3,201,1,reused-client,1,cross_512_corner,deflate_256,DEFLATE,256,21,22,946,315323396,315533302,209907,206,bytes 315323396-315533302/498427477,209907,209907,39.60370799904922,39.66762499840115,53.52358399977675,93.22941599748447,True,
3,201,1,reused-client,1,cross_512_corner,deflate_256,DEFLATE,256,22,21,989,323490842,323701123,210282,206,bytes 323490842-323701123/498427477,210282,210282,43.371292002120754,43.402125000284286,75.82299999921815,119.26354200113565,True,
3,201,1,reused-client,1,cross_512_corner,deflate_256,DEFLATE,256,22,22,990,323701132,323912576,211445,206,bytes 323701132-323912576/498427477,211445,211445,73.95579100193572,74.05991600171546,43.51329200289911,117.63862500083633,True,
3,202,1,reused-client,1,cross_256_edge,deflate_512,DEFLATE,512,10,10,230,310426888,311281522,854635,206,bytes 310426888-311281522/499024403,854635,854635,121.45166600021184,121.5454579978541,200.40008400246734,322.0004169997992,True,
3,203,4,reused-client,1,cross_512_edge,deflate_512,DEFLATE,512,10,10,230,310426888,311281522,854635,206,bytes 310426888-311281522/499024403,854635,854635,37.084333001985215,37.18262500115088,182.9259580008511,220.14083300018683,True,
3,203,4,reused-client,1,cross_512_edge,deflate_512,DEFLATE,512,10,11,231,311281531,312113785,832255,206,bytes 311281531-312113785/499024403,832255,832255,41.02950000014971,41.10262500034878,286.2450419997913,327.5352090022352,True,
3,204,3,reused-client,1,interior,deflate_256,DEFLATE,256,20,20,900,306262458,306479353,216896,206,bytes 306262458-306479353/498427477,216896,216896,53.4185839969723,53.75179199836566,64.27645900112111,118.09437499687192,True,
3,205,2,reused-client,1,interior,zstd_256,ZSTD,256,20,20,900,301115142,301328168,213027,206,bytes 301115142-301328168/490384277,213027,213027,74.19991700226092,74.28858300045249,155.5112080022809,229.83354200187023,True,
3,206,5,reused-client,1,cross_128_corner,lzw_256,LZW,256,20,20,900,406553924,406841161,287238,206,bytes 406553924-406841161/661012853,287238,287238,38.722958001017105,38.78275000170106,71.94499999968684,110.75912500018603,True,
3,207,3,reused-client,1,cross_256_edge,zstd_128,ZSTD,128,40,41,3561,300282113,300335031,52919,206,bytes 300282113-300335031/492119117,52919,52919,53.47687500034226,56.025292000413174,0.42004200076917186,56.465917001332855,True,
3,207,3,reused-client,1,cross_256_edge,zstd_128,ZSTD,128,40,42,3562,300335040,300386695,51656,206,bytes 300335040-300386695/492119117,51656,51656,66.5253750012198,66.60520800141967,2.4883329970180057,69.11654100258602,True,
3,208,2,reused-client,1,cross_256_corner,deflate_256,DEFLATE,256,20,20,900,306262458,306479353,216896,206,bytes 306262458-306479353/498427477,216896,216896,48.85441599981277,48.9437079995696,69.68975000199862,118.66516699956264,True,
3,208,2,reused-client,1,cross_256_corner,deflate_256,DEFLATE,256,20,21,901,306479362,306690064,210703,206,bytes 306479362-306690064/498427477,210703,210703,43.71891700066044,43.773083001724444,89.49924999978975,133.30162500278675,True,
3,208,2,reused-client,1,cross_256_corner,deflate_256,DEFLATE,256,21,20,944,314896453,315110145,213693,206,bytes 314896453-315110145/498427477,213693,213693,39.534582996566314,39.623916996788466,47.99566700239666,87.66329199715983,True,
3,208,2,reused-client,1,cross_256_corner,deflate_256,DEFLATE,256,21,21,945,315110154,315323387,213234,206,bytes 315110154-315323387/498427477,213234,213234,48.59029200088116,48.749167002824834,50.08245899807662,98.87920899927849,True,
3,209,5,reused-client,1,cross_256_corner,zstd_256,ZSTD,256,20,20,900,301115142,301328168,213027,206,bytes 301115142-301328168/490384277,213027,213027,78.5217080010625,78.65891600158648,87.1895409982244,165.90987499876064,True,
3,209,5,reused-client,1,cross_256_corner,zstd_256,ZSTD,256,20,21,901,301328177,301535592,207416,206,bytes 301328177-301535592/490384277,207416,207416,157.99300000071526,158.08587499850546,79.73970899911365,237.87425000045914,True,
3,209,5,reused-client,1,cross_256_corner,zstd_256,ZSTD,256,21,20,944,309614499,309824334,209836,206,bytes 309614499-309824334/490384277,209836,209836,94.92279099868028,95.13887499997509,80.7474169996567,175.92504099957296,True,
3,209,5,reused-client,1,cross_256_corner,zstd_256,ZSTD,256,21,21,945,309824343,310033910,209568,206,bytes 309824343-310033910/490384277,209568,209568,44.827917001384776,44.89445900253486,105.09587499836925,150.03912500105798,True,
3,210,5,reused-client,1,cross_512_corner,lzw_512,LZW,512,10,10,230,411686466,412818824,1132359,206,bytes 411686466-412818824/661107776,1132359,1132359,41.001042001880705,41.16908300056821,497.3922500030312,538.6204999995243,True,
3,210,5,reused-client,1,cross_512_corner,lzw_512,LZW,512,10,11,231,412818833,413920320,1101488,206,bytes 412818833-413920320/661107776,1101488,1101488,151.96608299811487,152.0597499984433,331.02599999983795,483.1345419988793,True,
3,210,5,reused-client,1,cross_512_corner,lzw_512,LZW,512,11,10,252,434325460,435426146,1100687,206,bytes 434325460-435426146/661107776,1100687,1100687,78.89308399899164,79.24895899850526,260.9977499996603,340.2999589998217,True,
3,210,5,reused-client,1,cross_512_corner,lzw_512,LZW,512,11,11,253,435426155,436544622,1118468,206,bytes 435426155-436544622/661107776,1118468,1118468,62.601917001302354,62.71283300156938,355.73925000062445,418.49050000018906,True,
3,211,4,reused-client,1,cross_512_edge,zstd_256,ZSTD,256,20,21,901,301328177,301535592,207416,206,bytes 301328177-301535592/490384277,207416,207416,45.33212500246009,45.45145900192438,39.049666997016175,84.54054200046812,True,
3,211,4,reused-client,1,cross_512_edge,zstd_256,ZSTD,256,20,22,902,301535601,301739853,204253,206,bytes 301535601-301739853/490384277,204253,204253,45.68775000007008,45.7708329995512,43.79316599806771,89.60020799713675,True,
3,212,5,reused-client,1,cross_512_edge,lzw_512,LZW,512,10,10,230,411686466,412818824,1132359,206,bytes 411686466-412818824/661107776,1132359,1132359,96.90945799957262,97.04470799988485,334.25112500117393,431.35308300043107,True,
3,212,5,reused-client,1,cross_512_edge,lzw_512,LZW,512,10,11,231,412818833,413920320,1101488,206,bytes 412818833-413920320/661107776,1101488,1101488,136.69058400046197,136.78491699829465,368.4235410000838,505.2473760006251,True,
3,213,2,reused-client,1,cross_256_corner,zstd_512,ZSTD,512,10,10,230,304767160,305606839,839680,206,bytes 304767160-305606839/490194415,839680,839680,60.58054199820617,60.64704199889093,244.26083300204482,304.9641259967757,True,
3,214,5,reused-client,1,cross_128_edge,zstd_128,ZSTD,128,40,40,3560,300228058,300282104,54047,206,bytes 300228058-300282104/492119117,54047,54047,77.63933300157078,77.72699999986799,4.297666000638856,82.05029199962155,True,
3,214,5,reused-client,1,cross_128_edge,zstd_128,ZSTD,128,40,41,3561,300282113,300335031,52919,206,bytes 300282113-300335031/492119117,52919,52919,78.73516700055916,78.84591699985322,9.660708001320018,88.54304200212937,True,
3,215,1,reused-client,1,cross_256_edge,lzw_128,LZW,128,40,41,3561,404163829,404234861,71033,206,bytes 404163829-404234861/661264391,71033,71033,49.852000000100816,50.03424999813433,5.4485420005221386,55.52283299766714,True,
3,215,1,reused-client,1,cross_256_edge,lzw_128,LZW,128,40,42,3562,404234870,404303621,68752,206,bytes 404234870-404303621/661264391,68752,68752,50.77554200033774,51.05429200193612,80.17054200172424,131.24249999964377,True,
3,216,2,reused-client,1,cross_512_corner,deflate_512,DEFLATE,512,10,10,230,310426888,311281522,854635,206,bytes 310426888-311281522/499024403,854635,854635,50.08133400042425,50.150458999269176,388.41083299848833,438.5982919993694,True,
3,216,2,reused-client,1,cross_512_corner,deflate_512,DEFLATE,512,10,11,231,311281531,312113785,832255,206,bytes 311281531-312113785/499024403,832255,832255,54.95166599939694,55.06558300112374,192.75091699819313,247.8603329982434,True,
3,216,2,reused-client,1,cross_512_corner,deflate_512,DEFLATE,512,11,10,252,327623520,328452071,828552,206,bytes 327623520-328452071/499024403,828552,828552,41.91829200135544,42.047625000122935,255.6622080010129,297.75449999942794,True,
3,216,2,reused-client,1,cross_512_corner,deflate_512,DEFLATE,512,11,11,253,328452080,329294883,842804,206,bytes 328452080-329294883/499024403,842804,842804,45.68512500190991,45.806375001120614,307.70945900076185,353.5663750008098,True,
3,217,3,reused-client,1,cross_128_corner,deflate_256,DEFLATE,256,20,20,900,306262458,306479353,216896,206,bytes 306262458-306479353/498427477,216896,216896,47.02566700143507,47.16674999872339,79.78975000150967,126.9719170013559,True,
3,218,4,reused-client,1,cross_128_corner,lzw_512,LZW,512,10,10,230,411686466,412818824,1132359,206,bytes 411686466-412818824/661107776,1132359,1132359,31.409792001795722,31.44445900034043,653.0735419983102,684.572500998911,True,
3,219,2,reused-client,1,interior,lzw_512,LZW,512,10,10,230,411686466,412818824,1132359,206,bytes 411686466-412818824/661107776,1132359,1132359,61.149334000219824,61.25429199892096,413.5503330035135,474.92795799917076,True,
3,220,2,reused-client,1,interior,zstd_128,ZSTD,128,40,40,3560,300228058,300282104,54047,206,bytes 300228058-300282104/492119117,54047,54047,46.018707998882746,46.13008299929788,13.136790999851655,59.29712500073947,True,
3,221,4,reused-client,1,interior,deflate_256,DEFLATE,256,20,20,900,306262458,306479353,216896,206,bytes 306262458-306479353/498427477,216896,216896,64.28795899773831,64.3536249990575,67.35216599918203,131.73462499980815,True,
3,222,5,reused-client,1,interior,deflate_512,DEFLATE,512,10,10,230,310426888,311281522,854635,206,bytes 310426888-311281522/499024403,854635,854635,55.01979200198548,55.10350000258768,334.2604589997791,389.4070009991992,True,
3,223,2,reused-client,1,cross_256_edge,zstd_512,ZSTD,512,10,10,230,304767160,305606839,839680,206,bytes 304767160-305606839/490194415,839680,839680,73.69237499733572,73.83191599728889,288.14704199976404,362.0258329974604,True,
3,224,4,reused-client,1,cross_128_edge,lzw_256,LZW,256,20,20,900,406553924,406841161,287238,206,bytes 406553924-406841161/661012853,287238,287238,56.13529200127232,56.21900000187452,76.00783299858449,132.26962500266382,True,
3,225,1,reused-client,1,cross_128_edge,zstd_512,ZSTD,512,10,10,230,304767160,305606839,839680,206,bytes 304767160-305606839/490194415,839680,839680,65.76091700117104,65.93233400053577,278.2987089995004,344.2676259983273,True,
3,226,2,reused-client,1,cross_512_corner,deflate_256,DEFLATE,256,21,21,945,315110154,315323387,213234,206,bytes 315110154-315323387/498427477,213234,213234,65.10549999802606,65.20249999812222,74.1952919997857,139.43345900042914,True,
3,226,2,reused-client,1,cross_512_corner,deflate_256,DEFLATE,256,21,22,946,315323396,315533302,209907,206,bytes 315323396-315533302/498427477,209907,209907,98.71645900057047,98.78554200258804,193.0043749998731,291.831042002741,True,
3,226,2,reused-client,1,cross_512_corner,deflate_256,DEFLATE,256,22,21,989,323490842,323701123,210282,206,bytes 323490842-323701123/498427477,210282,210282,62.23691600098391,62.37716599935084,193.55558399911388,255.97437499891385,True,
3,226,2,reused-client,1,cross_512_corner,deflate_256,DEFLATE,256,22,22,990,323701132,323912576,211445,206,bytes 323701132-323912576/498427477,211445,211445,64.52825000087614,64.61929199940641,201.7751670027792,266.4259580014914,True,
3,227,2,reused-client,1,cross_128_corner,zstd_128,ZSTD,128,40,40,3560,300228058,300282104,54047,206,bytes 300228058-300282104/492119117,54047,54047,48.35462499977439,48.51979099839809,46.85299999982817,95.41254099895013,True,
3,227,2,reused-client,1,cross_128_corner,zstd_128,ZSTD,128,40,41,3561,300282113,300335031,52919,206,bytes 300282113-300335031/492119117,52919,52919,68.7809590017423,68.89824999962002,61.64679200082901,130.58612500026356,True,
3,227,2,reused-client,1,cross_128_corner,zstd_128,ZSTD,128,41,40,3648,304567089,304621133,54045,206,bytes 304567089-304621133/492119117,54045,54045,49.85520799891674,49.98883300140733,48.73312500058091,98.75908300091396,True,
3,227,2,reused-client,1,cross_128_corner,zstd_128,ZSTD,128,41,41,3649,304621142,304673679,52538,206,bytes 304621142-304673679/492119117,52538,52538,61.17762500070967,61.2570000012056,190.1540840008238,251.46870800017496,True,
3,228,5,reused-client,1,cross_512_corner,deflate_128,DEFLATE,128,43,43,3827,318224016,318278030,54015,206,bytes 318224016-318278030/499617324,54015,54015,79.2769159997988,79.37654100169311,22.988208998867776,102.4673329993675,True,
3,228,5,reused-client,1,cross_512_corner,deflate_128,DEFLATE,128,43,44,3828,318278039,318331048,53010,206,bytes 318278039-318331048/499617324,53010,53010,43.12808400209178,43.20775000087451,40.06437499992899,83.30804200159037,True,
3,228,5,reused-client,1,cross_512_corner,deflate_128,DEFLATE,128,44,43,3915,322379939,322432680,52742,206,bytes 322379939-322432680/499617324,52742,52742,46.6361250000773,46.724625000933884,27.19125000294298,73.95508400077233,True,
3,228,5,reused-client,1,cross_512_corner,deflate_128,DEFLATE,128,44,44,3916,322432689,322485817,53129,206,bytes 322432689-322485817/499617324,53129,53129,46.196625000447966,46.28562500147382,45.037500000034925,91.36341599878506,True,
3,229,1,reused-client,1,cross_512_corner,deflate_512,DEFLATE,512,10,10,230,310426888,311281522,854635,206,bytes 310426888-311281522/499024403,854635,854635,41.33912500037695,41.468041999905836,1127.1880000022065,1168.7156250009139,True,
3,229,1,reused-client,1,cross_512_corner,deflate_512,DEFLATE,512,10,11,231,311281531,312113785,832255,206,bytes 311281531-312113785/499024403,832255,832255,11050.560421997943,11050.672172001214,571.712209002726,11622.457879999274,True,
3,229,1,reused-client,1,cross_512_corner,deflate_512,DEFLATE,512,11,10,252,327623520,328452071,828552,206,bytes 327623520-328452071/499024403,828552,828552,47.43945800146321,47.54875000071479,669.7063329993398,717.3109169998497,True,
3,229,1,reused-client,1,cross_512_corner,deflate_512,DEFLATE,512,11,11,253,328452080,329294883,842804,206,bytes 328452080-329294883/499024403,842804,842804,75.08541599963792,75.21945799817331,702.2565420011233,777.5189169988153,True,
3,230,4,reused-client,1,cross_128_edge,deflate_256,DEFLATE,256,20,20,900,306262458,306479353,216896,206,bytes 306262458-306479353/498427477,216896,216896,72.30183299907367,72.42337500065332,118.9210410011583,191.39508300213492,True,
3,231,3,reused-client,1,cross_256_corner,lzw_512,LZW,512,10,10,230,411686466,412818824,1132359,206,bytes 411686466-412818824/661107776,1132359,1132359,63.07150000066031,63.16283300111536,556.2162089991034,619.4352499987872,True,
3,232,2,reused-client,1,cross_512_edge,zstd_128,ZSTD,128,40,43,3563,300386704,300438476,51773,206,bytes 300386704-300438476/492119117,51773,51773,53.39270900003612,53.50595900017652,21.545415998843964,75.1174170000013,True,
3,232,2,reused-client,1,cross_512_edge,zstd_128,ZSTD,128,40,44,3564,300438485,300489278,50794,206,bytes 300438485-300489278/492119117,50794,50794,147.92841699818382,148.03745899916976,5.4386660012823995,153.51599999848986,True,
3,233,1,reused-client,1,cross_256_edge,zstd_512,ZSTD,512,10,10,230,304767160,305606839,839680,206,bytes 304767160-305606839/490194415,839680,839680,51.4852919986879,51.59645800085855,391.27737500166404,442.944250000437,True,
3,234,2,reused-client,1,interior,deflate_128,DEFLATE,128,40,40,3560,305047460,305102560,55101,206,bytes 305047460-305102560/499617324,55101,55101,58.18824999732897,58.3507909977925,21.96554100009962,80.35837499846821,True,
3,235,3,reused-client,1,cross_256_corner,deflate_128,DEFLATE,128,41,41,3649,309501616,309555017,53402,206,bytes 309501616-309555017/499617324,53402,53402,43.931833999522496,44.03337500116322,16.26370899975882,60.36383399987244,True,
3,235,3,reused-client,1,cross_256_corner,deflate_128,DEFLATE,128,41,42,3650,309555026,309609246,54221,206,bytes 309555026-309609246/499617324,54221,54221,51.66720799752511,51.75341699941782,4.714167000201996,56.51591700006975,True,
3,235,3,reused-client,1,cross_256_corner,deflate_128,DEFLATE,128,42,41,3737,313827295,313880653,53359,206,bytes 313827295-313880653/499617324,53359,53359,81.03191700138268,81.138124998688,3.174541001499165,84.34766700156615,True,
3,235,3,reused-client,1,cross_256_corner,deflate_128,DEFLATE,128,42,42,3738,313880662,313934033,53372,206,bytes 313880662-313934033/499617324,53372,53372,59.231875002296874,59.32333300006576,10.427332999825012,69.78291700215777,True,
3,236,5,reused-client,1,cross_128_edge,deflate_128,DEFLATE,128,40,40,3560,305047460,305102560,55101,206,bytes 305047460-305102560/499617324,55101,55101,70.08370800031116,70.19112499983748,0.6988330023887102,70.9149160029483,True,
3,236,5,reused-client,1,cross_128_edge,deflate_128,DEFLATE,128,40,41,3561,305102569,305156400,53832,206,bytes 305102569-305156400/499617324,53832,53832,162.4359999987064,162.54795900022145,5.188333998376038,167.77304200149956,True,
3,237,4,reused-client,1,cross_256_edge,zstd_256,ZSTD,256,20,20,900,301115142,301328168,213027,206,bytes 301115142-301328168/490384277,213027,213027,60.44183400081238,60.542250001162756,272.19654199871,332.7870419998362,True,
3,237,4,reused-client,1,cross_256_edge,zstd_256,ZSTD,256,20,21,901,301328177,301535592,207416,206,bytes 301328177-301535592/490384277,207416,207416,103.49058400242939,104.33062499942025,128.2472089988005,232.63958399911644,True,
3,238,5,reused-client,1,cross_128_corner,zstd_256,ZSTD,256,20,20,900,301115142,301328168,213027,206,bytes 301115142-301328168/490384277,213027,213027,119.76783299905946,119.8965000003227,110.35212500064517,230.28845799854025,True,
3,239,3,reused-client,1,interior,deflate_512,DEFLATE,512,10,10,230,310426888,311281522,854635,206,bytes 310426888-311281522/499024403,854635,854635,57.703667000168934,57.78062500030501,499.02524999924935,556.8703340031789,True,
3,240,4,reused-client,1,interior,zstd_128,ZSTD,128,40,40,3560,300228058,300282104,54047,206,bytes 300228058-300282104/492119117,54047,54047,77.8693749998638,77.9835829998774,28.808583003410604,106.8384159989364,True,
3,241,4,reused-client,1,cross_512_edge,zstd_128,ZSTD,128,40,43,3563,300386704,300438476,51773,206,bytes 300386704-300438476/492119117,51773,51773,49.8594159980712,50.157624998973915,4.681416001403704,54.86691599799087,True,
3,241,4,reused-client,1,cross_512_edge,zstd_128,ZSTD,128,40,44,3564,300438485,300489278,50794,206,bytes 300438485-300489278/492119117,50794,50794,47.99812499913969,48.11041699940688,9.406958000909071,57.564749997254694,True,
3,242,2,reused-client,1,cross_256_edge,zstd_128,ZSTD,128,40,41,3561,300282113,300335031,52919,206,bytes 300282113-300335031/492119117,52919,52919,53.40974999853643,53.52149999816902,27.949625000474043,81.5072080004029,True,
3,242,2,reused-client,1,cross_256_edge,zstd_128,ZSTD,128,40,42,3562,300335040,300386695,51656,206,bytes 300335040-300386695/492119117,51656,51656,69.37216699952842,69.46875100038596,0.3553340029611718,69.84291700064205,True,
3,243,4,reused-client,1,cross_512_edge,lzw_128,LZW,128,40,43,3563,404303630,404372483,68854,206,bytes 404303630-404372483/661264391,68854,68854,84.03070799977286,84.10216699849116,4.549875000520842,88.67475000079139,True,
3,243,4,reused-client,1,cross_512_edge,lzw_128,LZW,128,40,44,3564,404372492,404440436,67945,206,bytes 404372492-404440436/661264391,67945,67945,65.12512500194134,65.19508299970767,7.108292000339134,72.32775000011316,True,
3,244,3,reused-client,1,interior,lzw_512,LZW,512,10,10,230,411686466,412818824,1132359,206,bytes 411686466-412818824/661107776,1132359,1132359,50.438750000466825,50.503166999988025,577.9138340003556,628.4622090024641,True,
3,245,3,reused-client,1,cross_512_corner,zstd_128,ZSTD,128,43,43,3827,313219659,313272608,52950,206,bytes 313219659-313272608/492119117,52950,52950,97.92054200079292,98.04758400059654,4.421291003382066,102.50291699776426,True,
3,245,3,reused-client,1,cross_512_corner,zstd_128,ZSTD,128,43,44,3828,313272617,313324753,52137,206,bytes 313272617-313324753/492119117,52137,52137,123.15299999681883,123.26866699731909,5.942708001384744,129.25904199801153,True,
3,245,3,reused-client,1,cross_512_corner,zstd_128,ZSTD,128,44,43,3915,317314658,317366615,51958,206,bytes 317314658-317366615/492119117,51958,51958,77.8905829974974,78.0134159977024,4.746500002511311,82.79579099689727,True,
3,245,3,reused-client,1,cross_512_corner,zstd_128,ZSTD,128,44,44,3916,317366624,317418939,52316,206,bytes 317366624-317418939/492119117,52316,52316,57.100834001175826,57.21212500066031,8.869917000993155,66.1275000020396,True,
3,246,1,reused-client,1,cross_512_edge,zstd_128,ZSTD,128,40,43,3563,300386704,300438476,51773,206,bytes 300386704-300438476/492119117,51773,51773,66.92829200255801,67.06250000206637,23.272499998711282,90.3767500021786,True,
3,246,1,reused-client,1,cross_512_edge,zstd_128,ZSTD,128,40,44,3564,300438485,300489278,50794,206,bytes 300438485-300489278/492119117,50794,50794,124.0609169981326,124.17666699911933,0.47325000195996836,124.67162599932635,True,
3,247,2,reused-client,1,cross_512_edge,deflate_256,DEFLATE,256,20,21,901,306479362,306690064,210703,206,bytes 306479362-306690064/498427477,210703,210703,66.18241600153851,66.31329100127914,51.48979200021131,117.84020800041617,True,
3,247,2,reused-client,1,cross_512_edge,deflate_256,DEFLATE,256,20,22,902,306690073,306897377,207305,206,bytes 306690073-306897377/498427477,207305,207305,76.06900000246242,76.17733400184079,49.69087500285241,125.93800000104238,True,
3,248,2,reused-client,1,cross_128_corner,zstd_256,ZSTD,256,20,20,900,301115142,301328168,213027,206,bytes 301115142-301328168/490384277,213027,213027,66.91629199849558,67.00745899797766,60.03383300048881,127.09020900001633,True,
3,249,4,reused-client,1,cross_128_edge,lzw_512,LZW,512,10,10,230,411686466,412818824,1132359,206,bytes 411686466-412818824/661107776,1132359,1132359,67.88733299981686,67.99474999934318,364.1710010015231,432.19445800059475,True,
3,250,4,reused-client,1,cross_256_edge,deflate_256,DEFLATE,256,20,20,900,306262458,306479353,216896,206,bytes 306262458-306479353/498427477,216896,216896,49.07749999983935,49.14904099859996,69.27395800084923,118.4627080001519,True,
3,250,4,reused-client,1,cross_256_edge,deflate_256,DEFLATE,256,20,21,901,306479362,306690064,210703,206,bytes 306479362-306690064/498427477,210703,210703,127.870874999644,128.01733399828663,43.80441700050142,171.8734169990057,True,
3,251,2,reused-client,1,cross_512_corner,lzw_512,LZW,512,10,10,230,411686466,412818824,1132359,206,bytes 411686466-412818824/661107776,1132359,1132359,61.9166669966944,62.042457997449674,254.64929199733888,316.7444169994269,True,
3,251,2,reused-client,1,cross_512_corner,lzw_512,LZW,512,10,11,231,412818833,413920320,1101488,206,bytes 412818833-413920320/661107776,1101488,1101488,63.05962500118767,63.16941700060852,317.2537079990434,380.45379200048046,True,
3,251,2,reused-client,1,cross_512_corner,lzw_512,LZW,512,11,10,252,434325460,435426146,1100687,206,bytes 434325460-435426146/661107776,1100687,1100687,93.6950000032084,93.79412500129547,774.0305000006629,867.8627090012014,True,
3,251,2,reused-client,1,cross_512_corner,lzw_512,LZW,512,11,11,253,435426155,436544622,1118468,206,bytes 435426155-436544622/661107776,1118468,1118468,59.60433300060686,59.719291999499546,339.6327080008632,399.4085000013001,True,
3,252,4,reused-client,1,cross_512_corner,zstd_128,ZSTD,128,43,43,3827,313219659,313272608,52950,206,bytes 313219659-313272608/492119117,52950,52950,239.1391669989389,239.22816699996474,8.178666001185775,247.44458300119732,True,
3,252,4,reused-client,1,cross_512_corner,zstd_128,ZSTD,128,43,44,3828,313272617,313324753,52137,206,bytes 313272617-313324753/492119117,52137,52137,54.7782499997993,54.90379099865095,14.318708999780938,69.27237499985495,True,
3,252,4,reused-client,1,cross_512_corner,zstd_128,ZSTD,128,44,43,3915,317314658,317366615,51958,206,bytes 317314658-317366615/492119117,51958,51958,123.19191699862131,123.32104199958849,0.8997910008474719,124.24800000007963,True,
3,252,4,reused-client,1,cross_512_corner,zstd_128,ZSTD,128,44,44,3916,317366624,317418939,52316,206,bytes 317366624-317418939/492119117,52316,52316,39.03391600033501,39.41349999877275,10.65924999784329,50.12712499956251,True,
3,253,5,reused-client,1,cross_512_corner,deflate_256,DEFLATE,256,21,21,945,315110154,315323387,213234,206,bytes 315110154-315323387/498427477,213234,213234,87.13058299690601,87.22245799799566,94.44312500272645,181.68087499725516,True,
3,253,5,reused-client,1,cross_512_corner,deflate_256,DEFLATE,256,21,22,946,315323396,315533302,209907,206,bytes 315323396-315533302/498427477,209907,209907,57.977583001047606,58.14545799876214,43.47879100168939,101.66441700130235,True,
3,253,5,reused-client,1,cross_512_corner,deflate_256,DEFLATE,256,22,21,989,323490842,323701123,210282,206,bytes 323490842-323701123/498427477,210282,210282,55.87237500003539,55.967917000089074,50.993417000427144,106.99549999844749,True,
3,253,5,reused-client,1,cross_512_corner,deflate_256,DEFLATE,256,22,22,990,323701132,323912576,211445,206,bytes 323701132-323912576/498427477,211445,211445,70.94599999982165,71.05295799919986,67.95687500198255,139.04974999968545,True,
3,254,4,reused-client,1,cross_256_corner,deflate_512,DEFLATE,512,10,10,230,310426888,311281522,854635,206,bytes 310426888-311281522/499024403,854635,854635,150.34320800259593,150.4566250005155,380.7432499997958,531.261333002476,True,
3,255,2,reused-client,1,cross_512_corner,lzw_128,LZW,128,43,43,3827,421475357,421546899,71543,206,bytes 421475357-421546899/661264391,71543,71543,90.74970800065785,90.86200000092504,7.2278330007975455,98.12429200246697,True,
3,255,2,reused-client,1,cross_512_corner,lzw_128,LZW,128,43,44,3828,421546908,421617252,70345,206,bytes 421546908-421617252/661264391,70345,70345,75.06033399840817,75.13195899809944,2.9469580003933515,78.09937499769148,True,
3,255,2,reused-client,1,cross_512_corner,lzw_128,LZW,128,44,43,3915,426954274,427023840,69567,206,bytes 426954274-427023840/661264391,69567,69567,151.19924999817158,151.3527079987398,8.186457998817787,159.59566699893912,True,
3,255,2,reused-client,1,cross_512_corner,lzw_128,LZW,128,44,44,3916,427023849,427094094,70246,206,bytes 427023849-427094094/661264391,70246,70246,54.689000000507804,54.80595799963339,8.867917000316083,63.718000001244945,True,
3,256,3,reused-client,1,cross_512_edge,zstd_512,ZSTD,512,10,10,230,304767160,305606839,839680,206,bytes 304767160-305606839/490194415,839680,839680,49.718374997610226,49.842665997857694,269.30416699906345,319.19291599842836,True,
3,256,3,reused-client,1,cross_512_edge,zstd_512,ZSTD,512,10,11,231,305606848,306426901,820054,206,bytes 305606848-306426901/490194415,820054,820054,174.83241700028884,174.9175840013777,461.0361250015558,635.9890420026204,True,
3,257,2,reused-client,1,cross_128_corner,lzw_128,LZW,128,40,40,3560,404091050,404163820,72771,206,bytes 404091050-404163820/661264391,72771,72771,67.56083399886847,67.70808399960515,10.991125000145985,78.7483339991013,True,
3,257,2,reused-client,1,cross_128_corner,lzw_128,LZW,128,40,41,3561,404163829,404234861,71033,206,bytes 404163829-404234861/661264391,71033,71033,55.18304200086277,55.401875000825385,6.271750000450993,61.720624998997664,True,
3,257,2,reused-client,1,cross_128_corner,lzw_128,LZW,128,41,40,3648,409892800,409965306,72507,206,bytes 409892800-409965306/661264391,72507,72507,56.223915998998564,56.472000000212574,4.315374997531762,60.82920799963176,True,
3,257,2,reused-client,1,cross_128_corner,lzw_128,LZW,128,41,41,3649,409965315,410035919,70605,206,bytes 409965315-410035919/661264391,70605,70605,124.54083400007221,125.00504199852003,0.4640420011128299,125.49045899868361,True,
3,258,3,reused-client,1,cross_512_edge,deflate_512,DEFLATE,512,10,10,230,310426888,311281522,854635,206,bytes 310426888-311281522/499024403,854635,854635,52.97712500032503,53.0836249999993,423.1495829990308,476.25075000178185,True,
3,258,3,reused-client,1,cross_512_edge,deflate_512,DEFLATE,512,10,11,231,311281531,312113785,832255,206,bytes 311281531-312113785/499024403,832255,832255,96.80308300085017,96.88345800168463,333.8677079991612,430.83737500273855,True,
3,259,3,reused-client,1,cross_128_edge,lzw_256,LZW,256,20,20,900,406553924,406841161,287238,206,bytes 406553924-406841161/661012853,287238,287238,142.7457499994489,142.8273330020602,103.72820900010993,246.61645800006227,True,
3,260,1,reused-client,1,cross_256_corner,zstd_256,ZSTD,256,20,20,900,301115142,301328168,213027,206,bytes 301115142-301328168/490384277,213027,213027,63.793334000365576,63.91579199771513,114.91120799837518,178.91295899971738,True,
3,260,1,reused-client,1,cross_256_corner,zstd_256,ZSTD,256,20,21,901,301328177,301535592,207416,206,bytes 301328177-301535592/490384277,207416,207416,55.39208400296047,55.5542920010339,98.09920800034888,153.70900000198162,True,
3,260,1,reused-client,1,cross_256_corner,zstd_256,ZSTD,256,21,20,944,309614499,309824334,209836,206,bytes 309614499-309824334/490384277,209836,209836,50.87733300024411,51.01591700076824,66.23283299995819,117.30524999802583,True,
3,260,1,reused-client,1,cross_256_corner,zstd_256,ZSTD,256,21,21,945,309824343,310033910,209568,206,bytes 309824343-310033910/490384277,209568,209568,67.1898330001568,67.30220800091047,65.19324999680975,132.61291600065306,True,
3,261,5,reused-client,1,cross_128_corner,lzw_512,LZW,512,10,10,230,411686466,412818824,1132359,206,bytes 411686466-412818824/661107776,1132359,1132359,47.718000001623295,47.86075000083656,424.29441700005555,472.19095900072716,True,
3,262,3,reused-client,1,cross_256_edge,zstd_512,ZSTD,512,10,10,230,304767160,305606839,839680,206,bytes 304767160-305606839/490194415,839680,839680,94.74429200054146,94.85941700040712,222.92825000113226,317.81320899972343,True,
3,263,2,reused-client,1,cross_128_edge,zstd_256,ZSTD,256,20,20,900,301115142,301328168,213027,206,bytes 301115142-301328168/490384277,213027,213027,93.0851659977634,93.1908749989816,41.26662499766098,134.4932499996503,True,
3,264,5,reused-client,1,cross_512_edge,deflate_256,DEFLATE,256,20,21,901,306479362,306690064,210703,206,bytes 306479362-306690064/498427477,210703,210703,50.448083002265776,50.52787500244449,32.7104589996452,83.26745800150093,True,
3,264,5,reused-client,1,cross_512_edge,deflate_256,DEFLATE,256,20,22,902,306690073,306897377,207305,206,bytes 306690073-306897377/498427477,207305,207305,54.613374999462394,54.69525000080466,33.505084000353236,88.22974999930011,True,
3,265,5,reused-client,1,cross_128_edge,lzw_256,LZW,256,20,20,900,406553924,406841161,287238,206,bytes 406553924-406841161/661012853,287238,287238,50.34766699827742,50.69020899827592,65.08170799861546,115.82929200085346,True,
3,266,4,reused-client,1,cross_256_corner,lzw_128,LZW,128,41,41,3649,409965315,410035919,70605,206,bytes 409965315-410035919/661264391,70605,70605,65.48174999988987,65.61720800164039,6.07020900133648,71.72079200245207,True,
3,266,4,reused-client,1,cross_256_corner,lzw_128,LZW,128,41,42,3650,410035928,410107613,71686,206,bytes 410035928-410107613/661264391,71686,71686,124.99799999932293,125.11725000149454,2.2739580017514527,127.4769589981588,True,
3,266,4,reused-client,1,cross_256_corner,lzw_128,LZW,128,42,41,3737,415676272,415746842,70571,206,bytes 415676272-415746842/661264391,70571,70571,64.7539580022567,64.91362499946263,9.77045800027554,74.73587500135181,True,
3,266,4,reused-client,1,cross_256_corner,lzw_128,LZW,128,42,42,3738,415746851,415817546,70696,206,bytes 415746851-415817546/661264391,70696,70696,86.57575000324869,86.89454100021976,0.39408300290233456,87.3139160030405,True,
3,267,4,reused-client,1,cross_256_edge,deflate_512,DEFLATE,512,10,10,230,310426888,311281522,854635,206,bytes 310426888-311281522/499024403,854635,854635,73.07795900123892,73.17766699998174,234.4904999990831,307.72479200095404,True,
3,268,5,reused-client,1,cross_256_corner,zstd_128,ZSTD,128,41,41,3649,304621142,304673679,52538,206,bytes 304621142-304673679/492119117,52538,52538,121.56566699923133,121.69162500140374,25.663542000984307,147.38412500082632,True,
3,268,5,reused-client,1,cross_256_corner,zstd_128,ZSTD,128,41,42,3650,304673688,304726888,53201,206,bytes 304673688-304726888/492119117,53201,53201,103.55479099962395,103.65691599872662,52.58158300057403,156.28866599945468,True,
3,268,5,reused-client,1,cross_256_corner,zstd_128,ZSTD,128,42,41,3737,308887700,308940134,52435,206,bytes 308887700-308940134/492119117,52435,52435,105.82550000253832,105.94475000107195,5.740666998462984,111.72070800239453,True,
3,268,5,reused-client,1,cross_256_corner,zstd_128,ZSTD,128,42,42,3738,308940143,308992671,52529,206,bytes 308940143-308992671/492119117,52529,52529,159.16412500155275,159.27129199917545,0.5708329990739003,159.86333299952094,True,
3,269,3,reused-client,1,cross_512_corner,lzw_256,LZW,256,21,21,945,418246405,418529582,283178,206,bytes 418246405-418529582/661012853,283178,283178,57.55854100061697,57.686166001076344,80.66291700015427,138.41825000054087,True,
3,269,3,reused-client,1,cross_512_corner,lzw_256,LZW,256,21,22,946,418529591,418807664,278074,206,bytes 418529591-418807664/661012853,278074,278074,75.33095799954026,75.45925000158604,78.14737499938929,153.67337499992573,True,
3,269,3,reused-client,1,cross_512_corner,lzw_256,LZW,256,22,21,989,429313097,429591287,278191,206,bytes 429313097-429591287/661012853,278191,278191,53.30595900159096,53.384042003017385,51.357165997615084,104.77241700209561,True,
3,269,3,reused-client,1,cross_512_corner,lzw_256,LZW,256,22,22,990,429591296,429871211,279916,206,bytes 429591296-429871211/661012853,279916,279916,54.67499999940628,54.79216700041434,65.2839579997817,120.09212499833666,True,
3,270,3,reused-client,1,cross_128_corner,zstd_256,ZSTD,256,20,20,900,301115142,301328168,213027,206,bytes 301115142-301328168/490384277,213027,213027,61.389415997837204,61.47008299740264,41.13208299895632,102.67687499799649,True,
3,271,1,reused-client,1,cross_128_edge,deflate_256,DEFLATE,256,20,20,900,306262458,306479353,216896,206,bytes 306262458-306479353/498427477,216896,216896,75.84800100084976,75.94400100060739,44.457457999669714,120.4407090008317,True,
3,272,2,reused-client,1,cross_128_edge,zstd_128,ZSTD,128,40,40,3560,300228058,300282104,54047,206,bytes 300228058-300282104/492119117,54047,54047,42.370832998130936,42.4576250006794,5.233125000813743,47.71479099872522,True,
3,272,2,reused-client,1,cross_128_edge,zstd_128,ZSTD,128,40,41,3561,300282113,300335031,52919,206,bytes 300282113-300335031/492119117,52919,52919,56.93550000069081,57.03766700025881,4.1643749973445665,61.22799999866402,True,
3,273,5,reused-client,1,cross_128_edge,zstd_256,ZSTD,256,20,20,900,301115142,301328168,213027,206,bytes 301115142-301328168/490384277,213027,213027,70.13937500232714,70.25762500052224,344.4526669991319,414.7608749990468,True,
3,274,2,reused-client,1,cross_256_edge,deflate_256,DEFLATE,256,20,20,900,306262458,306479353,216896,206,bytes 306262458-306479353/498427477,216896,216896,64.05795899991062,64.37775000085821,73.58966700121528,138.02304199998616,True,
3,274,2,reused-client,1,cross_256_edge,deflate_256,DEFLATE,256,20,21,901,306479362,306690064,210703,206,bytes 306479362-306690064/498427477,210703,210703,46.51149999699555,48.41737499737064,26.346709000790725,74.88699999885284,True,
3,275,3,reused-client,1,cross_256_corner,zstd_256,ZSTD,256,20,20,900,301115142,301328168,213027,206,bytes 301115142-301328168/490384277,213027,213027,46.751125002629124,46.81870800050092,53.98037499981001,100.83495800063247,True,
3,275,3,reused-client,1,cross_256_corner,zstd_256,ZSTD,256,20,21,901,301328177,301535592,207416,206,bytes 301328177-301535592/490384277,207416,207416,47.26074999780394,47.390874999109656,36.97995800030185,84.4270419984241,True,
3,275,3,reused-client,1,cross_256_corner,zstd_256,ZSTD,256,21,20,944,309614499,309824334,209836,206,bytes 309614499-309824334/490384277,209836,209836,46.46895900077652,46.55375000220374,28.92299999803072,75.51341699945624,True,
3,275,3,reused-client,1,cross_256_corner,zstd_256,ZSTD,256,21,21,945,309824343,310033910,209568,206,bytes 309824343-310033910/490384277,209568,209568,56.02545799774816,56.098082997777965,22.804709002230084,78.93345799675444,True,
3,276,1,reused-client,1,cross_128_edge,deflate_128,DEFLATE,128,40,40,3560,305047460,305102560,55101,206,bytes 305047460-305102560/499617324,55101,55101,69.71524999971734,69.78012499894248,6.894624999404186,76.69929199983017,True,
3,276,1,reused-client,1,cross_128_edge,deflate_128,DEFLATE,128,40,41,3561,305102569,305156400,53832,206,bytes 305102569-305156400/499617324,53832,53832,39.06533299959847,39.130875000410015,13.389291001658421,52.555457998096244,True,
3,277,4,reused-client,1,interior,deflate_128,DEFLATE,128,40,40,3560,305047460,305102560,55101,206,bytes 305047460-305102560/499617324,55101,55101,38.85979199912981,38.93370800142293,106.71279199959827,145.69533399844659,True,
3,278,1,reused-client,1,cross_512_corner,lzw_256,LZW,256,21,21,945,418246405,418529582,283178,206,bytes 418246405-418529582/661012853,283178,283178,43.598750002274755,43.71970800275449,60.09504200119409,103.86683300021105,True,
3,278,1,reused-client,1,cross_512_corner,lzw_256,LZW,256,21,22,946,418529591,418807664,278074,206,bytes 418529591-418807664/661012853,278074,278074,57.64566600191756,57.72554100258276,86.36729199861293,144.14016600130708,True,
3,278,1,reused-client,1,cross_512_corner,lzw_256,LZW,256,22,21,989,429313097,429591287,278191,206,bytes 429313097-429591287/661012853,278191,278191,46.83395800020662,46.90791699977126,71.51962500211084,118.48716700114892,True,
3,278,1,reused-client,1,cross_512_corner,lzw_256,LZW,256,22,22,990,429591296,429871211,279916,206,bytes 429591296-429871211/661012853,279916,279916,56.355166001594625,56.518750003306195,65.30375000147615,121.87541599996621,True,
3,279,2,reused-client,1,interior,deflate_512,DEFLATE,512,10,10,230,310426888,311281522,854635,206,bytes 310426888-311281522/499024403,854635,854635,54.66125000020838,54.76891700163833,203.2607500004815,258.081542000582,True,
3,280,2,reused-client,1,cross_512_edge,lzw_512,LZW,512,10,10,230,411686466,412818824,1132359,206,bytes 411686466-412818824/661107776,1132359,1132359,50.41716599953361,50.879540998721495,345.3667499998119,396.2798329994257,True,
3,280,2,reused-client,1,cross_512_edge,lzw_512,LZW,512,10,11,231,412818833,413920320,1101488,206,bytes 412818833-413920320/661107776,1101488,1101488,39.08433299875469,39.148790998297045,271.4600840008643,310.64825000066776,True,
3,281,4,reused-client,1,cross_256_edge,deflate_128,DEFLATE,128,40,41,3561,305102569,305156400,53832,206,bytes 305102569-305156400/499617324,53832,53832,55.30654199901619,55.412334000720875,0.2671250003913883,55.700000000797445,True,
3,281,4,reused-client,1,cross_256_edge,deflate_128,DEFLATE,128,40,42,3562,305156409,305208764,52356,206,bytes 305156409-305208764/499617324,52356,52356,58.20908400346525,58.32804200326791,26.50191700013238,84.88045900230645,True,
3,282,4,reused-client,1,cross_512_corner,lzw_128,LZW,128,43,43,3827,421475357,421546899,71543,206,bytes 421475357-421546899/661264391,71543,71543,81.8078330012213,81.90254099827143,0.963541999226436,82.89558300020872,True,
3,282,4,reused-client,1,cross_512_corner,lzw_128,LZW,128,43,44,3828,421546908,421617252,70345,206,bytes 421546908-421617252/661264391,70345,70345,53.30195900023682,53.42062500130851,0.5985830030112993,54.04325000199606,True,
3,282,4,reused-client,1,cross_512_corner,lzw_128,LZW,128,44,43,3915,426954274,427023840,69567,206,bytes 426954274-427023840/661264391,69567,69567,50.48275000081048,50.59441699995659,18.664041999727488,69.32616700214567,True,
3,282,4,reused-client,1,cross_512_corner,lzw_128,LZW,128,44,44,3916,427023849,427094094,70246,206,bytes 427023849-427094094/661264391,70246,70246,70.6736659994931,70.78879099935875,6.118458000855753,76.94054099920322,True,
3,283,2,reused-client,1,cross_128_edge,zstd_512,ZSTD,512,10,10,230,304767160,305606839,839680,206,bytes 304767160-305606839/490194415,839680,839680,77.5952080002753,77.77483300014865,321.86195900067105,399.69529199879616,True,
3,284,3,reused-client,1,cross_512_edge,zstd_128,ZSTD,128,40,43,3563,300386704,300438476,51773,206,bytes 300386704-300438476/492119117,51773,51773,96.79787500135717,96.89245800109347,3.8583339992328547,100.77833300238126,True,
3,284,3,reused-client,1,cross_512_edge,zstd_128,ZSTD,128,40,44,3564,300438485,300489278,50794,206,bytes 300438485-300489278/492119117,50794,50794,38.0444170004921,38.14145900105359,10.874667001189664,49.051499998313375,True,
3,285,5,reused-client,1,cross_256_corner,deflate_256,DEFLATE,256,20,20,900,306262458,306479353,216896,206,bytes 306262458-306479353/498427477,216896,216896,47.88741599986679,47.99141599869472,115.4519590018026,163.49500000069384,True,
3,285,5,reused-client,1,cross_256_corner,deflate_256,DEFLATE,256,20,21,901,306479362,306690064,210703,206,bytes 306479362-306690064/498427477,210703,210703,69.1213339996466,69.19591699988814,127.34766699941247,196.57904199993936,True,
3,285,5,reused-client,1,cross_256_corner,deflate_256,DEFLATE,256,21,20,944,314896453,315110145,213693,206,bytes 314896453-315110145/498427477,213693,213693,67.87404200076708,67.93770799777121,126.13158399835811,194.14354199761874,True,
3,285,5,reused-client,1,cross_256_corner,deflate_256,DEFLATE,256,21,21,945,315110154,315323387,213234,206,bytes 315110154-315323387/498427477,213234,213234,44.529624999995576,44.597416002943646,225.11104100340162,269.72337500046706,True,
3,286,3,reused-client,1,cross_512_edge,deflate_128,DEFLATE,128,40,43,3563,305208773,305261361,52589,206,bytes 305208773-305261361/499617324,52589,52589,45.05166699891561,45.149749999836786,7.276667001860915,52.44650000167894,True,
3,286,3,reused-client,1,cross_512_edge,deflate_128,DEFLATE,128,40,44,3564,305261370,305312689,51320,206,bytes 305261370-305312689/499617324,51320,51320,45.22354200162226,45.27941700143856,1.824249997298466,47.122542000579415,True,
3,287,5,reused-client,1,cross_512_corner,deflate_512,DEFLATE,512,10,10,230,310426888,311281522,854635,206,bytes 310426888-311281522/499024403,854635,854635,43.95441700035008,44.03087500031688,399.03100099763833,443.1163760018535,True,
3,287,5,reused-client,1,cross_512_corner,deflate_512,DEFLATE,512,10,11,231,311281531,312113785,832255,206,bytes 311281531-312113785/499024403,832255,832255,63.04266699953587,63.16241699823877,476.88695900069433,540.099083998939,True,
3,287,5,reused-client,1,cross_512_corner,deflate_512,DEFLATE,512,11,10,252,327623520,328452071,828552,206,bytes 327623520-328452071/499024403,828552,828552,69.48224999723607,69.5555409984081,444.66987600026187,514.2864579975139,True,
3,287,5,reused-client,1,cross_512_corner,deflate_512,DEFLATE,512,11,11,253,328452080,329294883,842804,206,bytes 328452080-329294883/499024403,842804,842804,87.21299999888288,87.32720799889648,544.9629579998145,632.3247500004072,True,
3,288,2,reused-client,1,cross_512_corner,deflate_128,DEFLATE,128,43,43,3827,318224016,318278030,54015,206,bytes 318224016-318278030/499617324,54015,54015,128.24424999780604,128.37508300071931,15.186458000243874,143.5959170012211,True,
3,288,2,reused-client,1,cross_512_corner,deflate_128,DEFLATE,128,43,44,3828,318278039,318331048,53010,206,bytes 318278039-318331048/499617324,53010,53010,85.96324999962235,86.10058300109813,53.4741249975923,139.6226659999229,True,
3,288,2,reused-client,1,cross_512_corner,deflate_128,DEFLATE,128,44,43,3915,322379939,322432680,52742,206,bytes 322379939-322432680/499617324,52742,52742,61.23758300236659,61.3056250003865,52.229875000193715,113.54820799897425,True,
3,288,2,reused-client,1,cross_512_corner,deflate_128,DEFLATE,128,44,44,3916,322432689,322485817,53129,206,bytes 322432689-322485817/499617324,53129,53129,59.449374999530846,59.517207999306265,23.989124998479383,83.53899999929126,True,
3,289,3,reused-client,1,cross_256_edge,lzw_256,LZW,256,20,20,900,406553924,406841161,287238,206,bytes 406553924-406841161/661012853,287238,287238,77.8606249987206,77.97199999913573,289.03874999741674,367.04679199829116,True,
3,289,3,reused-client,1,cross_256_edge,lzw_256,LZW,256,20,21,901,406841170,407119092,277923,206,bytes 406841170-407119092/661012853,277923,277923,46.12516700217384,46.222542001487454,200.69249999869498,246.96304200188024,True,
3,290,1,reused-client,1,cross_256_corner,lzw_128,LZW,128,41,41,3649,409965315,410035919,70605,206,bytes 409965315-410035919/661264391,70605,70605,73.85704100306612,73.97183300054166,144.5553750018007,218.58741600226494,True,
3,290,1,reused-client,1,cross_256_corner,lzw_128,LZW,128,41,42,3650,410035928,410107613,71686,206,bytes 410035928-410107613/661264391,71686,71686,69.07112499902723,69.24066699866671,31.69333400001051,101.00599999714177,True,
3,290,1,reused-client,1,cross_256_corner,lzw_128,LZW,128,42,41,3737,415676272,415746842,70571,206,bytes 415676272-415746842/661264391,70571,70571,200.36429200263228,200.47604200226488,347.1576250012731,547.7000000028056,True,
3,290,1,reused-client,1,cross_256_corner,lzw_128,LZW,128,42,42,3738,415746851,415817546,70696,206,bytes 415746851-415817546/661264391,70696,70696,48.040624998975545,48.14287499903003,89.04433400311973,137.23962499716436,True,
3,291,5,reused-client,1,cross_512_edge,zstd_512,ZSTD,512,10,10,230,304767160,305606839,839680,206,bytes 304767160-305606839/490194415,839680,839680,82.69545900111552,82.81912500024191,769.8710840013518,852.7138339995872,True,
3,291,5,reused-client,1,cross_512_edge,zstd_512,ZSTD,512,10,11,231,305606848,306426901,820054,206,bytes 305606848-306426901/490194415,820054,820054,61.38620799902128,61.53170800098451,544.2804169979354,605.8741669985466,True,
3,292,3,reused-client,1,cross_256_corner,zstd_512,ZSTD,512,10,10,230,304767160,305606839,839680,206,bytes 304767160-305606839/490194415,839680,839680,83.5157090004941,83.62958400175557,423.34562500036554,507.0147500009625,True,
3,293,5,reused-client,1,cross_128_edge,lzw_512,LZW,512,10,10,230,411686466,412818824,1132359,206,bytes 411686466-412818824/661107776,1132359,1132359,68.82295900140889,68.91900000118767,426.93016700286535,495.8797510007571,True,
3,294,3,reused-client,1,cross_256_edge,deflate_128,DEFLATE,128,40,41,3561,305102569,305156400,53832,206,bytes 305102569-305156400/499617324,53832,53832,66.26408300144249,66.39416699908907,0.49125000077765435,66.90808300118078,True,
3,294,3,reused-client,1,cross_256_edge,deflate_128,DEFLATE,128,40,42,3562,305156409,305208764,52356,206,bytes 305156409-305208764/499617324,52356,52356,50.47733299943502,50.77395799889928,4.511833001743071,55.319208000582876,True,
3,295,1,reused-client,1,cross_512_edge,lzw_256,LZW,256,20,21,901,406841170,407119092,277923,206,bytes 406841170-407119092/661012853,277923,277923,74.96345799881965,75.10679199913284,73.12295799783897,148.3488749981916,True,
3,295,1,reused-client,1,cross_512_edge,lzw_256,LZW,256,20,22,902,407119101,407393560,274460,206,bytes 407119101-407393560/661012853,274460,274460,58.552999998937594,58.65095899935113,168.93004199664574,227.60787600054755,True,
3,296,3,reused-client,1,cross_256_corner,lzw_256,LZW,256,20,20,900,406553924,406841161,287238,206,bytes 406553924-406841161/661012853,287238,287238,59.36437499985914,59.45741699906648,158.5585409993655,218.06358299727435,True,
3,296,3,reused-client,1,cross_256_corner,lzw_256,LZW,256,20,21,901,406841170,407119092,277923,206,bytes 406841170-407119092/661012853,277923,277923,44.55379199862364,44.6613329986576,70.55625000066357,115.25641699699918,True,
3,296,3,reused-client,1,cross_256_corner,lzw_256,LZW,256,21,20,944,417962328,418246396,284069,206,bytes 417962328-418246396/661012853,284069,284069,41.49558300196077,41.60804200000712,59.969707999698585,101.60883299977286,True,
3,296,3,reused-client,1,cross_256_corner,lzw_256,LZW,256,21,21,945,418246405,418529582,283178,206,bytes 418246405-418529582/661012853,283178,283178,85.31841600051848,85.42812499945285,103.96187600053963,189.41600000107428,True,
3,297,4,reused-client,1,cross_128_corner,lzw_256,LZW,256,20,20,900,406553924,406841161,287238,206,bytes 406553924-406841161/661012853,287238,287238,56.17070899825194,56.24175000048126,53.3008329985023,109.5837089997076,True,
3,298,4,reused-client,1,cross_128_edge,deflate_512,DEFLATE,512,10,10,230,310426888,311281522,854635,206,bytes 310426888-311281522/499024403,854635,854635,49.49179200048093,49.586041997827124,295.5878749999101,345.30762499707635,True,
3,299,1,reused-client,1,interior,lzw_256,LZW,256,20,20,900,406553924,406841161,287238,206,bytes 406553924-406841161/661012853,287238,287238,71.4904589985963,71.92095899881679,52.99883300176589,124.97262499891804,True,
3,300,4,reused-client,1,interior,lzw_512,LZW,512,10,10,230,411686466,412818824,1132359,206,bytes 411686466-412818824/661107776,1132359,1132359,44.46699999971315,44.78237500006799,207.85966699986602,252.69954200120992,True,
3,301,4,reused-client,1,cross_128_corner,deflate_512,DEFLATE,512,10,10,230,310426888,311281522,854635,206,bytes 310426888-311281522/499024403,854635,854635,73.12037500014412,73.237541000708,149.63341700058663,222.90799999973387,True,
3,302,1,reused-client,1,cross_128_corner,deflate_512,DEFLATE,512,10,10,230,310426888,311281522,854635,206,bytes 310426888-311281522/499024403,854635,854635,54.61812500288943,54.701791999832494,122.94045900125639,177.69070800204645,True,
3,303,5,reused-client,1,cross_256_edge,zstd_128,ZSTD,128,40,41,3561,300282113,300335031,52919,206,bytes 300282113-300335031/492119117,52919,52919,48.56462499810732,48.71779200038873,9.306667001510505,58.06974999723025,True,
3,303,5,reused-client,1,cross_256_edge,zstd_128,ZSTD,128,40,42,3562,300335040,300386695,51656,206,bytes 300335040-300386695/492119117,51656,51656,161.08345900283894,161.1493340024026,0.6088749978516717,161.77570900254068,True,
3,304,5,reused-client,1,interior,zstd_512,ZSTD,512,10,10,230,304767160,305606839,839680,206,bytes 304767160-305606839/490194415,839680,839680,97.7165000003879,97.81170900168945,221.84850000121514,319.7089999994205,True,
3,305,5,reused-client,1,interior,zstd_256,ZSTD,256,20,20,900,301115142,301328168,213027,206,bytes 301115142-301328168/490384277,213027,213027,55.002375000185566,55.11562500032596,36.01154200077872,91.16437500051688,True,
3,306,5,reused-client,1,cross_128_edge,zstd_512,ZSTD,512,10,10,230,304767160,305606839,839680,206,bytes 304767160-305606839/490194415,839680,839680,51.45829200046137,52.22991700065904,191.29624999914085,243.5650010011159,True,
3,307,5,reused-client,1,cross_128_corner,zstd_512,ZSTD,512,10,10,230,304767160,305606839,839680,206,bytes 304767160-305606839/490194415,839680,839680,62.88825000228826,62.99604200103204,186.59991700042156,249.65137500112178,True,
3,308,1,reused-client,1,cross_128_edge,zstd_256,ZSTD,256,20,20,900,301115142,301328168,213027,206,bytes 301115142-301328168/490384277,213027,213027,105.32166699704248,105.44158300035633,45.27841600065585,150.76249999765423,True,
3,309,3,reused-client,1,cross_128_corner,deflate_128,DEFLATE,128,40,40,3560,305047460,305102560,55101,206,bytes 305047460-305102560/499617324,55101,55101,126.58324999938486,126.68041600045399,6.834332998550963,133.54566600173712,True,
3,309,3,reused-client,1,cross_128_corner,deflate_128,DEFLATE,128,40,41,3561,305102569,305156400,53832,206,bytes 305102569-305156400/499617324,53832,53832,72.57091700012097,72.68966699848534,66.16804200166371,138.87120899744332,True,
3,309,3,reused-client,1,cross_128_corner,deflate_128,DEFLATE,128,41,40,3648,309446600,309501607,55008,206,bytes 309446600-309501607/499617324,55008,55008,54.066207998403115,54.136082999320934,2.0526670014078263,56.20929200085811,True,
3,309,3,reused-client,1,cross_128_corner,deflate_128,DEFLATE,128,41,41,3649,309501616,309555017,53402,206,bytes 309501616-309555017/499617324,53402,53402,75.13199999812059,75.21829100005561,0.3029999970749486,75.53604100030498,True,
3,310,5,reused-client,1,cross_256_edge,zstd_256,ZSTD,256,20,20,900,301115142,301328168,213027,206,bytes 301115142-301328168/490384277,213027,213027,48.16233299789019,48.24350000126287,39.07004199936637,87.37395799835213,True,
3,310,5,reused-client,1,cross_256_edge,zstd_256,ZSTD,256,20,21,901,301328177,301535592,207416,206,bytes 301328177-301535592/490384277,207416,207416,46.518499999365304,46.633250000013504,25.572374997864245,72.33804100178531,True,
3,311,1,reused-client,1,cross_128_edge,lzw_256,LZW,256,20,20,900,406553924,406841161,287238,206,bytes 406553924-406841161/661012853,287238,287238,48.40274999878602,48.53250000087428,57.2524160015746,105.81974999877275,True,
3,312,2,reused-client,1,cross_512_corner,lzw_256,LZW,256,21,21,945,418246405,418529582,283178,206,bytes 418246405-418529582/661012853,283178,283178,56.73995799952536,56.84858299719053,42.89191700081574,99.7896659973776,True,
3,312,2,reused-client,1,cross_512_corner,lzw_256,LZW,256,21,22,946,418529591,418807664,278074,206,bytes 418529591-418807664/661012853,278074,278074,42.27383299803478,42.35829100070987,60.65525000303751,103.04983300011372,True,
3,312,2,reused-client,1,cross_512_corner,lzw_256,LZW,256,22,21,989,429313097,429591287,278191,206,bytes 429313097-429591287/661012853,278191,278191,122.26408299829927,122.40612499954295,47.520915999484714,169.93787499814061,True,
3,312,2,reused-client,1,cross_512_corner,lzw_256,LZW,256,22,22,990,429591296,429871211,279916,206,bytes 429591296-429871211/661012853,279916,279916,62.921207998442696,62.946958001703024,62.42341700271936,125.38120799945318,True,
3,313,4,reused-client,1,cross_256_corner,zstd_256,ZSTD,256,20,20,900,301115142,301328168,213027,206,bytes 301115142-301328168/490384277,213027,213027,53.053167001053225,53.10241700135521,49.276333000307204,102.41899999891757,True,
3,313,4,reused-client,1,cross_256_corner,zstd_256,ZSTD,256,20,21,901,301328177,301535592,207416,206,bytes 301328177-301535592/490384277,207416,207416,59.99487499866518,60.07695900188992,58.59775000135414,118.7135420004779,True,
3,313,4,reused-client,1,cross_256_corner,zstd_256,ZSTD,256,21,20,944,309614499,309824334,209836,206,bytes 309614499-309824334/490384277,209836,209836,51.840708998497576,51.93037500066566,32.570125000347616,84.55354200123111,True,
3,313,4,reused-client,1,cross_256_corner,zstd_256,ZSTD,256,21,21,945,309824343,310033910,209568,206,bytes 309824343-310033910/490384277,209568,209568,53.424124998855405,53.83462499958114,30.57654100120999,84.47208399957162,True,
3,314,5,reused-client,1,cross_256_edge,deflate_256,DEFLATE,256,20,20,900,306262458,306479353,216896,206,bytes 306262458-306479353/498427477,216896,216896,46.500249998643994,46.57187499833526,33.22804200070095,79.84608300102991,True,
3,314,5,reused-client,1,cross_256_edge,deflate_256,DEFLATE,256,20,21,901,306479362,306690064,210703,206,bytes 306479362-306690064/498427477,210703,210703,51.60125000111293,51.700500000151806,29.980082999827573,81.7776670010062,True,
3,315,2,reused-client,1,cross_256_corner,deflate_128,DEFLATE,128,41,41,3649,309501616,309555017,53402,206,bytes 309501616-309555017/499617324,53402,53402,55.409958000382176,55.52070799967623,13.293083000462502,68.86220799788134,True,
3,315,2,reused-client,1,cross_256_corner,deflate_128,DEFLATE,128,41,42,3650,309555026,309609246,54221,206,bytes 309555026-309609246/499617324,54221,54221,44.68829100005678,44.809666000219295,5.307957999320934,50.15466600161744,True,
3,315,2,reused-client,1,cross_256_corner,deflate_128,DEFLATE,128,42,41,3737,313827295,313880653,53359,206,bytes 313827295-313880653/499617324,53359,53359,62.57983300019987,62.68462499792804,1.762584000971401,64.49920799786923,True,
3,315,2,reused-client,1,cross_256_corner,deflate_128,DEFLATE,128,42,42,3738,313880662,313934033,53372,206,bytes 313880662-313934033/499617324,53372,53372,146.72841700303252,146.85450000251876,0.6651660005445592,147.54479200200876,True,
